Time,Open,High,Low,Latest,Change,%Change,Volume
5/01/2000,25.491,25.53,25.25,25.35,-0.58,-2.24%,2179475
6/01/2000,25.5,25.5,24.8,24.85,-0.5,-1.97%,1497418
7/01/2000,25.048,25.25,24.87,25.1,0.25,1.01%,1406421
10/01/2000,25.5,25.76,25.45,25.7,0.6,2.39%,1388935
11/01/2000,25.67,25.69,25.22,25.285,-0.415,-1.61%,2094137
12/01/2000,25.192,25.6,25.15,25.45,0.165,0.65%,1765495
13/01/2000,25.45,25.65,25.14,25.25,-0.2,-0.79%,1933586
14/01/2000,25.348,25.65,25.28,25.583,0.333,1.32%,1236621
17/01/2000,25.7,25.95,25.58,25.89,0.307,1.20%,1491387
18/01/2000,25.85,25.9,25.6,25.814,-0.076,-0.29%,3123148
19/01/2000,25.6,25.6,25.3,25.3,-0.514,-1.99%,1160574
20/01/2000,25.349,25.64,25.29,25.6,0.3,1.19%,2137458
21/01/2000,25.398,25.55,25.398,25.53,-0.07,-0.27%,959618
24/01/2000,25.54,25.89,25.54,25.6,0.07,0.27%,1153046
25/01/2000,25.28,25.5,25.25,25.45,-0.15,-0.59%,1384692
27/01/2000,25.4,25.95,25.4,25.87,0.42,1.65%,1642766
28/01/2000,25.88,26.55,25.88,26.26,0.39,1.51%,6858972
31/01/2000,25.897,26.2,25.8,26.1,-0.16,-0.61%,669288
1/02/2000,26.1,26.15,25.6,25.666,-0.434,-1.66%,967740
2/02/2000,25.66,25.9,25.5,25.654,-0.012,-0.05%,1076932
3/02/2000,25.591,25.591,25.09,25.2,-0.454,-1.77%,2343854
4/02/2000,25.2,25.9,25.2,25.56,0.36,1.43%,1084880
7/02/2000,25.5,25.96,25.45,25.67,0.11,0.43%,1026359
8/02/2000,25.67,25.77,25.45,25.546,-0.124,-0.48%,994818
9/02/2000,25.6,25.95,25.37,25.8,0.254,0.99%,1782840
10/02/2000,25.7,26.25,25.7,26.147,0.347,1.34%,3782741
11/02/2000,26,26.78,26,26.506,0.359,1.37%,1753440
14/02/2000,26.2,26.81,26.2,26.606,0.1,0.38%,1991405
15/02/2000,26.716,27.15,26.716,27.15,0.544,2.04%,3180361
16/02/2000,27.15,27.5,26.8,26.88,-0.27,-0.99%,2263673
17/02/2000,26.9,27,26.9,27,0.12,0.45%,15000
18/02/2000,26.1,26.3,25.9,26.165,-0.835,-3.09%,1309266
21/02/2000,25.082,26.21,25.082,25.81,-0.355,-1.36%,1392290
22/02/2000,25.7,26.15,25.7,26.064,0.254,0.98%,1228309
23/02/2000,26,26.32,26,26.18,0.116,0.45%,1503365
24/02/2000,26,26.21,25.8,26.008,-0.172,-0.66%,1342029
25/02/2000,25.594,26.15,25.594,25.97,-0.038,-0.15%,1971472
28/02/2000,25.708,25.8,25.22,25.235,-0.735,-2.83%,1688552
29/02/2000,25.5,25.5,24.94,24.992,-0.243,-0.96%,1526921
1/03/2000,25,25.99,24.75,25.8,0.808,3.23%,1666522
2/03/2000,25.8,25.8,25.35,25.65,-0.15,-0.58%,1326973
3/03/2000,25.5,25.55,24.89,25.241,-0.409,-1.59%,1957712
7/03/2000,24.692,24.99,24.6,24.7,-0.541,-2.14%,2213714
9/03/2000,24.7,24.7,22.5,22.6,-2.1,-8.50%,0
10/03/2000,22.6,23.48,22.49,23,0.4,1.77%,7317351
13/03/2000,23.1,23.4,22.97,23.12,0.12,0.52%,2658806
14/03/2000,23.1,23.49,23.05,23.1,-0.02,-0.09%,1765014
15/03/2000,23.1,23.55,23.02,23.51,0.41,1.77%,1917287
16/03/2000,23.89,23.9,23.3,23.303,-0.207,-0.88%,1609048
17/03/2000,23.691,23.691,23,23,-0.303,-1.30%,2457224
20/03/2000,23,23.09,22.87,22.99,-0.01,-0.04%,2078932
21/03/2000,23,23,22.61,22.67,-0.32,-1.39%,1786816
22/03/2000,22.8,22.88,22.65,22.66,-0.01,-0.04%,2212014
23/03/2000,22.778,22.85,22.45,22.55,-0.11,-0.49%,1969179
24/03/2000,22.55,22.69,22.36,22.629,0.079,0.35%,3021354
27/03/2000,22.7,22.99,22.59,22.724,0.095,0.42%,1542328
28/03/2000,22.7,22.76,22.6,22.75,0.026,0.11%,1485339
29/03/2000,22.75,22.83,22.62,22.7,-0.05,-0.22%,1696311
30/03/2000,22.771,22.771,22.62,22.656,-0.044,-0.19%,903722
31/03/2000,22.608,22.7,22.45,22.54,-0.116,-0.51%,2541981
3/04/2000,22.54,23.12,22.54,23.002,0.462,2.05%,1340764
4/04/2000,23.349,23.74,23.2,23.66,0.658,2.86%,1695648
5/04/2000,23.8,24.48,23.8,24.28,0.62,2.62%,2396935
6/04/2000,24,24.2,23.94,24.08,-0.2,-0.82%,1923957
7/04/2000,24.009,24.1,23.5,23.77,-0.31,-1.29%,1850905
10/04/2000,23.8,23.8,23.38,23.45,-0.32,-1.35%,1311876
11/04/2000,23.44,24.1,23.37,23.8,0.35,1.49%,2273257
12/04/2000,23.909,24.35,23.9,24.274,0.474,1.99%,3046459
13/04/2000,24.35,25.15,24.35,24.97,0.696,2.87%,5375128
14/04/2000,24.549,25.62,24.549,25.6,0.63,2.52%,3042835
17/04/2000,24.636,25.11,24.55,24.895,-0.705,-2.75%,2172938
18/04/2000,25.2,25.9,25.2,25.874,0.979,3.93%,3439461
19/04/2000,25.9,26.21,25.9,26.15,0.276,1.07%,2003147
20/04/2000,25.944,26.1,25.9,26.071,-0.079,-0.30%,868419
26/04/2000,26.3,26.63,26.15,26.6,0.529,2.03%,3105517
27/04/2000,26.448,26.6,26.4,26.51,-0.09,-0.34%,2198413
28/04/2000,26.337,26.5,26,26.08,-0.43,-1.62%,10934020
1/05/2000,25.881,26.2,25.8,26.073,-0.007,-0.03%,1387822
2/05/2000,26.031,26.17,26,26,-0.073,-0.28%,1245118
3/05/2000,25.9,25.92,25.61,25.7,-0.3,-1.15%,1154857
4/05/2000,25.35,25.65,25.2,25.6,-0.1,-0.39%,1692667
5/05/2000,25.552,26.36,25.552,26.302,0.702,2.74%,1141341
8/05/2000,26.267,26.55,26.15,26.431,0.129,0.49%,1458021
9/05/2000,26.268,27.37,26.268,27.35,0.919,3.48%,4261479
10/05/2000,27.2,27.52,27.1,27.287,-0.063,-0.23%,3068243
11/05/2000,27.055,27.1,26.7,26.8,-0.487,-1.78%,2430890
12/05/2000,26.8,26.9,26.45,26.6,-0.2,-0.75%,1712006
15/05/2000,26.5,26.78,26.4,26.75,0.15,0.56%,973620
16/05/2000,26.8,27.03,26.7,26.85,0.1,0.37%,949929
17/05/2000,26.85,27.15,26.73,27.1,0.25,0.93%,3070528
18/05/2000,27.2,28.05,27.2,27.35,0.25,0.92%,4834002
19/05/2000,27.31,27.95,27.31,27.744,0.394,1.44%,3498918
22/05/2000,27.449,28,27.3,27.95,0.206,0.74%,2155337
23/05/2000,28,28.05,27.65,27.891,-0.059,-0.21%,3289518
24/05/2000,27.593,28,27.593,27.9,0.009,0.03%,2857526
25/05/2000,27.95,28.01,27.35,27.35,-0.55,-1.97%,2929391
26/05/2000,27.056,27.65,27.056,27.45,0.1,0.37%,7377790
29/05/2000,27.4,28,27.4,27.95,0.5,1.82%,2868349
30/05/2000,28,28.25,27.7,27.844,-0.106,-0.38%,3621233
31/05/2000,28.1,28.2,27.45,27.881,0.037,0.13%,22185840
1/06/2000,27.4,27.45,26.78,27.129,-0.752,-2.70%,4649693
2/06/2000,27,27.3,27,27.08,-0.049,-0.18%,2382489
5/06/2000,27.438,27.438,27.02,27.14,0.06,0.22%,2545585
6/06/2000,27.148,27.65,27.07,27.5,0.36,1.33%,1964760
7/06/2000,27.209,27.5,27.2,27.25,-0.25,-0.91%,1345765
8/06/2000,27.24,27.24,26.85,26.95,-0.3,-1.10%,3307615
9/06/2000,26.895,26.895,26.51,26.7,-0.25,-0.93%,2600136
13/06/2000,26.55,26.7,26.29,26.54,-0.16,-0.60%,2635724
14/06/2000,26.5,26.5,26.1,26.18,-0.36,-1.36%,3272325
15/06/2000,26.25,26.63,26.15,26.605,0.425,1.62%,2567497
16/06/2000,26.473,26.81,26.36,26.8,0.195,0.73%,3021820
19/06/2000,26.541,26.7,26.45,26.6,-0.2,-0.75%,1387615
20/06/2000,26.55,27,26.55,26.92,0.32,1.20%,2344131
21/06/2000,26.85,27.01,26.76,26.943,0.023,0.09%,1583220
22/06/2000,26.849,26.85,26.54,26.58,-0.363,-1.35%,2719048
23/06/2000,26.525,26.7,26.35,26.649,0.069,0.26%,3196624
26/06/2000,26.65,27.15,26.65,27.15,0.501,1.88%,6390431
27/06/2000,27.243,27.48,27.15,27.442,0.292,1.08%,3206735
28/06/2000,27.383,27.85,27.35,27.5,0.058,0.21%,3365703
29/06/2000,27.45,27.45,27.12,27.3,-0.2,-0.73%,3621634
30/06/2000,27.209,27.73,27.209,27.69,0.39,1.43%,9749531
3/07/2000,27.3,27.45,27.15,27.19,-0.5,-1.81%,3749380
4/07/2000,27.2,27.5,27.2,27.47,0.28,1.03%,2277448
5/07/2000,27.4,27.65,27.32,27.6,0.13,0.47%,2962512
6/07/2000,27.409,27.58,27.35,27.36,-0.24,-0.87%,3037767
7/07/2000,27.35,27.5,27.07,27.166,-0.194,-0.71%,2593123
10/07/2000,27.3,27.65,27.25,27.5,0.334,1.23%,2187191
11/07/2000,27.5,27.65,27.4,27.65,0.15,0.55%,1698068
12/07/2000,27.7,27.7,27.47,27.62,-0.03,-0.11%,3047574
13/07/2000,27.65,27.93,27.65,27.75,0.13,0.47%,3336821
14/07/2000,27.743,27.75,27.32,27.595,-0.155,-0.56%,4844413
17/07/2000,27.412,27.92,27.35,27.85,0.255,0.92%,1467613
18/07/2000,27.75,27.95,27.71,27.815,-0.035,-0.13%,1559160
19/07/2000,27.649,27.95,27.649,27.7,-0.115,-0.41%,1272851
20/07/2000,27.58,27.9,27.58,27.852,0.152,0.55%,1123308
21/07/2000,28,28.12,27.85,28.02,0.168,0.60%,3298512
24/07/2000,27.988,28.1,27.92,27.99,-0.03,-0.11%,1628242
25/07/2000,27.84,28.2,27.83,28.14,0.15,0.54%,1961178
26/07/2000,28.017,28.25,28.017,28.07,-0.07,-0.25%,2418940
27/07/2000,27.99,28.06,27.85,27.97,-0.1,-0.36%,2958419
28/07/2000,27.958,28.08,27.88,27.989,0.019,0.07%,15150780
31/07/2000,27.84,28,27.7,27.796,-0.193,-0.69%,1457178
1/08/2000,27.845,27.85,27.68,27.8,0.004,0.01%,1601213
2/08/2000,27.638,27.86,27.6,27.82,0.02,0.07%,1348286
3/08/2000,27.82,27.85,27.64,27.73,-0.09,-0.32%,1146156
4/08/2000,27.7,27.7,27.48,27.5,-0.23,-0.83%,1638141
7/08/2000,27.5,27.91,27.41,27.85,0.35,1.27%,1234580
8/08/2000,27.85,27.9,27.62,27.653,-0.197,-0.71%,1555789
9/08/2000,27.631,27.88,27.5,27.85,0.197,0.71%,1441939
10/08/2000,27.786,28.15,27.786,28.065,0.215,0.77%,1384502
11/08/2000,28.06,28.07,27.91,28.01,-0.055,-0.20%,614735
14/08/2000,28,28.09,27.84,27.91,-0.1,-0.36%,1144996
15/08/2000,28,28.03,27.86,27.95,0.04,0.14%,1000335
16/08/2000,27.93,27.97,27.85,27.896,-0.054,-0.19%,1242829
17/08/2000,27.92,28.25,27.92,28.155,0.259,0.93%,1206988
18/08/2000,28.19,28.2,27.95,28.065,-0.09,-0.32%,1388731
21/08/2000,28,28.3,28,28.1,0.035,0.12%,870918
22/08/2000,28.11,28.8,28.11,28.73,0.63,2.24%,3119288
23/08/2000,28.67,29,28.67,28.912,0.182,0.63%,1870183
24/08/2000,28.91,29.43,28.8,29.4,0.488,1.69%,3349940
25/08/2000,29.4,29.85,29.3,29.84,0.44,1.50%,6649276
28/08/2000,29.8,29.9,29.65,29.65,-0.19,-0.64%,1632766
29/08/2000,29.584,29.74,29.45,29.55,-0.1,-0.34%,783632
30/08/2000,29.454,29.55,28.6,28.787,-0.763,-2.58%,2613837
31/08/2000,28.45,28.45,27.65,27.683,-1.104,-3.84%,6112583
1/09/2000,27.85,28,27.74,27.9,0.217,0.78%,5922746
4/09/2000,27.9,27.9,27.75,27.9,0,0.00%,42860
5/09/2000,27.9,27.95,27.9,27.95,0.05,0.18%,2500
6/09/2000,27.1,27.1,26.72,26.76,-1.19,-4.26%,2726727
7/09/2000,26.74,27,26.51,26.86,0.1,0.37%,2456210
8/09/2000,27,27.14,26.95,27.109,0.249,0.93%,1309751
11/09/2000,26.98,27.1,26.95,26.98,-0.129,-0.48%,2320442
12/09/2000,26.95,27.44,26.92,27.36,0.38,1.41%,865570
13/09/2000,27.38,27.88,27.38,27.643,0.283,1.03%,3014401
14/09/2000,27.6,27.75,27.41,27.492,-0.151,-0.55%,1046459
15/09/2000,27.246,27.42,26.85,27.01,-0.482,-1.75%,2368860
18/09/2000,26.8,26.81,26.5,26.5,-0.51,-1.89%,2541948
19/09/2000,26.3,26.35,26.18,26.25,-0.25,-0.94%,1693965
20/09/2000,26.25,26.72,26.25,26.66,0.41,1.56%,1744538
21/09/2000,26.55,26.98,26.55,26.97,0.31,1.16%,1566735
22/09/2000,26.882,26.882,26.6,26.75,-0.22,-0.82%,1563687
25/09/2000,26.862,27.02,26.85,26.969,0.219,0.82%,1404139
26/09/2000,26.978,27.26,26.9,27.175,0.206,0.76%,1541649
27/09/2000,27.007,27.4,27.007,27.225,0.05,0.18%,1543307
28/09/2000,27.26,27.55,27.16,27.45,0.225,0.83%,1180198
29/09/2000,27.456,27.67,27.38,27.6,0.15,0.55%,2926375
2/10/2000,27.524,27.82,27.51,27.75,0.15,0.54%,735695
3/10/2000,27.75,28.1,27.6,28.04,0.29,1.05%,3715749
4/10/2000,28.117,28.45,28.1,28.219,0.179,0.64%,2479265
5/10/2000,28.05,28.15,27.95,28.04,-0.179,-0.63%,2650621
6/10/2000,28,28.03,27.64,27.796,-0.244,-0.87%,2408411
9/10/2000,27.6,27.75,27.45,27.564,-0.232,-0.83%,1147952
10/10/2000,27.491,27.6,27.4,27.44,-0.124,-0.45%,1411559
11/10/2000,27.4,27.9,27.32,27.9,0.46,1.68%,1827283
12/10/2000,27.858,28.26,27.8,28.2,0.3,1.08%,2984492
13/10/2000,27.949,28.18,27.949,28.138,-0.062,-0.22%,1922005
16/10/2000,28.281,28.33,28.15,28.28,0.142,0.50%,1665557
17/10/2000,28.259,28.48,28.259,28.453,0.173,0.61%,2217324
18/10/2000,28.318,28.5,28.28,28.458,0.005,0.02%,1820071
19/10/2000,28.46,28.56,28.34,28.45,-0.008,-0.03%,2053245
20/10/2000,28.5,28.7,28.42,28.518,0.068,0.24%,2400127
23/10/2000,28.54,28.82,28.53,28.8,0.282,0.99%,1888839
24/10/2000,28.549,29.09,28.549,28.873,0.073,0.25%,2292209
25/10/2000,28.9,29.16,28.87,29.15,0.277,0.96%,1601239
26/10/2000,28.99,29.21,28.99,29.1,-0.05,-0.17%,1981910
27/10/2000,29.01,29.21,28.65,28.694,-0.406,-1.40%,11118250
30/10/2000,28.7,28.9,28.52,28.58,-0.114,-0.40%,1106055
31/10/2000,28.65,28.8,28.52,28.709,0.129,0.45%,2219583
1/11/2000,28.79,29.38,28.79,29.314,0.605,2.11%,3079588
2/11/2000,29.256,29.38,29.15,29.306,-0.008,-0.03%,1667138
3/11/2000,29.3,29.75,29.3,29.58,0.274,0.93%,1376386
6/11/2000,29.6,29.9,29.35,29.854,0.274,0.93%,1635663
7/11/2000,29.85,30.1,29.85,30,0.146,0.49%,1667498
8/11/2000,29.95,30.06,29.86,29.89,-0.11,-0.37%,2490313
9/11/2000,29.6,30.3,29.6,30.2,0.31,1.04%,2410464
10/11/2000,30.2,30.27,29.88,29.99,-0.21,-0.70%,2341135
13/11/2000,29.85,30.07,29.85,29.88,-0.11,-0.37%,1827897
14/11/2000,29.8,29.86,29.7,29.83,-0.05,-0.17%,1779387
15/11/2000,29.826,29.96,29.7,29.84,0.01,0.03%,3483162
16/11/2000,29.754,29.93,29.65,29.8,-0.04,-0.13%,1080222
17/11/2000,29.78,30.35,29.72,30.18,0.38,1.28%,1674592
20/11/2000,30.18,30.95,30.11,30.9,0.72,2.39%,2833978
21/11/2000,30.659,30.9,30.52,30.57,-0.33,-1.07%,3157853
22/11/2000,30.49,30.76,30.3,30.609,0.039,0.13%,1949583
23/11/2000,30.55,31.3,30.55,31.3,0.691,2.26%,2465645
24/11/2000,31.019,31.3,30.85,30.85,-0.45,-1.44%,5101139
27/11/2000,30.9,31.14,30.6,31.14,0.29,0.94%,1338660
28/11/2000,31,31.4,30.85,31.3,0.16,0.51%,1678545
29/11/2000,31.159,31.91,31.159,31.715,0.415,1.33%,1677716
30/11/2000,31.76,32.26,31.693,31.693,-0.022,-0.07%,3479681
1/12/2000,31.67,32.05,31.67,31.861,0.168,0.53%,1620097
4/12/2000,31.805,32.09,31.8,32.084,0.223,0.70%,2256342
5/12/2000,32.008,32.08,31.7,31.785,-0.299,-0.93%,2992675
6/12/2000,31.75,31.86,31.38,31.65,-0.135,-0.42%,4710674
7/12/2000,31.397,31.56,31.1,31.35,-0.3,-0.95%,2287822
8/12/2000,31.209,31.7,31.2,31.68,0.33,1.05%,2771911
11/12/2000,31.6,31.97,31.6,31.86,0.18,0.57%,1546703
12/12/2000,31.76,31.85,31.485,31.485,-0.375,-1.18%,1723839
13/12/2000,31.4,31.4,30.85,30.86,-0.625,-1.99%,3243587
14/12/2000,30.4,30.6,30.07,30.265,-0.595,-1.93%,5027501
15/12/2000,29.941,30.28,29.9,30.239,-0.026,-0.09%,4147965
18/12/2000,30.024,30.35,30.024,30.27,0.031,0.10%,1794936
19/12/2000,30.35,30.6,30.3,30.593,0.323,1.07%,2817709
20/12/2000,30.6,30.84,30.5,30.77,0.177,0.58%,2714895
21/12/2000,30.349,30.75,30.349,30.57,-0.2,-0.65%,2223087
22/12/2000,30.541,31.7,30.5,31.7,1.13,3.70%,5933165
27/12/2000,31.7,31.9,31.7,31.85,0.15,0.47%,1423106
28/12/2000,31.8,31.85,31.46,31.5,-0.35,-1.10%,1297640
29/12/2000,31.5,31.94,30.904,30.904,-0.596,-1.89%,2386278
2/01/2001,31.35,31.9,31.3,31.851,0.947,3.06%,1129544
3/01/2001,31.53,31.8,31.53,31.774,-0.077,-0.24%,1034584
4/01/2001,32,32,31.35,31.594,-0.18,-0.57%,1667177
5/01/2001,31.607,31.607,31.34,31.45,-0.144,-0.46%,1431063
8/01/2001,31.018,31.28,31.018,31.275,-0.175,-0.56%,1630422
9/01/2001,31.17,31.25,31.01,31.09,-0.185,-0.59%,1836075
10/01/2001,31,31.02,30.55,30.6,-0.49,-1.58%,1977531
11/01/2001,30.5,30.59,30.32,30.4,-0.2,-0.65%,1675019
12/01/2001,30.451,31,30.3,30.75,0.35,1.15%,2811300
15/01/2001,30.545,31,30.545,30.88,0.13,0.42%,1299449
16/01/2001,30.75,30.8,30.21,30.28,-0.6,-1.94%,2028496
17/01/2001,30.28,30.28,29.9,30.119,-0.161,-0.53%,3525450
18/01/2001,30.16,30.41,30.1,30.26,0.141,0.47%,2533417
19/01/2001,30.4,30.68,30.4,30.5,0.24,0.79%,1799781
22/01/2001,30.6,30.79,30.38,30.765,0.265,0.87%,2398853
23/01/2001,30.75,31.06,30.6,30.79,0.025,0.08%,2556065
24/01/2001,30.646,31.03,30.646,31,0.21,0.68%,1974300
25/01/2001,31.009,31.43,30.95,31.4,0.4,1.29%,1788282
29/01/2001,31.268,31.85,31.268,31.843,0.443,1.41%,12900800
30/01/2001,31.81,32.2,31.81,32.07,0.227,0.71%,2309852
31/01/2001,32.15,32.38,31.95,32,-0.07,-0.22%,2844455
1/02/2001,31.97,31.97,31.65,31.954,-0.046,-0.14%,2459748
2/02/2001,31.95,32.12,31.8,32.01,0.056,0.18%,1059036
5/02/2001,31.939,31.939,31.62,31.62,-0.39,-1.22%,1897679
6/02/2001,31.7,32.02,31.7,31.702,0.082,0.26%,4049598
7/02/2001,31.67,31.67,31.17,31.197,-0.505,-1.59%,2751042
8/02/2001,31.222,31.35,31,31.1,-0.097,-0.31%,3886029
9/02/2001,31.019,31.03,30.65,30.77,-0.33,-1.06%,2984436
12/02/2001,30.75,30.82,30.56,30.6,-0.17,-0.55%,2906416
13/02/2001,30.7,30.99,29.86,30,-0.6,-1.96%,5243517
14/02/2001,29.65,29.7,29.23,29.572,-0.428,-1.43%,7516526
15/02/2001,29.65,29.9,29.38,29.55,-0.022,-0.07%,5361416
16/02/2001,29.55,29.8,29.45,29.61,0.06,0.20%,3728726
19/02/2001,29.69,29.7,29.52,29.7,0.09,0.30%,36324
20/02/2001,29.85,30.1,29.8,30.1,0.4,1.35%,10800
21/02/2001,30.11,30.15,30.11,30.15,0.05,0.17%,181
23/02/2001,29.76,30,29.75,29.761,-0.389,-1.29%,4361847
26/02/2001,29.817,30.46,29.817,30.37,0.609,2.05%,3368821
27/02/2001,30.563,30.7,30.09,30.101,-0.269,-0.89%,2385890
28/02/2001,29.993,30.32,29.9,30.19,0.089,0.30%,4324786
1/03/2001,30.15,31.01,30.15,30.995,0.805,2.67%,4520967
2/03/2001,31,31.4,30.9,31.2,0.205,0.66%,3316424
5/03/2001,31.2,31.72,31.2,31.65,0.45,1.44%,4647409
6/03/2001,31.72,31.72,31.2,31.267,-0.383,-1.21%,1799937
7/03/2001,31.3,31.49,31.05,31.39,0.123,0.39%,2755653
8/03/2001,31.4,31.46,30.82,30.85,-0.54,-1.72%,2929035
9/03/2001,30.6,31.12,30.6,30.99,0.14,0.45%,2659396
12/03/2001,30.85,31.2,30.66,30.79,-0.2,-0.65%,1317216
13/03/2001,30.4,30.45,30.03,30.162,-0.628,-2.04%,2584693
14/03/2001,30.2,30.55,30.2,30.34,0.178,0.59%,2325491
15/03/2001,30.042,30.274,29.75,30.274,-0.066,-0.22%,4657754
16/03/2001,30.3,30.43,30.03,30.048,-0.226,-0.75%,4604302
19/03/2001,29.881,29.9,29.44,29.5,-0.548,-1.82%,2068721
20/03/2001,29.616,29.75,29.54,29.656,0.156,0.53%,1647408
21/03/2001,29.5,29.5,29,29.25,-0.406,-1.37%,4784497
22/03/2001,29,29,28.22,28.4,-0.85,-2.91%,3992009
23/03/2001,27.95,28.4,27.31,27.6,-0.8,-2.82%,5731511
26/03/2001,27.7,28,27.52,27.61,0.01,0.04%,6349711
27/03/2001,27.98,28.15,27.62,27.666,0.056,0.20%,4451616
28/03/2001,27.8,28.35,27.8,28.3,0.634,2.29%,4868082
29/03/2001,28.3,28.99,28.15,28.868,0.568,2.01%,3068096
30/03/2001,28.9,29.1,28.41,28.6,-0.268,-0.93%,7515898
2/04/2001,28.809,28.9,28.66,28.78,0.18,0.63%,2252119
3/04/2001,28.771,29.25,28.69,29.18,0.4,1.39%,2562832
4/04/2001,29.01,29.42,29.01,29.3,0.12,0.41%,3054258
5/04/2001,29.35,29.62,29.26,29.29,-0.01,-0.03%,1783746
6/04/2001,29.75,29.75,28.84,28.84,-0.45,-1.54%,6006267
9/04/2001,28.89,28.89,28.119,28.119,-0.721,-2.50%,4063669
10/04/2001,28.19,28.4,27.95,28.2,0.081,0.29%,4893268
11/04/2001,28.55,28.68,28.39,28.39,0.19,0.67%,3106112
12/04/2001,28.282,28.8,28.05,28.8,0.41,1.44%,1997567
17/04/2001,28.8,28.8,28.4,28.549,-0.251,-0.87%,2577200
18/04/2001,28.771,28.8,28.31,28.51,-0.039,-0.14%,2299431
19/04/2001,28.98,29.11,28.75,29.1,0.59,2.07%,3772318
20/04/2001,29.186,29.49,28.99,29.081,-0.019,-0.07%,2096127
23/04/2001,29.072,29.5,28.86,29.35,0.269,0.93%,5502477
24/04/2001,29.3,29.62,29.3,29.502,0.152,0.52%,3130149
26/04/2001,29.51,29.62,29.45,29.48,-0.022,-0.07%,3731076
27/04/2001,29.55,29.62,28.84,28.864,-0.616,-2.09%,14233230
30/04/2001,29.05,29.08,28.69,28.84,-0.024,-0.08%,3881145
1/05/2001,28.881,28.881,28.35,28.35,-0.49,-1.70%,4788121
2/05/2001,28.55,28.74,28.5,28.52,0.17,0.60%,2816994
3/05/2001,28.515,28.91,28.37,28.881,0.361,1.27%,2775541
4/05/2001,28.8,28.93,28.58,28.8,-0.081,-0.28%,2356823
7/05/2001,28.924,28.93,28.65,28.76,-0.04,-0.14%,1396633
8/05/2001,28.7,28.8,28.45,28.49,-0.27,-0.94%,1635958
9/05/2001,28.406,28.81,28.28,28.785,0.295,1.04%,4360639
10/05/2001,28.917,29.51,28.917,29.5,0.715,2.48%,3705786
11/05/2001,29.607,30.1,29.607,29.93,0.43,1.46%,3540903
14/05/2001,29.95,30.24,29.76,30.14,0.21,0.70%,2928421
15/05/2001,30.05,30.32,30.05,30.25,0.11,0.36%,1911172
16/05/2001,30.25,30.65,30.16,30.24,-0.01,-0.03%,4681512
17/05/2001,30.41,30.59,30.15,30.41,0.17,0.56%,2178245
18/05/2001,30.5,30.5,30.05,30.34,-0.07,-0.23%,608750
21/05/2001,30.293,30.85,30.2,30.72,0.38,1.25%,2199578
22/05/2001,30.8,31.05,30.76,30.86,0.14,0.46%,1440467
23/05/2001,30.893,31.16,30.71,30.924,0.064,0.21%,1920428
24/05/2001,30.85,31.1,30.78,31.1,0.176,0.57%,1744982
25/05/2001,31.076,31.31,30.91,30.943,-0.157,-0.50%,6527124
28/05/2001,30.748,31.22,30.7,31.13,0.187,0.60%,4396274
29/05/2001,31.11,31.27,31.01,31.12,-0.01,-0.03%,971211
30/05/2001,30.807,31.12,30.807,31.08,-0.04,-0.13%,1696080
31/05/2001,30.841,31.32,30.841,31.2,0.12,0.39%,2098589
1/06/2001,31.363,31.76,31.35,31.63,0.43,1.38%,6509412
4/06/2001,31.6,31.85,31.55,31.68,0.05,0.16%,3647252
5/06/2001,31.65,31.65,31.15,31.2,-0.48,-1.52%,2569545
6/06/2001,31.22,31.29,30.85,31.02,-0.18,-0.58%,3266048
7/06/2001,31.051,31.62,31.02,31.55,0.53,1.71%,2091721
8/06/2001,31.456,32.04,31.456,31.98,0.43,1.36%,3487419
12/06/2001,31.98,32.86,31.75,32.8,0.82,2.56%,11909660
13/06/2001,32.4,33.2,32.4,33.05,0.25,0.76%,4860051
14/06/2001,32.994,33.3,32.54,32.609,-0.441,-1.33%,3679011
15/06/2001,32.49,32.8,32.3,32.641,0.032,0.10%,3708110
18/06/2001,32.58,32.64,31.959,31.959,-0.682,-2.09%,5089315
19/06/2001,31.889,32.54,31.85,32.295,0.336,1.05%,3084923
20/06/2001,32.39,32.88,32.39,32.79,0.495,1.53%,2068050
21/06/2001,32.723,33.06,32.61,32.68,-0.11,-0.34%,2458258
22/06/2001,32.68,33,32.65,32.84,0.16,0.49%,2015150
25/06/2001,32.86,33.2,32.61,33.18,0.34,1.04%,2705117
26/06/2001,33.15,33.6,33.14,33.6,0.42,1.27%,2336398
27/06/2001,33.55,33.55,33.06,33.24,-0.36,-1.07%,1782284
28/06/2001,33.1,33.55,32.98,33.15,-0.09,-0.27%,2833283
29/06/2001,33.3,34.15,33.15,34.15,1,3.02%,9230914
2/07/2001,33.5,33.6,32.56,32.61,-1.54,-4.51%,3236449
3/07/2001,32.65,32.85,31.88,32.16,-0.45,-1.38%,3062104
4/07/2001,32,32.51,32,32.282,0.122,0.38%,4284286
5/07/2001,31.88,31.88,31.23,31.26,-1.022,-3.17%,4196193
6/07/2001,31.048,31.45,30.9,31.35,0.09,0.29%,5696958
9/07/2001,31.05,31.2,30.85,30.95,-0.4,-1.28%,2669773
10/07/2001,30.94,31.23,30.7,31.16,0.21,0.68%,3690331
11/07/2001,31.046,31.4,31.046,31.091,-0.069,-0.22%,2263478
12/07/2001,31.182,31.31,30.74,31.3,0.209,0.67%,3362178
13/07/2001,31.4,31.47,31.16,31.17,-0.13,-0.42%,1300728
16/07/2001,31.3,31.58,31.25,31.562,0.392,1.26%,1887926
17/07/2001,31.526,31.9,31.45,31.47,-0.092,-0.29%,2127984
18/07/2001,31.593,31.63,31.394,31.394,-0.076,-0.24%,2757533
19/07/2001,31.5,32.07,31.48,31.87,0.476,1.52%,2606550
20/07/2001,31.8,31.95,31.37,31.44,-0.43,-1.35%,2322675
23/07/2001,31.45,31.7,31.34,31.58,0.14,0.45%,1327680
24/07/2001,31.506,31.51,31.02,31.2,-0.38,-1.20%,2509766
25/07/2001,31.052,31.45,30.97,31.05,-0.15,-0.48%,3062875
26/07/2001,31,31.01,30.19,30.372,-0.678,-2.18%,5945975
27/07/2001,30.252,30.35,29.55,29.74,-0.632,-2.08%,17543040
30/07/2001,29.892,30.2,29.6,29.86,0.12,0.40%,3317505
31/07/2001,29.85,29.9,29.5,29.5,-0.36,-1.21%,3432361
1/08/2001,29.55,30.37,29.52,30.37,0.87,2.95%,3441700
2/08/2001,30.45,31.03,30.45,30.512,0.142,0.47%,2886804
3/08/2001,30.4,30.4,29.74,29.87,-0.642,-2.10%,5326026
6/08/2001,29.9,30.48,29.85,30.42,0.55,1.84%,1755367
7/08/2001,30.4,30.563,30.2,30.563,0.143,0.47%,1744387
8/08/2001,30.65,30.94,30.18,30.436,-0.127,-0.42%,3737351
9/08/2001,30.3,31.13,30.3,30.902,0.466,1.53%,3313415
10/08/2001,30.9,31.16,30.7,30.77,-0.132,-0.43%,2606134
13/08/2001,30.81,30.95,30.25,30.285,-0.485,-1.58%,2264267
14/08/2001,30.368,30.7,30.36,30.7,0.415,1.37%,2489136
15/08/2001,30.846,31.13,30.846,31.1,0.4,1.30%,2772302
16/08/2001,31.05,31.36,30.99,31.35,0.25,0.80%,3770428
17/08/2001,31.37,31.66,31.3,31.416,0.066,0.21%,3530157
20/08/2001,31.33,31.66,31.25,31.5,0.084,0.27%,2251425
21/08/2001,31.591,31.68,31.53,31.6,0.1,0.32%,1835625
22/08/2001,31.172,31.37,30.76,30.8,-0.8,-2.53%,8510900
23/08/2001,30.65,30.65,30,30.05,-0.75,-2.44%,6718697
24/08/2001,30.1,30.5,30.1,30.4,0.35,1.16%,4975627
27/08/2001,30.09,30.19,29.8,30.05,-0.35,-1.15%,4246708
28/08/2001,30.4,30.52,29.86,30.5,0.45,1.50%,6446805
29/08/2001,30.45,30.71,30.4,30.62,0.12,0.39%,1834503
30/08/2001,30.56,30.62,30.01,30.04,-0.58,-1.89%,2428574
31/08/2001,29.9,29.9,29.346,29.346,-0.694,-2.31%,6467436
3/09/2001,29.408,29.94,29.408,29.5,0.154,0.52%,2478462
4/09/2001,29.7,29.817,29.22,29.817,0.317,1.07%,2324560
5/09/2001,29.63,29.79,29.25,29.49,-0.327,-1.10%,2291485
6/09/2001,29.37,29.57,29.24,29.259,-0.231,-0.78%,2512947
7/09/2001,28.983,28.983,28.4,28.611,-0.648,-2.21%,2371567
10/09/2001,28.3,29.5,28.25,29.44,0.829,2.90%,2961024
11/09/2001,29.414,29.52,29.12,29.22,-0.22,-0.75%,1966202
12/09/2001,28.1,28.8,28.01,28.218,-1.002,-3.43%,2546643
13/09/2001,29,29.1,28.12,28.2,-0.018,-0.06%,2609388
14/09/2001,28.2,28.2,26.92,27.379,-0.821,-2.91%,4051415
17/09/2001,26.95,26.95,25.29,26.4,-0.979,-3.58%,4453424
18/09/2001,27,27.6,26.52,27,0.6,2.27%,4540161
19/09/2001,27.205,27.25,26.5,26.79,-0.21,-0.78%,2893264
20/09/2001,26,26.25,25.2,25.9,-0.89,-3.32%,4946164
21/09/2001,24.75,25.85,24.75,25.548,-0.352,-1.36%,4125182
24/09/2001,25.023,25.35,24.76,25.14,-0.408,-1.60%,3100519
25/09/2001,25.7,25.86,25.23,25.49,0.35,1.39%,3269645
26/09/2001,26,26.18,25.65,26.16,0.67,2.63%,3119413
27/09/2001,26.25,26.25,25.9,25.99,-0.17,-0.65%,3618138
28/09/2001,26.15,26.3,25.65,26.1,0.11,0.42%,6921441
1/10/2001,26.36,27,26.26,27,0.9,3.45%,1825983
2/10/2001,27,27.85,26.79,27.85,0.85,3.15%,3768336
3/10/2001,28.053,28.25,27.53,27.68,-0.17,-0.61%,3117666
4/10/2001,27.9,27.9,27.25,27.6,-0.08,-0.29%,1543328
5/10/2001,27.581,27.89,27.35,27.89,0.29,1.05%,2589236
8/10/2001,27.51,27.7,27.23,27.29,-0.6,-2.15%,2688890
9/10/2001,27.18,27.18,26.78,26.944,-0.346,-1.27%,4719596
10/10/2001,26.9,27.3,26.9,27.05,0.106,0.39%,2698938
11/10/2001,27.35,27.66,27.35,27.6,0.55,2.03%,2853356
12/10/2001,28,28.04,27.54,27.967,0.367,1.33%,2432134
15/10/2001,27.9,28.06,27.6,27.96,-0.007,-0.03%,1996227
16/10/2001,28.1,28.1,27.65,27.73,-0.23,-0.82%,1549213
17/10/2001,27.9,28.46,27.75,28.45,0.72,2.60%,3194541
18/10/2001,28.11,28.18,27.74,27.85,-0.6,-2.11%,3347328
19/10/2001,27.711,27.75,27.35,27.42,-0.43,-1.54%,2661054
22/10/2001,27.5,27.85,27.5,27.705,0.285,1.04%,1162264
23/10/2001,28.05,28.07,27.8,27.97,0.265,0.96%,2152420
24/10/2001,27.98,28.72,27.91,28.6,0.63,2.25%,4518799
25/10/2001,28.65,29.21,28.63,29.033,0.433,1.51%,4033328
26/10/2001,29.149,29.35,28.97,29.002,-0.031,-0.11%,12201050
29/10/2001,29.1,29.34,29.05,29.15,0.148,0.51%,1114315
30/10/2001,29.012,29.45,28.94,29.39,0.24,0.82%,2341521
31/10/2001,29.3,29.8,29.15,29.8,0.41,1.40%,3036600
1/11/2001,29.79,30,29.72,29.82,0.02,0.07%,2911260
2/11/2001,29.91,30.05,29.6,29.85,0.03,0.10%,2310585
5/11/2001,30,30.4,29.83,30.342,0.492,1.65%,2045412
6/11/2001,30.25,31.19,30.25,31.15,0.808,2.66%,2162354
7/11/2001,31.15,31.19,30.3,30.3,-0.85,-2.73%,2533789
8/11/2001,30.348,31.06,30.348,31.008,0.708,2.34%,2502879
9/11/2001,30.9,31.25,30.9,30.9,-0.108,-0.35%,1470525
12/11/2001,31.06,31.2,30.6,31.042,0.142,0.46%,1955999
13/11/2001,30.644,30.85,30.62,30.62,-0.422,-1.36%,2102327
14/11/2001,30.85,31,30.5,30.57,-0.05,-0.16%,3683433
15/11/2001,30.256,30.45,29.81,29.93,-0.64,-2.09%,3048741
16/11/2001,30,30,29.6,29.664,-0.266,-0.89%,2769401
19/11/2001,29.6,29.68,29.25,29.4,-0.264,-0.89%,3661711
20/11/2001,29.495,29.66,29.32,29.49,0.09,0.31%,3430164
21/11/2001,29.551,29.551,29.3,29.391,-0.099,-0.34%,2628646
22/11/2001,29.341,29.53,29.09,29.25,-0.141,-0.48%,2735037
23/11/2001,29.36,29.44,29.13,29.22,-0.03,-0.10%,1763188
26/11/2001,29.311,29.64,29.311,29.6,0.38,1.30%,2374066
27/11/2001,29.87,30.11,29.61,29.61,0.01,0.03%,2644011
28/11/2001,29.54,29.7,29.26,29.265,-0.345,-1.17%,3498625
29/11/2001,29.099,29.25,28.94,29,-0.265,-0.91%,3153777
30/11/2001,29.218,29.35,28.4,28.6,-0.4,-1.38%,7187145
3/12/2001,28.8,28.8,28.14,28.15,-0.45,-1.57%,3993415
4/12/2001,28.15,28.64,28.06,28.22,0.07,0.25%,3332812
5/12/2001,28.534,28.62,28.39,28.52,0.3,1.06%,2563660
6/12/2001,28.772,28.94,28.22,28.284,-0.236,-0.83%,2492801
7/12/2001,28.28,28.45,28.09,28.3,0.016,0.06%,2864818
10/12/2001,28.31,28.318,28.02,28.318,0.018,0.06%,4473152
11/12/2001,28.3,28.45,28.07,28.294,-0.024,-0.08%,3363940
12/12/2001,28.34,28.41,28.02,28.11,-0.184,-0.65%,3416692
13/12/2001,28.206,28.25,28.03,28.037,-0.073,-0.26%,2044227
14/12/2001,28,28.32,28,28.207,0.17,0.61%,2492407
17/12/2001,28.3,28.6,28.3,28.59,0.383,1.36%,2377626
18/12/2001,28.8,28.88,28.6,28.67,0.08,0.28%,3074395
19/12/2001,28.873,28.873,28.61,28.72,0.05,0.17%,2122087
20/12/2001,28.78,29.03,28.72,28.93,0.21,0.73%,2324534
21/12/2001,29,29.75,28.85,29.62,0.69,2.39%,8821514
24/12/2001,29.6,29.98,29.6,29.92,0.3,1.01%,1377881
27/12/2001,29.93,30.14,29.93,30.008,0.088,0.29%,1920139
28/12/2001,30.2,30.36,30.11,30.18,0.172,0.57%,1655798
31/12/2001,30.18,30.19,29.9,29.94,-0.24,-0.80%,2025609
2/01/2002,29.9,30.14,29.8,30.09,0.15,0.50%,1335831
3/01/2002,30.091,30.18,29.92,29.98,-0.11,-0.37%,1781213
4/01/2002,29.92,30.05,29.82,29.98,0,0.00%,877486
7/01/2002,29.9,30.14,29.84,30.057,0.077,0.26%,1630353
8/01/2002,29.95,30.25,29.94,29.99,-0.067,-0.22%,2511504
9/01/2002,29.98,29.98,29.63,29.7,-0.29,-0.97%,3286821
10/01/2002,29.508,29.88,29.5,29.528,-0.172,-0.58%,4213123
11/01/2002,29.721,30.27,29.68,30.21,0.682,2.31%,4017203
14/01/2002,30.3,30.52,30.3,30.48,0.27,0.89%,4136188
15/01/2002,30.6,30.7,30.52,30.619,0.139,0.46%,3707817
16/01/2002,30.65,31.3,30.65,31.26,0.641,2.09%,5621431
17/01/2002,31.109,31.25,31.04,31.15,-0.11,-0.35%,4212402
18/01/2002,31.01,31.13,30.9,31.1,-0.05,-0.16%,2527625
21/01/2002,31.06,31.45,31.01,31.403,0.303,0.97%,2248394
22/01/2002,31.38,32,31.3,31.81,0.407,1.30%,5622393
23/01/2002,31.78,32,31.72,31.824,0.014,0.04%,3960536
24/01/2002,31.759,31.95,31.7,31.73,-0.094,-0.30%,2863767
25/01/2002,31.806,32.2,31.51,32.081,0.351,1.11%,21250790
29/01/2002,32.1,33,32.1,32.89,0.809,2.52%,5301900
30/01/2002,32.757,32.93,32.61,32.825,-0.065,-0.20%,3355964
31/01/2002,32.9,32.9,32.65,32.74,-0.085,-0.26%,5158237
1/02/2002,32.82,32.91,32.74,32.8,0.06,0.18%,3217556
4/02/2002,33,33.52,32.98,33.381,0.581,1.77%,4163653
5/02/2002,33.3,33.3,32.77,32.77,-0.611,-1.83%,4466782
6/02/2002,32.6,32.7,31.96,31.96,-0.81,-2.47%,5820822
7/02/2002,31.669,32,31.45,31.82,-0.14,-0.44%,3899189
8/02/2002,31.7,32.41,31.7,32.35,0.53,1.67%,3883659
11/02/2002,32.4,32.83,32.21,32.21,-0.14,-0.43%,3330111
12/02/2002,32.34,32.38,32,32.14,-0.07,-0.22%,3323690
13/02/2002,32.3,32.85,32.29,32.84,0.7,2.18%,4081101
14/02/2002,32.95,33.69,32.95,33.64,0.8,2.44%,7167791
15/02/2002,33.5,33.5,33.1,33.17,-0.47,-1.40%,9629588
18/02/2002,33.2,33.48,33.02,33.25,0.08,0.24%,248145
19/02/2002,33.26,33.26,33.07,33.09,-0.16,-0.48%,13803
20/02/2002,33,33.01,32.75,32.75,-0.34,-1.03%,7406
21/02/2002,32.25,32.27,31.8,32.03,-0.72,-2.20%,3982218
22/02/2002,31.932,32.3,31.932,32.281,0.251,0.78%,5071723
25/02/2002,32.28,32.51,32.197,32.197,-0.084,-0.26%,2909633
27/02/2002,31.885,32.18,31.5,31.891,-0.306,-0.95%,4546625
28/02/2002,31.9,32.44,31.9,32.358,0.467,1.46%,4023786
1/03/2002,32.4,32.44,32.05,32.309,-0.049,-0.15%,2898534
4/03/2002,32.3,32.41,32.03,32.05,-0.259,-0.80%,3065963
5/03/2002,31.9,32.15,31.54,31.6,-0.45,-1.40%,3658051
6/03/2002,31.47,31.47,31.15,31.2,-0.4,-1.27%,4789588
7/03/2002,31.268,31.8,31.21,31.8,0.6,1.92%,4656337
8/03/2002,31.75,32,31.5,31.664,-0.136,-0.43%,2484589
11/03/2002,31.91,31.91,31.05,31.1,-0.564,-1.78%,2944406
12/03/2002,31.04,31.09,30.64,30.73,-0.37,-1.19%,4321020
13/03/2002,30.82,31.17,30.7,31.158,0.428,1.39%,3096955
14/03/2002,31.191,31.4,31.19,31.393,0.235,0.75%,2604131
15/03/2002,31.36,31.66,30.909,30.909,-0.484,-1.54%,2987249
18/03/2002,31.5,31.77,31.5,31.71,0.801,2.59%,2349120
19/03/2002,31.71,32.22,31.6,32.15,0.44,1.39%,4395912
20/03/2002,32.09,32.48,31.95,32.12,-0.03,-0.09%,4114822
21/03/2002,31.92,31.95,31.7,31.74,-0.38,-1.18%,2782591
22/03/2002,31.65,31.99,31.65,31.85,0.11,0.35%,1963429
25/03/2002,31.85,31.9,31.62,31.7,-0.15,-0.47%,2377191
26/03/2002,31.55,31.64,31.31,31.38,-0.32,-1.01%,2556018
27/03/2002,31.7,31.85,31.49,31.76,0.38,1.21%,3882957
28/03/2002,31.72,32.1,31.67,32.04,0.28,0.88%,8495660
2/04/2002,31.99,31.99,31.38,31.44,-0.6,-1.87%,4498827
3/04/2002,31.5,31.6,31.25,31.28,-0.16,-0.51%,3050756
4/04/2002,31.18,31.45,31.16,31.43,0.15,0.48%,3257872
5/04/2002,31.43,31.77,31.43,31.69,0.26,0.83%,2763694
8/04/2002,31.69,31.8,31.3,31.6,-0.09,-0.28%,1977307
9/04/2002,31.65,31.65,31.36,31.5,-0.1,-0.32%,2164643
10/04/2002,31.43,31.73,31.42,31.68,0.18,0.57%,3033836
11/04/2002,31.8,31.8,31.2,31.25,-0.43,-1.36%,3107969
12/04/2002,31.25,31.35,31.05,31.2,-0.05,-0.16%,1450193
15/04/2002,31.3,31.56,31.3,31.56,0.36,1.15%,2634146
16/04/2002,31.65,31.94,31.6,31.93,0.37,1.17%,3444568
17/04/2002,31.98,32.2,31.94,32.12,0.19,0.60%,2675280
18/04/2002,32.18,32.23,31.99,32.12,0,0.00%,2675425
19/04/2002,32.15,32.25,32.14,32.22,0.1,0.31%,2793864
22/04/2002,32.2,32.24,32.06,32.06,-0.16,-0.50%,3268115
23/04/2002,32.05,32.41,31.95,32.41,0.35,1.09%,3222815
24/04/2002,32.3,32.53,32.3,32.49,0.08,0.25%,2422657
26/04/2002,32.53,32.91,32.53,32.87,0.38,1.17%,12425340
29/04/2002,32.85,33.02,32.64,32.68,-0.19,-0.58%,1882059
30/04/2002,32.67,32.9,32.5,32.85,0.17,0.52%,4233272
1/05/2002,32.82,33.16,32.82,33.16,0.31,0.94%,3145825
2/05/2002,33.21,33.39,33.06,33.35,0.19,0.57%,2884997
3/05/2002,33.35,33.67,33.25,33.6,0.25,0.75%,3369627
6/05/2002,33.59,33.6,33.33,33.56,-0.04,-0.12%,1548338
7/05/2002,33.39,33.76,33.39,33.75,0.19,0.57%,2410725
8/05/2002,33.75,33.77,33.4,33.66,-0.09,-0.27%,2019502
9/05/2002,33.65,33.7,32.92,32.95,-0.71,-2.11%,3241358
10/05/2002,32.85,33.15,32.67,32.85,-0.1,-0.30%,2410504
13/05/2002,32.71,32.8,32.42,32.59,-0.26,-0.79%,2874623
14/05/2002,32.62,32.65,32.49,32.6,0.01,0.03%,1306887
15/05/2002,32.7,32.71,32.35,32.51,-0.09,-0.28%,2773229
16/05/2002,32.51,32.69,32.2,32.3,-0.21,-0.65%,3494385
17/05/2002,32.21,32.47,32.05,32.38,0.08,0.25%,1934446
20/05/2002,32.37,32.65,32.22,32.62,0.24,0.74%,2525902
21/05/2002,32.6,32.75,32.2,32.24,-0.38,-1.16%,2832886
22/05/2002,32.4,32.49,32.05,32.26,0.02,0.06%,2408162
23/05/2002,32.22,32.53,32.18,32.45,0.19,0.59%,4369393
24/05/2002,32.55,32.78,32.49,32.7,0.25,0.77%,2320263
27/05/2002,32.68,32.85,32.64,32.64,-0.06,-0.18%,1874336
28/05/2002,32.6,33.07,32.58,33.07,0.43,1.32%,3027251
29/05/2002,33.15,33.5,33.15,33.41,0.34,1.03%,3702952
30/05/2002,33.52,33.67,33.5,33.6,0.19,0.57%,5136513
31/05/2002,33.6,33.7,33.26,33.5,-0.1,-0.30%,9339961
3/06/2002,33.5,33.93,33.5,33.85,0.35,1.04%,2828788
4/06/2002,33.71,33.92,33.71,33.81,-0.04,-0.12%,2355627
5/06/2002,33.81,34,33.6,33.63,-0.18,-0.53%,1860523
6/06/2002,33.7,33.7,33.41,33.63,0,0.00%,1622325
7/06/2002,33.59,34.13,33.5,34.05,0.42,1.25%,4268005
11/06/2002,34.1,34.83,34.05,34.71,0.66,1.94%,3739532
12/06/2002,34.74,34.94,34.65,34.76,0.05,0.14%,3095429
13/06/2002,34.71,34.8,34.3,34.38,-0.38,-1.09%,3424483
14/06/2002,34.17,34.51,34.11,34.25,-0.13,-0.38%,2551520
17/06/2002,34.11,34.4,34.11,34.3,0.05,0.15%,2613011
18/06/2002,34.4,34.51,34.08,34.09,-0.21,-0.61%,2251058
19/06/2002,34.1,34.15,33.97,33.97,-0.12,-0.35%,2773156
20/06/2002,33.94,34.05,33.72,33.81,-0.16,-0.47%,2727685
21/06/2002,33.73,33.73,33.45,33.59,-0.22,-0.65%,3491640
24/06/2002,33.48,33.9,33.4,33.74,0.15,0.45%,2792999
25/06/2002,34,34,33.51,33.56,-0.18,-0.53%,3086240
26/06/2002,33.43,33.43,32.88,32.91,-0.65,-1.94%,9150231
27/06/2002,33.02,33.4,32.98,33.02,0.11,0.33%,6371627
28/06/2002,33.12,33.28,32.91,32.93,-0.09,-0.27%,11942150
1/07/2002,32.69,32.75,32.11,32.11,-0.82,-2.49%,4657944
2/07/2002,32,32.22,31.83,31.98,-0.13,-0.40%,5465554
3/07/2002,31.85,31.9,31.62,31.66,-0.32,-1.00%,3432809
4/07/2002,31.68,31.68,31.15,31.4,-0.26,-0.82%,4462097
5/07/2002,31.51,31.8,31.45,31.7,0.3,0.96%,3088684
8/07/2002,32,32.19,31.81,31.88,0.18,0.57%,3892398
9/07/2002,31.84,32.16,31.83,32.16,0.28,0.88%,3244595
10/07/2002,32.12,32.25,31.94,31.96,-0.2,-0.62%,4676704
11/07/2002,31.77,31.88,31.65,31.79,-0.17,-0.53%,3373331
12/07/2002,31.97,31.99,31.27,31.63,-0.16,-0.50%,4139909
15/07/2002,31.63,31.66,31.2,31.31,-0.32,-1.01%,4069642
16/07/2002,31.2,31.51,31.15,31.47,0.16,0.51%,3944375
17/07/2002,31.3,31.4,30.88,31,-0.47,-1.49%,2998829
18/07/2002,31.11,31.28,31.11,31.16,0.16,0.52%,3907089
19/07/2002,31.1,31.1,30.15,30.33,-0.83,-2.66%,5545416
22/07/2002,29.8,30.2,29.5,30.01,-0.32,-1.06%,4268476
23/07/2002,29.84,30.45,29.76,30.36,0.35,1.17%,5229538
24/07/2002,30.2,30.58,29.21,29.5,-0.86,-2.83%,7364664
25/07/2002,30.15,30.32,29.8,29.8,0.3,1.02%,8172588
26/07/2002,29.9,29.9,29.02,29.1,-0.7,-2.35%,21771350
29/07/2002,29.4,30.1,29.3,30.05,0.95,3.26%,3298086
30/07/2002,30.8,30.85,30.55,30.66,0.61,2.03%,5137645
31/07/2002,30.97,31.31,30.9,31.17,0.51,1.66%,4002333
1/08/2002,31.25,31.49,31.02,31.1,-0.07,-0.22%,4406554
2/08/2002,30.78,30.9,30.46,30.68,-0.42,-1.35%,2993062
5/08/2002,30.4,30.66,30.3,30.3,-0.38,-1.24%,1994263
6/08/2002,30,30.33,29.75,30.1,-0.2,-0.66%,2739846
7/08/2002,30.7,31.32,30.62,31.32,1.22,4.05%,3233789
8/08/2002,31.21,31.55,31.13,31.31,-0.01,-0.03%,3011376
9/08/2002,31.85,31.85,31.15,31.28,-0.03,-0.10%,2858666
12/08/2002,31.49,31.49,31.25,31.42,0.14,0.45%,1465531
13/08/2002,31.35,31.94,31.31,31.94,0.52,1.65%,2362737
14/08/2002,31.8,31.93,31.57,31.85,-0.09,-0.28%,1859430
15/08/2002,32,32.27,31.95,32.23,0.38,1.19%,2015972
16/08/2002,32.3,32.34,32.01,32.06,-0.17,-0.53%,2529642
19/08/2002,31.99,32,31.73,31.76,-0.3,-0.94%,2214473
20/08/2002,31.9,31.97,31.62,31.69,-0.07,-0.22%,4074855
21/08/2002,32.49,32.49,31.88,32.01,0.32,1.01%,5586974
22/08/2002,32.16,32.3,32.08,32.25,0.24,0.75%,4765218
23/08/2002,32.29,32.29,32.01,32.17,-0.08,-0.25%,4805429
26/08/2002,31.25,31.52,31.1,31.44,-0.73,-2.27%,7432422
27/08/2002,31.49,31.55,30.94,30.94,-0.5,-1.59%,3353385
28/08/2002,31.01,31.05,30.7,30.7,-0.24,-0.78%,3691599
29/08/2002,30.66,31.05,30.6,31.01,0.31,1.01%,2662003
30/08/2002,31.1,31.22,30.87,30.87,-0.14,-0.45%,5071049
2/09/2002,30.97,31.42,30.88,31.42,0.55,1.78%,2906892
3/09/2002,31.6,31.78,31.5,31.76,0.34,1.08%,2921705
4/09/2002,31.5,31.87,31.43,31.56,-0.2,-0.63%,3356474
5/09/2002,31.79,32.02,31.77,32.02,0.46,1.46%,3587211
6/09/2002,31.96,32.12,31.86,32.07,0.05,0.16%,3117629
9/09/2002,32.19,32.29,32.1,32.28,0.21,0.65%,2926880
10/09/2002,32.28,32.32,32.05,32.05,-0.23,-0.71%,3541503
11/09/2002,32.2,32.36,32.12,32.36,0.31,0.97%,2575825
12/09/2002,32.3,32.46,32.01,32.05,-0.31,-0.96%,3145926
13/09/2002,31.9,31.95,31.74,31.83,-0.22,-0.69%,3950250
16/09/2002,31.85,32.05,31.77,31.84,0.01,0.03%,3134983
17/09/2002,31.85,32.26,31.84,32.26,0.42,1.32%,4300179
18/09/2002,32.05,32.15,31.82,31.94,-0.32,-0.99%,3595079
19/09/2002,31.94,32.03,31.81,31.95,0.01,0.03%,3744789
20/09/2002,31.8,31.9,31.55,31.7,-0.25,-0.78%,4014765
23/09/2002,31.65,31.92,31.58,31.9,0.2,0.63%,2266967
24/09/2002,31.75,31.85,31.68,31.7,-0.2,-0.63%,2606343
25/09/2002,31.46,31.56,31.35,31.45,-0.25,-0.79%,2793114
26/09/2002,31.5,31.64,31,31.03,-0.42,-1.34%,3127720
27/09/2002,31.03,31.12,30.2,30.55,-0.48,-1.55%,8157060
30/09/2002,29.9,30.54,29.9,30.14,-0.41,-1.34%,7035940
1/10/2002,30.08,30.36,29.95,30.2,0.06,0.20%,3979858
2/10/2002,30.6,30.6,30.23,30.42,0.22,0.73%,2849175
3/10/2002,30.26,30.57,30.25,30.5,0.08,0.26%,2217341
4/10/2002,30.46,30.52,30.18,30.25,-0.25,-0.82%,1914525
7/10/2002,30,30.04,29.48,29.49,-0.76,-2.51%,1813226
8/10/2002,29.52,29.78,29.07,29.31,-0.18,-0.61%,3402246
9/10/2002,29.45,29.45,28.58,28.7,-0.61,-2.08%,4588413
10/10/2002,28.51,28.51,27.98,28.04,-0.66,-2.30%,8065902
11/10/2002,28.39,28.65,27.95,28.42,0.38,1.36%,4333978
14/10/2002,28.7,28.96,28.52,28.9,0.48,1.69%,2390603
15/10/2002,28.95,29.65,28.95,29.65,0.75,2.60%,2434505
16/10/2002,29.91,30.19,29.19,29.51,-0.14,-0.47%,3546601
17/10/2002,29.6,29.7,28.86,29.05,-0.46,-1.56%,3731512
18/10/2002,29.5,29.64,29.16,29.4,0.35,1.20%,2246643
21/10/2002,29.5,29.59,29.34,29.44,0.04,0.14%,1763782
22/10/2002,29.5,29.75,29.47,29.75,0.31,1.05%,2473867
23/10/2002,29.75,30.21,29.7,30.11,0.36,1.21%,2411328
24/10/2002,30.12,30.19,29.9,29.98,-0.13,-0.43%,3184831
25/10/2002,29.85,29.95,29.52,29.55,-0.43,-1.43%,12588750
28/10/2002,29.75,30.03,29.66,29.75,0.2,0.68%,1747839
29/10/2002,29.9,29.9,29.4,29.4,-0.35,-1.18%,3017895
30/10/2002,29.38,29.71,29.14,29.71,0.31,1.05%,3035375
31/10/2002,29.93,30.41,29.75,30.4,0.69,2.32%,2769637
1/11/2002,30.38,30.38,28.8,28.86,-1.54,-5.07%,8146944
4/11/2002,28.86,29.1,28.65,28.8,-0.06,-0.21%,6478572
5/11/2002,28.82,28.82,28.18,28.39,-0.41,-1.42%,5689809
6/11/2002,28.5,28.54,28.05,28.37,-0.02,-0.07%,5753772
7/11/2002,28.37,28.37,27.5,27.67,-0.7,-2.47%,10096860
8/11/2002,27.67,27.95,27.26,27.3,-0.37,-1.34%,8501544
11/11/2002,27.25,27.25,26.5,26.56,-0.74,-2.71%,8632465
12/11/2002,26.66,27.42,26.62,27.39,0.83,3.13%,10618630
13/11/2002,27.51,27.58,27.1,27.2,-0.19,-0.69%,3848839
14/11/2002,27.44,27.52,27.06,27.1,-0.1,-0.37%,3185523
15/11/2002,27.32,27.48,27.22,27.39,0.29,1.07%,2612322
18/11/2002,27.51,27.55,27,27.05,-0.34,-1.24%,4027475
19/11/2002,27,27.08,26.79,26.86,-0.19,-0.70%,4306880
20/11/2002,26.8,27.14,26.74,27.12,0.26,0.97%,4395079
21/11/2002,27.39,27.4,27.2,27.35,0.23,0.85%,3003810
22/11/2002,27.6,27.93,27.54,27.84,0.49,1.79%,4842275
25/11/2002,27.74,28,27.63,27.97,0.13,0.47%,2787707
26/11/2002,27.91,27.95,27.35,27.42,-0.55,-1.97%,3699535
27/11/2002,27.2,27.3,27.03,27.13,-0.29,-1.06%,4901647
28/11/2002,27.38,27.42,27.13,27.15,0.02,0.07%,2670271
29/11/2002,27.15,27.28,26.8,27.15,0,0.00%,9910140
2/12/2002,27.06,27.24,26.86,27.18,0.03,0.11%,4043767
3/12/2002,27.03,27.17,26.95,27.17,-0.01,-0.04%,3394480
4/12/2002,27,27.42,27,27.42,0.25,0.92%,4032676
5/12/2002,27.4,27.73,27.4,27.64,0.22,0.80%,4149829
6/12/2002,27.48,27.59,27.3,27.4,-0.24,-0.87%,1654229
9/12/2002,27.5,27.59,27.21,27.21,-0.19,-0.69%,2471371
10/12/2002,27.05,27.21,26.98,27.03,-0.18,-0.66%,3629669
11/12/2002,27.2,27.2,26.86,27,-0.03,-0.11%,3299281
12/12/2002,27.12,27.38,27.02,27.38,0.38,1.41%,2218063
13/12/2002,27.21,27.51,27.18,27.5,0.12,0.44%,3064960
16/12/2002,27.25,27.4,27.11,27.15,-0.35,-1.27%,1721115
17/12/2002,27.31,27.39,27.16,27.22,0.07,0.26%,2894992
18/12/2002,27.1,27.18,27,27,-0.22,-0.81%,2912920
19/12/2002,27,27.26,26.92,27.03,0.03,0.11%,5417474
20/12/2002,27.09,27.45,27.03,27.25,0.22,0.81%,3369279
23/12/2002,27.35,27.4,27.14,27.34,0.09,0.33%,1375714
24/12/2002,27.36,27.48,27.35,27.48,0.14,0.51%,1000061
27/12/2002,27.37,27.5,27.36,27.47,-0.01,-0.04%,343996
30/12/2002,27.3,27.34,27.05,27.12,-0.35,-1.27%,840939
31/12/2002,27.19,27.24,27,27,-0.12,-0.44%,1106933
2/01/2003,27.1,27.45,27.04,27.34,0.34,1.26%,1251853
3/01/2003,27.5,27.58,27.37,27.55,0.21,0.77%,1484508
6/01/2003,27.6,27.93,27.6,27.84,0.29,1.05%,2556724
7/01/2003,27.95,28.08,27.64,27.75,-0.09,-0.32%,3230171
8/01/2003,27.7,27.78,27.58,27.78,0.03,0.11%,5119614
9/01/2003,27.55,27.7,27.52,27.55,-0.23,-0.83%,1943431
10/01/2003,27.67,27.78,27.43,27.5,-0.05,-0.18%,2238549
13/01/2003,27.5,27.64,27.42,27.62,0.12,0.44%,1848713
14/01/2003,27.62,27.84,27.55,27.65,0.03,0.11%,3081641
15/01/2003,27.7,27.85,27.6,27.62,-0.03,-0.11%,2162732
16/01/2003,27.54,27.6,27.43,27.45,-0.17,-0.62%,2278398
17/01/2003,27.45,27.58,27.41,27.41,-0.04,-0.15%,1558212
20/01/2003,27.4,27.6,27.3,27.51,0.1,0.36%,1930003
21/01/2003,27.49,27.62,27.4,27.46,-0.05,-0.18%,2317325
22/01/2003,27.38,27.39,27.05,27.05,-0.41,-1.49%,4234249
23/01/2003,27.06,27.19,26.55,26.71,-0.34,-1.26%,5525953
24/01/2003,26.75,26.78,26.55,26.77,0.06,0.22%,3439930
28/01/2003,26.55,26.58,25.98,26.05,-0.72,-2.69%,6258145
29/01/2003,26.2,26.24,25.75,25.75,-0.3,-1.15%,3679113
30/01/2003,25.85,26.02,25.7,26.02,0.27,1.05%,3351753
31/01/2003,25.9,26,25.69,25.91,-0.11,-0.42%,14102060
3/02/2003,26.1,26.57,26.08,26.57,0.66,2.55%,4743814
4/02/2003,26.55,26.94,26.38,26.38,-0.19,-0.72%,3126326
5/02/2003,26.25,26.48,26.1,26.15,-0.23,-0.87%,1735159
6/02/2003,26.26,26.35,25.93,25.97,-0.18,-0.69%,4158783
7/02/2003,25.98,26.48,25.98,26.47,0.5,1.93%,2810062
10/02/2003,26.46,26.49,26.16,26.25,-0.22,-0.83%,2803311
11/02/2003,26.4,26.4,25.77,25.89,-0.36,-1.37%,4713173
12/02/2003,25.99,25.99,25.59,25.91,0.02,0.08%,0
13/02/2003,25.8,25.8,25.34,25.36,-0.55,-2.12%,6780733
14/02/2003,25.52,25.62,24.98,25.15,-0.21,-0.83%,8066065
17/02/2003,24.74,24.75,24.53,24.58,-0.57,-2.27%,2999733
18/02/2003,24.7,24.84,24.45,24.49,-0.09,-0.37%,10143440
19/02/2003,24.66,24.73,24.14,24.31,-0.18,-0.73%,8232863
20/02/2003,24.25,24.39,24.01,24.01,-0.3,-1.23%,4420763
21/02/2003,23.97,24.68,23.82,24.65,0.64,2.67%,4624960
24/02/2003,24.95,25.41,24.85,25.17,0.52,2.11%,5682385
25/02/2003,25,25.05,24.7,24.7,-0.47,-1.87%,4651520
26/02/2003,24.75,24.91,24.5,24.89,0.19,0.77%,4056860
27/02/2003,24.8,24.8,24.4,24.42,-0.47,-1.89%,3594415
28/02/2003,24.72,24.8,24.44,24.54,0.12,0.49%,5449674
3/03/2003,24.55,24.95,24.53,24.95,0.41,1.67%,2485226
4/03/2003,24.9,24.98,24.71,24.88,-0.07,-0.28%,2589123
5/03/2003,24.65,24.72,24.56,24.69,-0.19,-0.76%,1934888
6/03/2003,24.8,24.89,24.66,24.76,0.07,0.28%,3668978
7/03/2003,24.64,24.64,24.31,24.4,-0.36,-1.45%,3486565
10/03/2003,24.38,24.45,24.07,24.18,-0.22,-0.90%,1925127
11/03/2003,23.94,23.99,23.69,23.99,-0.19,-0.79%,3475166
12/03/2003,23.85,23.86,23.17,23.5,-0.49,-2.04%,6754941
13/03/2003,23.45,23.59,23.05,23.2,-0.3,-1.28%,5175034
14/03/2003,23.8,23.82,23.59,23.66,0.46,1.98%,6273409
17/03/2003,23.78,23.78,23.16,23.46,-0.2,-0.85%,3572961
18/03/2003,23.95,24.55,23.8,24.55,1.09,4.65%,5450333
19/03/2003,24.69,24.97,24.57,24.91,0.36,1.47%,4725158
20/03/2003,24.99,25.3,24.85,25.1,0.19,0.76%,4455149
21/03/2003,24.95,25.09,24.82,25.03,-0.07,-0.28%,2787257
24/03/2003,25.17,25.19,24.87,25.01,-0.02,-0.08%,3674126
25/03/2003,24.8,25.21,24.72,25.21,0.2,0.80%,3180105
26/03/2003,25.22,25.64,25.22,25.57,0.36,1.43%,3782434
27/03/2003,25.58,26.01,25.5,25.89,0.32,1.25%,5409448
28/03/2003,25.91,26.09,25.57,25.99,0.1,0.39%,8680177
31/03/2003,25.99,26.21,25.82,26.05,0.06,0.23%,12479650
1/04/2003,25.81,26.42,25.81,26.33,0.28,1.07%,5962736
2/04/2003,26.35,26.52,26.13,26.22,-0.11,-0.42%,4098376
3/04/2003,26.46,26.54,26.15,26.24,0.02,0.08%,2633094
4/04/2003,26.29,26.5,26.02,26.5,0.26,0.99%,2362140
7/04/2003,26.58,26.94,26.54,26.89,0.39,1.47%,3064064
8/04/2003,26.7,26.79,26.45,26.7,-0.19,-0.71%,3491972
9/04/2003,26.7,26.7,26.1,26.25,-0.45,-1.69%,2332266
10/04/2003,26.15,26.53,25.99,26.53,0.28,1.07%,2923722
11/04/2003,26.29,26.7,26.2,26.7,0.17,0.64%,3606509
14/04/2003,26.52,26.66,26.12,26.4,-0.3,-1.12%,2618401
15/04/2003,26.69,26.7,26.51,26.69,0.29,1.10%,2658772
16/04/2003,26.7,26.98,26.7,26.93,0.24,0.90%,2593668
17/04/2003,26.75,26.85,26.51,26.62,-0.31,-1.15%,1734708
22/04/2003,26.79,27.04,26.75,26.99,0.37,1.39%,1689783
23/04/2003,27.1,27.47,27.05,27.45,0.46,1.70%,2813154
24/04/2003,27.5,27.9,27.44,27.86,0.41,1.49%,13077360
28/04/2003,27.52,27.55,27.25,27.25,-0.61,-2.19%,3317631
29/04/2003,27.52,27.64,27.27,27.45,0.2,0.73%,2279392
30/04/2003,27.4,27.49,27.06,27.22,-0.23,-0.84%,3931379
1/05/2003,27.18,27.27,26.89,27.24,0.02,0.07%,2480247
2/05/2003,26.95,26.95,26.67,26.85,-0.39,-1.43%,4658650
5/05/2003,27.18,27.41,27.15,27.41,0.56,2.09%,4188730
6/05/2003,27.4,27.4,27.12,27.35,-0.06,-0.22%,2191672
7/05/2003,27.3,27.64,27.3,27.33,-0.02,-0.07%,2694070
8/05/2003,27.19,27.19,26.86,27,-0.33,-1.21%,3043968
9/05/2003,26.82,26.95,26.74,26.95,-0.05,-0.19%,2750255
12/05/2003,27.11,27.29,27.09,27.17,0.22,0.82%,2898681
13/05/2003,27.35,27.5,27.25,27.38,0.21,0.77%,4634182
14/05/2003,27.38,27.41,27.13,27.27,-0.11,-0.40%,2391332
15/05/2003,27.1,27.19,26.92,27.08,-0.19,-0.70%,3919622
16/05/2003,27.09,27.11,26.75,26.82,-0.26,-0.96%,3469690
19/05/2003,26.74,26.74,26.42,26.5,-0.32,-1.19%,2886132
20/05/2003,26.5,26.72,26.26,26.66,0.16,0.60%,2932618
21/05/2003,26.79,26.91,26.7,26.85,0.19,0.71%,2278257
22/05/2003,26.96,27.17,26.9,27.15,0.3,1.12%,2548461
23/05/2003,27.21,27.62,27.21,27.56,0.41,1.51%,4054828
26/05/2003,27.55,27.64,27.36,27.6,0.04,0.15%,1416728
27/05/2003,27.51,27.6,27.42,27.48,-0.12,-0.43%,1614828
28/05/2003,27.7,27.79,27.63,27.73,0.25,0.91%,3397001
29/05/2003,27.71,28.02,27.68,28,0.27,0.97%,4054591
30/05/2003,27.85,28.47,27.85,28.24,0.24,0.86%,7844373
2/06/2003,28.45,28.94,28.45,28.78,0.54,1.91%,3290382
3/06/2003,28.8,28.88,28.55,28.6,-0.18,-0.63%,4122065
4/06/2003,28.49,28.83,28.49,28.78,0.18,0.63%,2981740
5/06/2003,29,29.24,28.96,28.97,0.19,0.66%,3115475
6/06/2003,28.84,29.35,28.61,29.35,0.38,1.31%,2187689
10/06/2003,29.3,29.56,29.15,29.5,0.15,0.51%,3163237
11/06/2003,29.58,29.94,29.55,29.86,0.36,1.22%,3687486
12/06/2003,29.99,30.12,29.63,29.8,-0.06,-0.20%,3828210
13/06/2003,29.76,29.94,29.4,29.54,-0.26,-0.87%,3570916
16/06/2003,29.45,29.88,29.44,29.88,0.34,1.15%,3870759
17/06/2003,30.2,30.42,29.96,29.96,0.08,0.27%,6834277
18/06/2003,29.9,30.2,29.76,30.06,0.1,0.33%,4017856
19/06/2003,30.25,30.38,30.11,30.38,0.32,1.06%,7058189
20/06/2003,30.35,30.39,30.13,30.36,-0.02,-0.07%,2314731
23/06/2003,30.26,30.62,30.26,30.52,0.16,0.53%,2101029
24/06/2003,30.41,30.51,30.32,30.41,-0.11,-0.36%,2350408
25/06/2003,30.41,30.49,30.38,30.42,0.01,0.03%,3359943
26/06/2003,30.23,30.3,29.85,29.85,-0.57,-1.87%,5030120
27/06/2003,29.9,30,29.64,29.82,-0.03,-0.10%,11329170
30/06/2003,29.8,29.96,29.55,29.55,-0.27,-0.91%,2556048
1/07/2003,29.6,29.94,29.25,29.9,0.35,1.18%,3925486
2/07/2003,29.65,30.22,29.65,30.01,0.11,0.37%,2998947
3/07/2003,30.22,30.29,30.07,30.16,0.15,0.50%,2530512
4/07/2003,30,30.1,29.78,29.81,-0.35,-1.16%,1997660
7/07/2003,29.8,29.95,29.8,29.85,0.04,0.13%,1176955
8/07/2003,30.01,30.11,29.46,29.55,-0.3,-1.01%,3692970
9/07/2003,29.25,29.38,29,29.11,-0.44,-1.49%,4043570
10/07/2003,29.07,29.6,28.9,29.33,0.22,0.76%,3865763
11/07/2003,29.13,29.48,29.12,29.48,0.15,0.51%,2033589
14/07/2003,29.56,29.75,29.4,29.54,0.06,0.20%,1545941
15/07/2003,29.5,29.85,29.5,29.8,0.26,0.88%,2659073
16/07/2003,29.65,29.94,29.53,29.94,0.14,0.47%,3528017
17/07/2003,29.81,29.99,29.72,29.98,0.04,0.13%,1960566
18/07/2003,29.84,29.97,29.82,29.86,-0.12,-0.40%,1289308
21/07/2003,29.96,30.1,29.95,30,0.14,0.47%,1905061
22/07/2003,29.88,29.9,29.72,29.82,-0.18,-0.60%,2927007
23/07/2003,29.89,29.98,29.77,29.77,-0.05,-0.17%,1603785
24/07/2003,29.77,29.87,29.62,29.75,-0.02,-0.07%,2459701
25/07/2003,29.56,29.74,29.41,29.65,-0.1,-0.34%,15025260
28/07/2003,29.75,29.94,29.75,29.88,0.23,0.78%,2093346
29/07/2003,29.85,30.06,29.56,29.63,-0.25,-0.84%,3759146
30/07/2003,29.58,29.58,29.31,29.44,-0.19,-0.64%,3173859
31/07/2003,29.63,30.1,29.63,29.85,0.41,1.39%,5820934
1/08/2003,29.95,30.05,29.71,29.91,0.06,0.20%,1970960
4/08/2003,29.8,29.95,29.68,29.85,-0.06,-0.20%,1091346
5/08/2003,29.85,30,29.71,29.91,0.06,0.20%,2468076
6/08/2003,29.7,29.94,29.7,29.82,-0.09,-0.30%,1483111
7/08/2003,29.83,30.02,29.83,29.85,0.03,0.10%,2300514
8/08/2003,29.9,30.14,29.9,29.94,0.09,0.30%,2166955
11/08/2003,29.95,30.13,29.86,29.91,-0.03,-0.10%,1899222
12/08/2003,29.96,30.06,29.81,29.85,-0.06,-0.20%,1948665
13/08/2003,29.96,30.05,29.84,29.85,0,0.00%,1792431
14/08/2003,29.77,29.9,29.64,29.69,-0.16,-0.54%,2177692
15/08/2003,29.69,29.8,29.5,29.65,-0.04,-0.13%,1985360
18/08/2003,29.77,29.92,29.69,29.74,0.09,0.30%,1978716
19/08/2003,29.86,29.89,29.51,29.61,-0.13,-0.44%,3099679
20/08/2003,29.92,30.05,29.69,29.8,0.19,0.64%,4111135
21/08/2003,29.74,29.78,29.58,29.64,-0.16,-0.54%,3909239
22/08/2003,29.7,29.77,29.54,29.69,0.05,0.17%,7663119
25/08/2003,28.7,28.95,28.7,28.73,-0.96,-3.23%,20388920
26/08/2003,28.72,28.79,28.52,28.54,-0.19,-0.66%,3855613
27/08/2003,28.54,28.7,28.31,28.43,-0.11,-0.39%,4138411
28/08/2003,28.55,28.59,28.26,28.3,-0.13,-0.46%,4790989
29/08/2003,28.3,28.33,28.02,28.05,-0.25,-0.88%,6393234
1/09/2003,28.05,28.14,27.28,27.48,-0.57,-2.03%,4563695
2/09/2003,27.5,27.98,27.5,27.8,0.32,1.16%,3792479
3/09/2003,27.81,28.08,27.58,27.6,-0.2,-0.72%,2540076
4/09/2003,27.72,28,27.59,27.72,0.12,0.43%,3215714
5/09/2003,27.7,27.89,27.6,27.8,0.08,0.29%,2026167
8/09/2003,27.81,28.35,27.81,28.22,0.42,1.51%,2158299
9/09/2003,28.4,28.48,28.16,28.29,0.07,0.25%,2360371
10/09/2003,28.13,28.34,28.11,28.15,-0.14,-0.49%,1952241
11/09/2003,28.14,28.37,28.05,28.37,0.22,0.78%,3681006
12/09/2003,28.42,28.66,28.4,28.64,0.27,0.95%,3980718
15/09/2003,28.7,28.86,28.65,28.8,0.16,0.56%,3925542
16/09/2003,28.88,28.96,28.78,28.8,0,0.00%,3808253
17/09/2003,28.97,29.07,28.65,28.7,-0.1,-0.35%,2496901
18/09/2003,28.89,29.03,28.76,28.96,0.26,0.91%,4556407
19/09/2003,29.1,29.1,27.8,27.8,-1.16,-4.01%,10165800
22/09/2003,27.93,28.18,27.75,27.87,0.07,0.25%,4767141
23/09/2003,27.88,28.13,27.85,27.88,0.01,0.04%,3454246
24/09/2003,27.89,28.1,27.83,28.1,0.22,0.79%,4167741
25/09/2003,27.84,27.95,27.75,27.93,-0.17,-0.60%,6473170
26/09/2003,27.92,28.1,27.81,28.1,0.17,0.61%,6481948
29/09/2003,27.91,28.09,27.9,27.9,-0.2,-0.71%,1448399
30/09/2003,28.09,28.1,27.7,27.7,-0.2,-0.72%,2660447
1/10/2003,27.7,27.83,27.55,27.78,0.08,0.29%,4222567
2/10/2003,27.87,28.14,27.82,28.08,0.3,1.08%,3436614
3/10/2003,28.1,28.1,27.91,27.95,-0.13,-0.46%,1609927
6/10/2003,27.95,27.98,27.82,27.85,-0.1,-0.36%,749270
7/10/2003,27.91,28.04,27.83,27.86,0.01,0.04%,1875025
8/10/2003,28.01,28.35,27.95,28.26,0.4,1.44%,4026180
9/10/2003,28.26,28.49,28.17,28.45,0.19,0.67%,2296275
10/10/2003,28.5,28.64,28.25,28.3,-0.15,-0.53%,1547525
13/10/2003,28.31,28.47,28.25,28.33,0.03,0.11%,1545961
14/10/2003,28.31,28.44,28.06,28.21,-0.12,-0.42%,1706684
15/10/2003,28.19,28.38,28.1,28.2,-0.01,-0.04%,2393068
16/10/2003,28.1,28.15,27.85,27.9,-0.3,-1.06%,3333009
17/10/2003,28,28.12,27.97,28.06,0.16,0.57%,1731419
20/10/2003,28.06,28.19,27.97,27.97,-0.09,-0.32%,1847884
21/10/2003,28,28.09,27.85,28.01,0.04,0.14%,1614707
22/10/2003,27.97,28.1,27.88,27.94,-0.07,-0.25%,2153903
23/10/2003,27.87,28,27.82,27.85,-0.09,-0.32%,2532791
24/10/2003,27.92,27.93,27.62,27.72,-0.13,-0.47%,1825205
27/10/2003,27.69,27.74,27.5,27.5,-0.22,-0.79%,3515130
28/10/2003,27.56,27.64,27.24,27.3,-0.2,-0.73%,3869494
29/10/2003,27.4,27.7,27.4,27.54,0.24,0.88%,3134236
30/10/2003,27.7,27.79,27.58,27.7,0.16,0.58%,2613666
31/10/2003,27.7,27.71,27.38,27.5,-0.2,-0.72%,8647056
3/11/2003,27.58,27.64,27.41,27.64,0.14,0.51%,2308194
4/11/2003,27.86,27.99,27.73,27.91,0.27,0.98%,3066781
5/11/2003,27.64,27.7,27.48,27.7,-0.21,-0.75%,3271051
6/11/2003,27.56,27.65,27.48,27.54,-0.16,-0.58%,5146271
7/11/2003,27.7,27.7,27.54,27.58,0.04,0.15%,2429251
10/11/2003,27.54,27.59,27.25,27.4,-0.18,-0.65%,2274274
11/11/2003,27.2,27.3,27,27.14,-0.26,-0.95%,4249919
12/11/2003,27.15,27.58,27,27.5,0.36,1.33%,3832874
13/11/2003,27.5,27.77,27.5,27.71,0.21,0.76%,3943287
14/11/2003,27.76,27.89,27.55,27.63,-0.08,-0.29%,2935577
17/11/2003,27.6,27.68,27.46,27.58,-0.05,-0.18%,2700447
18/11/2003,27.6,27.6,27.36,27.6,0.02,0.07%,2124090
19/11/2003,27.53,27.9,27.52,27.8,0.2,0.72%,2992765
20/11/2003,27.81,28.07,27.81,27.92,0.12,0.43%,2280745
21/11/2003,27.68,28,27.68,27.85,-0.07,-0.25%,2786203
24/11/2003,27.9,28.12,27.75,27.9,0.05,0.18%,1721443
25/11/2003,28.05,28.13,27.94,27.95,0.05,0.18%,1893474
26/11/2003,27.98,28.12,27.85,28.06,0.11,0.39%,1345946
27/11/2003,27.95,28.05,27.94,27.95,-0.11,-0.39%,1789428
28/11/2003,27.89,27.89,27.57,27.6,-0.35,-1.25%,3886383
1/12/2003,27.56,27.57,27.14,27.27,-0.33,-1.20%,3530740
2/12/2003,27.25,27.35,27.08,27.2,-0.07,-0.26%,3690325
3/12/2003,27.2,27.78,27.1,27.66,0.46,1.69%,3387062
4/12/2003,27.79,28,27.7,27.92,0.26,0.94%,3026684
5/12/2003,27.92,28.09,27.82,28.07,0.15,0.54%,2290723
8/12/2003,28.11,28.35,28.07,28.26,0.19,0.68%,2417619
9/12/2003,28.31,28.56,28.31,28.42,0.16,0.57%,2961201
10/12/2003,28.3,28.48,28.14,28.41,-0.01,-0.04%,2308918
11/12/2003,28.36,28.41,28.14,28.18,-0.23,-0.81%,2616427
12/12/2003,28.23,28.44,28.2,28.35,0.17,0.60%,2452001
15/12/2003,28.44,28.54,28.4,28.5,0.15,0.53%,2956608
16/12/2003,28.32,28.53,28.31,28.5,0,0.00%,2183746
17/12/2003,28.58,28.78,28.51,28.78,0.28,0.98%,2751016
18/12/2003,28.96,28.96,28.65,28.7,-0.08,-0.28%,5288463
19/12/2003,28.83,28.84,28.58,28.79,0.09,0.31%,5422615
22/12/2003,28.79,28.84,28.62,28.83,0.04,0.14%,763074
23/12/2003,28.75,28.95,28.71,28.91,0.08,0.28%,1214724
24/12/2003,28.98,29.16,28.98,29.16,0.25,0.86%,1009905
29/12/2003,29.18,29.39,29.16,29.39,0.23,0.79%,1075412
30/12/2003,29.48,29.55,29.41,29.45,0.06,0.20%,1115856
31/12/2003,29.55,29.58,29.42,29.45,0,0.00%,587492
2/01/2004,29.45,29.55,29.41,29.52,0.07,0.24%,353823
5/01/2004,29.42,29.45,29.2,29.28,-0.24,-0.81%,1624173
6/01/2004,29.4,29.55,29.32,29.5,0.22,0.75%,1742826
7/01/2004,29.57,29.76,29.5,29.76,0.26,0.88%,2377168
8/01/2004,29.85,30.29,29.81,30.24,0.48,1.61%,5929641
9/01/2004,30.35,30.65,30.35,30.5,0.26,0.86%,4813893
12/01/2004,30.38,30.65,30.38,30.55,0.05,0.16%,3008910
13/01/2004,30.58,30.8,30.55,30.8,0.25,0.82%,3761875
14/01/2004,30.78,31,30.66,30.94,0.14,0.45%,2562757
15/01/2004,30.93,30.95,30.75,30.89,-0.05,-0.16%,3355830
16/01/2004,30.89,30.95,30.51,30.63,-0.26,-0.84%,3762790
19/01/2004,30.67,30.74,30.52,30.57,-0.06,-0.20%,2654287
20/01/2004,30.51,30.52,30.36,30.45,-0.12,-0.39%,2996772
21/01/2004,30.45,30.72,30.37,30.61,0.16,0.53%,4405003
22/01/2004,30.74,30.93,30.7,30.9,0.29,0.95%,2619346
23/01/2004,30.85,30.99,30.79,30.93,0.03,0.10%,2225493
27/01/2004,30.94,31.03,30.63,30.63,-0.3,-0.97%,3307858
28/01/2004,30.35,30.52,30.3,30.3,-0.33,-1.08%,4287631
29/01/2004,30.11,30.36,30.06,30.29,-0.01,-0.03%,4102505
30/01/2004,30.45,30.67,30.35,30.51,0.22,0.73%,14204200
2/02/2004,30.51,30.72,30.35,30.37,-0.14,-0.46%,2151023
3/02/2004,30.38,30.5,30.31,30.44,0.07,0.23%,2009554
4/02/2004,30.51,30.55,30.35,30.41,-0.03,-0.10%,1874891
5/02/2004,30.45,30.47,30.31,30.4,-0.01,-0.03%,3875267
6/02/2004,30.4,30.6,30.4,30.59,0.19,0.63%,1742741
9/02/2004,30.64,30.9,30.61,30.87,0.28,0.92%,4534726
10/02/2004,30.89,31.05,30.85,30.97,0.1,0.32%,3180126
11/02/2004,31.38,31.77,31.05,31.69,0.72,2.32%,9776657
12/02/2004,31.96,32.25,31.83,32.21,0.52,1.64%,13152800
13/02/2004,32.1,32.23,32.02,32.2,-0.01,-0.03%,6193738
16/02/2004,31.3,31.38,31.22,31.27,-0.93,-2.89%,28508120
17/02/2004,31.28,31.45,31.25,31.41,0.14,0.45%,3212286
18/02/2004,31.53,31.66,31.5,31.59,0.18,0.57%,3852892
19/02/2004,31.46,31.68,31.46,31.6,0.01,0.03%,1675223
20/02/2004,31.49,31.66,31.49,31.59,-0.01,-0.03%,1974007
23/02/2004,31.57,31.57,31.27,31.37,-0.22,-0.70%,2586455
24/02/2004,31.35,31.35,31.08,31.18,-0.19,-0.61%,2128987
25/02/2004,31.09,31.45,31.08,31.4,0.22,0.71%,1820191
26/02/2004,31.25,31.4,31.25,31.4,0,0.00%,2085437
27/02/2004,31.31,31.68,31.31,31.68,0.28,0.89%,4146618
1/03/2004,31.7,31.96,31.65,31.92,0.24,0.76%,2682755
2/03/2004,32.05,32.1,31.91,32,0.08,0.25%,2286824
3/03/2004,32.01,32.06,31.69,31.72,-0.28,-0.88%,2118438
4/03/2004,31.55,31.93,31.55,31.77,0.05,0.16%,1959534
5/03/2004,31.85,31.89,31.65,31.84,0.07,0.22%,1137120
8/03/2004,31.82,32.08,31.82,31.92,0.08,0.25%,1774582
9/03/2004,32,32.4,31.95,32.4,0.48,1.50%,2744568
10/03/2004,32.25,32.47,32.1,32.4,0,0.00%,2649745
11/03/2004,32.4,32.58,32.24,32.55,0.15,0.46%,2597684
12/03/2004,32.39,32.56,32.35,32.55,0,0.00%,2522720
15/03/2004,32.51,32.58,32.4,32.46,-0.09,-0.28%,2042933
16/03/2004,32.4,32.6,32.28,32.6,0.14,0.43%,2399056
17/03/2004,32.47,33.18,32.47,33.14,0.54,1.66%,2940148
18/03/2004,33.34,33.34,32.69,32.85,-0.29,-0.88%,4795498
19/03/2004,32.95,32.96,32.55,32.7,-0.15,-0.46%,2301137
22/03/2004,32.55,32.66,32.26,32.43,-0.27,-0.83%,2505446
23/03/2004,32.29,32.55,32.2,32.34,-0.09,-0.28%,2833221
24/03/2004,32.26,32.5,32.15,32.5,0.16,0.49%,2193845
25/03/2004,32.55,33,32.4,33,0.5,1.54%,4057990
26/03/2004,33.06,33.31,32.9,33.22,0.22,0.67%,5940627
29/03/2004,33.25,33.29,32.91,33.01,-0.21,-0.63%,2445504
30/03/2004,33.2,33.27,32.9,33.25,0.24,0.73%,5495930
31/03/2004,33.37,33.43,33.15,33.3,0.05,0.15%,5319017
1/04/2004,33.39,33.54,33.26,33.51,0.21,0.63%,2735170
2/04/2004,33.37,33.42,33.05,33.05,-0.46,-1.37%,6287421
5/04/2004,32.75,32.75,32.42,32.65,-0.4,-1.21%,5191010
6/04/2004,32.85,33,32.72,32.75,0.1,0.31%,2579639
7/04/2004,32.7,32.79,32.51,32.54,-0.21,-0.64%,2433960
8/04/2004,32.5,32.51,32.39,32.45,-0.09,-0.28%,1410429
13/04/2004,32.63,32.63,32.31,32.38,-0.07,-0.22%,1144218
14/04/2004,32.18,32.22,32.09,32.13,-0.25,-0.77%,3559662
15/04/2004,32.12,32.27,31.96,32.04,-0.09,-0.28%,2941065
16/04/2004,32.04,32.04,31.7,31.72,-0.32,-1.00%,2992083
19/04/2004,31.75,31.84,31.52,31.69,-0.03,-0.09%,1506074
20/04/2004,31.8,32.11,31.7,32.1,0.41,1.29%,1633320
21/04/2004,32.01,32.14,31.88,32.12,0.02,0.06%,1516782
22/04/2004,32.2,32.24,31.7,31.77,-0.35,-1.09%,2176209
23/04/2004,32.08,32.1,31.75,31.8,0.03,0.09%,2618024
26/04/2004,31.73,31.95,31.71,31.76,-0.04,-0.13%,323982
27/04/2004,31.74,31.9,31.52,31.55,-0.21,-0.66%,1883243
28/04/2004,31.61,31.61,31.3,31.37,-0.18,-0.57%,2050051
29/04/2004,31.03,31.45,31.03,31.35,-0.02,-0.06%,3204306
30/04/2004,31.17,31.37,31.15,31.25,-0.1,-0.32%,7845310
3/05/2004,31.16,31.51,31.12,31.46,0.21,0.67%,1810146
4/05/2004,31.5,31.63,31.28,31.35,-0.11,-0.35%,3412102
5/05/2004,31.25,31.55,31.24,31.38,0.03,0.10%,2973021
6/05/2004,31.38,31.38,31.03,31.12,-0.26,-0.83%,2063298
7/05/2004,30.9,31.28,30.85,30.95,-0.17,-0.55%,2812779
10/05/2004,31,31.15,30.7,30.8,-0.15,-0.48%,2493186
11/05/2004,30.65,31.08,30.65,31,0.2,0.65%,4408192
12/05/2004,31.02,31.36,30.91,31.36,0.36,1.16%,2265535
13/05/2004,31.35,31.35,31.12,31.2,-0.16,-0.51%,1832373
14/05/2004,31.18,31.2,30.75,30.82,-0.38,-1.22%,2717623
17/05/2004,30.89,30.99,30.8,30.89,0.07,0.23%,1218513
18/05/2004,30.85,31.27,30.8,31.13,0.24,0.78%,1818684
19/05/2004,31.29,31.59,31.12,31.56,0.43,1.38%,2736413
20/05/2004,31.6,31.92,31.51,31.85,0.29,0.92%,3553740
21/05/2004,31.9,32.26,31.88,32.23,0.38,1.19%,3493711
24/05/2004,32.24,32.65,32.2,32.56,0.33,1.02%,4361117
25/05/2004,32.48,32.59,32.24,32.5,-0.06,-0.18%,3199014
26/05/2004,32.56,32.85,32.53,32.7,0.2,0.62%,5376837
27/05/2004,32.7,32.92,32.6,32.9,0.2,0.61%,2989729
28/05/2004,32.95,33.09,32.83,32.88,-0.02,-0.06%,7082243
31/05/2004,32.95,33.09,32.5,32.55,-0.33,-1.00%,2560852
1/06/2004,32.5,32.8,32.4,32.71,0.16,0.49%,1447810
2/06/2004,32.75,33.05,32.75,32.92,0.21,0.64%,1969633
3/06/2004,32.9,33.11,32.88,32.96,0.04,0.12%,2643809
4/06/2004,32.96,33.14,32.86,33,0.04,0.12%,2094366
7/06/2004,33.1,33.38,33.1,33.35,0.35,1.06%,1736882
8/06/2004,33.4,33.48,32.84,32.9,-0.45,-1.35%,1863689
9/06/2004,32.85,32.9,32.59,32.71,-0.19,-0.58%,4152186
10/06/2004,32.55,32.72,32.47,32.58,-0.13,-0.40%,2993758
11/06/2004,32.6,32.88,32.58,32.79,0.21,0.64%,1920145
15/06/2004,32.63,32.9,32.6,32.65,-0.14,-0.43%,1890043
16/06/2004,32.8,32.88,32.55,32.6,-0.05,-0.15%,2110768
17/06/2004,32.7,32.74,32.51,32.55,-0.05,-0.15%,8015548
18/06/2004,32.69,32.9,32.46,32.79,0.24,0.74%,3178973
21/06/2004,32.9,33.07,32.75,33.04,0.25,0.76%,2694565
22/06/2004,33.06,33.13,32.9,33.06,0.02,0.06%,2878151
23/06/2004,33.06,33.07,32.92,32.96,-0.1,-0.30%,3824734
24/06/2004,32.95,33.26,32.92,33.26,0.3,0.91%,2942224
25/06/2004,33.2,33.27,32.97,32.99,-0.27,-0.81%,12658610
28/06/2004,32.85,32.87,32.58,32.62,-0.37,-1.12%,3793796
29/06/2004,32.63,32.78,32.58,32.68,0.06,0.18%,2406265
30/06/2004,32.58,32.71,32.52,32.58,-0.1,-0.31%,2926252
1/07/2004,32.6,32.6,32.16,32.22,-0.36,-1.10%,5699527
2/07/2004,32,32.25,32,32.16,-0.06,-0.19%,4357613
5/07/2004,32.12,32.35,32.08,32.19,0.03,0.09%,2804875
6/07/2004,32.21,32.32,32.1,32.23,0.04,0.12%,3530632
7/07/2004,32.2,32.25,32.13,32.19,-0.04,-0.12%,4244229
8/07/2004,32.17,32.5,32.1,32.46,0.27,0.84%,3581669
9/07/2004,32.45,32.71,32.45,32.71,0.25,0.77%,2636013
12/07/2004,32.71,32.89,32.7,32.85,0.14,0.43%,2189129
13/07/2004,32.86,32.92,32.61,32.63,-0.22,-0.67%,3845784
14/07/2004,32.62,32.71,32.45,32.6,-0.03,-0.09%,5970368
15/07/2004,32.4,32.45,32.12,32.15,-0.45,-1.38%,5087713
16/07/2004,31.88,32.14,31.81,31.97,-0.18,-0.56%,4283602
19/07/2004,31.9,31.95,31.77,31.84,-0.13,-0.41%,1886715
20/07/2004,31.75,31.8,31.29,31.35,-0.49,-1.54%,5144052
21/07/2004,31.39,31.58,31.12,31.3,-0.05,-0.16%,5898477
22/07/2004,31.06,31.1,30.8,30.92,-0.38,-1.21%,4428826
23/07/2004,31,31.18,30.85,30.85,-0.07,-0.23%,2763695
26/07/2004,30.85,31.4,30.83,31.3,0.45,1.46%,3874559
27/07/2004,31.37,31.6,31.1,31.1,-0.2,-0.64%,4096156
28/07/2004,31.2,31.29,30.98,31,-0.1,-0.32%,2991785
29/07/2004,31.1,31.24,31,31.15,0.15,0.48%,3291468
30/07/2004,31.18,31.45,31.18,31.22,0.07,0.22%,10104050
2/08/2004,31.32,31.5,31.22,31.41,0.19,0.61%,1465393
3/08/2004,31.52,31.69,31.47,31.65,0.24,0.76%,2175241
4/08/2004,31.6,31.71,31.55,31.62,-0.03,-0.09%,2219086
5/08/2004,31.68,31.73,31.3,31.4,-0.22,-0.70%,2479540
6/08/2004,31.3,31.47,31.12,31.39,-0.01,-0.03%,1394689
9/08/2004,31.14,31.35,31.06,31.09,-0.3,-0.96%,3012031
10/08/2004,31.25,31.33,30.94,30.94,-0.15,-0.48%,3668355
11/08/2004,31.3,31.6,30.9,31.04,0.1,0.32%,6819598
12/08/2004,30.98,31.16,30.83,30.91,-0.13,-0.42%,4400299
13/08/2004,30.86,31.13,30.78,30.82,-0.09,-0.29%,5523894
16/08/2004,29.77,29.8,29.49,29.49,-1.33,-4.32%,9139037
17/08/2004,29.6,29.67,29.12,29.18,-0.31,-1.05%,10411170
18/08/2004,29.17,29.18,28.87,28.87,-0.31,-1.06%,6807679
19/08/2004,28.98,29.18,28.79,29.15,0.28,0.97%,5987545
20/08/2004,29.2,29.45,29.07,29.4,0.25,0.86%,5985029
23/08/2004,29.53,29.71,29.53,29.69,0.29,0.99%,3262665
24/08/2004,29.73,29.83,29.66,29.82,0.13,0.44%,3342913
25/08/2004,29.9,29.93,29.61,29.7,-0.12,-0.40%,2632607
26/08/2004,29.74,29.98,29.73,29.95,0.25,0.84%,2597198
27/08/2004,30,30.4,30,30.29,0.34,1.14%,5317360
30/08/2004,30.27,30.48,30.12,30.29,0,0.00%,2387991
31/08/2004,30.27,30.42,30.2,30.2,-0.09,-0.30%,2095305
1/09/2004,30.3,30.58,30.29,30.52,0.32,1.06%,4880382
2/09/2004,30.6,30.74,30.45,30.64,0.12,0.39%,2228286
3/09/2004,30.64,30.64,30.3,30.3,-0.34,-1.11%,1920160
6/09/2004,30.28,30.36,30.21,30.24,-0.06,-0.20%,1319069
7/09/2004,30.24,30.4,30.13,30.17,-0.07,-0.23%,1398952
8/09/2004,30.2,30.3,30.07,30.07,-0.1,-0.33%,1781377
9/09/2004,30.08,30.25,30,30.05,-0.02,-0.07%,1532924
10/09/2004,30.06,30.18,29.81,29.81,-0.24,-0.80%,2359079
13/09/2004,29.8,30.05,29.8,29.93,0.12,0.40%,2553301
14/09/2004,30.06,30.1,29.66,29.69,-0.24,-0.80%,3079957
15/09/2004,29.6,29.6,29.35,29.36,-0.33,-1.11%,3450352
16/09/2004,29.1,29.62,29.1,29.57,0.21,0.72%,7411039
17/09/2004,29.58,29.7,29.4,29.51,-0.06,-0.20%,2211129
20/09/2004,29.55,29.78,29.46,29.63,0.12,0.41%,2275189
21/09/2004,29.6,29.83,29.53,29.78,0.15,0.51%,1775401
22/09/2004,29.86,30.02,29.82,29.95,0.17,0.57%,2882878
23/09/2004,29.9,30.1,29.83,30.01,0.06,0.20%,2675037
24/09/2004,29.95,30.12,29.8,29.85,-0.16,-0.53%,5460515
27/09/2004,29.81,29.97,29.54,29.68,-0.17,-0.57%,2481064
28/09/2004,29.85,29.85,29.58,29.79,0.11,0.37%,1436692
29/09/2004,29.85,29.92,29.62,29.78,-0.01,-0.03%,2227753
30/09/2004,29.99,30.24,29.95,30.19,0.41,1.38%,4389078
1/10/2004,30.3,30.63,30.29,30.5,0.31,1.03%,4678112
4/10/2004,30.62,30.82,30.6,30.8,0.3,0.98%,1903949
5/10/2004,30.8,30.93,30.67,30.71,-0.09,-0.29%,1654264
6/10/2004,30.75,30.85,30.43,30.45,-0.26,-0.85%,2190395
7/10/2004,30.2,30.44,30.13,30.33,-0.12,-0.39%,3813338
8/10/2004,30.2,30.36,30.13,30.2,-0.13,-0.43%,2519020
11/10/2004,30.23,30.33,30.17,30.2,0,0.00%,2488104
12/10/2004,30.28,30.48,30.24,30.46,0.26,0.86%,2680621
13/10/2004,30.54,30.79,30.5,30.75,0.29,0.95%,3052954
14/10/2004,30.91,31,30.8,30.92,0.17,0.55%,5095759
15/10/2004,30.9,31.18,30.85,31.09,0.17,0.55%,5138395
18/10/2004,31.17,31.17,30.83,30.9,-0.19,-0.61%,3312743
19/10/2004,30.86,31.27,30.79,31.25,0.35,1.13%,3277260
20/10/2004,31.37,31.54,31.28,31.45,0.2,0.64%,4347460
21/10/2004,31.37,31.53,31.34,31.43,-0.02,-0.06%,1548170
22/10/2004,31.35,31.43,31.28,31.35,-0.08,-0.25%,1528971
25/10/2004,31.19,31.26,30.85,30.87,-0.48,-1.53%,3693691
26/10/2004,30.9,31.32,30.87,31.2,0.33,1.07%,3405784
27/10/2004,31.49,31.69,31.39,31.61,0.41,1.31%,3588440
28/10/2004,31.71,32.03,31.55,31.88,0.27,0.85%,2947733
29/10/2004,32.11,32.23,32,32.1,0.22,0.69%,14253370
1/11/2004,32.24,32.38,32.1,32.18,0.08,0.25%,2212865
2/11/2004,32.21,32.3,31.73,31.94,-0.24,-0.75%,1633808
3/11/2004,32,32.17,31.94,32.09,0.15,0.47%,4085430
4/11/2004,32.16,32.22,31.81,31.85,-0.24,-0.75%,3336315
5/11/2004,31.89,31.98,31.72,31.88,0.03,0.09%,3720467
8/11/2004,31.82,32.1,31.7,31.8,-0.08,-0.25%,1605823
9/11/2004,31.99,31.99,31.65,31.8,0,0.00%,2167858
10/11/2004,31.8,31.95,31.66,31.77,-0.03,-0.09%,2054545
11/11/2004,31.85,31.89,31.73,31.73,-0.04,-0.13%,1640080
12/11/2004,31.75,31.92,31.52,31.61,-0.12,-0.38%,1702182
15/11/2004,31.61,31.84,31.6,31.83,0.22,0.70%,1784891
16/11/2004,31.95,31.97,31.74,31.92,0.09,0.28%,2424754
17/11/2004,31.9,31.92,31.74,31.89,-0.03,-0.09%,1819344
18/11/2004,31.98,32.34,31.88,32.19,0.3,0.94%,3060417
19/11/2004,32.25,32.25,31.92,32.07,-0.12,-0.37%,2374996
22/11/2004,31.95,31.99,31.65,31.74,-0.33,-1.03%,2925349
23/11/2004,31.88,31.9,31.62,31.82,0.08,0.25%,1391984
24/11/2004,31.87,31.99,31.8,31.88,0.06,0.19%,2566901
25/11/2004,31.95,31.95,31.7,31.74,-0.14,-0.44%,2711256
26/11/2004,31.74,31.88,31.68,31.68,-0.06,-0.19%,4849349
29/11/2004,31.73,31.79,31.4,31.47,-0.21,-0.66%,3692525
30/11/2004,31.4,31.5,31.33,31.41,-0.06,-0.19%,3177687
1/12/2004,31.31,31.47,31.19,31.21,-0.2,-0.64%,2853773
2/12/2004,31.35,31.51,31.2,31.23,0.02,0.06%,3744097
3/12/2004,31.3,31.6,31.26,31.58,0.35,1.12%,2448514
6/12/2004,31.58,31.72,31.41,31.43,-0.15,-0.47%,2562091
7/12/2004,31.43,31.65,31.35,31.36,-0.07,-0.22%,2114474
8/12/2004,31.3,31.57,31.25,31.26,-0.1,-0.32%,3037714
9/12/2004,31.25,31.5,31.06,31.23,-0.03,-0.10%,2844522
10/12/2004,31.3,31.45,31.09,31.15,-0.08,-0.26%,2354282
13/12/2004,31.2,31.25,31.07,31.12,-0.03,-0.10%,1166394
14/12/2004,31.25,31.25,31.11,31.17,0.05,0.16%,1629387
15/12/2004,31.32,31.61,31.31,31.55,0.38,1.22%,2829643
16/12/2004,31.8,31.83,31.66,31.74,0.19,0.60%,4847064
17/12/2004,31.7,31.8,31.51,31.75,0.01,0.03%,2086462
20/12/2004,31.74,31.85,31.6,31.85,0.1,0.31%,1599944
21/12/2004,31.85,31.87,31.7,31.75,-0.1,-0.31%,1526905
22/12/2004,31.88,31.94,31.75,31.75,0,0.00%,1274196
23/12/2004,31.81,31.9,31.73,31.9,0.15,0.47%,1851063
24/12/2004,31.97,32.07,31.91,32.07,0.17,0.53%,7718648
29/12/2004,32.04,32.19,31.96,32.03,-0.04,-0.12%,1166008
30/12/2004,32.04,32.2,32.03,32.11,0.08,0.25%,962299
31/12/2004,32.19,32.19,32.06,32.1,-0.01,-0.03%,883827
4/01/2005,32.15,32.2,32.05,32.17,0.07,0.22%,982046
5/01/2005,32.14,32.24,32.01,32.21,0.04,0.12%,2510630
6/01/2005,32.23,32.34,32.14,32.24,0.03,0.09%,1949579
7/01/2005,32.26,32.5,32.26,32.42,0.18,0.56%,2218658
10/01/2005,32.4,32.62,32.39,32.61,0.19,0.59%,2025681
11/01/2005,32.65,32.8,32.65,32.67,0.06,0.18%,1970595
12/01/2005,32.61,32.68,32.5,32.62,-0.05,-0.15%,1751816
13/01/2005,32.7,32.75,32.4,32.44,-0.18,-0.55%,2495055
14/01/2005,32.3,32.42,32.21,32.3,-0.14,-0.43%,3120814
17/01/2005,32.4,32.47,32.3,32.41,0.11,0.34%,1486334
18/01/2005,32.37,32.54,32.05,32.12,-0.29,-0.89%,3984341
19/01/2005,32.2,32.3,31.92,32.06,-0.06,-0.19%,3561143
20/01/2005,31.99,32.34,31.92,32.3,0.24,0.75%,2641894
21/01/2005,32.35,32.62,32.35,32.6,0.3,0.93%,2764509
24/01/2005,32.56,32.68,32.45,32.51,-0.09,-0.28%,2040499
25/01/2005,32.6,32.7,32.55,32.56,0.05,0.15%,2390717
27/01/2005,32.78,33.16,32.74,33.16,0.6,1.84%,5831885
28/01/2005,33.31,33.49,33.3,33.39,0.23,0.69%,13906400
31/01/2005,33.5,33.65,33.47,33.52,0.13,0.39%,4478572
1/02/2005,33.71,33.8,33.56,33.7,0.18,0.54%,2575294
2/02/2005,33.8,34,33.7,33.98,0.28,0.83%,3072463
3/02/2005,34,34.32,33.91,34.19,0.21,0.62%,3633194
4/02/2005,34.1,34.41,33.99,34.35,0.16,0.47%,2706531
7/02/2005,34.47,34.78,34.44,34.75,0.4,1.16%,3014522
8/02/2005,34.63,34.7,34.38,34.43,-0.32,-0.92%,3779270
9/02/2005,34.99,35.76,34.92,35.76,1.33,3.86%,8636663
10/02/2005,35.9,37.24,35.9,37.09,1.33,3.72%,9728620
11/02/2005,37.06,37.09,36.53,36.6,-0.49,-1.32%,8270411
14/02/2005,35.65,36.15,35.28,35.3,-1.3,-3.55%,30413930
15/02/2005,35.3,35.75,35.21,35.63,0.33,0.93%,3297566
16/02/2005,35.72,35.94,35.4,35.49,-0.14,-0.39%,3404441
17/02/2005,35.35,35.49,35.01,35.1,-0.39,-1.10%,2771886
18/02/2005,34.97,35.34,34.82,35.18,0.08,0.23%,3785761
21/02/2005,35.15,35.87,35.06,35.74,0.56,1.59%,4340480
22/02/2005,35.95,35.99,35.83,35.89,0.15,0.42%,2476851
23/02/2005,35.76,36.14,35.56,35.63,-0.26,-0.72%,4143428
24/02/2005,35.55,35.64,35.26,35.4,-0.23,-0.65%,3491425
25/02/2005,35.34,36.13,35.34,35.95,0.55,1.55%,5529251
28/02/2005,36,36.24,35.94,36.23,0.28,0.78%,2928184
1/03/2005,36.15,36.22,35.84,36.05,-0.18,-0.50%,3325279
2/03/2005,36,36.27,35.98,36.02,-0.03,-0.08%,1351958
3/03/2005,36.01,36.23,35.75,36,-0.02,-0.06%,1739620
4/03/2005,36.14,36.43,36.14,36.43,0.43,1.19%,1971854
7/03/2005,36.56,36.78,36.53,36.65,0.22,0.60%,1858642
8/03/2005,36.65,36.77,36.61,36.74,0.09,0.25%,1401515
9/03/2005,36.65,36.73,36.3,36.3,-0.44,-1.20%,2319113
10/03/2005,36.3,36.3,35.77,35.89,-0.41,-1.13%,2571791
11/03/2005,35.95,35.95,35.46,35.5,-0.39,-1.09%,3177664
14/03/2005,35.47,35.79,35.34,35.75,0.25,0.70%,1995168
15/03/2005,35.76,35.95,35.52,35.53,-0.22,-0.62%,2363687
16/03/2005,35.56,35.95,35.53,35.86,0.33,0.93%,3321410
17/03/2005,35.95,36.28,35.51,36.17,0.31,0.86%,4798272
18/03/2005,36.17,36.25,35.8,35.9,-0.27,-0.75%,3574208
21/03/2005,35.9,36.06,35.8,35.97,0.07,0.19%,1858924
22/03/2005,35.75,36.07,35.72,35.88,-0.09,-0.25%,2195318
23/03/2005,35.56,35.65,35.13,35.13,-0.75,-2.09%,2698140
24/03/2005,35.2,35.53,34.7,34.96,-0.17,-0.48%,4052858
29/03/2005,35,35.19,34.28,34.51,-0.45,-1.29%,2911997
30/03/2005,34.45,34.94,34.2,34.94,0.43,1.25%,3961899
31/03/2005,35.05,35.3,34.83,34.96,0.02,0.06%,2623569
1/04/2005,35.05,35.18,34.75,35.07,0.11,0.31%,2035652
4/04/2005,34.95,35.2,34.8,35.15,0.08,0.23%,2220691
5/04/2005,35.25,35.42,35.01,35.38,0.23,0.65%,1711611
6/04/2005,35.55,35.89,35.1,35.31,-0.07,-0.20%,3292981
7/04/2005,35.43,35.73,35.1,35.66,0.35,0.99%,1975923
8/04/2005,35.83,36.15,35.66,36.15,0.49,1.37%,2984716
11/04/2005,36.15,36.47,35.95,36.24,0.09,0.25%,3198283
12/04/2005,36.2,36.36,36.05,36.3,0.06,0.17%,2930459
13/04/2005,36.45,36.47,36.01,36.1,-0.2,-0.55%,2974481
14/04/2005,35.69,35.88,35.6,35.61,-0.49,-1.36%,2414562
15/04/2005,35.5,35.58,35.35,35.47,-0.14,-0.39%,4288651
18/04/2005,35.2,35.51,35.2,35.4,-0.07,-0.20%,2211471
19/04/2005,35.51,35.67,35.32,35.58,0.18,0.51%,2293571
20/04/2005,35.65,35.89,35.54,35.54,-0.04,-0.11%,3150796
21/04/2005,35.4,35.77,35.22,35.74,0.2,0.56%,2536219
22/04/2005,35.91,36.28,35.8,36.28,0.54,1.51%,2885073
26/04/2005,36.3,36.49,36.05,36.3,0.02,0.06%,3104914
27/04/2005,36.15,36.57,36.11,36.4,0.1,0.28%,1725895
28/04/2005,36.5,36.85,36.42,36.85,0.45,1.24%,3610235
29/04/2005,36.68,36.8,36.24,36.34,-0.51,-1.38%,6457809
2/05/2005,36.28,36.57,36.05,36.33,-0.01,-0.03%,1586546
3/05/2005,36.4,36.7,36.3,36.41,0.08,0.22%,2032615
4/05/2005,36.35,36.5,36.16,36.2,-0.21,-0.58%,1900628
5/05/2005,36.35,36.36,35.95,36.25,0.05,0.14%,1513637
6/05/2005,36.25,36.66,36.25,36.62,0.37,1.02%,1659289
9/05/2005,36.6,36.87,36.41,36.7,0.08,0.22%,2227969
10/05/2005,36.75,37.06,36.55,36.8,0.1,0.27%,2965368
11/05/2005,36.03,36.8,36.03,36.46,-0.34,-0.92%,2465960
12/05/2005,36.5,36.81,36.3,36.76,0.3,0.82%,2526127
13/05/2005,36.5,36.76,36.32,36.59,-0.17,-0.46%,1730183
16/05/2005,36.5,36.51,36.04,36.12,-0.47,-1.28%,2634184
17/05/2005,36.3,36.35,35.69,35.82,-0.3,-0.83%,2657465
18/05/2005,35.96,36.25,35.71,35.96,0.14,0.39%,2354686
19/05/2005,36.25,36.39,36.16,36.39,0.43,1.20%,1526656
20/05/2005,36.48,36.93,36.44,36.82,0.43,1.18%,3884273
23/05/2005,37,37.85,36.96,37.81,0.99,2.69%,5647649
24/05/2005,37.5,37.6,36.98,37.16,-0.65,-1.72%,4132742
25/05/2005,37,37.23,36.9,37.08,-0.08,-0.22%,1877908
26/05/2005,37.09,37.52,36.92,37.48,0.4,1.08%,3244811
27/05/2005,37.4,37.59,37.2,37.38,-0.1,-0.27%,4626107
30/05/2005,37.3,37.7,37.3,37.53,0.15,0.40%,1392759
31/05/2005,37.48,37.74,37.05,37.05,-0.48,-1.28%,4010253
1/06/2005,37.1,37.85,37.06,37.79,0.74,2.00%,3131431
2/06/2005,38,38.19,37.91,38.05,0.26,0.69%,2913231
3/06/2005,37.85,38.04,37.68,37.84,-0.21,-0.55%,2348706
6/06/2005,37.63,37.82,37.56,37.72,-0.12,-0.32%,1683039
7/06/2005,37.76,38.12,37.72,37.95,0.23,0.61%,1713166
8/06/2005,38,38.37,37.92,38.28,0.33,0.87%,3137514
9/06/2005,38.35,38.51,38.15,38.32,0.04,0.10%,2758963
10/06/2005,38.43,38.5,38.03,38.29,-0.03,-0.08%,1437389
14/06/2005,38.32,38.5,38.1,38.3,0.01,0.03%,2168134
15/06/2005,38.3,38.3,37.84,37.95,-0.35,-0.91%,4360633
16/06/2005,37.88,38.15,37.63,37.68,-0.27,-0.71%,5806692
17/06/2005,37.6,37.83,37.45,37.83,0.15,0.40%,3991036
20/06/2005,37.74,37.83,37.61,37.61,-0.22,-0.58%,2621118
21/06/2005,37.65,37.81,37.61,37.73,0.12,0.32%,3146142
22/06/2005,37.73,38.01,37.71,38.01,0.28,0.74%,2390640
23/06/2005,38.15,38.52,38.1,38.38,0.37,0.97%,4136405
24/06/2005,38.15,38.28,37.86,37.93,-0.45,-1.17%,10584720
27/06/2005,37.9,37.93,37.65,37.68,-0.25,-0.66%,2016471
28/06/2005,37.7,37.9,37.65,37.75,0.07,0.19%,2455083
29/06/2005,37.83,38.05,37.53,37.55,-0.2,-0.53%,2908888
30/06/2005,37.5,37.95,37.46,37.95,0.4,1.07%,3364398
1/07/2005,37.75,37.94,37.61,37.8,-0.15,-0.40%,1690267
4/07/2005,37.88,38.08,37.87,37.93,0.13,0.34%,1715452
5/07/2005,37.98,38.08,37.85,37.97,0.04,0.11%,1767060
6/07/2005,37.95,38.05,37.67,37.83,-0.14,-0.37%,2412102
7/07/2005,37.7,37.8,37.6,37.63,-0.2,-0.53%,4185592
8/07/2005,37.58,37.79,37.51,37.63,0,0.00%,1835949
11/07/2005,37.77,38,37.77,37.98,0.35,0.93%,1879984
12/07/2005,38.01,38.15,37.95,38,0.02,0.05%,1855568
13/07/2005,38.14,38.38,38.04,38.34,0.34,0.89%,2891436
14/07/2005,38.59,38.75,38.4,38.72,0.38,0.99%,2713654
15/07/2005,38.9,38.99,38.77,38.8,0.08,0.21%,1980451
18/07/2005,38.8,38.96,38.61,38.61,-0.19,-0.49%,1399104
19/07/2005,38.48,38.7,38.43,38.57,-0.04,-0.10%,2179441
20/07/2005,38.5,38.6,38.42,38.45,-0.12,-0.31%,2287957
21/07/2005,38.72,38.94,38.53,38.7,0.25,0.65%,5011570
22/07/2005,38.63,38.9,38.63,38.83,0.13,0.34%,2521424
25/07/2005,38.97,38.97,38.65,38.93,0.1,0.26%,2129722
26/07/2005,38.88,39.15,38.81,39.01,0.08,0.21%,2911308
27/07/2005,38.93,39.22,38.93,39.18,0.17,0.44%,2274725
28/07/2005,39.18,39.23,38.95,39.01,-0.17,-0.43%,3753222
29/07/2005,39.19,39.28,39.06,39.06,0.05,0.13%,11273560
1/08/2005,38.85,39.11,38.85,38.92,-0.14,-0.36%,1733903
2/08/2005,38.92,38.95,38.69,38.82,-0.1,-0.26%,3887856
3/08/2005,38.9,38.94,38.57,38.65,-0.17,-0.44%,3221488
4/08/2005,38.75,39.06,38.55,38.65,0,0.00%,3624210
5/08/2005,38.5,38.95,38.49,38.7,0.05,0.13%,2470872
8/08/2005,38.65,39.4,38.65,39.38,0.68,1.76%,3164163
9/08/2005,39.38,39.64,39.38,39.48,0.1,0.25%,3386319
10/08/2005,38.7,38.94,38.41,38.65,-0.83,-2.10%,11577710
11/08/2005,38.55,38.61,38.31,38.5,-0.15,-0.39%,10654760
12/08/2005,38.61,38.62,38.28,38.28,-0.22,-0.57%,9024098
15/08/2005,37.01,37.15,36.79,36.85,-1.43,-3.74%,17428510
16/08/2005,36.99,37.45,36.99,37.41,0.56,1.52%,5553556
17/08/2005,37.45,37.69,37.3,37.59,0.18,0.48%,2925345
18/08/2005,37.39,37.7,37.2,37.27,-0.32,-0.85%,5143736
19/08/2005,37.2,37.24,37.05,37.14,-0.13,-0.35%,4166752
22/08/2005,37.04,37.38,37.04,37.28,0.14,0.38%,2649628
23/08/2005,37.2,37.4,37.14,37.15,-0.13,-0.35%,3009797
24/08/2005,37.1,37.22,36.71,36.75,-0.4,-1.08%,3326520
25/08/2005,36.7,36.95,36.62,36.83,0.08,0.22%,2696998
26/08/2005,36.92,37.42,36.87,37.38,0.55,1.49%,6638655
29/08/2005,37.24,37.36,36.9,36.98,-0.4,-1.07%,2362746
30/08/2005,37.12,37.25,37.08,37.13,0.15,0.41%,2047183
31/08/2005,37.46,37.46,36.97,37.4,0.27,0.73%,3968259
1/09/2005,37.48,37.76,37.48,37.7,0.3,0.80%,3786793
2/09/2005,37.88,37.88,37.35,37.35,-0.35,-0.93%,2172263
5/09/2005,37.5,37.61,37.21,37.48,0.13,0.35%,1849134
6/09/2005,37.65,37.8,37.5,37.62,0.14,0.37%,2625427
7/09/2005,37.84,37.93,37.65,37.74,0.12,0.32%,2947136
8/09/2005,37.95,37.95,37.73,37.74,0,0.00%,2239998
9/09/2005,37.72,37.8,37.47,37.63,-0.11,-0.29%,2610089
12/09/2005,37.62,37.68,37.46,37.5,-0.13,-0.35%,1976688
13/09/2005,37.48,37.67,37.38,37.5,0,0.00%,2835056
14/09/2005,37.36,37.9,37.36,37.82,0.32,0.85%,3077728
15/09/2005,37.7,37.98,37.61,37.74,-0.08,-0.21%,5354851
16/09/2005,37.83,37.97,37.62,37.89,0.15,0.40%,3365123
19/09/2005,37.99,37.99,37.65,37.75,-0.14,-0.37%,1365274
20/09/2005,37.72,38.13,37.65,38.01,0.26,0.69%,3823371
21/09/2005,37.98,38.19,37.83,38.1,0.09,0.24%,2998898
22/09/2005,37.95,38.18,37.83,38.15,0.05,0.13%,3258686
23/09/2005,38.06,38.23,37.96,38.1,-0.05,-0.13%,2411829
26/09/2005,38.28,38.45,38.16,38.45,0.35,0.92%,5299069
27/09/2005,38.48,38.68,38.43,38.6,0.15,0.39%,5530699
28/09/2005,38.74,38.8,38.47,38.53,-0.07,-0.18%,3158433
29/09/2005,38.54,38.88,38.36,38.75,0.22,0.57%,2870957
30/09/2005,38.89,38.89,38.41,38.41,-0.34,-0.88%,6654544
3/10/2005,38.41,38.58,38.28,38.35,-0.06,-0.16%,990994
4/10/2005,38.45,38.75,38.36,38.7,0.35,0.91%,2878660
5/10/2005,38.54,38.64,38.21,38.32,-0.38,-0.98%,3804286
6/10/2005,38.19,38.39,38,38.04,-0.28,-0.73%,3871233
7/10/2005,38.05,38.17,37.35,37.64,-0.4,-1.05%,4364347
10/10/2005,37.65,37.75,37.34,37.41,-0.23,-0.61%,2990057
11/10/2005,37.2,37.21,36.81,37,-0.41,-1.10%,3244418
12/10/2005,36.95,37.6,36.95,37.45,0.45,1.22%,2872214
13/10/2005,37,37.48,37,37.4,-0.05,-0.13%,2062737
14/10/2005,37.38,37.5,37.1,37.5,0.1,0.27%,2013382
17/10/2005,37.88,37.88,37.7,37.75,0.25,0.67%,1414183
18/10/2005,38,38.1,37.82,38.08,0.33,0.87%,4472662
19/10/2005,37.85,37.89,37.45,37.48,-0.6,-1.58%,2426526
20/10/2005,37.7,38.02,37.65,37.7,0.22,0.59%,2107197
21/10/2005,37.51,38.04,37.5,37.89,0.19,0.50%,2934372
24/10/2005,37.8,38.05,37.66,38.05,0.16,0.42%,2285147
25/10/2005,38.07,38.32,37.93,38.25,0.2,0.53%,3054779
26/10/2005,38.25,38.46,38.05,38.46,0.21,0.55%,3438000
27/10/2005,38.47,38.64,38.36,38.54,0.08,0.21%,2129499
28/10/2005,38.53,38.63,38.42,38.5,-0.04,-0.10%,10303420
31/10/2005,38.6,38.88,38.6,38.88,0.38,0.99%,2056813
1/11/2005,38.94,39.29,38.8,39.25,0.37,0.95%,4145306
2/11/2005,39.29,39.37,39.11,39.33,0.08,0.20%,3230409
3/11/2005,39.42,39.95,39.33,39.83,0.5,1.27%,4671592
4/11/2005,39.87,40,39.6,39.8,-0.03,-0.08%,2901975
7/11/2005,39.7,39.8,39.44,39.73,-0.07,-0.18%,1818480
8/11/2005,39.95,40.4,39.95,40.39,0.66,1.66%,4327612
9/11/2005,40.28,40.74,40.21,40.53,0.14,0.35%,2324447
10/11/2005,40.5,40.65,40.1,40.35,-0.18,-0.44%,3336886
11/11/2005,40.66,41.07,40.51,41,0.65,1.61%,3958672
14/11/2005,41.14,41.23,40.9,41.15,0.15,0.37%,2556200
15/11/2005,40.92,41.64,40.82,41.59,0.44,1.07%,3053299
16/11/2005,41.51,42,41.42,41.98,0.39,0.94%,2861656
17/11/2005,41.72,42.04,41.6,41.7,-0.28,-0.67%,2236141
18/11/2005,41.75,42.02,41.31,42,0.3,0.72%,1575480
21/11/2005,41.94,42.27,41.5,41.64,-0.36,-0.86%,3157036
22/11/2005,41.7,41.9,41.38,41.43,-0.21,-0.50%,1832486
23/11/2005,41.56,41.69,41.25,41.5,0.07,0.17%,1686932
24/11/2005,41.5,41.97,41.5,41.89,0.39,0.94%,4236700
25/11/2005,41.85,42.15,41.8,41.95,0.06,0.14%,6877886
28/11/2005,41.82,42,41.7,42,0.05,0.12%,2221899
29/11/2005,41.87,41.93,41.6,41.83,-0.17,-0.40%,2073624
30/11/2005,41.75,42.3,41.7,41.8,-0.03,-0.07%,3021135
1/12/2005,41.55,41.67,41.13,41.14,-0.66,-1.58%,4215331
2/12/2005,41.45,41.5,41.12,41.25,0.11,0.27%,2303922
5/12/2005,41.35,41.63,41.25,41.47,0.22,0.53%,1507670
6/12/2005,41.35,41.78,41.25,41.69,0.22,0.53%,2466142
7/12/2005,41.5,41.61,41.15,41.2,-0.49,-1.18%,2681437
8/12/2005,41.05,41.2,40.71,40.74,-0.46,-1.12%,3329823
9/12/2005,40.7,40.8,40.15,40.52,-0.22,-0.54%,5333185
12/12/2005,40.8,41.24,40.63,40.95,0.43,1.06%,1462619
13/12/2005,40.85,41.08,40.65,40.91,-0.04,-0.10%,2228092
14/12/2005,40.95,41.37,40.85,41.16,0.25,0.61%,2283308
15/12/2005,41.37,41.5,41.05,41.4,0.24,0.58%,4642810
16/12/2005,41.35,41.6,41.05,41.6,0.2,0.48%,1920338
19/12/2005,41.63,41.97,41.61,41.61,0.01,0.02%,1977179
20/12/2005,41.66,41.93,41.36,41.88,0.27,0.65%,1822713
21/12/2005,41.99,42.4,41.89,42.4,0.52,1.24%,2463670
22/12/2005,42.4,42.47,41.86,42.04,-0.36,-0.85%,3461242
23/12/2005,42.04,42.49,42.04,42.42,0.38,0.90%,10445470
27/12/2005,42.04,42.49,42.04,42.42,0,0.00%,10445470
28/12/2005,42.21,42.91,42.21,42.81,0.39,0.92%,1034939
29/12/2005,42.9,42.98,42.64,42.9,0.09,0.21%,1080856
30/12/2005,42.9,42.9,42.63,42.75,-0.15,-0.35%,806957
3/01/2006,42.6,42.94,42.56,42.8,0.05,0.12%,1163758
4/01/2006,43.03,43.07,42.73,42.85,0.05,0.12%,2003588
5/01/2006,43.08,43.2,42.85,42.97,0.12,0.28%,2497731
6/01/2006,42.95,43.1,42.9,42.94,-0.03,-0.07%,2132498
9/01/2006,43.2,43.25,43.1,43.15,0.21,0.49%,1544155
10/01/2006,43.13,43.4,43.1,43.28,0.13,0.30%,2944844
11/01/2006,43.3,44,43.3,43.87,0.59,1.36%,4236912
12/01/2006,44,44.25,43.91,44.1,0.23,0.52%,4259063
13/01/2006,44,44.21,43.99,44.13,0.03,0.07%,1862947
16/01/2006,44.03,44.28,43.91,44.12,-0.01,-0.02%,1891223
17/01/2006,44.06,44.25,43.97,44.17,0.05,0.11%,1603796
18/01/2006,44,44.08,43.57,43.66,-0.51,-1.15%,4214690
19/01/2006,43.7,43.89,43.55,43.81,0.15,0.34%,2772648
20/01/2006,44,44.13,43.76,44,0.19,0.43%,3569056
23/01/2006,43.69,43.74,43.32,43.48,-0.52,-1.18%,3538495
24/01/2006,43.55,43.68,43.11,43.45,-0.03,-0.07%,3617987
25/01/2006,43.42,43.86,43.31,43.79,0.34,0.78%,10661950
27/01/2006,43.93,44.17,43.91,43.98,0.19,0.43%,1821189
30/01/2006,44.15,44.54,44.1,44.47,0.49,1.11%,1922254
31/01/2006,44.47,44.8,44.33,44.65,0.18,0.40%,3293415
1/02/2006,44.65,44.83,44.43,44.5,-0.15,-0.34%,2791803
2/02/2006,44.7,44.79,44,44,-0.5,-1.12%,2144853
3/02/2006,44,44.1,43.65,43.88,-0.12,-0.27%,2721437
6/02/2006,43.8,44.15,43.76,44.13,0.25,0.57%,2291404
7/02/2006,44.22,44.22,43.81,43.9,-0.23,-0.52%,1332157
8/02/2006,43.6,43.79,43.36,43.63,-0.27,-0.62%,2418693
9/02/2006,43.8,43.88,43.5,43.58,-0.05,-0.11%,2319265
10/02/2006,43.7,43.9,43.44,43.6,0.02,0.05%,2398003
13/02/2006,43.5,43.6,43.14,43.26,-0.34,-0.78%,3455189
14/02/2006,43.02,43.82,43.02,43.82,0.56,1.29%,2339982
15/02/2006,44.4,44.48,43.38,43.98,0.16,0.37%,5309823
16/02/2006,44,44.29,43.7,44.13,0.15,0.34%,2718856
17/02/2006,44.21,44.4,43.99,43.99,-0.14,-0.32%,4102767
20/02/2006,43.11,43.74,43.03,43.54,-0.45,-1.02%,13881300
21/02/2006,43.74,43.85,43.42,43.83,0.29,0.67%,4376685
22/02/2006,43.89,44.07,43.74,43.82,-0.01,-0.02%,3293573
23/02/2006,44,44.1,43.89,43.89,0.07,0.16%,2459023
24/02/2006,43.68,44.36,43.68,44.16,0.27,0.62%,5411487
27/02/2006,44.13,44.5,44,44.5,0.34,0.77%,2594074
28/02/2006,44.55,44.86,44.4,44.85,0.35,0.79%,5253059
1/03/2006,44.65,44.75,43.65,43.71,-1.14,-2.54%,3462015
2/03/2006,44,44.3,43.49,44.27,0.56,1.28%,2212839
3/03/2006,44.15,44.45,44,44,-0.27,-0.61%,1457974
6/03/2006,43.76,43.82,43.5,43.7,-0.3,-0.68%,1557843
7/03/2006,43.38,43.52,43.28,43.45,-0.25,-0.57%,1632731
8/03/2006,43.4,43.7,43.22,43.7,0.25,0.58%,2198494
9/03/2006,43.6,43.89,43.42,43.65,-0.05,-0.11%,1460638
10/03/2006,43.65,43.76,43.42,43.65,0,0.00%,1166155
13/03/2006,43.83,44.14,43.75,44.14,0.49,1.12%,1428271
14/03/2006,44.19,44.37,44.09,44.12,-0.02,-0.05%,2391739
15/03/2006,44.25,44.3,44.09,44.16,0.04,0.09%,2937210
16/03/2006,44.47,44.47,44.24,44.47,0.31,0.70%,5465003
17/03/2006,44.5,44.66,44.35,44.35,-0.12,-0.27%,3120785
20/03/2006,44.45,44.5,44.28,44.49,0.14,0.32%,1040478
21/03/2006,44.45,44.45,44.17,44.35,-0.14,-0.31%,1403693
22/03/2006,44.2,44.74,44.16,44.55,0.2,0.45%,1828255
23/03/2006,44.55,44.83,44.45,44.7,0.15,0.34%,1669415
24/03/2006,44.89,45.34,44.82,45.13,0.43,0.96%,4300778
27/03/2006,45.27,45.49,45.23,45.45,0.32,0.71%,3563636
28/03/2006,45.32,45.43,45.19,45.32,-0.13,-0.29%,2875711
29/03/2006,45.2,45.5,45.18,45.4,0.08,0.18%,2262335
30/03/2006,45.48,45.58,45.4,45.5,0.1,0.22%,5270818
31/03/2006,45.52,45.57,45.28,45.3,-0.2,-0.44%,9812279
3/04/2006,45,45.15,44.91,45.1,-0.2,-0.44%,2528364
4/04/2006,45.12,45.55,44.8,44.8,-0.3,-0.67%,2585323
5/04/2006,44.85,45.5,44.78,45.5,0.7,1.56%,2468943
6/04/2006,45.7,45.7,45.32,45.55,0.05,0.11%,2708887
7/04/2006,45.6,45.76,45.53,45.76,0.21,0.46%,1474086
10/04/2006,45.44,45.75,45.25,45.53,-0.23,-0.50%,1840584
11/04/2006,45.59,46.2,45.58,46,0.47,1.03%,2596820
12/04/2006,45.9,46.08,45.66,45.66,-0.34,-0.74%,3299921
13/04/2006,45.8,46.15,45.3,45.5,-0.16,-0.35%,1978801
18/04/2006,45.64,46.31,45.52,46.31,0.81,1.78%,2188040
19/04/2006,46.8,46.82,46.43,46.5,0.19,0.41%,3448407
20/04/2006,46.25,46.73,46,46.58,0.08,0.17%,1714567
21/04/2006,46.25,46.7,46.25,46.47,-0.11,-0.24%,1955062
24/04/2006,46.6,46.6,46,46.39,-0.08,-0.17%,1899442
26/04/2006,46.48,47.08,46.33,46.88,0.49,1.06%,3374067
27/04/2006,46.52,47.15,46.52,46.9,0.02,0.04%,3890585
28/04/2006,46.82,47.19,46.5,47,0.1,0.21%,6935549
1/05/2006,46.9,47.41,46.81,47.1,0.1,0.21%,1468172
2/05/2006,47.1,47.1,46.53,46.63,-0.47,-1.00%,3325649
3/05/2006,46.55,46.71,46.15,46.55,-0.08,-0.17%,2186156
4/05/2006,46.3,46.35,45.8,45.8,-0.75,-1.61%,4082650
5/05/2006,46.1,46.17,45.84,46.1,0.3,0.66%,3183802
8/05/2006,46.39,46.59,46.25,46.4,0.3,0.65%,2243964
9/05/2006,46.55,46.55,46.15,46.28,-0.12,-0.26%,1732166
10/05/2006,46.7,46.93,46.2,46.26,-0.02,-0.04%,1942204
11/05/2006,46.41,46.47,46.11,46.11,-0.15,-0.32%,1814424
12/05/2006,46.02,46.04,45.73,45.85,-0.26,-0.56%,1787998
15/05/2006,45.5,45.59,45.2,45.51,-0.34,-0.74%,2385519
16/05/2006,45.62,45.86,45.26,45.69,0.18,0.40%,2287261
17/05/2006,45.8,45.85,45.33,45.6,-0.09,-0.20%,1892814
18/05/2006,45.2,45.3,44.8,45.2,-0.4,-0.88%,3375978
19/05/2006,45.12,45.5,44.99,44.99,-0.21,-0.46%,2154382
22/05/2006,44.95,45.22,44.85,44.85,-0.14,-0.31%,2486449
23/05/2006,44.65,44.94,44.49,44.55,-0.3,-0.67%,3165952
24/05/2006,44.6,44.65,43.71,44.21,-0.34,-0.76%,5893893
25/05/2006,44.15,44.35,43.85,43.99,-0.22,-0.50%,2423285
26/05/2006,44.4,44.44,43.92,44.4,0.41,0.93%,3568540
29/05/2006,44.5,44.79,44.4,44.52,0.12,0.27%,1154220
30/05/2006,44.44,44.48,44.19,44.27,-0.25,-0.56%,1117881
31/05/2006,44,44.08,43.18,43.18,-1.09,-2.46%,5227683
1/06/2006,43.54,43.88,43.36,43.88,0.7,1.62%,1803514
2/06/2006,44.11,44.47,43.5,44.1,0.22,0.50%,3500807
5/06/2006,44.4,44.4,43.79,44.1,0,0.00%,1976506
6/06/2006,43.55,43.7,43.12,43.12,-0.98,-2.22%,4585677
7/06/2006,43.11,43.4,42.8,43.07,-0.05,-0.12%,2569284
8/06/2006,43,43.03,42,42.1,-0.97,-2.25%,3944534
9/06/2006,42.35,43.47,42.11,43.09,0.99,2.35%,3714172
13/06/2006,42.5,42.85,42.11,42.22,-0.87,-2.02%,3656696
14/06/2006,41.7,42.68,41.7,42.3,0.08,0.19%,3334718
15/06/2006,42.6,42.69,41.88,42,-0.3,-0.71%,8165548
16/06/2006,42.64,42.79,42.16,42.45,0.45,1.07%,2640447
19/06/2006,42.43,42.58,41.9,42,-0.45,-1.06%,1473731
20/06/2006,41.65,41.99,41,41.4,-0.6,-1.43%,4016954
21/06/2006,41.8,42.24,41.61,42.09,0.69,1.67%,2626411
22/06/2006,42.68,43.64,42.57,43.29,1.2,2.85%,4837236
23/06/2006,43.1,43.55,42.9,43.4,0.11,0.25%,2399933
26/06/2006,43.43,43.55,43,43.2,-0.2,-0.46%,2192560
27/06/2006,43.69,43.91,43.5,43.56,0.36,0.83%,2897950
28/06/2006,43,43.46,42.89,43.29,-0.27,-0.62%,2800782
29/06/2006,43.6,44.09,43.45,43.9,0.61,1.41%,3070821
30/06/2006,44.7,44.98,44.41,44.41,0.51,1.16%,9492670
3/07/2006,44.41,44.9,44.36,44.76,0.35,0.79%,3252764
4/07/2006,44.98,45.1,44.7,44.85,0.09,0.20%,2242796
5/07/2006,44.85,45.29,44.79,45.03,0.18,0.40%,2075097
6/07/2006,44.81,45.35,44.5,45.35,0.32,0.71%,2183644
7/07/2006,45.46,45.65,45.05,45.15,-0.2,-0.44%,2160939
10/07/2006,45.15,45.7,45.01,45.55,0.4,0.89%,2270066
11/07/2006,45.55,45.6,45.1,45.2,-0.35,-0.77%,3097760
12/07/2006,45.5,45.5,44.75,44.9,-0.3,-0.66%,2797935
13/07/2006,44.5,44.9,44.49,44.58,-0.32,-0.71%,3037045
14/07/2006,43.92,44.18,43.58,43.58,-1,-2.24%,3154593
17/07/2006,43.5,43.75,42.98,43.5,-0.08,-0.18%,2436289
18/07/2006,43.55,43.88,43.2,43.3,-0.2,-0.46%,2271858
19/07/2006,43.5,43.6,43.02,43.05,-0.25,-0.58%,1916687
20/07/2006,43.73,44.3,43.56,44.15,1.1,2.56%,2580722
21/07/2006,43.95,44.29,43.82,44.1,-0.05,-0.11%,2240365
24/07/2006,44,44.36,43.68,44.21,0.11,0.25%,1624748
25/07/2006,44.9,44.94,44.4,44.62,0.41,0.93%,3085895
26/07/2006,44.87,44.89,43.83,44.25,-0.37,-0.83%,3508302
27/07/2006,44,45.2,43.9,45.1,0.85,1.92%,3972577
28/07/2006,45.09,45.11,44.44,44.65,-0.45,-1.00%,10151670
31/07/2006,45.1,45.31,44.62,44.8,0.15,0.34%,2164731
1/08/2006,45.11,45.15,44.72,45.05,0.25,0.56%,1358125
2/08/2006,44.9,45.26,44.85,45.13,0.08,0.18%,3823409
3/08/2006,45.6,45.97,45.56,45.9,0.77,1.71%,3906703
4/08/2006,45.88,46.1,45.5,45.86,-0.04,-0.09%,3009546
7/08/2006,45.86,46.23,45.71,46.15,0.29,0.63%,2051342
8/08/2006,46.28,46.98,46.2,46.8,0.65,1.41%,5001531
9/08/2006,46.4,46.54,46.13,46.3,-0.5,-1.07%,5268873
10/08/2006,45.88,45.89,45.51,45.79,-0.51,-1.10%,7622103
11/08/2006,46.05,46.05,45.69,45.75,-0.04,-0.09%,4432056
14/08/2006,44.42,44.86,44.26,44.57,-1.18,-2.58%,10983450
15/08/2006,44.61,44.62,44.35,44.55,-0.02,-0.04%,1922078
16/08/2006,44.95,45.05,44.81,44.93,0.38,0.85%,2871595
17/08/2006,45.35,45.38,45,45.38,0.45,1.00%,2724798
18/08/2006,45.37,45.48,45.11,45.35,-0.03,-0.07%,2534331
21/08/2006,45.33,45.7,45.33,45.47,0.12,0.26%,1374054
22/08/2006,45.52,45.6,45.31,45.44,-0.03,-0.07%,1818367
23/08/2006,45.5,45.76,45.3,45.6,0.16,0.35%,1776970
24/08/2006,45.8,45.8,44.3,44.51,-1.09,-2.39%,5360102
25/08/2006,44.3,44.9,44.3,44.7,0.19,0.43%,3881055
28/08/2006,44.7,44.9,44.56,44.65,-0.05,-0.11%,1683099
29/08/2006,44.75,45.16,44.75,45.16,0.51,1.14%,2075298
30/08/2006,45.31,45.52,45.31,45.41,0.25,0.55%,1334320
31/08/2006,45.56,45.81,45.47,45.72,0.31,0.68%,2676604
1/09/2006,45.88,45.88,45.5,45.74,0.02,0.04%,1939440
4/09/2006,45.9,46.23,45.82,46.12,0.38,0.83%,1977758
5/09/2006,46.2,46.25,46.02,46.1,-0.02,-0.04%,993886
6/09/2006,46.11,46.31,45.7,45.81,-0.29,-0.63%,1956384
7/09/2006,45.65,46.15,45.56,45.99,0.18,0.39%,1344329
8/09/2006,45.76,46.21,45.67,46.09,0.1,0.22%,1627109
11/09/2006,46,46.15,45.47,45.47,-0.62,-1.35%,1490450
12/09/2006,45.56,46.14,45.11,45.95,0.48,1.06%,2804013
13/09/2006,46.05,46.1,45.7,46.1,0.15,0.33%,1740196
14/09/2006,46.2,46.38,46.1,46.37,0.27,0.59%,2095063
15/09/2006,46.37,46.37,46,46.11,-0.26,-0.56%,1533123
18/09/2006,46.12,46.78,46.08,46.65,0.54,1.17%,2993375
19/09/2006,46.67,46.8,46.32,46.4,-0.25,-0.54%,2385771
20/09/2006,46.15,46.15,45.56,45.56,-0.84,-1.81%,3174759
21/09/2006,45.35,45.75,44.8,45,-0.56,-1.23%,7915934
22/09/2006,44.6,44.75,44.3,44.75,-0.25,-0.56%,3055085
25/09/2006,44.81,45.26,44.67,44.72,-0.03,-0.07%,1837576
26/09/2006,45.09,45.16,44.7,44.7,-0.02,-0.04%,2532773
27/09/2006,45.07,45.37,44.95,45.15,0.45,1.01%,2865471
28/09/2006,45.45,45.5,45.05,45.13,-0.02,-0.04%,1565572
29/09/2006,45.13,45.91,45.13,45.75,0.62,1.37%,6701006
2/10/2006,45.7,46.19,45.6,46.02,0.27,0.59%,832610
3/10/2006,45.99,46.38,45.83,46.11,0.09,0.20%,1801945
4/10/2006,45.85,46.16,45.75,45.95,-0.16,-0.35%,2993888
5/10/2006,46.5,46.92,46.27,46.47,0.52,1.13%,2784821
6/10/2006,46.57,46.81,46.57,46.7,0.23,0.49%,1273591
9/10/2006,46.68,46.72,46.01,46.45,-0.25,-0.54%,1276596
10/10/2006,46.54,46.68,46.45,46.63,0.18,0.39%,1518017
11/10/2006,46.63,47.15,46.51,47.13,0.5,1.07%,1445020
12/10/2006,47.13,47.16,46.77,46.96,-0.17,-0.36%,1203193
13/10/2006,47.21,47.39,46.9,46.9,-0.06,-0.13%,1496526
16/10/2006,46.84,47.14,46.66,47,0.1,0.21%,1196878
17/10/2006,47.03,47.2,46.1,46.33,-0.67,-1.43%,2913649
18/10/2006,46.01,46.49,46.01,46.4,0.07,0.15%,2238836
19/10/2006,46.55,46.75,45.75,45.99,-0.41,-0.88%,2119861
20/10/2006,46.5,46.59,46.1,46.45,0.46,1.00%,1685557
23/10/2006,46.99,47.27,46.74,47.09,0.64,1.38%,2772312
24/10/2006,47.2,47.4,46.95,47.18,0.09,0.19%,2321526
25/10/2006,47.1,47.45,47.05,47.32,0.14,0.30%,2541715
26/10/2006,47.5,48.1,47.5,48.07,0.75,1.58%,2971394
27/10/2006,48,48.16,47.61,47.84,-0.23,-0.48%,10550060
30/10/2006,47.56,47.87,47.44,47.44,-0.4,-0.84%,1870409
31/10/2006,47.44,48,47.36,47.7,0.26,0.55%,2429499
1/11/2006,47.71,48,47.57,47.69,-0.01,-0.02%,1817546
2/11/2006,47.45,47.9,47.29,47.81,0.12,0.25%,3158628
3/11/2006,47.99,48.42,47.66,48.25,0.44,0.92%,2891778
6/11/2006,48.1,48.34,47.95,48.23,-0.02,-0.04%,1686473
7/11/2006,48.44,48.83,48.4,48.5,0.27,0.56%,1818461
8/11/2006,48.64,48.64,48.06,48.19,-0.31,-0.64%,2181706
9/11/2006,47.77,47.98,47.2,47.73,-0.46,-0.95%,2840987
10/11/2006,47.75,47.75,47.34,47.56,-0.17,-0.36%,2004451
13/11/2006,47.43,48.6,47.43,48.25,0.69,1.45%,2258219
14/11/2006,48.3,48.62,48,48.5,0.25,0.52%,1603970
15/11/2006,48.52,48.85,48.32,48.42,-0.08,-0.16%,2064437
16/11/2006,48.45,48.64,47.8,48.35,-0.07,-0.14%,1797251
17/11/2006,48.45,48.45,47.81,48.2,-0.15,-0.31%,2282559
20/11/2006,48.35,48.4,47.1,47.15,-1.05,-2.18%,3218504
21/11/2006,47.29,47.68,46.92,47.2,0.05,0.11%,2224614
22/11/2006,47.79,48,47.5,47.65,0.45,0.95%,2482300
23/11/2006,47.51,48.19,47.51,48.12,0.47,0.99%,2602275
24/11/2006,47.9,48,47.44,47.81,-0.31,-0.64%,3371299
27/11/2006,47.52,47.91,47.46,47.68,-0.13,-0.27%,1248987
28/11/2006,47,47.19,46.85,47,-0.68,-1.43%,3574523
29/11/2006,47,47.68,46.91,47.46,0.46,0.98%,3438316
30/11/2006,47.89,47.89,47.27,47.43,-0.03,-0.06%,2586649
1/12/2006,47.4,47.56,46.96,47.12,-0.31,-0.65%,2292223
4/12/2006,46.85,47.27,46.85,47.04,-0.08,-0.17%,2297335
5/12/2006,47.25,47.43,46.73,46.75,-0.29,-0.62%,2055286
6/12/2006,46.99,46.99,46.57,46.65,-0.1,-0.21%,3162003
7/12/2006,46.65,47.21,46.62,47.11,0.46,0.99%,2109247
8/12/2006,47,47.19,46.9,46.9,-0.21,-0.45%,1702988
11/12/2006,46.88,47.61,46.79,47.56,0.66,1.41%,2328855
12/12/2006,47.35,47.6,47.17,47.28,-0.28,-0.59%,1910368
13/12/2006,47.4,47.71,47.3,47.4,0.12,0.25%,2223303
14/12/2006,47.5,48.1,47.5,48.1,0.7,1.48%,1949261
15/12/2006,48.2,48.2,47.75,48.08,-0.02,-0.04%,1841046
18/12/2006,48.1,48.46,48.04,48.29,0.21,0.44%,2543376
19/12/2006,48.42,48.56,47.89,47.92,-0.37,-0.77%,3907537
20/12/2006,48.15,49.05,48.15,48.85,0.93,1.94%,4339755
21/12/2006,48.91,49.18,48.59,48.59,-0.26,-0.53%,7093336
22/12/2006,48.5,49.13,48.48,48.73,0.14,0.29%,9766064
27/12/2006,49.05,49.35,48.99,49.3,0.57,1.17%,814230
28/12/2006,49.5,49.78,49.35,49.54,0.24,0.49%,864243
29/12/2006,49.27,49.79,49.27,49.48,-0.06,-0.12%,737336
2/01/2007,49.39,49.87,49.38,49.7,0.22,0.44%,1311016
3/01/2007,49.95,49.95,49.54,49.58,-0.12,-0.24%,1367152
4/01/2007,49.5,49.58,49,49,-0.58,-1.17%,1390051
5/01/2007,49,49.41,48.4,48.74,-0.26,-0.53%,1333361
8/01/2007,48.6,49.1,48.44,48.67,-0.07,-0.14%,1976080
9/01/2007,49.19,49.54,49.08,49.51,0.84,1.73%,1894609
10/01/2007,49.7,49.7,48.71,48.82,-0.69,-1.39%,2499156
11/01/2007,49.11,49.24,48.65,48.7,-0.12,-0.25%,2670691
12/01/2007,48.99,49.4,48.8,49.4,0.7,1.44%,1774677
15/01/2007,49.39,49.85,49.16,49.71,0.31,0.63%,1459250
16/01/2007,49.6,50.1,49.5,49.5,-0.21,-0.42%,2330772
17/01/2007,49.68,49.84,49.05,49.05,-0.45,-0.91%,1671831
18/01/2007,49.12,49.48,49.09,49.36,0.31,0.63%,2124001
19/01/2007,49.25,49.8,49.23,49.8,0.44,0.89%,1558162
22/01/2007,50.1,50.21,49.85,50.1,0.3,0.60%,2170767
23/01/2007,50.08,50.2,49.75,49.95,-0.15,-0.30%,1704968
24/01/2007,50.15,50.39,50,50.16,0.21,0.42%,2267145
25/01/2007,50.3,50.51,50.15,50.15,-0.01,-0.02%,7742302
29/01/2007,50.15,50.23,49.81,49.85,-0.3,-0.60%,1730612
30/01/2007,49.85,50.35,49.77,50.35,0.5,1.00%,1830911
31/01/2007,50.33,50.5,50.04,50.04,-0.31,-0.62%,3245252
1/02/2007,50.35,50.44,49.89,50.32,0.28,0.56%,2629984
2/02/2007,50.49,50.49,50.2,50.34,0.02,0.04%,2125687
5/02/2007,50.34,50.58,50.18,50.44,0.1,0.20%,1610551
6/02/2007,50.55,51.19,50.44,51.12,0.68,1.35%,2206066
7/02/2007,51.39,51.49,50.9,51.28,0.16,0.31%,1776417
8/02/2007,51.24,51.39,50.77,50.9,-0.38,-0.74%,2473591
9/02/2007,50.95,51.39,50.72,51.2,0.3,0.59%,2463535
12/02/2007,51,51.39,51,51.3,0.1,0.20%,2162365
13/02/2007,51.4,51.8,51.31,51.6,0.3,0.58%,2805097
14/02/2007,52.15,52.23,51.35,51.35,-0.25,-0.48%,3902881
15/02/2007,51.96,51.96,51.42,51.51,0.16,0.31%,4956046
16/02/2007,51.54,51.75,51.15,51.2,-0.31,-0.60%,5383554
19/02/2007,50.14,50.96,50.05,50.9,-0.3,-0.59%,10824430
20/02/2007,50.88,50.88,50.33,50.5,-0.4,-0.79%,2238890
21/02/2007,50.45,50.62,50.22,50.4,-0.1,-0.20%,3453135
22/02/2007,50.56,51.18,50.51,51.01,0.61,1.21%,3932046
23/02/2007,51,51.31,50.95,51.21,0.2,0.39%,3617740
26/02/2007,51.2,51.31,50.8,51.31,0.1,0.20%,2222598
27/02/2007,51.31,51.39,50.51,50.66,-0.65,-1.27%,4324500
28/02/2007,49.7,50.15,49.5,49.96,-0.7,-1.38%,5857716
1/03/2007,50.09,50.14,49.46,49.57,-0.39,-0.78%,4069746
2/03/2007,49.4,50.05,49.3,49.65,0.08,0.16%,3232249
5/03/2007,49.49,49.66,49.02,49.02,-0.63,-1.27%,3201960
6/03/2007,49.21,49.85,49.02,49.85,0.83,1.69%,3526718
7/03/2007,50.01,50.2,49.85,50.13,0.28,0.56%,4810507
8/03/2007,50,50.28,49.81,50.25,0.12,0.24%,2948767
9/03/2007,50.3,50.45,49.53,49.85,-0.4,-0.80%,5943465
12/03/2007,49.6,50.2,49.6,50.1,0.25,0.50%,1687065
13/03/2007,50.3,50.39,49.58,49.64,-0.46,-0.92%,2445646
14/03/2007,49.09,49.15,48.7,48.7,-0.94,-1.89%,3715847
15/03/2007,49.4,49.8,49.06,49.58,0.88,1.81%,7080102
16/03/2007,49.65,49.75,48.95,49.05,-0.53,-1.07%,2401676
19/03/2007,49.02,49.65,48.95,49.44,0.39,0.80%,1867698
20/03/2007,49.93,50.03,49.51,49.51,0.07,0.14%,2396687
21/03/2007,49.89,49.93,49.59,49.64,0.13,0.26%,1529951
22/03/2007,50.15,50.42,49.98,50.15,0.51,1.03%,2792121
23/03/2007,50.15,50.48,50.02,50.27,0.12,0.24%,2767196
26/03/2007,50.32,50.5,50.27,50.46,0.19,0.38%,2277590
27/03/2007,50.53,50.53,50.13,50.25,-0.21,-0.42%,2168242
28/03/2007,50.1,50.35,49.7,49.9,-0.35,-0.70%,3093515
29/03/2007,49.75,50.2,49.69,50.1,0.2,0.40%,3209561
30/03/2007,50.2,50.56,50.05,50.26,0.16,0.32%,4991677
2/04/2007,50.06,50.22,49.6,49.6,-0.66,-1.31%,2659116
3/04/2007,49.75,50.33,49.62,50.33,0.73,1.47%,3155294
4/04/2007,50.9,51.04,50.76,51,0.67,1.33%,2828182
5/04/2007,51,51.13,50.79,51.13,0.13,0.25%,1683125
10/04/2007,51.29,51.29,50.96,51.29,0.16,0.31%,4771018
11/04/2007,51.4,51.56,51.1,51.2,-0.09,-0.18%,3134205
12/04/2007,51.28,51.72,51,51.6,0.4,0.78%,2770911
13/04/2007,51.99,51.99,51.57,51.8,0.2,0.39%,3059195
16/04/2007,51.96,52.6,51.88,52.19,0.39,0.75%,4364000
17/04/2007,52.8,52.94,52.29,52.65,0.46,0.88%,3363411
18/04/2007,52.67,53.73,52.64,53.3,0.65,1.23%,4235534
19/04/2007,53.3,53.37,52.35,52.7,-0.6,-1.13%,3971746
20/04/2007,53.1,53.46,52.96,53.2,0.5,0.95%,1974012
23/04/2007,53.38,53.58,52.7,53.13,-0.07,-0.13%,2153887
24/04/2007,53.1,53.73,52.75,53.15,0.02,0.04%,2533321
26/04/2007,52.91,53.44,52.91,53.1,-0.05,-0.09%,2481537
27/04/2007,52.94,53.14,52.65,53.04,-0.06,-0.11%,4849183
30/04/2007,53.34,53.5,52.76,52.76,-0.28,-0.53%,3266279
1/05/2007,52.85,52.9,52.51,52.76,0,0.00%,1691479
2/05/2007,53.15,53.64,53.09,53.64,0.88,1.67%,2309626
3/05/2007,53.8,54.09,53.32,53.85,0.21,0.39%,3313403
4/05/2007,54.15,54.3,53.96,54.3,0.45,0.84%,2247523
7/05/2007,54.35,54.35,54.03,54.27,-0.03,-0.06%,2042401
8/05/2007,54.21,54.33,53.74,53.95,-0.32,-0.59%,2446504
9/05/2007,53.85,54.37,53.7,54.15,0.2,0.37%,1680337
10/05/2007,54,54.1,53.56,54.03,-0.12,-0.22%,2060724
11/05/2007,53.7,53.83,53.48,53.61,-0.42,-0.78%,1681215
14/05/2007,54,54.2,53.94,54.2,0.59,1.10%,1393584
15/05/2007,53.9,54.19,53.59,53.74,-0.46,-0.85%,1847013
16/05/2007,53.98,53.98,53.55,53.87,0.13,0.24%,2707347
17/05/2007,54.2,54.6,54.1,54.52,0.65,1.21%,2578831
18/05/2007,54.6,54.93,54.47,54.63,0.11,0.20%,1924379
21/05/2007,54.9,55.51,54.75,55.43,0.8,1.46%,2209635
22/05/2007,55.6,55.66,54.8,54.95,-0.48,-0.87%,2339218
23/05/2007,55.05,55.73,54.82,55.18,0.23,0.42%,2053471
24/05/2007,54.9,55.05,54.55,54.7,-0.48,-0.87%,2191347
25/05/2007,54.52,55.68,54.33,55.36,0.66,1.21%,5752121
28/05/2007,55.8,56.15,55.16,55.35,-0.01,-0.02%,2712309
29/05/2007,55.3,56.05,55.2,56.04,0.69,1.25%,2397245
30/05/2007,55.89,55.91,54.99,55.03,-1.01,-1.80%,2671198
31/05/2007,55.4,56.16,55.4,55.4,0.37,0.67%,3950345
1/06/2007,55.81,55.87,55.06,55.1,-0.3,-0.54%,2173450
4/06/2007,55.45,55.58,55.03,55.32,0.22,0.40%,2515050
5/06/2007,55.45,55.47,54.87,54.91,-0.41,-0.74%,1716386
6/06/2007,54.91,55.09,54.1,54.64,-0.27,-0.49%,2648212
7/06/2007,54.01,54.67,53.88,54.67,0.03,0.05%,2767258
8/06/2007,53.93,54.31,53.8,54.15,-0.52,-0.95%,2710775
12/06/2007,54.5,54.63,53.65,53.75,-0.4,-0.74%,3131963
13/06/2007,53.35,54.25,53.2,53.82,0.07,0.13%,2875997
14/06/2007,54.3,54.5,53.7,54.08,0.26,0.48%,3731784
15/06/2007,54.2,54.5,53.9,54.5,0.42,0.78%,3160577
18/06/2007,54.71,55.4,54.71,55.3,0.8,1.47%,2450417
19/06/2007,54.96,55.65,54.95,55.4,0.1,0.18%,2046127
20/06/2007,55.3,55.45,54.94,55.16,-0.24,-0.43%,3174604
21/06/2007,55.35,55.35,54.68,54.9,-0.26,-0.47%,8322205
22/06/2007,54.89,55.2,54.75,55.19,0.29,0.53%,3255583
25/06/2007,54.95,55.41,54.88,55.14,-0.05,-0.09%,1976757
26/06/2007,55.14,55.49,55.1,55.15,0.01,0.02%,1927088
27/06/2007,55.16,55.36,54.35,54.44,-0.71,-1.29%,2606973
28/06/2007,55.09,55.55,54.84,55.39,0.95,1.75%,2988695
29/06/2007,55.45,55.5,54.79,55.25,-0.14,-0.25%,8605221
2/07/2007,55.3,55.35,54.63,54.68,-0.57,-1.03%,3347006
3/07/2007,54.99,55.1,54.65,54.7,0.02,0.04%,2957460
4/07/2007,54.9,54.96,54.39,54.41,-0.29,-0.53%,1792673
5/07/2007,54.5,55.1,54.46,55.1,0.69,1.27%,3848583
6/07/2007,55,55.28,54.66,55.28,0.18,0.33%,2591533
9/07/2007,55.4,56.1,55.35,56.06,0.78,1.41%,2767976
10/07/2007,56.17,56.35,55.77,56,-0.06,-0.11%,3066154
11/07/2007,55.51,55.89,55.5,55.56,-0.44,-0.79%,1991654
12/07/2007,55.55,55.75,54.77,55.15,-0.41,-0.74%,3580342
13/07/2007,55.53,55.75,54.99,55.06,-0.09,-0.16%,3017063
16/07/2007,55.13,55.7,55.13,55.35,0.29,0.53%,2601633
17/07/2007,55.48,56.06,55.3,55.95,0.6,1.08%,3205195
18/07/2007,55.73,56.02,55.48,55.66,-0.29,-0.52%,2256957
19/07/2007,56.02,56.6,55.98,56.35,0.69,1.24%,2970244
20/07/2007,56.75,57.03,56.37,56.9,0.55,0.98%,2708083
23/07/2007,56.58,56.75,56.1,56.55,-0.35,-0.62%,2331042
24/07/2007,56.65,56.85,56.45,56.72,0.17,0.30%,3455152
25/07/2007,56.05,56.58,56.02,56.5,-0.22,-0.39%,4106424
26/07/2007,56.44,56.5,55.78,55.78,-0.72,-1.27%,2879988
27/07/2007,54.6,55.34,54.51,54.57,-1.21,-2.17%,14115470
30/07/2007,54.57,54.63,53.98,54.6,0.03,0.05%,3036739
31/07/2007,54.7,54.83,53.93,54.26,-0.34,-0.62%,3734402
1/08/2007,54.02,54.02,52.24,52.25,-2.01,-3.70%,4476118
2/08/2007,53.2,53.75,52.38,53.2,0.95,1.82%,3754931
3/08/2007,53.6,53.84,53.15,53.31,0.11,0.21%,2501015
6/08/2007,52.9,53.18,52.35,52.8,-0.51,-0.96%,2842144
7/08/2007,53.69,53.74,52.99,53,0.2,0.38%,2433294
8/08/2007,53.36,54.25,53.33,53.99,0.99,1.87%,2206447
9/08/2007,54.5,54.88,54.35,54.8,0.81,1.50%,2371409
10/08/2007,52.8,53.88,52.8,53.35,-1.45,-2.65%,3556827
13/08/2007,54,54.6,53.91,54.6,1.25,2.34%,2437428
14/08/2007,54.03,54.34,52.98,54,-0.6,-1.10%,4112017
15/08/2007,53.31,54.05,52.84,53,-1,-1.85%,6136245
16/08/2007,52.85,53.01,49.61,52.5,-0.5,-0.94%,9965353
17/08/2007,52.6,53.39,52.12,52.5,0,0.00%,5040597
20/08/2007,52.5,53.36,52.36,53.36,0.86,1.64%,7313020
21/08/2007,53.1,54.15,52.71,54.15,0.79,1.48%,3029090
22/08/2007,53.55,54.78,53.55,54.4,0.25,0.46%,4380827
23/08/2007,55.3,55.52,54.13,55.01,0.61,1.12%,4559906
24/08/2007,54.69,55.18,54.51,54.81,-0.2,-0.36%,2633154
27/08/2007,55.32,55.51,54.91,55.2,0.39,0.71%,2879020
28/08/2007,54.88,54.95,54.47,54.62,-0.58,-1.05%,3027323
29/08/2007,53.6,54.2,53.42,54.2,-0.42,-0.77%,3162032
30/08/2007,54.71,54.92,53.6,53.86,-0.34,-0.63%,4212065
31/08/2007,53.73,55.15,53.73,55.15,1.29,2.40%,5617865
3/09/2007,55.45,55.45,54.85,55.27,0.12,0.22%,1983959
4/09/2007,55.22,55.66,55.04,55.65,0.38,0.69%,2465159
5/09/2007,55.85,55.99,54.66,55.1,-0.55,-0.99%,3372669
6/09/2007,54.67,55.15,54.35,55,-0.1,-0.18%,2729101
7/09/2007,54.8,55,54.5,54.67,-0.33,-0.60%,1284722
10/09/2007,54.1,54.4,53.76,54.35,-0.32,-0.59%,2045121
11/09/2007,54.53,55.62,54.5,55.33,0.98,1.80%,3168493
12/09/2007,55.71,55.74,55.2,55.2,-0.13,-0.23%,5919143
13/09/2007,55.3,55.49,54.95,55.25,0.05,0.09%,4429204
14/09/2007,55.4,55.78,55.02,55.7,0.45,0.81%,2640073
17/09/2007,55.3,55.58,55.1,55.38,-0.32,-0.57%,2157670
18/09/2007,55.3,55.37,54.48,55,-0.38,-0.69%,5852465
19/09/2007,56,56.05,55.47,55.87,0.87,1.58%,4175863
20/09/2007,56.5,56.5,55.28,55.9,0.03,0.05%,10256930
21/09/2007,55.61,56.1,55.59,55.64,-0.26,-0.47%,1962346
24/09/2007,55.9,56.44,55.73,56.22,0.58,1.04%,2428910
25/09/2007,56.2,56.7,55.98,56.4,0.18,0.32%,3068815
26/09/2007,56.15,56.88,56.15,56.44,0.04,0.07%,2372554
27/09/2007,56.79,56.85,56.53,56.82,0.38,0.67%,2321869
28/09/2007,56.95,57.03,56.39,56.39,-0.43,-0.76%,6067206
1/10/2007,56.36,56.97,56.36,56.6,0.21,0.37%,861218
2/10/2007,57.25,57.8,57.05,57.6,1,1.77%,2662410
3/10/2007,57.71,58.18,57.47,57.95,0.35,0.61%,2958418
4/10/2007,57.8,57.8,56.9,57.2,-0.75,-1.29%,2413997
5/10/2007,57.2,57.48,56.75,57.06,-0.14,-0.24%,1912539
8/10/2007,57.65,57.95,57.35,57.35,0.29,0.51%,3231971
9/10/2007,57.45,57.9,57.14,57.88,0.53,0.92%,1947191
10/10/2007,58,59.08,57.91,58.8,0.92,1.59%,3119732
11/10/2007,58.6,59.8,58.55,59.65,0.85,1.45%,3040157
12/10/2007,59.1,59.8,58.79,59.79,0.14,0.23%,2422144
15/10/2007,60.12,60.45,59.04,59.38,-0.41,-0.69%,2082720
16/10/2007,58.83,58.96,58.39,58.9,-0.48,-0.81%,2605540
17/10/2007,59.2,59.41,58.71,59.29,0.39,0.66%,3479154
18/10/2007,59.78,60.25,59.47,60.09,0.8,1.35%,3538411
19/10/2007,60,60,58.88,59.14,-0.95,-1.58%,2567514
22/10/2007,58.07,58.57,57.96,58.57,-0.57,-0.96%,4096837
23/10/2007,58.79,59.75,58.69,59.01,0.44,0.75%,3596866
24/10/2007,59.45,59.83,58.65,58.65,-0.36,-0.61%,3559674
25/10/2007,58.65,59.78,58.55,59.5,0.85,1.45%,5176531
26/10/2007,59.69,60.27,59.46,60.13,0.63,1.06%,10812440
29/10/2007,60.75,61.2,60.51,61.2,1.07,1.78%,3126699
30/10/2007,61.5,61.9,61.1,61.45,0.25,0.41%,3219974
31/10/2007,61.31,61.87,61.07,61.5,0.05,0.08%,5197676
1/11/2007,61.95,62.16,61.45,61.65,0.15,0.24%,3489953
2/11/2007,60.4,61.2,60.31,61.2,-0.45,-0.73%,2676692
5/11/2007,61.35,61.35,59.35,60.08,-1.12,-1.83%,3297059
6/11/2007,60.2,61.02,60.15,60.41,0.33,0.55%,2996048
7/11/2007,61.2,61.24,60.45,60.75,0.34,0.56%,3005620
8/11/2007,59.55,59.91,59.4,59.91,-0.84,-1.38%,4021648
9/11/2007,59.91,60.24,59.22,59.4,-0.51,-0.85%,3985294
12/11/2007,59.05,59.77,58.92,59.33,-0.07,-0.12%,3474386
13/11/2007,59.65,60.59,59.45,60.38,1.05,1.77%,2854281
14/11/2007,61.1,61.4,60.85,61.3,0.92,1.52%,3437624
15/11/2007,61.28,61.5,60.44,60.45,-0.85,-1.39%,3092006
16/11/2007,60.39,60.4,59.36,59.97,-0.48,-0.79%,2253241
19/11/2007,60.67,60.97,60.25,60.55,0.58,0.97%,2582288
20/11/2007,59.77,59.82,58.7,59.25,-1.3,-2.15%,5028645
21/11/2007,58.9,59.09,57.36,58,-1.25,-2.11%,5533552
22/11/2007,57.3,58.57,57.11,57.9,-0.1,-0.17%,5513809
23/11/2007,57.9,57.94,57.05,57.2,-0.7,-1.21%,2930855
26/11/2007,57.5,58.95,57.09,58.3,1.1,1.92%,3519283
27/11/2007,57.15,58.1,56.67,57.8,-0.5,-0.86%,4298706
28/11/2007,57.25,58,57.23,57.66,-0.14,-0.24%,2789383
29/11/2007,58.43,58.95,58.29,58.29,0.63,1.09%,3833083
30/11/2007,58.6,59.9,58,59.65,1.36,2.33%,7342188
3/12/2007,59.95,60.23,59.02,59.66,0.01,0.02%,4543536
4/12/2007,59.02,59.69,59,59.54,-0.12,-0.20%,3536427
5/12/2007,58.7,59.54,58.7,59.54,0,0.00%,2250453
6/12/2007,60.2,60.73,60.17,60.37,0.83,1.39%,3400719
7/12/2007,60.85,61,60.38,60.69,0.32,0.53%,2542521
10/12/2007,60.55,60.59,59.92,60.47,-0.22,-0.36%,2800462
11/12/2007,60.7,61.08,60.55,60.78,0.31,0.51%,2634713
12/12/2007,59.91,60.7,59.81,60.54,-0.24,-0.39%,2255916
13/12/2007,60.69,60.95,60.38,60.62,0.08,0.13%,2315877
14/12/2007,60.85,61.55,60.22,60.74,0.12,0.20%,5866927
17/12/2007,60.4,60.93,59.91,60,-0.74,-1.22%,4535991
18/12/2007,59.41,60.15,59.15,60,0,0.00%,3970230
19/12/2007,60,60.25,58.51,58.53,-1.47,-2.45%,8254191
20/12/2007,58.5,58.71,57.76,57.78,-0.75,-1.28%,10132430
21/12/2007,57.79,58.25,57.4,57.77,-0.01,-0.02%,9011019
24/12/2007,58.2,58.59,57.5,58.09,0.32,0.55%,1317328
27/12/2007,58.4,58.86,58.38,58.52,0.43,0.74%,1155240
28/12/2007,58.1,58.88,58.02,58.88,0.36,0.62%,1282470
31/12/2007,59.1,59.27,58.61,59.1,0.22,0.37%,964613
2/01/2008,59.02,59.5,58.73,58.8,-0.3,-0.51%,852781
3/01/2008,58.5,58.51,57.46,57.75,-1.05,-1.79%,2106621
4/01/2008,58.41,58.8,57.88,58.04,0.29,0.50%,2055878
7/01/2008,57.3,57.46,56.82,57.2,-0.84,-1.45%,2021876
8/01/2008,57.5,57.96,57.19,57.73,0.53,0.93%,3017304
9/01/2008,57.07,57.64,56.58,56.84,-0.89,-1.54%,3744868
10/01/2008,56.84,57.05,55.7,56.95,0.11,0.19%,3801383
11/01/2008,57.01,57.1,55.67,55.89,-1.06,-1.86%,3167020
14/01/2008,55.02,56.1,54.92,55.7,-0.19,-0.34%,5140006
15/01/2008,56.35,56.35,54.72,54.95,-0.75,-1.35%,5975785
16/01/2008,53.46,53.8,52.65,52.74,-2.21,-4.02%,6870053
17/01/2008,52.87,53.24,51.53,51.53,-1.21,-2.29%,8855226
18/01/2008,50.5,53.6,50.15,53.2,1.67,3.24%,7624410
21/01/2008,52.89,53.05,50.78,50.78,-2.42,-4.55%,7213899
22/01/2008,48.64,49.78,48.4,48.85,-1.93,-3.80%,7940541
23/01/2008,52.21,52.8,49.2,49.87,1.02,2.09%,8529777
24/01/2008,51.26,51.5,50,50.75,0.88,1.76%,5633009
25/01/2008,51.05,53.71,51.05,53.71,2.96,5.83%,11952810
29/01/2008,53.9,53.95,51.14,51.71,-2,-3.72%,5688720
30/01/2008,52.7,52.7,49,49,-2.71,-5.24%,8609757
31/01/2008,48.5,49.7,47.58,49.4,0.4,0.82%,8628652
1/02/2008,50.11,51.12,49.68,51.12,1.72,3.48%,5046930
4/02/2008,52.05,52.49,49,49,-2.12,-4.15%,6959100
5/02/2008,49.74,50.4,49.14,49.82,0.82,1.67%,6736634
6/02/2008,49.15,49.54,48.55,48.55,-1.27,-2.55%,6607872
7/02/2008,48.33,49.1,47.96,48.82,0.27,0.56%,4476096
8/02/2008,49.79,50.4,49.57,50.14,1.32,2.70%,3539564
11/02/2008,49.5,49.5,48.41,48.75,-1.39,-2.77%,4595209
12/02/2008,49.1,50.04,47.99,49.4,0.65,1.33%,5961039
13/02/2008,47.81,47.99,46.03,46.2,-3.2,-6.48%,15875450
14/02/2008,46.85,47.7,45.9,47.05,0.85,1.84%,9882059
15/02/2008,46.19,46.79,45.65,46.38,-0.67,-1.42%,8019111
18/02/2008,43.98,44.88,43.65,44,-2.38,-5.13%,5612743
19/02/2008,44.75,45.4,44.03,45.27,1.27,2.89%,6958639
20/02/2008,44.95,45.03,43.33,43.33,-1.94,-4.29%,7271558
21/02/2008,43.55,44.18,42.7,43.45,0.12,0.28%,6581536
22/02/2008,42.59,42.94,42.29,42.59,-0.86,-1.98%,5356387
25/02/2008,43,44.77,43,44.67,2.08,4.88%,5933093
26/02/2008,45.4,45.87,43.73,45.86,1.19,2.66%,7398335
27/02/2008,46.29,46.79,46.01,46.41,0.55,1.20%,5330140
28/02/2008,46,46,44.05,44.05,-2.36,-5.09%,6703861
29/02/2008,42.9,42.9,41.63,42.13,-1.92,-4.36%,11789270
3/03/2008,40.4,40.72,39.98,40,-2.13,-5.06%,6582428
4/03/2008,40.15,40.51,39.1,40,0,0.00%,8343660
5/03/2008,40.71,41.35,39.2,39.95,-0.05,-0.13%,9731277
6/03/2008,40.5,40.9,39.71,40.57,0.62,1.55%,5864138
7/03/2008,39.1,39.92,38.82,39.35,-1.22,-3.01%,9604727
10/03/2008,38.97,39.39,38.26,38.7,-0.65,-1.65%,4759721
11/03/2008,38,39.74,37.56,39.66,0.96,2.48%,5664041
12/03/2008,42.5,42.59,41.5,41.82,2.16,5.45%,8098014
13/03/2008,41.22,41.37,39.39,39.5,-2.32,-5.55%,4465892
14/03/2008,40.52,40.73,39.03,39.77,0.27,0.68%,3723165
17/03/2008,38.67,39.1,36.98,37.35,-2.42,-6.08%,9399004
18/03/2008,37.03,38.68,37.02,37.57,0.22,0.59%,9376177
19/03/2008,39.47,40,38.96,40,2.43,6.47%,8518182
20/03/2008,39,39.75,38.6,39.3,-0.7,-1.75%,14626970
25/03/2008,41.3,42.9,41.1,42.45,3.15,8.02%,8124805
26/03/2008,42.45,43.2,42.07,43.11,0.66,1.55%,6078876
27/03/2008,42.25,42.49,41.92,42.31,-0.8,-1.86%,5971315
28/03/2008,41.68,42.71,40.7,42.71,0.4,0.95%,7121902
31/03/2008,42.3,43.14,41.55,41.81,-0.9,-2.11%,5181618
1/04/2008,42.54,42.54,41,42.09,0.28,0.67%,4084561
2/04/2008,43.78,44.38,43.7,44.29,2.2,5.23%,5806845
3/04/2008,44.4,45.55,43.6,45.41,1.12,2.53%,4257831
4/04/2008,45.25,45.73,44.6,45.48,0.07,0.15%,3125571
7/04/2008,44.5,44.75,43.56,44.06,-1.42,-3.12%,5297564
8/04/2008,43.2,44.3,42.9,43.17,-0.89,-2.02%,4187881
9/04/2008,43.03,43.11,41.66,41.85,-1.32,-3.06%,3401235
10/04/2008,41.25,41.47,40.82,41.11,-0.74,-1.77%,3794158
11/04/2008,41.45,42.3,40.8,41.43,0.32,0.78%,4459936
14/04/2008,40.6,40.6,40.05,40.49,-0.94,-2.27%,2798823
15/04/2008,40.55,42.17,40.29,41.58,1.09,2.69%,3022520
16/04/2008,42.4,42.48,41.5,42.04,0.46,1.11%,2311061
17/04/2008,42.99,42.99,42.05,42.46,0.42,1.00%,3546819
18/04/2008,42.51,42.67,41,41.66,-0.8,-1.88%,3015637
21/04/2008,42.8,44.05,42.6,43.9,2.24,5.38%,5264290
22/04/2008,43,44,42.78,44,0.1,0.23%,3759719
23/04/2008,43.83,44.4,43.65,44.19,0.19,0.43%,4806908
24/04/2008,43.31,44.7,43.12,43.5,-0.69,-1.56%,7054913
28/04/2008,44.58,45.46,44.14,44.7,1.2,2.76%,4144636
29/04/2008,45.15,45.35,44.3,44.8,0.1,0.22%,3045454
30/04/2008,44.6,45.08,44,44.85,0.05,0.11%,2898746
1/05/2008,44.57,44.9,44.01,44.04,-0.81,-1.81%,2591871
2/05/2008,45.12,45.49,44.66,44.95,0.91,2.07%,3544328
5/05/2008,45.25,45.35,44.08,44.2,-0.75,-1.67%,3860407
6/05/2008,43.8,43.9,43.15,43.25,-0.95,-2.15%,2476325
7/05/2008,43.34,43.47,41.9,41.9,-1.35,-3.12%,3689239
8/05/2008,41.56,43.7,41.3,43.7,1.8,4.30%,4669616
9/05/2008,43.7,44.73,43.4,43.92,0.22,0.50%,4061541
12/05/2008,44.79,45.99,44.54,45.86,1.94,4.42%,4246845
13/05/2008,45.92,46.14,44.75,45.35,-0.51,-1.11%,4167178
14/05/2008,45.23,45.65,44.7,44.96,-0.39,-0.86%,3023517
15/05/2008,45.3,45.87,44.82,44.82,-0.14,-0.31%,3887893
16/05/2008,44.85,45.67,44.1,44.95,0.13,0.29%,4755691
19/05/2008,45.3,45.49,44.38,44.41,-0.54,-1.20%,3064876
20/05/2008,44.18,44.88,43.77,43.78,-0.63,-1.42%,3226743
21/05/2008,43.29,43.74,42.5,42.58,-1.2,-2.74%,3698629
22/05/2008,42,43.04,41.76,42.66,0.08,0.19%,4842006
23/05/2008,42.61,43.55,42,42.3,-0.36,-0.84%,3143422
26/05/2008,42.1,42.53,41.68,42.23,-0.07,-0.17%,3252102
27/05/2008,42.15,42.96,42.15,42.68,0.45,1.07%,2853447
28/05/2008,43.2,43.34,42.73,43.3,0.62,1.45%,3337121
29/05/2008,43.5,43.82,42.67,42.79,-0.51,-1.18%,2701999
30/05/2008,42.62,43.34,42.13,42.32,-0.47,-1.10%,5864344
2/06/2008,42.4,42.64,41.08,41.95,-0.37,-0.87%,3620262
3/06/2008,41.33,41.7,40.94,41.49,-0.46,-1.10%,5047796
4/06/2008,42.02,42.26,41.34,41.65,0.16,0.39%,3992922
5/06/2008,41.85,42.8,41.75,42.7,1.05,2.52%,2632305
6/06/2008,43.51,43.67,42.53,43.4,0.7,1.64%,3325205
10/06/2008,42.42,42.5,41.85,41.87,-1.53,-3.53%,4454991
11/06/2008,42.3,43.09,41.52,42.84,0.97,2.32%,6434328
12/06/2008,41.55,41.99,41.29,41.61,-1.23,-2.87%,4571640
13/06/2008,42.2,42.26,40.28,41.76,0.15,0.36%,4663729
16/06/2008,41.98,42.2,41,41.84,0.08,0.19%,3104884
17/06/2008,41.35,41.97,40.68,41.3,-0.54,-1.29%,6524467
18/06/2008,40.5,41.39,40.15,40.64,-0.66,-1.60%,8025597
19/06/2008,39.45,40.18,39.45,39.9,-0.74,-1.82%,9248741
20/06/2008,39.85,40.09,39.25,39.36,-0.54,-1.35%,6203400
23/06/2008,38.57,39.79,38.51,39.7,0.34,0.86%,5769847
24/06/2008,39.4,39.43,38.29,38.6,-1.1,-2.77%,6138563
25/06/2008,38.35,39.1,38.16,38.94,0.34,0.88%,5854144
26/06/2008,40.1,41.17,40.01,40.9,1.96,5.03%,10315320
27/06/2008,39.7,40.5,39.15,40.5,-0.4,-0.98%,14831630
30/06/2008,40.6,40.67,39.83,40.17,-0.33,-0.81%,7648270
1/07/2008,40.18,40.43,39.15,39.23,-0.94,-2.34%,4257985
2/07/2008,39.32,40.38,38.5,40.21,0.98,2.50%,7522497
3/07/2008,40.02,41.36,39.8,41.35,1.14,2.84%,6917662
4/07/2008,41.76,42.36,41.41,42.33,0.98,2.37%,4513239
7/07/2008,42,42.15,41.1,41.45,-0.88,-2.08%,3332047
8/07/2008,41.4,41.94,40.55,40.73,-0.72,-1.74%,4196962
9/07/2008,41.69,41.87,41.16,41.49,0.76,1.87%,6286686
10/07/2008,40.44,41.13,40.09,40.55,-0.94,-2.27%,7797691
11/07/2008,40.5,40.7,39.74,40.32,-0.23,-0.57%,5794564
14/07/2008,40,40.64,39.41,40.16,-0.16,-0.40%,4550309
15/07/2008,39.67,39.67,38.28,38.75,-1.41,-3.51%,5066187
16/07/2008,38.75,40.02,38.69,40.02,1.27,3.28%,6630719
17/07/2008,41.8,41.91,41.31,41.59,1.57,3.92%,6657504
18/07/2008,41.6,41.92,41.2,41.8,0.21,0.50%,5328948
21/07/2008,42.6,43.35,42.52,43.35,1.55,3.71%,5520097
22/07/2008,42.9,43.12,42.5,43,-0.35,-0.81%,3858408
23/07/2008,43.5,44.8,43.5,44.6,1.6,3.72%,6951990
24/07/2008,45.26,46.69,44.83,46.39,1.79,4.01%,11936620
25/07/2008,44.07,44.3,43.25,43.25,-3.14,-6.77%,15359650
28/07/2008,41.8,42.2,40.63,41.1,-2.15,-4.97%,9041084
29/07/2008,39.1,39.9,38.97,39.33,-1.77,-4.31%,9876166
30/07/2008,40.55,40.91,40.3,40.39,1.06,2.70%,5446864
31/07/2008,40.8,41.06,39.75,39.75,-0.64,-1.58%,8047161
1/08/2008,39.5,39.69,39.11,39.5,-0.25,-0.63%,5021570
4/08/2008,39.61,40.5,39.16,39.68,0.18,0.46%,3340849
5/08/2008,39.5,41.4,39.45,41.25,1.57,3.96%,6600335
6/08/2008,43,43.88,42.5,43.85,2.6,6.30%,6285143
7/08/2008,43.75,44.12,43.08,43.95,0.1,0.23%,5316607
8/08/2008,42.7,43.68,42.56,43.42,-0.53,-1.21%,5323894
11/08/2008,44.7,45.38,44.48,44.48,1.06,2.44%,7896982
12/08/2008,44.99,45.31,44.2,44.51,0.03,0.07%,5795817
13/08/2008,43.65,44.05,43.31,44.05,-0.46,-1.03%,6054911
14/08/2008,43.95,44.24,43.21,43.5,-0.55,-1.25%,8344597
15/08/2008,43.78,44.17,43.35,43.7,0.2,0.46%,5098946
18/08/2008,42.2,43.03,41.93,42.14,-1.56,-3.57%,6501277
19/08/2008,41.5,41.64,40.91,41,-1.14,-2.71%,4958267
20/08/2008,40.8,41.47,40.6,41.1,0.1,0.24%,5090151
21/08/2008,40.85,41.1,40.25,40.6,-0.5,-1.22%,3417711
22/08/2008,40.6,41.45,40.2,41.38,0.78,1.92%,4775574
25/08/2008,42.4,42.68,42.1,42.65,1.27,3.07%,4630185
26/08/2008,42.1,42.47,41.56,42.35,-0.3,-0.70%,4739900
27/08/2008,42.32,42.35,41.51,41.63,-0.72,-1.70%,3333564
28/08/2008,41.7,42.44,41.1,41.1,-0.53,-1.27%,5829844
29/08/2008,41.95,42.63,41.73,42.4,1.3,3.16%,6729538
1/09/2008,42.1,42.7,41.8,42.62,0.22,0.52%,2815007
2/09/2008,42.72,43.65,42.52,43.06,0.44,1.03%,4286815
3/09/2008,43.3,43.95,43.01,43.35,0.29,0.67%,6055006
4/09/2008,43.8,43.96,42.41,42.9,-0.45,-1.04%,5969625
5/09/2008,41.7,41.84,41.26,41.59,-1.31,-3.05%,5497383
8/09/2008,43.2,44.87,43.1,44.87,3.28,7.89%,8056453
9/09/2008,44.6,45,43.54,43.82,-1.05,-2.34%,4755188
10/09/2008,42.9,43.82,42.3,43.5,-0.32,-0.73%,5889568
11/09/2008,43.2,43.26,42,42,-1.5,-3.45%,4218966
12/09/2008,43,43,42,42.99,0.99,2.36%,3207968
15/09/2008,41.52,42.28,40.98,41.98,-1.01,-2.35%,5361331
16/09/2008,40.78,41.8,40.73,41.7,-0.28,-0.67%,5728548
17/09/2008,42.7,42.74,40.57,41.1,-0.6,-1.44%,8757050
18/09/2008,39.17,40.26,39.12,40.08,-1.02,-2.48%,12019620
19/09/2008,42,42.94,41.75,42.7,2.62,6.54%,9381261
22/09/2008,45.5,45.5,43.68,44.6,1.9,4.45%,6165350
23/09/2008,43.44,44.54,43.24,44.22,-0.38,-0.85%,3540179
24/09/2008,44.25,44.82,44.2,44.2,-0.02,-0.05%,2648960
25/09/2008,44.04,44.59,43.63,44.05,-0.15,-0.34%,3927695
26/09/2008,44.85,44.98,43.39,44.43,0.38,0.86%,5992724
29/09/2008,44.99,45,43.71,43.87,-0.56,-1.26%,2335193
30/09/2008,41.7,43.95,41.53,42.62,-1.25,-2.85%,5631943
1/10/2008,44.15,44.88,43.54,44.86,2.24,5.26%,3294252
2/10/2008,45.2,45.82,44.9,45.4,0.54,1.20%,4314993
3/10/2008,44.3,45.3,44.26,45.01,-0.39,-0.86%,2966807
6/10/2008,44.97,45.01,43.44,44,-1.01,-2.24%,1395685
7/10/2008,42.8,45.78,42.68,45.15,1.15,2.61%,3778072
9/10/2008,39.4,42.95,39.2,42.4,-2.75,-6.09%,10630450
10/10/2008,40.5,41.25,39.14,39.55,-2.85,-6.72%,7983513
13/10/2008,41.5,42.4,40.81,42.2,2.65,6.70%,7159526
14/10/2008,44.1,44.57,43.82,44.55,2.35,5.57%,7796474
15/10/2008,44.55,44.55,43.21,43.75,-0.8,-1.80%,4870610
16/10/2008,42.14,42.5,41.63,42.4,-1.35,-3.09%,4567815
17/10/2008,42.9,43.4,40.7,41.41,-0.99,-2.33%,4994816
20/10/2008,42.18,43.2,41.76,43.2,1.79,4.32%,4884061
21/10/2008,44,44,42.51,43.19,-0.01,-0.02%,4202801
22/10/2008,42.75,43.61,41.76,41.89,-1.3,-3.01%,4829894
23/10/2008,41.2,41.85,40.8,41.4,-0.49,-1.17%,3586403
24/10/2008,41.65,42.04,39.59,40.84,-0.56,-1.35%,4295677
27/10/2008,40.86,40.92,39.01,40.02,-0.82,-2.01%,4196278
28/10/2008,39.5,39.84,39.14,39.38,-0.64,-1.60%,4225532
29/10/2008,41.05,41.29,39.35,40.3,0.92,2.34%,4635123
30/10/2008,40.6,41.18,39.62,40.19,-0.11,-0.27%,6469534
31/10/2008,40,40.44,39.52,40.3,0.11,0.27%,7478306
3/11/2008,40.6,41.84,40.6,41.84,1.54,3.82%,4461988
4/11/2008,41.35,42.07,41.35,41.8,-0.04,-0.10%,3069834
5/11/2008,42.15,42.15,40.4,41,-0.8,-1.91%,6857348
6/11/2008,39.98,40.44,39.5,39.8,-1.2,-2.93%,5658099
7/11/2008,39.2,40.6,38.8,40.07,0.27,0.68%,3537205
10/11/2008,39.71,39.98,37.93,38,-2.07,-5.17%,9619482
11/11/2008,37.12,37.2,35.61,35.61,-2.39,-6.29%,8642265
12/11/2008,35.4,35.9,34.55,35.1,-0.51,-1.43%,6171852
13/11/2008,33.31,33.72,32.88,33,-2.1,-5.98%,6901830
14/11/2008,35,35.05,32.1,32.1,-0.9,-2.73%,6185529
17/11/2008,31.75,31.95,29.92,31.33,-0.77,-2.40%,6613417
18/11/2008,30.3,32.64,29.6,30.1,-1.23,-3.93%,9158775
19/11/2008,31.15,31.3,29.4,30.93,0.83,2.76%,8640543
20/11/2008,29.2,30.04,29.1,29.31,-1.62,-5.24%,8160891
21/11/2008,28.35,30.95,27.85,30.95,1.64,5.60%,8696692
24/11/2008,30.8,31,29.1,30.22,-0.73,-2.36%,6108829
25/11/2008,31.5,34,31.07,34,3.78,12.51%,9012684
26/11/2008,33.3,33.3,32.1,32.66,-1.34,-3.94%,4402519
27/11/2008,33.5,33.56,32.27,32.75,0.09,0.28%,3824468
28/11/2008,33,34.09,32.35,34.09,1.34,4.09%,8674824
1/12/2008,34.3,34.3,32.9,33,-1.09,-3.20%,3701202
2/12/2008,31.99,32.41,31.25,31.25,-1.75,-5.30%,4027850
3/12/2008,32.05,32.3,30.58,31.2,-0.05,-0.16%,4115483
4/12/2008,32.14,32.2,31.27,31.6,0.4,1.28%,3060789
5/12/2008,31.18,32.09,30.9,30.9,-0.7,-2.22%,3807799
8/12/2008,31.59,33.46,31.3,32.8,1.9,6.15%,5025311
9/12/2008,30,31,29.83,30,-2.8,-8.54%,12436910
10/12/2008,29,29.5,28.5,28.5,-1.5,-5.00%,12452670
11/12/2008,29,29,27.9,28.15,-0.35,-1.23%,9774450
12/12/2008,27.91,28.32,27.54,28.15,0,0.00%,5364552
15/12/2008,28.5,28.68,28.05,28.05,-0.1,-0.36%,5429382
16/12/2008,28.05,29.15,27.85,29.15,1.1,3.92%,192000
17/12/2008,29.15,29.15,29.15,29.15,0,0.00%,192000
18/12/2008,25.9,26.64,25.75,26.5,-2.65,-9.09%,26270840
19/12/2008,26.51,27.8,26.3,27.8,1.3,4.91%,15315130
22/12/2008,28,28.28,27.06,27.06,-0.74,-2.66%,6751099
23/12/2008,27.75,27.79,26.81,27.04,-0.02,-0.07%,3818146
24/12/2008,26.51,27.26,26.51,27.15,0.11,0.41%,5993628
29/12/2008,27.5,28.27,27.38,28.18,1.03,3.79%,6142766
30/12/2008,28.05,28.45,27.84,28.3,0.12,0.43%,2306507
31/12/2008,28.75,28.96,28.57,28.9,0.6,2.12%,2535263
2/01/2009,28.98,29.47,28.96,29.2,0.3,1.04%,2257549
5/01/2009,29.5,29.52,28.51,28.6,-0.6,-2.05%,2939177
6/01/2009,29.15,29.47,28.91,29.47,0.87,3.04%,2552862
7/01/2009,29.5,29.56,28.91,28.95,-0.52,-1.76%,3487188
8/01/2009,28.85,28.85,28.04,28.56,-0.39,-1.35%,4000730
9/01/2009,28.5,28.86,28.42,28.8,0.24,0.84%,2336926
12/01/2009,28.5,28.55,28.1,28.32,-0.48,-1.67%,1899087
13/01/2009,28.15,28.39,28,28.39,0.07,0.25%,2760596
14/01/2009,28.18,28.54,28.17,28.42,0.03,0.11%,2509600
15/01/2009,28.16,28.16,27.15,27.31,-1.11,-3.91%,4113602
16/01/2009,27.44,27.76,27.29,27.35,0.04,0.15%,3599406
19/01/2009,27.5,27.75,27.14,27.43,0.08,0.29%,2722977
20/01/2009,26.8,26.86,26.04,26.35,-1.08,-3.94%,6006885
21/01/2009,26,26,25.45,25.61,-0.74,-2.81%,8779541
22/01/2009,26.48,26.5,25.44,25.6,-0.01,-0.04%,6208222
23/01/2009,25.41,25.42,24.03,24.07,-1.53,-5.98%,8303072
27/01/2009,25,25,24.61,24.74,0.67,2.78%,5639799
28/01/2009,24.88,26.55,24.78,26.31,1.57,6.35%,6274441
29/01/2009,27.09,27.18,26.63,26.9,0.59,2.24%,5184785
30/01/2009,26.5,26.95,25.98,26.9,0,0.00%,8633949
2/02/2009,26.58,26.94,26.31,26.45,-0.45,-1.67%,2405849
3/02/2009,28.3,29.27,28.19,29.05,2.6,9.83%,14754910
4/02/2009,29,29.35,28.5,29.18,0.13,0.45%,4527918
5/02/2009,28.9,29.08,28.31,28.98,-0.2,-0.69%,4438328
6/02/2009,29.19,29.72,29.1,29.7,0.72,2.48%,3611336
9/02/2009,30.51,30.55,29.91,29.94,0.24,0.81%,3405869
10/02/2009,30.4,30.4,29.25,29.6,-0.34,-1.14%,4384967
11/02/2009,29.01,30.06,29.01,29.92,0.32,1.08%,4557001
12/02/2009,30.15,31.19,30.13,30.95,1.03,3.44%,6235972
13/02/2009,30.99,31.4,30.46,31.4,0.45,1.45%,4725825
16/02/2009,30.05,30.47,29.35,29.62,-1.78,-5.67%,8456294
17/02/2009,29.46,29.96,28.86,29.01,-0.61,-2.06%,5893125
18/02/2009,28.7,29.16,28.23,29.16,0.15,0.52%,4958555
19/02/2009,29.35,29.95,29.16,29.85,0.69,2.37%,2984788
20/02/2009,29.6,29.65,29.2,29.57,-0.28,-0.94%,2927468
23/02/2009,29.3,29.9,28.79,29.58,0.01,0.03%,3626717
24/02/2009,28.84,29.44,28.75,29.25,-0.33,-1.12%,3449631
25/02/2009,29.58,29.7,28.68,29.13,-0.12,-0.41%,3708118
26/02/2009,29.42,29.95,29.14,29.8,0.67,2.30%,3774528
27/02/2009,29.58,29.88,29.2,29.8,0,0.00%,6943657
2/03/2009,29.05,29.15,28.37,28.51,-1.29,-4.33%,3753889
3/03/2009,27.65,28.29,27.03,28.29,-0.22,-0.77%,4217628
4/03/2009,27.5,27.7,27.1,27.27,-1.02,-3.61%,4860030
5/03/2009,27.25,27.59,27.06,27.33,0.06,0.22%,4403704
6/03/2009,26.88,27.16,26.45,27,-0.33,-1.21%,4541347
9/03/2009,26.88,26.97,26.43,26.64,-0.36,-1.33%,3896429
10/03/2009,26.85,27.78,26.75,27.78,1.14,4.28%,5748436
11/03/2009,28.8,28.91,28.25,28.61,0.83,2.99%,5789265
12/03/2009,28.74,28.94,28.03,28.67,0.06,0.21%,3382100
13/03/2009,29.25,30.41,29.16,30.25,1.58,5.51%,7782189
16/03/2009,30.83,31.46,30.58,31,0.75,2.48%,9223908
17/03/2009,31.35,32.5,31.18,32.47,1.47,4.74%,5318278
18/03/2009,33.5,33.5,32.6,32.7,0.23,0.71%,7544298
19/03/2009,33.27,34,32.8,34,1.3,3.98%,14291030
20/03/2009,33.6,34,32.84,34,0,0.00%,5918493
23/03/2009,33.5,35.08,33.27,35.08,1.08,3.18%,5742330
24/03/2009,36.79,36.8,34.33,34.38,-0.7,-2.00%,6224999
25/03/2009,34.2,35.94,34.19,35.38,1,2.91%,5940701
26/03/2009,35.88,35.91,34.6,34.75,-0.63,-1.78%,9607941
27/03/2009,35.1,35.5,34.31,35,0.25,0.72%,12368910
30/03/2009,34.78,34.82,34.38,34.7,-0.3,-0.86%,3575496
31/03/2009,34.65,35.18,34.38,34.73,0.03,0.09%,4254863
1/04/2009,34.74,34.94,34.25,34.63,-0.1,-0.29%,3231605
2/04/2009,35.1,35.85,34.71,35.35,0.72,2.08%,3583504
3/04/2009,35.71,36.09,35.5,36.06,0.71,2.01%,4188224
6/04/2009,36.2,36.85,35.6,36.82,0.76,2.11%,3308310
7/04/2009,36.45,37.04,36.31,36.32,-0.5,-1.36%,5566987
8/04/2009,35.85,35.97,34.59,34.87,-1.45,-3.99%,5131272
9/04/2009,35.25,35.75,34.96,35.6,0.73,2.09%,2374762
14/04/2009,36.98,37.05,36.56,36.56,0.96,2.70%,3361551
15/04/2009,36.5,36.77,35.78,36.26,-0.3,-0.82%,4156439
16/04/2009,37.14,37.22,36.31,36.76,0.5,1.38%,2751181
17/04/2009,37.5,37.87,37,37,0.24,0.65%,4310819
20/04/2009,37.5,37.5,36.22,36.5,-0.5,-1.35%,3185427
21/04/2009,35.77,36.1,35.51,35.88,-0.62,-1.70%,2585201
22/04/2009,36.1,36.49,35.93,36.49,0.61,1.70%,2324128
23/04/2009,36.45,36.99,36.39,36.99,0.5,1.37%,5783300
24/04/2009,36.7,36.97,35.56,35.96,-1.03,-2.78%,10535820
27/04/2009,36.1,36.55,34.77,35.75,-0.21,-0.58%,2897797
28/04/2009,35.19,36.14,34.85,35.48,-0.27,-0.76%,4471553
29/04/2009,35,35.47,34.34,34.51,-0.97,-2.73%,3993123
30/04/2009,35.12,35.33,34.92,35.11,0.6,1.74%,3572964
1/05/2009,34.76,35.23,34.65,35.05,-0.06,-0.17%,1703920
4/05/2009,35.01,36.6,35.01,36.6,1.55,4.42%,3262872
5/05/2009,37.45,37.45,36.01,36.22,-0.38,-1.04%,3052528
6/05/2009,36.45,36.65,35.5,36.02,-0.2,-0.55%,2120204
7/05/2009,36.55,36.6,35.63,36.08,0.06,0.17%,3768107
8/05/2009,35.75,36.85,35.75,36.74,0.66,1.83%,4703394
11/05/2009,36.67,36.71,36.22,36.68,-0.06,-0.16%,2816459
12/05/2009,36.1,36.89,35.9,36.6,-0.08,-0.22%,3621403
13/05/2009,36.75,36.82,35.85,36.74,0.14,0.38%,4802864
14/05/2009,36.02,36.1,35.3,35.47,-1.27,-3.46%,4292878
15/05/2009,35.88,35.9,35.51,35.82,0.35,0.99%,2627710
18/05/2009,35.35,35.68,35.26,35.5,-0.32,-0.89%,1755666
19/05/2009,36.25,36.38,36.03,36.15,0.65,1.83%,2355555
20/05/2009,36.4,36.4,35.6,36.2,0.05,0.14%,2777118
21/05/2009,35.75,35.89,35.37,35.6,-0.6,-1.66%,3437059
22/05/2009,35.4,35.57,35.12,35.51,-0.09,-0.25%,2371396
25/05/2009,35,35.46,34.76,34.8,-0.71,-2.00%,3652586
26/05/2009,34.85,35.49,33.96,35.45,0.65,1.87%,4644739
27/05/2009,35.39,35.87,34.76,35.13,-0.32,-0.90%,4708104
28/05/2009,34.9,35.09,33.95,33.95,-1.18,-3.36%,8372195
29/05/2009,34.62,35.23,34.27,35.14,1.19,3.51%,13068690
1/06/2009,35.49,36.29,35.05,36.16,1.02,2.90%,4509413
2/06/2009,36.61,36.61,35.82,36.33,0.17,0.47%,5303735
3/06/2009,36.48,37.1,36.21,36.8,0.47,1.29%,5116546
4/06/2009,37,37.4,36.64,36.79,-0.01,-0.03%,5528841
5/06/2009,37.22,37.65,36.37,36.51,-0.28,-0.76%,4962977
9/06/2009,37.16,37.43,36.65,36.99,0.48,1.31%,5450597
10/06/2009,37.1,38,37.03,37.96,0.97,2.62%,7712220
11/06/2009,37.75,37.79,37.17,37.44,-0.52,-1.37%,4501745
12/06/2009,37.57,37.98,37.44,37.8,0.36,0.96%,4412588
15/06/2009,37.71,38.42,37.5,38.21,0.41,1.08%,6958131
16/06/2009,37.9,38.48,37.81,38.1,-0.11,-0.29%,4672102
17/06/2009,37.68,38.11,37.13,37.7,-0.4,-1.05%,5545493
18/06/2009,38.27,38.4,37.58,38.07,0.37,0.98%,6916106
19/06/2009,38.44,38.73,38.2,38.5,0.43,1.13%,4897507
22/06/2009,38.67,38.88,38.36,38.7,0.2,0.52%,3179869
23/06/2009,38,38.25,37.18,37.22,-1.48,-3.82%,5883444
24/06/2009,37.25,37.34,36.73,37.03,-0.19,-0.51%,5592911
25/06/2009,36.85,37.65,36.62,37.55,0.52,1.40%,4516188
26/06/2009,37.88,39.08,37.85,38.66,1.11,2.96%,14393983
29/06/2009,38.55,39.34,38.37,38.92,0.26,0.67%,5640590
30/06/2009,39.38,39.8,38.6,39,0.08,0.21%,6862787
1/07/2009,38.9,38.9,37.8,38.09,-0.91,-2.33%,4130349
2/07/2009,38.17,38.37,37.42,37.42,-0.67,-1.76%,5488042
3/07/2009,36.8,37.25,36.67,37.19,-0.23,-0.61%,3684185
6/07/2009,37,37.2,36.76,37.05,-0.14,-0.38%,3140084
7/07/2009,37.35,37.42,36.92,36.99,-0.06,-0.16%,3060780
8/07/2009,36.25,37.26,36.2,37.26,0.27,0.73%,5997307
9/07/2009,37,37.2,36.73,37.1,-0.16,-0.43%,3570001
10/07/2009,37.15,37.65,36.9,37.45,0.35,0.94%,3176358
13/07/2009,37.3,37.43,36.7,36.72,-0.73,-1.95%,3240840
14/07/2009,37.5,38.38,37.4,38.3,1.58,4.30%,3988248
15/07/2009,38.59,38.94,38.32,38.82,0.52,1.36%,3870773
16/07/2009,39.5,39.9,39.22,39.41,0.59,1.52%,4935872
17/07/2009,39.79,39.79,39.26,39.49,0.08,0.20%,2437855
20/07/2009,39.69,40.08,39.38,39.9,0.41,1.04%,2733539
21/07/2009,40,40.2,39.45,39.75,-0.15,-0.38%,3168983
22/07/2009,39,39.41,39,39.1,-0.65,-1.64%,5121645
23/07/2009,39,39.3,38.8,38.93,-0.17,-0.43%,6665864
24/07/2009,39.6,39.93,39.52,39.75,0.82,2.11%,5173501
27/07/2009,40.08,40.34,39.85,40.17,0.42,1.06%,3070951
28/07/2009,40.16,40.27,39.81,40.02,-0.15,-0.37%,3981447
29/07/2009,40.02,40.41,39.8,39.9,-0.12,-0.30%,4417501
30/07/2009,40.32,41.77,40.1,41.62,1.72,4.31%,5721929
31/07/2009,42.49,42.85,41.79,42.8,1.18,2.84%,13102785
3/08/2009,42.96,44.02,42.96,43.65,0.85,1.99%,4788616
4/08/2009,44.5,44.7,43.89,44.51,0.86,1.97%,6251078
5/08/2009,44.52,44.57,43.23,43.23,-1.28,-2.88%,4453704
6/08/2009,43.45,44.49,43.42,44.35,1.12,2.59%,5681866
7/08/2009,43.9,44.45,43.75,44.45,0.1,0.23%,3828865
10/08/2009,44.8,44.88,43.71,43.84,-0.61,-1.37%,4069536
11/08/2009,43.84,44.41,43.65,43.93,0.09,0.21%,3873964
12/08/2009,44.3,45.36,43.73,45.32,1.39,3.16%,8017147
13/08/2009,45.83,47.55,45.8,47.53,2.21,4.88%,8722319
14/08/2009,48.1,48.47,46.87,47.02,-0.51,-1.07%,9568910
17/08/2009,45.69,46,45.28,45.3,-1.72,-3.66%,18566504
18/08/2009,44.8,45.65,44.75,45.3,0,0.00%,6652681
19/08/2009,45.99,45.99,44.8,44.94,-0.36,-0.79%,4866558
20/08/2009,45.85,45.85,44.8,44.98,0.04,0.09%,3544458
21/08/2009,44.96,45.02,43.44,43.55,-1.43,-3.18%,5995768
24/08/2009,44.2,44.7,44.09,44.61,1.06,2.43%,5395215
25/08/2009,44.65,44.65,44.03,44.31,-0.3,-0.67%,4261609
26/08/2009,44.64,44.88,44.37,44.62,0.31,0.70%,4820051
27/08/2009,44.84,44.94,44.48,44.75,0.13,0.29%,5334524
28/08/2009,44.99,45.27,44.77,45.15,0.4,0.89%,6083179
31/08/2009,45.65,46.1,45.5,46,0.85,1.88%,7958191
1/09/2009,45.83,46.48,45.63,46.31,0.31,0.67%,6002581
2/09/2009,45.4,45.64,45,45.51,-0.8,-1.73%,7287416
3/09/2009,45.5,45.51,44.67,44.98,-0.53,-1.16%,4160002
4/09/2009,45.5,45.95,45.37,45.68,0.7,1.56%,6897464
7/09/2009,45.97,46.56,45.88,45.89,0.21,0.46%,5440505
8/09/2009,46.34,46.86,46.11,46.83,0.94,2.05%,4569171
9/09/2009,46.87,46.87,46.35,46.65,-0.18,-0.38%,4524701
10/09/2009,46.87,47.4,46.75,47.28,0.63,1.35%,4155998
11/09/2009,47.65,47.9,47.24,47.6,0.32,0.68%,5695159
14/09/2009,47.4,47.58,46.53,46.67,-0.93,-1.95%,5237665
15/09/2009,46.81,47.47,46.32,46.51,-0.16,-0.34%,7721044
16/09/2009,47.05,48.43,46.91,48.4,1.89,4.06%,7506257
17/09/2009,48.75,49.87,48.67,49.29,0.89,1.84%,7231756
18/09/2009,48.97,49.29,48.59,49.09,-0.2,-0.41%,6941525
21/09/2009,49.12,49.5,48.73,48.9,-0.19,-0.39%,3206347
22/09/2009,48.7,49.14,48.69,48.87,-0.03,-0.06%,2958732
23/09/2009,49.39,50.12,49.3,50,1.13,2.31%,3162052
24/09/2009,49.5,50.53,49.46,50,0,0.00%,5702387
25/09/2009,49.6,51.66,49.5,51.3,1.3,2.60%,8132492
28/09/2009,50.94,51.19,50.2,51.04,-0.26,-0.51%,4842416
29/09/2009,51.59,52.37,51.59,52.1,1.06,2.08%,3793445
30/09/2009,51.62,52.29,51.33,51.75,-0.35,-0.67%,4465469
1/10/2009,51.5,51.9,50.75,50.9,-0.85,-1.64%,2890200
2/10/2009,49.6,50.3,49.39,50,-0.9,-1.77%,3964824
5/10/2009,49.8,50.53,49.68,49.68,-0.32,-0.64%,1825908
6/10/2009,50.21,50.48,49.42,49.5,-0.18,-0.36%,4446405
7/10/2009,50.26,51.63,50.25,51.3,1.8,3.64%,3854804
8/10/2009,51.3,53.05,50.91,52.97,1.67,3.26%,4762708
9/10/2009,53.5,53.63,52.79,53.16,0.19,0.36%,4232942
12/10/2009,53.61,53.72,52.38,52.64,-0.52,-0.98%,2588394
13/10/2009,52.95,53.88,52.6,53.65,1.01,1.92%,4638526
14/10/2009,53.8,55.07,53.67,54.97,1.32,2.46%,3567366
15/10/2009,55.5,56,55.22,55.52,0.55,1.00%,4729172
16/10/2009,55.16,55.66,54.9,55.28,-0.24,-0.43%,3340243
19/10/2009,55,55.05,54.2,54.51,-0.77,-1.39%,3694927
20/10/2009,55.18,55.6,54.75,54.9,0.39,0.72%,4734618
21/10/2009,54.32,54.69,54.21,54.43,-0.47,-0.86%,4369848
22/10/2009,54.05,54.75,53.95,54.54,0.11,0.20%,4063844
23/10/2009,55.2,56.24,55.12,56.24,1.7,3.12%,8387481
26/10/2009,55.72,56.2,55.65,55.98,-0.26,-0.46%,5096261
27/10/2009,55.43,55.9,55,55.15,-0.83,-1.48%,6275298
28/10/2009,55.15,55.15,53.03,53.03,-2.12,-3.84%,11147250
29/10/2009,52.09,52.35,51.1,51.45,-1.58,-2.98%,10944568
30/10/2009,53,53.25,52.25,52.25,0.8,1.55%,9275947
2/11/2009,50.8,51.21,50.4,50.91,-1.34,-2.56%,4212216
3/11/2009,51.3,51.45,50.57,51.28,0.37,0.73%,3321375
4/11/2009,51.22,52.34,51.13,51.37,0.09,0.18%,5149394
5/11/2009,51.56,52.22,51.23,51.85,0.48,0.93%,4312824
6/11/2009,52.96,52.96,52.5,52.71,0.86,1.66%,2804921
9/11/2009,53.98,55.21,53.51,55.08,2.37,4.50%,8623373
10/11/2009,55.9,55.95,55.14,55.55,0.47,0.85%,3927113
11/11/2009,55.61,55.87,54.7,55,-0.55,-0.99%,4049852
12/11/2009,55.15,55.58,54.6,54.6,-0.4,-0.73%,3608991
13/11/2009,54,54.45,53.8,54.33,-0.27,-0.49%,3879090
16/11/2009,54.72,55.06,53.9,53.96,-0.37,-0.68%,3215660
17/11/2009,54.16,54.35,52.4,52.64,-1.32,-2.45%,4994376
18/11/2009,52.73,53.37,52.03,52.3,-0.34,-0.65%,4072746
19/11/2009,52.72,53.25,52.23,53.08,0.78,1.49%,3191877
20/11/2009,52.41,52.84,52,52.76,-0.32,-0.60%,3417088
23/11/2009,53.1,53.2,52.15,52.8,0.04,0.08%,2728174
24/11/2009,53.4,53.5,52.46,52.74,-0.06,-0.11%,3497189
25/11/2009,52.74,52.89,51.96,52.58,-0.16,-0.30%,6464808
26/11/2009,52.85,52.97,52.08,52.38,-0.2,-0.38%,3578098
27/11/2009,51.15,51.49,50.3,50.6,-1.78,-3.40%,9567044
30/11/2009,51.74,52.95,51.51,52.8,2.2,4.35%,5118844
1/12/2009,52.7,53.85,52.55,53.85,1.05,1.99%,4629692
2/12/2009,54.6,54.97,54.17,54.7,0.85,1.58%,4858296
3/12/2009,54.95,55.14,53.91,54.11,-0.59,-1.08%,4600723
4/12/2009,53.82,54.38,53.52,53.96,-0.15,-0.28%,3422944
7/12/2009,54.15,54.5,53.22,53.79,-0.17,-0.32%,3868809
8/12/2009,53.95,54.02,52.77,53.09,-0.7,-1.30%,5192069
9/12/2009,52.3,52.95,52.17,52.86,-0.23,-0.43%,3610468
10/12/2009,52.74,53.12,52.24,52.51,-0.35,-0.66%,3038798
11/12/2009,52.78,52.85,52.33,52.5,-0.01,-0.02%,2878591
14/12/2009,52.6,52.8,51.95,52.8,0.3,0.57%,3000885
15/12/2009,52.32,53.25,52.32,52.72,-0.08,-0.15%,2624552
16/12/2009,52.6,53.2,52.55,52.67,-0.05,-0.09%,2529603
17/12/2009,53.19,53.19,51.86,52.08,-0.59,-1.12%,10028716
18/12/2009,51.8,52.86,51.26,52.86,0.78,1.50%,12481672
21/12/2009,53.11,53.27,52.15,52.15,-0.71,-1.34%,2086432
22/12/2009,52.42,52.68,52.22,52.59,0.44,0.84%,2286524
23/12/2009,52.48,53,52.36,53,0.41,0.78%,1859780
24/12/2009,53.1,53.92,52.9,53.87,0.87,1.64%,1393501
29/12/2009,54.2,54.8,54.16,54.5,0.63,1.17%,1895218
30/12/2009,54.82,54.95,54.33,54.42,-0.08,-0.15%,914511
31/12/2009,54.67,54.91,54.59,54.85,0.43,0.79%,1079301
4/01/2010,54.57,54.97,54.45,54.87,0.02,0.04%,987795
5/01/2010,55.05,55.8,55.05,55.7,0.83,1.51%,3139758
6/01/2010,55.88,56.2,55.73,55.98,0.28,0.50%,3093167
7/01/2010,56,56.47,55.2,55.44,-0.54,-0.96%,3078752
8/01/2010,55.72,56.3,55.67,56.16,0.72,1.30%,2990794
11/01/2010,56.3,56.78,56.25,56.57,0.41,0.73%,2737474
12/01/2010,56.45,57.02,56.35,56.57,0,0.00%,3568724
13/01/2010,56.27,56.49,55.86,56.01,-0.56,-0.99%,2346688
14/01/2010,56.4,57.09,56.3,56.79,0.78,1.39%,2838610
15/01/2010,56.8,58.1,56.2,58.1,1.31,2.31%,4192299
18/01/2010,58.05,58.65,57.52,58.05,-0.05,-0.09%,5875786
19/01/2010,57.96,57.99,56.55,56.64,-1.41,-2.43%,4989810
20/01/2010,57.3,57.31,56.32,56.56,-0.08,-0.14%,3318323
21/01/2010,56.55,57.26,56.31,56.56,0,0.00%,4822212
22/01/2010,55.5,55.89,55.01,55.75,-0.81,-1.43%,5039911
25/01/2010,55,55.35,54.76,55.15,-0.6,-1.08%,3012525
27/01/2010,54.82,54.91,54.2,54.63,-0.52,-0.94%,4013840
28/01/2010,55.08,55.2,54.7,55.1,0.47,0.86%,5249246
29/01/2010,54.3,54.44,53,53.23,-1.87,-3.39%,9555501
1/02/2010,53.2,53.74,52.98,52.98,-0.25,-0.47%,3952094
2/02/2010,53.72,54.03,53.07,53.55,0.57,1.08%,4204380
3/02/2010,53.87,53.99,52.68,53.41,-0.14,-0.26%,3777201
4/02/2010,53.29,53.45,52.64,52.95,-0.46,-0.86%,4410672
5/02/2010,51.9,52.69,51.53,52.67,-0.28,-0.53%,4350275
8/02/2010,53.1,53.37,52.42,52.77,0.1,0.19%,3446352
9/02/2010,52.24,52.72,51.64,52.72,-0.05,-0.09%,3643450
10/02/2010,53.2,53.3,51.42,51.83,-0.89,-1.69%,5056001
11/02/2010,52.21,53.05,51.96,53,1.17,2.26%,3473414
12/02/2010,53.8,53.85,52.14,52.3,-0.7,-1.32%,6041098
15/02/2010,51.15,52.03,51.01,51.58,-0.72,-1.38%,7164407
16/02/2010,52.11,52.36,51.44,51.51,-0.07,-0.14%,6099892
17/02/2010,52.03,53.47,51.95,53.18,1.67,3.24%,5435654
18/02/2010,53.53,53.55,52.59,53,-0.18,-0.34%,3356280
19/02/2010,53.25,53.33,52.37,52.81,-0.19,-0.36%,2886331
22/02/2010,53.38,54.23,53.24,54.13,1.32,2.50%,4022629
23/02/2010,54,54.55,53.91,54.55,0.42,0.78%,4065316
24/02/2010,54.05,54.63,53.81,54,-0.55,-1.01%,6090712
25/02/2010,54.3,54.74,53.01,53.18,-0.82,-1.52%,4616282
26/02/2010,53.66,54.15,53.08,53.92,0.74,1.39%,6393890
1/03/2010,54.22,54.45,53.51,54.45,0.53,0.98%,4493755
2/03/2010,54.57,54.96,54.39,54.92,0.47,0.86%,3948503
3/03/2010,54.87,55.33,54.64,55.14,0.22,0.40%,3615037
4/03/2010,55.16,55.3,54.61,54.97,-0.17,-0.31%,3079786
5/03/2010,55.14,55.45,54.87,55.1,0.13,0.24%,2991472
8/03/2010,55.6,55.63,54.64,54.82,-0.28,-0.51%,2662698
9/03/2010,54.77,55.42,54.52,55.21,0.39,0.71%,4279211
10/03/2010,55.68,56.04,55.51,55.69,0.48,0.87%,4960842
11/03/2010,55.85,56.16,55.62,55.8,0.11,0.20%,4167756
12/03/2010,56,56.22,55.69,55.88,0.08,0.14%,1715539
15/03/2010,55.55,56.03,55.42,55.6,-0.28,-0.50%,2469302
16/03/2010,55.66,55.9,55.4,55.68,0.08,0.14%,3132380
17/03/2010,55.89,56.37,55.86,56.14,0.46,0.83%,2880331
18/03/2010,56.71,57,56.28,56.61,0.47,0.84%,5952157
19/03/2010,56.5,56.7,56.08,56.21,-0.4,-0.71%,3209308
22/03/2010,55.56,56.1,55.55,55.75,-0.46,-0.82%,2131275
23/03/2010,56.1,56.95,56.03,56.7,0.95,1.70%,4140285
24/03/2010,57,57.43,56.7,57.21,0.51,0.90%,4402476
25/03/2010,57,57.2,56.78,57.2,-0.01,-0.02%,2805227
26/03/2010,56.78,57.45,56.21,57.37,0.17,0.30%,9088369
29/03/2010,57.45,57.45,56.63,57.04,-0.33,-0.58%,3764884
30/03/2010,56.99,57.26,56.68,56.77,-0.27,-0.47%,3251357
31/03/2010,56.61,56.85,56.26,56.29,-0.48,-0.85%,4858337
1/04/2010,56.35,56.79,56.23,56.79,0.5,0.89%,2345052
6/04/2010,56.9,57.38,56.64,57.24,0.45,0.79%,2817430
7/04/2010,57.3,57.47,57.2,57.47,0.23,0.40%,3582275
8/04/2010,57.37,57.97,57.25,57.93,0.46,0.80%,4079404
9/04/2010,58,58.26,57.76,58.14,0.21,0.36%,2755267
12/04/2010,58.33,58.55,58.3,58.4,0.26,0.45%,2695969
13/04/2010,58.2,58.39,57.86,58.09,-0.31,-0.53%,2441479
14/04/2010,58.37,59.28,58.29,59.22,1.13,1.95%,4210126
15/04/2010,59.31,59.6,59.11,59.28,0.06,0.10%,2926472
16/04/2010,59.12,59.83,59.1,59.83,0.55,0.93%,5285950
19/04/2010,58.96,59.3,58.87,59.1,-0.73,-1.22%,2590146
20/04/2010,59.56,59.63,59.18,59.27,0.17,0.29%,2252439
21/04/2010,59.63,60,59.44,59.53,0.26,0.44%,6267912
22/04/2010,59.13,59.36,58.55,59,-0.53,-0.89%,4076051
23/04/2010,58.5,58.76,58.02,58.2,-0.8,-1.36%,3952968
27/04/2010,58.37,58.58,57.69,58.15,-0.05,-0.09%,3517249
28/04/2010,57.07,57.85,56.72,57.73,-0.42,-0.72%,3486277
29/04/2010,57.4,57.69,57.16,57.57,-0.16,-0.28%,3569358
30/04/2010,58.05,58.68,57.97,58.51,0.94,1.63%,13325020
3/05/2010,58.3,59.14,57.83,58.93,0.42,0.72%,3362218
4/05/2010,59.3,59.44,58.3,58.31,-0.62,-1.05%,4118243
5/05/2010,57.3,57.74,56.51,56.9,-1.41,-2.42%,4907127
6/05/2010,56.12,56.31,54.39,55.17,-1.73,-3.04%,7681135
7/05/2010,53.5,53.95,52.76,53,-2.17,-3.93%,10837673
10/05/2010,53.58,55.89,53.58,55.75,2.75,5.19%,7788610
11/05/2010,56.26,56.4,54.75,54.85,-0.9,-1.61%,6152947
12/05/2010,54.38,55.4,53.58,54.3,-0.55,-1.00%,6677266
13/05/2010,55.06,55.09,54.16,54.94,0.64,1.18%,4663033
14/05/2010,54.5,54.6,53.56,53.71,-1.23,-2.24%,5070650
17/05/2010,53,53.13,52.04,52.04,-1.67,-3.11%,5961356
18/05/2010,52.55,52.94,52.07,52.64,0.6,1.15%,6517952
19/05/2010,51.8,51.95,51.38,51.38,-1.26,-2.39%,7481167
20/05/2010,51.25,51.63,50,50.07,-1.31,-2.55%,8290839
21/05/2010,48.5,51.36,48.44,50.94,0.87,1.74%,9844804
24/05/2010,51.3,52.23,51.24,52.23,1.29,2.53%,6170242
25/05/2010,51.6,51.65,50.22,50.31,-1.92,-3.68%,6265984
26/05/2010,51.54,51.79,50.6,50.78,0.47,0.93%,8582830
27/05/2010,50.2,50.74,49.7,50.73,-0.05,-0.10%,7576327
28/05/2010,51.95,52.5,51.51,52.12,1.39,2.74%,8369873
31/05/2010,51.87,51.9,51.11,51.37,-0.75,-1.44%,3832684
1/06/2010,51.12,51.4,50.45,50.99,-0.38,-0.74%,3830032
2/06/2010,50.34,51.18,50.31,50.33,-0.66,-1.29%,4274526
3/06/2010,51.28,51.95,51.16,51.95,1.62,3.22%,3209730
4/06/2010,51.5,51.81,51.14,51.47,-0.48,-0.92%,3741631
7/06/2010,50.2,50.2,49.6,50.08,-1.39,-2.70%,6122319
8/06/2010,50.1,50.86,49.82,50.75,0.67,1.34%,5453711
9/06/2010,51.15,51.16,50.3,50.73,-0.02,-0.04%,3710880
10/06/2010,50.9,51.79,50.83,51.39,0.66,1.30%,5582838
11/06/2010,52.2,52.5,52.04,52.5,1.11,2.16%,4555301
15/06/2010,52.53,52.58,52.15,52.2,-0.3,-0.57%,4337600
16/06/2010,52.9,53.07,52.65,52.98,0.78,1.49%,6361523
17/06/2010,53,53.15,52.17,52.5,-0.48,-0.91%,5187203
18/06/2010,52.56,52.93,52.38,52.59,0.09,0.17%,3222365
21/06/2010,53.22,53.48,52.87,53.28,0.69,1.31%,3216758
22/06/2010,52.8,53.2,52.5,52.54,-0.74,-1.39%,2899546
23/06/2010,51.94,52.18,51.2,51.21,-1.33,-2.53%,4776687
24/06/2010,51.47,51.66,50.77,50.82,-0.39,-0.76%,4134680
25/06/2010,50.14,50.3,49.91,50,-0.82,-1.61%,7823512
28/06/2010,50.6,50.7,49.9,49.95,-0.05,-0.10%,3906074
29/06/2010,50,50.28,49.23,49.38,-0.57,-1.14%,3893105
30/06/2010,48.5,48.73,48.06,48.64,-0.74,-1.50%,6706474
1/07/2010,48.21,48.27,47.4,47.47,-1.17,-2.41%,4936928
2/07/2010,47.65,48.13,47.05,47.73,0.26,0.55%,5769938
5/07/2010,47.58,48.25,47.56,47.79,0.06,0.13%,3762435
6/07/2010,47.57,49.08,47.4,48.89,1.1,2.30%,5113634
7/07/2010,48.91,49.09,48.05,48.25,-0.64,-1.31%,5321765
8/07/2010,49.6,49.96,49.33,49.55,1.3,2.69%,4541689
9/07/2010,49.61,49.98,49.35,49.8,0.25,0.50%,4533376
12/07/2010,49.65,49.89,49.18,49.56,-0.24,-0.48%,3058257
13/07/2010,49.68,50.16,49.59,49.93,0.37,0.75%,3916201
14/07/2010,50.85,51.49,50.67,51.49,1.56,3.12%,3761728
15/07/2010,51.69,51.69,51.05,51.33,-0.16,-0.31%,2969055
16/07/2010,51.3,51.56,51.02,51.36,0.03,0.06%,2358517
19/07/2010,50.48,50.64,50.25,50.5,-0.86,-1.67%,2448808
20/07/2010,50.76,51.25,50.34,50.87,0.37,0.73%,4906425
21/07/2010,51.13,51.3,50.9,51.15,0.28,0.55%,2485699
22/07/2010,51.06,51.06,49.92,49.92,-1.23,-2.40%,4332120
23/07/2010,50.82,51.6,50.69,51.24,1.32,2.64%,5777399
26/07/2010,51.5,51.75,51.36,51.49,0.25,0.49%,4157706
27/07/2010,51.8,52.18,51.75,52.08,0.59,1.15%,5098489
28/07/2010,52.18,52.68,52.07,52.6,0.52,1.00%,4033549
29/07/2010,52.2,53.04,52.15,53.01,0.41,0.78%,4866922
30/07/2010,52.7,52.92,52.3,52.56,-0.45,-0.85%,8278575
2/08/2010,52.9,53.53,52.8,53.41,0.85,1.62%,2792290
3/08/2010,54.1,54.2,53.51,53.75,0.34,0.64%,4292396
4/08/2010,53.75,53.75,52.91,52.95,-0.8,-1.49%,4244217
5/08/2010,53.15,53.32,52.73,52.95,0,0.00%,3863273
6/08/2010,52.69,52.79,52.16,52.59,-0.36,-0.68%,3554595
9/08/2010,52.2,53.19,52.11,53.04,0.45,0.86%,2971220
10/08/2010,53.27,53.48,52.63,52.75,-0.29,-0.55%,4006529
11/08/2010,51.22,51.91,51.16,51.19,-1.56,-2.96%,15861760
12/08/2010,50.5,50.91,50.4,50.7,-0.49,-0.96%,11052953
13/08/2010,51,51.51,50.81,51.48,0.78,1.54%,8368740
16/08/2010,49.75,49.84,49.36,49.75,-1.73,-3.36%,8010303
17/08/2010,49.8,50.66,49.52,50.5,0.75,1.51%,7312625
18/08/2010,51,51,50.36,50.65,0.15,0.30%,6002537
19/08/2010,50.55,50.69,50.1,50.36,-0.29,-0.57%,4856789
20/08/2010,49.85,49.9,49.25,49.5,-0.86,-1.71%,6016286
23/08/2010,49.05,49.75,49.05,49.7,0.2,0.40%,4531569
24/08/2010,49.5,49.92,49.37,49.45,-0.25,-0.50%,4983203
25/08/2010,49.04,49.12,48.07,48.3,-1.15,-2.33%,7715289
26/08/2010,48.7,48.98,48.21,48.98,0.68,1.41%,6257183
27/08/2010,48.6,49.47,48.47,49.21,0.23,0.47%,7532820
30/08/2010,50.05,50.6,49.99,50.55,1.34,2.72%,5378915
31/08/2010,50.22,50.75,50.15,50.3,-0.25,-0.49%,7172115
1/09/2010,50.69,51.49,50.65,51.31,1.01,2.01%,6666905
2/09/2010,51.99,52,51.72,51.92,0.61,1.19%,2527018
3/09/2010,51.89,51.98,51.27,51.57,-0.35,-0.67%,5258903
6/09/2010,51.95,52.18,51.72,52.12,0.55,1.07%,3858445
7/09/2010,52.09,52.43,51.96,52.35,0.23,0.44%,4279675
8/09/2010,52.19,52.19,51.6,51.78,-0.57,-1.09%,3951792
9/09/2010,52.2,52.49,52.06,52.49,0.71,1.37%,4707901
10/09/2010,52.32,52.91,52.32,52.67,0.18,0.34%,3780806
13/09/2010,52.98,53.67,52.83,53.51,0.84,1.59%,5994827
14/09/2010,53.87,54,53.56,53.6,0.09,0.17%,4899611
15/09/2010,53.6,53.96,53.41,53.8,0.2,0.37%,5934070
16/09/2010,54,54.15,52.45,52.64,-1.16,-2.16%,9987383
17/09/2010,52.95,53.07,52.62,52.71,0.07,0.13%,5179264
20/09/2010,52.45,52.59,52.13,52.58,-0.13,-0.25%,4793391
21/09/2010,52.98,53.02,52.47,52.62,0.04,0.08%,4142298
22/09/2010,52.88,52.92,52.44,52.5,-0.12,-0.23%,4150004
23/09/2010,52.12,52.43,52.03,52.43,-0.07,-0.13%,3631003
24/09/2010,51.99,52.27,51.74,51.82,-0.61,-1.16%,9096058
27/09/2010,52.74,52.97,52.46,52.86,1.04,2.01%,3733461
28/09/2010,52.79,52.99,52.47,52.6,-0.26,-0.49%,2549755
29/09/2010,52.8,52.91,51.89,52.05,-0.55,-1.05%,3520084
30/09/2010,51.93,52.14,51.14,51.17,-0.88,-1.69%,4663640
1/10/2010,51.41,51.49,50.52,50.9,-0.27,-0.53%,3820965
4/10/2010,51.2,52.03,51.14,51.54,0.64,1.26%,2141376
5/10/2010,51.13,51.52,50.82,51.25,-0.29,-0.56%,3447194
6/10/2010,51.85,52.02,51.65,51.84,0.59,1.15%,4483726
7/10/2010,51.6,51.69,51.22,51.5,-0.34,-0.66%,4116385
8/10/2010,51.22,51.42,50.95,51.12,-0.38,-0.74%,3432581
11/10/2010,51.22,51.61,51.01,51.12,0,0.00%,2619620
12/10/2010,51.25,51.33,50.3,50.45,-0.67,-1.31%,4027227
13/10/2010,50.86,50.87,50.02,50.02,-0.43,-0.85%,4802472
14/10/2010,50.65,51.42,50.47,51.2,1.18,2.36%,6211112
15/10/2010,50.96,51.31,50.65,51.1,-0.1,-0.20%,2215887
18/10/2010,51.15,51.19,50.39,50.65,-0.45,-0.88%,3260381
19/10/2010,51.08,51.08,50.54,50.65,0,0.00%,5642622
20/10/2010,50.2,50.44,50,50.4,-0.25,-0.49%,4338166
21/10/2010,50.87,50.87,49.94,49.94,-0.46,-0.91%,4056018
22/10/2010,50.2,50.5,50.08,50.5,0.56,1.12%,2956356
25/10/2010,50.51,51.24,50.33,50.95,0.45,0.89%,4549873
26/10/2010,50.69,51.16,50.05,50.18,-0.77,-1.51%,4394246
27/10/2010,50.05,50.46,49.55,49.55,-0.63,-1.26%,5903039
28/10/2010,49.99,50.27,49.32,49.32,-0.23,-0.46%,4812866
29/10/2010,49.4,49.45,48.88,48.9,-0.42,-0.85%,10216548
1/11/2010,49.15,49.79,49.12,49.31,0.41,0.84%,3732936
2/11/2010,49.18,50.54,48.95,50.19,0.88,1.78%,5303073
3/11/2010,50.21,50.34,49.65,49.9,-0.29,-0.58%,6733340
4/11/2010,49.9,49.92,48.78,49.14,-0.76,-1.52%,6738313
5/11/2010,49.96,49.96,48.78,48.88,-0.26,-0.53%,7004237
8/11/2010,49,49.12,48.66,48.84,-0.04,-0.08%,6600752
9/11/2010,48.75,48.84,48.01,48.25,-0.59,-1.21%,7650661
10/11/2010,48.3,48.5,47.92,48.08,-0.17,-0.35%,5488501
11/11/2010,48.33,48.75,48.3,48.55,0.47,0.98%,3690939
12/11/2010,48.53,48.74,48.15,48.55,0,0.00%,3060196
15/11/2010,48.67,49.23,48.62,48.86,0.31,0.64%,2898456
16/11/2010,49.11,50.1,49.02,49.89,1.03,2.11%,5922292
17/11/2010,49.35,50.16,49.3,49.9,0.01,0.02%,5816746
18/11/2010,49.65,49.76,49.16,49.52,-0.38,-0.76%,4282665
19/11/2010,49.85,49.89,48.56,48.81,-0.71,-1.43%,4888545
22/11/2010,49.05,49.14,48.6,48.73,-0.08,-0.16%,2527071
23/11/2010,48.75,48.9,48.02,48.18,-0.55,-1.13%,3911613
24/11/2010,47.99,48.3,47.76,48.15,-0.03,-0.06%,3942429
25/11/2010,48.41,48.51,47.95,48.01,-0.14,-0.29%,5388898
26/11/2010,47.9,48.14,47.47,47.58,-0.43,-0.90%,9593278
29/11/2010,47.56,48.82,47.45,48.57,0.99,2.08%,4544601
30/11/2010,48.5,48.82,48.13,48.28,-0.29,-0.60%,4148934
1/12/2010,47.74,48.52,47.71,48.52,0.24,0.50%,3722873
2/12/2010,48.94,49.6,48.8,49.3,0.78,1.61%,5283285
3/12/2010,49.7,49.81,49.26,49.43,0.13,0.26%,2898871
6/12/2010,49.59,49.65,49.07,49.29,-0.14,-0.28%,2857791
7/12/2010,49.48,49.94,49.32,49.76,0.47,0.95%,5078521
8/12/2010,49.7,49.88,49.35,49.6,-0.16,-0.32%,3934238
9/12/2010,49.74,50.29,49.61,50.24,0.64,1.29%,5415156
10/12/2010,50.3,50.67,50.21,50.59,0.35,0.70%,3726944
13/12/2010,50.72,51.34,50.65,51.2,0.61,1.21%,4174785
14/12/2010,51.28,51.28,50.5,50.65,-0.55,-1.07%,3819516
15/12/2010,50.79,51.01,50.5,50.5,-0.15,-0.30%,3750571
16/12/2010,50.4,50.98,50.3,50.94,0.44,0.87%,4733728
17/12/2010,50.94,51.2,50.64,50.7,-0.24,-0.47%,2853476
20/12/2010,50.62,51.02,50.62,50.73,0.03,0.06%,3129209
21/12/2010,50.88,51.14,50.72,51,0.27,0.53%,2719151
22/12/2010,51.12,51.16,50.75,50.87,-0.13,-0.25%,2970792
23/12/2010,50.95,51.43,50.9,51.25,0.38,0.75%,2505357
24/12/2010,51.44,51.46,51.03,51.11,-0.14,-0.27%,5255731
29/12/2010,51.2,51.27,50.9,51.27,0.16,0.31%,1616659
30/12/2010,51.3,51.44,51.15,51.27,0,0.00%,1200046
31/12/2010,51.2,51.42,50.77,50.77,-0.5,-0.98%,1268912
4/01/2011,51.01,51.09,50.46,50.47,-0.3,-0.59%,3059268
5/01/2011,50.51,50.64,49.85,49.89,-0.58,-1.15%,3339341
6/01/2011,50.07,50.08,49.53,49.93,0.04,0.08%,3625435
7/01/2011,49.9,50.16,49.76,49.89,-0.04,-0.08%,2126217
10/01/2011,49.78,50.19,49.64,50.05,0.16,0.32%,2034892
11/01/2011,49.71,50.45,49.71,50.3,0.25,0.50%,3077861
12/01/2011,50.17,50.53,50.17,50.35,0.05,0.10%,3022644
13/01/2011,50.85,51.25,50.72,51.13,0.78,1.55%,3146928
14/01/2011,51.22,51.42,51.15,51.41,0.28,0.55%,2510965
17/01/2011,51.5,51.59,50.83,51,-0.41,-0.80%,2403968
18/01/2011,51,51.63,50.96,51.44,0.44,0.86%,2014621
19/01/2011,51.52,51.88,51.29,51.76,0.32,0.62%,2692895
20/01/2011,51.77,51.98,51.43,51.66,-0.1,-0.19%,3844657
21/01/2011,51.78,52,51.31,51.66,0,0.00%,2610077
24/01/2011,51.8,52.48,51.69,52.32,0.66,1.28%,4029906
25/01/2011,52.49,52.82,52.37,52.6,0.28,0.54%,2938311
27/01/2011,52.65,52.81,52.43,52.65,0.05,0.10%,3412797
28/01/2011,52.7,52.74,52.2,52.4,-0.25,-0.47%,9094694
31/01/2011,52.01,52.46,51.81,52.46,0.06,0.11%,3809910
1/02/2011,52.47,52.6,52.16,52.45,-0.01,-0.02%,3480410
2/02/2011,52.8,52.85,52.2,52.45,0,0.00%,3053121
3/02/2011,52.29,52.7,51.97,52.59,0.14,0.27%,3537002
4/02/2011,52.65,53.29,52.65,53.06,0.47,0.89%,4565622
7/02/2011,53.27,53.54,53.14,53.47,0.41,0.77%,2243718
8/02/2011,53.74,54,53.58,53.92,0.45,0.84%,3679281
9/02/2011,55,55.48,54.79,55.07,1.15,2.13%,8631646
10/02/2011,55.48,55.68,55.23,55.6,0.53,0.96%,6583607
11/02/2011,55.55,55.77,55.11,55.12,-0.48,-0.86%,5739879
14/02/2011,53.92,54.08,53.68,53.84,-1.28,-2.32%,14202265
15/02/2011,53.95,53.97,53.13,53.3,-0.54,-1.00%,3786511
16/02/2011,53.29,54.03,53.28,53.84,0.54,1.01%,6649127
17/02/2011,54.02,54.05,53.67,53.99,0.15,0.28%,3027537
18/02/2011,53.9,54.2,53.55,54.2,0.21,0.39%,3392373
21/02/2011,54,54.22,53.42,53.92,-0.28,-0.52%,3934041
22/02/2011,53.8,53.8,52.92,53.21,-0.71,-1.32%,3759848
23/02/2011,52.88,53.28,52.8,53.19,-0.02,-0.04%,2842835
24/02/2011,52.92,53.13,52.73,52.73,-0.46,-0.86%,3119614
25/02/2011,52.7,53.2,52.38,53.09,0.36,0.68%,4131969
28/02/2011,53.1,53.16,52.82,53.11,0.02,0.04%,2388627
1/03/2011,53.25,53.5,52.85,53.04,-0.07,-0.13%,4571192
2/03/2011,52.67,52.75,52.28,52.57,-0.47,-0.89%,4190754
3/03/2011,52.45,52.46,52.01,52.11,-0.46,-0.88%,3483910
4/03/2011,52.6,52.74,52.47,52.65,0.54,1.04%,2289218
7/03/2011,52.25,52.3,51.55,51.69,-0.96,-1.82%,3103345
8/03/2011,51.3,52.07,51.28,51.81,0.12,0.23%,3596020
9/03/2011,52.19,52.25,51.34,51.5,-0.31,-0.60%,2426550
10/03/2011,51.76,51.97,51.06,51.3,-0.2,-0.39%,3784101
11/03/2011,51,51.26,50.72,50.86,-0.44,-0.86%,4949819
14/03/2011,50.13,50.75,50,50.58,-0.28,-0.55%,3720264
15/03/2011,50.9,50.9,49.34,49.75,-0.83,-1.64%,5263630
16/03/2011,49.8,50.43,49.53,50,0.25,0.50%,5839553
17/03/2011,49.85,50.2,49.25,49.75,-0.25,-0.50%,8995499
18/03/2011,50.15,50.55,49.51,50.32,0.57,1.15%,4701300
21/03/2011,50.45,50.72,50.01,50.65,0.33,0.66%,3702735
22/03/2011,51.2,51.3,50.8,50.94,0.29,0.57%,4029812
23/03/2011,51.07,51.43,51.01,51.33,0.39,0.77%,3993774
24/03/2011,51.37,51.75,51.35,51.72,0.39,0.76%,2832486
25/03/2011,52.18,52.35,51.74,51.86,0.14,0.27%,7831913
28/03/2011,51.7,51.85,51.44,51.74,-0.12,-0.23%,2094325
29/03/2011,51.84,52.1,51.7,51.84,0.1,0.19%,3408492
30/03/2011,52.08,52.7,51.74,52.53,0.69,1.33%,4044738
31/03/2011,52.5,52.5,52.08,52.4,-0.13,-0.25%,3077403
1/04/2011,52.37,52.91,52.36,52.74,0.34,0.65%,2807727
4/04/2011,52.92,52.99,52.23,52.44,-0.3,-0.57%,2815593
5/04/2011,52.35,52.45,52.02,52.25,-0.19,-0.36%,3733465
6/04/2011,52.36,52.54,52.08,52.3,0.05,0.10%,3123008
7/04/2011,52.21,52.78,52.21,52.55,0.25,0.48%,2862579
8/04/2011,52.78,53.1,52.56,53.1,0.55,1.05%,4852210
11/04/2011,53.24,53.32,52.79,53,-0.1,-0.19%,3227023
12/04/2011,53.1,53.34,52.41,52.54,-0.46,-0.87%,3877039
13/04/2011,52.5,53,52.42,52.89,0.35,0.67%,4478741
14/04/2011,52.8,52.97,52.36,52.67,-0.22,-0.42%,2997177
15/04/2011,52.6,52.89,52.12,52.22,-0.45,-0.85%,3379304
18/04/2011,52.52,52.68,52.08,52.53,0.31,0.59%,2900245
19/04/2011,52.13,52.36,51.8,52.01,-0.52,-0.99%,3320420
20/04/2011,52.2,52.71,52.05,52.67,0.66,1.27%,3028839
21/04/2011,53.1,53.21,52.75,53.16,0.49,0.93%,2833286
27/04/2011,53.43,53.63,52.91,53.07,-0.09,-0.17%,3802572
28/04/2011,53.45,53.98,53.27,53.66,0.59,1.11%,4298165
29/04/2011,53.68,54,53.21,53.71,0.05,0.09%,7488883
2/05/2011,53.81,53.96,53.36,53.75,0.04,0.07%,4376863
3/05/2011,53.5,53.54,53.01,53.36,-0.39,-0.73%,3636821
4/05/2011,53.4,53.4,52.44,52.67,-0.69,-1.29%,4302329
5/05/2011,52.35,52.72,52.09,52.67,0,0.00%,3995398
6/05/2011,52.63,53.1,52.45,52.63,-0.04,-0.08%,4507316
9/05/2011,53.05,53.18,52.42,52.65,0.02,0.04%,2741110
10/05/2011,52.86,52.97,52.06,52.2,-0.45,-0.85%,3312382
11/05/2011,52.72,52.84,52.07,52.52,0.32,0.61%,6815107
12/05/2011,52.25,52.3,51.66,51.7,-0.82,-1.56%,4394043
16/05/2011,51.11,51.6,51.11,51.48,-0.22,-0.43%,2881375
17/05/2011,51.48,51.99,51.26,51.89,0.41,0.80%,2246012
18/05/2011,51.9,52.21,51.6,51.8,-0.09,-0.17%,3304613
19/05/2011,52.28,52.55,51.76,52.38,0.58,1.12%,4674751
20/05/2011,52.33,52.35,52.08,52.17,-0.21,-0.40%,2214505
23/05/2011,51.9,51.9,51.29,51.42,-0.75,-1.44%,5539384
24/05/2011,51.14,51.37,50.42,50.92,-0.5,-0.97%,4871906
25/05/2011,50.64,50.69,49.88,50.01,-0.91,-1.79%,6531857
26/05/2011,50.4,50.5,49.91,50.4,0.39,0.78%,7122263
27/05/2011,50.4,51.18,50.33,50.97,0.57,1.13%,6942212
30/05/2011,50.97,50.99,50.14,50.3,-0.67,-1.31%,2924580
31/05/2011,50.32,50.89,50.3,50.62,0.32,0.64%,3993183
1/06/2011,50.67,50.75,50.07,50.36,-0.26,-0.51%,3897152
2/06/2011,49.69,49.83,49.33,49.4,-0.96,-1.91%,6262632
3/06/2011,49.75,49.88,49.4,49.51,0.11,0.22%,4601075
6/06/2011,49.41,49.78,49.36,49.68,0.17,0.34%,3642017
7/06/2011,49.3,49.82,49.05,49.73,0.05,0.10%,3702592
8/06/2011,49.7,49.72,49.07,49.32,-0.41,-0.82%,3768645
9/06/2011,49.1,49.87,49.05,49.6,0.28,0.57%,3853932
10/06/2011,49.62,49.81,49.32,49.59,-0.01,-0.02%,3485644
14/06/2011,49.34,50.62,49.32,50.45,0.86,1.73%,4580610
15/06/2011,50.6,50.74,50.01,50.32,-0.13,-0.26%,3736528
16/06/2011,50.1,50.1,49.21,49.26,-1.06,-2.11%,8018252
17/06/2011,49.89,50.1,49.22,49.52,0.26,0.53%,4603391
20/06/2011,49.88,50.17,49.5,49.5,-0.02,-0.04%,3835555
21/06/2011,50.08,50.33,49.95,50.26,0.76,1.54%,4171314
22/06/2011,50.85,50.9,50.53,50.61,0.35,0.70%,4509517
23/06/2011,50.59,50.67,50.3,50.49,-0.12,-0.24%,3754398
24/06/2011,50.64,51.37,50.64,51.13,0.64,1.27%,8942385
27/06/2011,50.69,50.86,50.39,50.45,-0.68,-1.33%,4138022
28/06/2011,51.04,51.09,50.75,50.8,0.35,0.69%,3952821
29/06/2011,51.19,51.38,51.03,51.37,0.57,1.12%,3895833
30/06/2011,51.79,52.3,51.54,52.3,0.93,1.81%,5093100
1/07/2011,52.15,52.19,51.73,51.92,-0.38,-0.73%,3882786
4/07/2011,52.31,52.49,51.96,52.06,0.14,0.27%,4142425
5/07/2011,52.33,52.33,51.66,51.78,-0.28,-0.54%,4348295
6/07/2011,51.85,51.85,51.14,51.47,-0.31,-0.60%,4991294
7/07/2011,51.2,51.71,51.09,51.39,-0.08,-0.16%,5889053
8/07/2011,51.69,51.98,51.46,51.77,0.38,0.74%,3303172
11/07/2011,51.26,51.35,50.51,50.55,-1.22,-2.36%,6033349
12/07/2011,50.05,50.15,49.53,49.64,-0.91,-1.80%,5945001
13/07/2011,49.7,49.98,49.41,49.6,-0.04,-0.08%,5241156
14/07/2011,49.45,49.5,48.71,49.02,-0.58,-1.17%,5377806
15/07/2011,48.75,49.2,48.47,49.02,0,0.00%,5462838
18/07/2011,49.14,49.16,48.72,48.89,-0.13,-0.27%,3339030
19/07/2011,48.7,49.01,48.43,48.55,-0.34,-0.70%,5389412
20/07/2011,49.46,49.59,49.25,49.55,1,2.06%,5815328
21/07/2011,49.6,50.05,49.6,49.74,0.19,0.38%,4345594
22/07/2011,50.49,50.73,50.38,50.52,0.78,1.57%,4859736
25/07/2011,50.03,50.3,49.16,49.54,-0.98,-1.94%,5573110
26/07/2011,49.94,50.38,49.9,50.22,0.68,1.37%,6036015
27/07/2011,50.22,50.38,49.74,49.82,-0.4,-0.80%,6098765
28/07/2011,49.25,49.63,49.07,49.44,-0.38,-0.76%,5651200
29/07/2011,49.49,49.79,49.25,49.27,-0.17,-0.34%,9589170
1/08/2011,49.79,50.73,49.75,50.09,0.82,1.66%,5739513
2/08/2011,49.77,49.89,49.33,49.42,-0.67,-1.34%,5196485
3/08/2011,48.6,48.82,48.35,48.55,-0.87,-1.76%,5828758
4/08/2011,48.51,48.85,47.47,47.55,-1,-2.06%,8490834
5/08/2011,46.1,46.72,45.91,46.26,-1.29,-2.71%,12288477
8/08/2011,45.8,46.71,45.23,45.62,-0.64,-1.38%,9093206
9/08/2011,44.66,47.46,43.41,47.28,1.66,3.64%,13327524
10/08/2011,49.2,49.22,47.54,48.23,0.95,2.01%,13786119
11/08/2011,47.5,49,47.22,48.58,0.35,0.73%,10078203
12/08/2011,49,49.4,48.1,48.56,-0.02,-0.04%,8511251
15/08/2011,49,49.3,48.89,49.23,0.67,1.38%,2410306
16/08/2011,49.25,49.25,48.35,48.59,-0.64,-1.30%,1354312
17/08/2011,46.9,47.67,46.5,47.4,-1.19,-2.45%,8333014
18/08/2011,47.5,47.56,46.87,47.32,-0.08,-0.17%,5610522
19/08/2011,45.96,46.45,45.8,45.96,-1.36,-2.87%,6767418
22/08/2011,45.9,46.63,45.55,45.9,-0.06,-0.13%,6217721
23/08/2011,46.14,47.01,46.01,47.01,1.11,2.42%,7141183
24/08/2011,47.55,47.72,46.6,46.71,-0.3,-0.64%,6435822
25/08/2011,47.47,47.72,47.01,47.49,0.78,1.67%,5382379
26/08/2011,47.5,47.71,47.22,47.37,-0.12,-0.25%,8386040
29/08/2011,47.8,48.32,47.69,47.96,0.59,1.25%,4867402
30/08/2011,48.35,48.6,47.91,47.93,-0.03,-0.06%,4261144
31/08/2011,47.99,48.22,47.52,48.22,0.29,0.61%,5160543
1/09/2011,48.4,48.75,47.94,48.08,-0.14,-0.29%,5776409
2/09/2011,47.8,48.07,47.21,47.52,-0.56,-1.16%,5166011
5/09/2011,47,47,46.17,46.39,-1.13,-2.38%,5613998
6/09/2011,45.78,46.49,45.6,45.98,-0.41,-0.88%,6720208
7/09/2011,46.63,47.5,46.59,47.49,1.51,3.28%,5203526
8/09/2011,47.83,47.89,46.69,47.22,-0.27,-0.57%,5689110
9/09/2011,47.04,47.89,47.04,47.41,0.19,0.40%,3781624
12/09/2011,46.18,46.2,45.25,45.45,-1.96,-4.13%,5834031
13/09/2011,45.44,46.01,45.11,45.11,-0.34,-0.75%,6758019
14/09/2011,45.24,45.41,43.88,44,-1.11,-2.46%,9778153
15/09/2011,44.96,45.36,43.97,44.76,0.76,1.73%,10244047
16/09/2011,45.44,45.86,45.3,45.58,0.82,1.83%,4865111
19/09/2011,45.57,45.57,44.76,44.95,-0.63,-1.38%,5830621
20/09/2011,45.06,45.06,44.17,44.37,-0.58,-1.29%,6038679
21/09/2011,44.41,44.5,43.54,43.95,-0.42,-0.95%,7312529
22/09/2011,42.85,43.21,42.72,42.93,-1.02,-2.32%,7361153
23/09/2011,42.51,44.25,42.3,43.33,0.4,0.93%,9746719
26/09/2011,44.38,44.7,43.65,43.85,0.52,1.20%,7432900
27/09/2011,44.91,45.55,44.74,45.55,1.7,3.88%,7067549
28/09/2011,45.47,45.86,45.19,45.5,-0.05,-0.11%,5449762
29/09/2011,45.1,45.51,44.68,45.51,0.01,0.02%,5929660
30/09/2011,45.45,45.79,44.95,45.55,0.04,0.09%,11759699
3/10/2011,44.6,44.99,43.82,43.88,-1.67,-3.67%,4517514
4/10/2011,43.35,43.98,43.12,43.51,-0.37,-0.84%,8770566
5/10/2011,44.65,44.93,43.17,43.51,0,0.00%,7414507
6/10/2011,44.25,45.42,43.94,45.4,1.89,4.34%,7017044
7/10/2011,45.95,46.49,45.76,46.25,0.85,1.87%,7373378
10/10/2011,46.06,46.73,45.96,46.71,0.46,0.99%,3513975
11/10/2011,47.38,47.53,46.77,47.25,0.54,1.16%,4798413
12/10/2011,47,47.65,46.95,47.46,0.21,0.44%,5050075
13/10/2011,47.8,48.05,47.43,47.58,0.12,0.25%,6349785
14/10/2011,47.4,47.85,47.22,47.5,-0.08,-0.17%,2939913
17/10/2011,47.99,48.54,47.95,48.31,0.81,1.71%,4050294
18/10/2011,47.31,47.67,47.31,47.45,-0.86,-1.78%,4060863
19/10/2011,47.89,48.16,47.77,48.01,0.56,1.18%,4348854
20/10/2011,47.95,47.99,47.35,47.72,-0.29,-0.60%,4473748
21/10/2011,47.79,47.97,47.44,47.55,-0.17,-0.36%,3484413
24/10/2011,48,48.95,47.98,48.78,1.23,2.59%,4521913
25/10/2011,48.98,49.19,48.34,48.72,-0.06,-0.12%,6120255
26/10/2011,48.3,49.39,48.23,49.11,0.39,0.80%,5990782
27/10/2011,49.2,50.38,49.12,49.99,0.88,1.79%,5006066
28/10/2011,50.79,51.09,49.66,49.96,-0.03,-0.06%,12112226
31/10/2011,49.36,50.12,49.27,49.27,-0.69,-1.38%,4488312
1/11/2011,48.66,49.13,48.56,48.7,-0.57,-1.16%,3873955
2/11/2011,47.97,48.5,47.58,48.22,-0.48,-0.99%,7023186
3/11/2011,48.22,48.3,47.46,48.01,-0.21,-0.44%,3966226
4/11/2011,49.19,49.19,48.61,49.03,1.02,2.12%,3672308
7/11/2011,49.03,49.32,48.76,49.32,0.29,0.59%,2723872
8/11/2011,49.51,49.82,49.17,49.68,0.36,0.73%,3763626
9/11/2011,50,50.14,49.76,49.96,0.28,0.56%,3268940
10/11/2011,48.65,48.85,48.39,48.83,-1.13,-2.26%,4978370
11/11/2011,49.01,49.81,49.01,49.59,0.76,1.56%,4760106
14/11/2011,50.2,50.5,49.85,49.86,0.27,0.54%,4159585
15/11/2011,48.98,49.4,48.89,49.15,-0.71,-1.42%,5924314
16/11/2011,49.08,49.26,48.48,48.62,-0.53,-1.08%,5297378
17/11/2011,48.66,48.88,48.14,48.61,-0.01,-0.02%,5019003
18/11/2011,48.1,48.19,47.61,47.73,-0.88,-1.81%,5226875
21/11/2011,47.54,47.89,47.15,47.55,-0.18,-0.38%,3487830
22/11/2011,47,47.69,46.86,47.4,-0.15,-0.32%,4199671
23/11/2011,47.23,47.35,46.27,46.27,-1.13,-2.38%,5178640
24/11/2011,46.25,46.93,46.11,46.6,0.33,0.71%,5635861
25/11/2011,46.3,46.55,45.39,45.39,-1.21,-2.60%,7626845
28/11/2011,46.01,47.09,46.01,46.89,1.5,3.30%,5433957
29/11/2011,47.2,47.4,46.27,47.37,0.48,1.02%,4208231
30/11/2011,47.2,47.4,46.69,47.4,0.03,0.06%,6724120
1/12/2011,48.85,48.87,48.31,48.6,1.2,2.53%,5657394
2/12/2011,48.73,49.55,48.62,49.55,0.95,1.95%,5185300
5/12/2011,49.9,49.98,49.43,49.96,0.41,0.83%,5348842
6/12/2011,49.95,50.26,49.7,49.7,-0.26,-0.52%,6394919
7/12/2011,50.01,50.17,49.74,50.17,0.47,0.95%,4071293
8/12/2011,50.15,50.17,49.68,49.68,-0.49,-0.98%,5695342
9/12/2011,49.19,49.46,48.63,48.84,-0.84,-1.69%,5748475
12/12/2011,49.47,49.98,49.45,49.83,0.99,2.03%,5235211
13/12/2011,49.1,49.36,48.97,49.35,-0.48,-0.96%,5030256
14/12/2011,49.25,49.48,48.82,49.38,0.03,0.06%,5158587
15/12/2011,49.3,49.3,48.49,48.63,-0.75,-1.52%,7915182
16/12/2011,48.79,49.17,48.63,49.13,0.5,1.03%,5337488
19/12/2011,48.65,48.77,48.19,48.29,-0.84,-1.71%,4765926
20/12/2011,48.29,48.8,48.25,48.32,0.03,0.06%,4322286
21/12/2011,49,49.34,48.9,49.34,1.02,2.11%,4827913
22/12/2011,49.3,49.37,49.03,49.32,-0.02,-0.04%,3576682
23/12/2011,49.89,49.99,49.75,49.81,0.49,0.99%,9254903
28/12/2011,49.93,49.99,49.25,49.31,-0.5,-1.00%,1992837
29/12/2011,49.08,49.41,48.91,49.33,0.02,0.04%,2021868
30/12/2011,49.45,49.58,49.04,49.22,-0.11,-0.22%,1207751
3/01/2012,49.75,49.98,49.61,49.61,0.39,0.79%,3169576
4/01/2012,49.96,50.29,49.86,49.99,0.38,0.77%,3586812
5/01/2012,49.63,49.8,49.42,49.65,-0.34,-0.68%,2594405
6/01/2012,49.74,49.85,49.11,49.51,-0.14,-0.28%,3496153
9/01/2012,49.79,49.79,49.2,49.4,-0.11,-0.22%,2979082
10/01/2012,49.62,49.97,49.57,49.78,0.38,0.77%,3028260
11/01/2012,49.71,50.24,49.71,49.94,0.16,0.32%,3439779
12/01/2012,49.9,50.15,49.7,49.91,-0.03,-0.06%,4361349
13/01/2012,50.18,50.26,49.96,50.07,0.16,0.32%,2596794
16/01/2012,49.57,49.79,49.4,49.51,-0.56,-1.12%,3954664
17/01/2012,49.74,50,49.68,49.84,0.33,0.67%,4012265
18/01/2012,50,50.21,49.84,49.84,0,0.00%,4504697
19/01/2012,50.2,50.24,49.8,49.8,-0.04,-0.08%,4239003
20/01/2012,50.17,50.24,49.46,49.83,0.03,0.06%,3815822
23/01/2012,49.8,50.02,49.74,49.74,-0.09,-0.18%,2641210
24/01/2012,49.92,50.05,49.7,49.8,0.06,0.12%,3746948
25/01/2012,49.95,51.25,49.83,51,1.2,2.41%,14252031
27/01/2012,51.2,51.76,50.97,51.16,0.16,0.31%,6778728
30/01/2012,51.15,51.57,50.91,51.04,-0.12,-0.23%,4334696
31/01/2012,50.91,51.27,50.66,50.66,-0.38,-0.74%,4055186
1/02/2012,50.7,50.97,50.44,50.44,-0.22,-0.43%,5299464
2/02/2012,50.94,51.07,50.65,50.66,0.22,0.44%,3934776
3/02/2012,50.78,50.87,50.5,50.57,-0.09,-0.18%,2722800
6/02/2012,51.1,51.19,50.8,50.84,0.27,0.53%,3472171
7/02/2012,50.7,51.13,50.48,50.51,-0.33,-0.65%,4175771
8/02/2012,50.56,50.85,50.2,50.32,-0.19,-0.38%,4757334
9/02/2012,50.23,50.48,49.93,50.41,0.09,0.18%,4597570
10/02/2012,50.41,50.5,49.88,49.88,-0.53,-1.05%,4080552
13/02/2012,50,50.63,49.94,50.29,0.41,0.82%,3704448
14/02/2012,50.3,50.48,49.8,49.96,-0.33,-0.66%,3952717
15/02/2012,50.37,50.49,49.96,50.23,0.27,0.54%,6652024
16/02/2012,50.32,50.32,49.62,49.85,-0.38,-0.76%,7005922
17/02/2012,50.15,50.24,49.68,49.68,-0.17,-0.34%,5680758
20/02/2012,48.89,49.1,48.59,49.1,-0.58,-1.17%,11569446
21/02/2012,48.98,49.67,48.9,49.47,0.37,0.75%,5854476
22/02/2012,49.33,49.75,49.21,49.64,0.17,0.34%,3821177
23/02/2012,49.55,49.82,49.38,49.52,-0.12,-0.24%,2825970
24/02/2012,49.63,49.85,49.55,49.7,0.18,0.36%,5503505
27/02/2012,49.75,49.82,49.24,49.44,-0.26,-0.52%,3222529
28/02/2012,49.68,49.68,49.05,49.15,-0.29,-0.59%,4242267
29/02/2012,49.15,49.66,48.91,49.43,0.28,0.57%,6159761
1/03/2012,49.12,49.26,48.91,49.06,-0.37,-0.75%,3911310
2/03/2012,49.26,49.37,48.96,49.12,0.06,0.12%,1632357
5/03/2012,49.03,49.35,48.81,49.09,-0.03,-0.06%,2549928
6/03/2012,48.85,49,48.45,48.58,-0.51,-1.04%,5233737
7/03/2012,48.12,48.2,47.55,47.66,-0.92,-1.89%,4926862
8/03/2012,47.6,48.52,47.5,48.04,0.38,0.80%,7193256
9/03/2012,47.99,48.28,47.69,48.08,0.04,0.08%,5238974
12/03/2012,47.85,48.07,47.76,47.84,-0.24,-0.50%,3584047
13/03/2012,48.14,48.5,48.05,48.37,0.53,1.11%,4088503
14/03/2012,49.17,49.19,48.8,48.8,0.43,0.89%,4411844
15/03/2012,48.95,49.18,48.86,48.98,0.18,0.37%,5099712
16/03/2012,49.1,49.13,48.63,48.96,-0.02,-0.04%,5468996
19/03/2012,49.15,49.21,48.85,49.03,0.07,0.14%,3415109
20/03/2012,48.74,49.01,48.6,48.9,-0.13,-0.27%,3155820
21/03/2012,48.96,48.96,48.61,48.63,-0.27,-0.55%,2602860
22/03/2012,48.68,49.05,48.58,49.02,0.39,0.80%,3207733
23/03/2012,48.77,49.43,48.74,49.16,0.14,0.29%,2999218
26/03/2012,49.1,49.74,49.1,49.48,0.32,0.65%,4430259
27/03/2012,49.97,50.02,49.72,49.86,0.38,0.77%,4822833
28/03/2012,49.9,50.49,49.86,50.38,0.52,1.04%,5304717
29/03/2012,50.48,50.56,50.22,50.45,0.07,0.14%,5121608
30/03/2012,50.38,50.53,50.04,50.1,-0.35,-0.69%,11897661
2/04/2012,50.45,50.49,49.88,49.95,-0.15,-0.30%,3290928
3/04/2012,50.11,50.34,49.91,50.04,0.09,0.18%,3218703
4/04/2012,49.99,50.33,49.9,49.9,-0.14,-0.28%,3664439
5/04/2012,49.97,50.31,49.46,50.06,0.16,0.32%,3661727
10/04/2012,49.51,50.12,49.51,49.99,-0.07,-0.14%,3002229
11/04/2012,49.6,49.9,49.58,49.6,-0.39,-0.78%,3714483
12/04/2012,49.95,49.95,49.53,49.76,0.16,0.32%,3524613
13/04/2012,50.12,50.2,49.87,50.18,0.42,0.84%,3767683
16/04/2012,49.9,50.18,49.86,50.1,-0.08,-0.16%,2245509
17/04/2012,50.11,50.32,50.01,50.1,0,0.00%,3062305
18/04/2012,50.44,50.865,50.4,50.78,0.68,1.36%,4763956
19/04/2012,50.6,50.91,50.53,50.78,0,0.00%,4266379
20/04/2012,50.78,50.95,50.7,50.94,0.16,0.32%,2631483
23/04/2012,50.99,51.07,50.86,50.95,0.01,0.02%,2461183
24/04/2012,50.95,51.49,50.9,51.15,0.2,0.39%,4264692
26/04/2012,51.5,51.76,51.43,51.66,0.51,1.00%,4578410
27/04/2012,51.77,51.95,51.56,51.59,-0.07,-0.14%,9018603
30/04/2012,51.89,52.01,51.6,51.97,0.38,0.74%,3827739
1/05/2012,52.07,52.99,51.97,52.85,0.88,1.69%,6080315
2/05/2012,52.97,53.09,52.49,52.68,-0.17,-0.32%,3042982
3/05/2012,52.67,52.83,52.61,52.68,0,0.00%,3158265
4/05/2012,52.6,52.85,52.39,52.62,-0.06,-0.11%,3107697
7/05/2012,52.09,52.58,51.98,52.06,-0.56,-1.06%,5377320
8/05/2012,52.21,52.32,51.81,52.08,0.02,0.04%,3708369
9/05/2012,51.85,52,51.35,51.66,-0.42,-0.81%,4557853
10/05/2012,51.71,51.9,51.51,51.9,0.24,0.46%,4286380
11/05/2012,51.79,51.92,51.56,51.8,-0.1,-0.19%,3575574
14/05/2012,51.99,52.9,51.92,52.8,1,1.93%,4759558
15/05/2012,52.74,52.79,52.31,52.66,-0.14,-0.27%,4548727
16/05/2012,52.44,52.47,51.61,51.77,-0.89,-1.69%,4979894
17/05/2012,51.82,51.86,50.52,51.02,-0.75,-1.45%,7613028
18/05/2012,50.1,50.21,49.2,49.4,-1.62,-3.18%,7260561
21/05/2012,49.35,49.96,49.31,49.64,0.24,0.49%,5249099
22/05/2012,50,50.09,49.64,49.91,0.27,0.54%,4246105
23/05/2012,49.65,49.71,49.31,49.43,-0.48,-0.96%,5005234
24/05/2012,49.43,49.8,49.21,49.31,-0.12,-0.24%,2725904
25/05/2012,49.58,49.67,48.55,48.72,-0.59,-1.20%,8054037
28/05/2012,48.81,49.47,48.81,49.28,0.56,1.15%,3033854
29/05/2012,49.24,50.45,49.08,49.88,0.6,1.22%,3915378
30/05/2012,49.88,49.95,49.36,49.74,-0.14,-0.28%,3759238
31/05/2012,48.95,49.4,48.89,49.4,-0.34,-0.68%,5445127
1/06/2012,49.4,50.04,49.26,49.69,0.29,0.59%,3930061
4/06/2012,48.88,49.14,48.76,49.05,-0.64,-1.29%,4206036
5/06/2012,49.55,50.2,49.44,50,0.95,1.94%,5070164
6/06/2012,50.36,50.36,49.52,50.05,0.05,0.10%,3768192
7/06/2012,50.87,51.2,50.61,51.04,0.99,1.98%,4436871
8/06/2012,51.21,51.21,50.27,50.47,-0.57,-1.12%,3814977
12/06/2012,50.7,50.98,50.54,50.82,0.35,0.69%,2856564
13/06/2012,50.93,50.99,50.35,50.62,-0.2,-0.39%,2990919
14/06/2012,50.59,50.69,50.14,50.57,-0.05,-0.10%,3077351
15/06/2012,50.84,50.94,50.45,50.89,0.32,0.63%,3795764
18/06/2012,51.35,51.65,51.33,51.54,0.65,1.28%,3472160
19/06/2012,51.3,51.8,51.19,51.59,0.05,0.10%,2915438
20/06/2012,51.88,52.28,51.75,52.09,0.5,0.97%,6880796
21/06/2012,52.34,52.37,51.69,51.78,-0.31,-0.60%,8746254
22/06/2012,51.61,51.78,51.38,51.69,-0.09,-0.17%,3396297
25/06/2012,51.78,51.78,51.33,51.55,-0.14,-0.27%,3876771
26/06/2012,51.36,51.81,51.36,51.7,0.15,0.29%,3354545
27/06/2012,51.77,52.24,51.62,52.15,0.45,0.87%,3900775
28/06/2012,52.26,52.7,52.15,52.62,0.47,0.90%,5809438
29/06/2012,52.53,53.8,52.36,53.1,0.48,0.91%,12255623
2/07/2012,53.57,53.78,53.34,53.53,0.43,0.81%,4007922
3/07/2012,53.53,53.69,53.18,53.32,-0.21,-0.39%,3933249
4/07/2012,53.67,53.7,53.42,53.59,0.27,0.51%,3371153
5/07/2012,53.7,53.98,53.65,53.81,0.22,0.41%,3612185
6/07/2012,53.82,54.09,53.52,54.09,0.28,0.52%,3963818
9/07/2012,53.82,53.93,53.61,53.78,-0.31,-0.57%,2643150
10/07/2012,53.7,53.73,53.27,53.44,-0.34,-0.63%,3538274
11/07/2012,53.44,53.79,53.32,53.6,0.16,0.30%,3098224
12/07/2012,53.75,53.8,53.41,53.51,-0.09,-0.17%,2724437
13/07/2012,53.4,53.87,53.4,53.77,0.26,0.49%,4161578
16/07/2012,54.04,54.29,53.94,54.06,0.29,0.54%,3420213
17/07/2012,54.24,55.14,54.13,54.9,0.84,1.55%,5755138
18/07/2012,55.14,55.6,54.98,55.25,0.35,0.64%,4018338
19/07/2012,55.88,55.9,55.42,55.9,0.65,1.18%,5877717
20/07/2012,55.8,55.86,55.04,55.12,-0.78,-1.40%,4409963
23/07/2012,54.85,55.09,54.58,54.74,-0.38,-0.69%,3861635
24/07/2012,54.7,54.97,54.46,54.78,0.04,0.07%,2394405
25/07/2012,54.44,54.94,54.09,54.86,0.08,0.15%,2752361
26/07/2012,54.89,55.5,54.78,55.41,0.55,1.00%,6795346
27/07/2012,55.74,56.24,55.6,56.18,0.77,1.39%,13691786
30/07/2012,56.85,57.66,56.71,57.2,1.02,1.82%,7434218
31/07/2012,57.29,58.05,57.21,57.53,0.33,0.58%,6032477
1/08/2012,57.29,57.57,56.94,57.27,-0.26,-0.45%,3739033
2/08/2012,56.93,57.07,56.5,56.59,-0.68,-1.19%,6170155
3/08/2012,56.2,56.51,55.88,55.98,-0.61,-1.08%,4242359
6/08/2012,56.63,56.79,56.3,56.38,0.4,0.71%,3085854
7/08/2012,56.3,56.95,56.2,56.82,0.44,0.78%,4668810
8/08/2012,57.05,58,57.04,57.59,0.77,1.36%,6833625
9/08/2012,57.7,57.74,56.93,57.03,-0.56,-0.97%,4883550
10/08/2012,56.97,56.98,55.88,55.94,-1.09,-1.91%,5835174
13/08/2012,56.29,56.72,55.67,55.69,-0.25,-0.45%,2768100
14/08/2012,55.45,55.9,55.29,55.54,-0.15,-0.27%,3565519
15/08/2012,55.99,56.59,55.65,56.05,0.51,0.92%,4702682
16/08/2012,56.59,57.05,56.35,57.05,1,1.78%,6902237
17/08/2012,57.38,57.52,56.78,57.35,0.3,0.53%,6869494
20/08/2012,54.9,55.85,54.39,55.8,-1.55,-2.70%,29801592
21/08/2012,55.88,56.19,55.47,55.8,0,0.00%,5892760
22/08/2012,55.89,55.89,55.11,55.34,-0.46,-0.82%,4483627
23/08/2012,55.49,55.77,54.95,55.14,-0.2,-0.36%,2723645
24/08/2012,54.57,54.99,54.57,54.9,-0.24,-0.44%,2497530
27/08/2012,54.99,55.29,54.5,54.64,-0.26,-0.47%,2701609
28/08/2012,54.75,54.79,54.08,54.41,-0.23,-0.42%,3975991
29/08/2012,54.18,54.49,54.18,54.31,-0.1,-0.18%,3176858
30/08/2012,54.43,54.43,53.87,53.98,-0.33,-0.61%,5196024
31/08/2012,53.8,54.99,53.75,54.74,0.76,1.41%,11888181
3/09/2012,54.85,55.22,54.1,54.99,0.25,0.46%,4755478
4/09/2012,55.01,55.03,54.31,54.63,-0.36,-0.65%,4209618
6/09/2012,54.9,55.06,54.53,54.72,0.09,0.16%,3488929
7/09/2012,55.35,55.35,54.38,54.6,-0.12,-0.22%,2860869
10/09/2012,54.9,54.9,54.24,54.48,-0.12,-0.22%,3184522
11/09/2012,54.25,54.42,54.11,54.18,-0.3,-0.55%,3207664
12/09/2012,53.91,55.2,53.91,55.06,0.88,1.62%,5019663
13/09/2012,54.73,55.06,54.73,55.02,-0.04,-0.07%,2414648
14/09/2012,55.49,55.5,55,55.28,0.26,0.47%,3697784
17/09/2012,55.31,55.48,55.27,55.29,0.01,0.02%,3581908
18/09/2012,55.27,55.47,55.155,55.29,0,0.00%,3426233
19/09/2012,55.29,55.46,55.11,55.35,0.06,0.11%,5638695
20/09/2012,54.96,55.37,54.92,54.97,-0.38,-0.69%,7675860
21/09/2012,55.01,55.35,54.945,55.15,0.18,0.33%,2964045
24/09/2012,55.05,55.28,54.85,55.08,-0.07,-0.13%,5227816
25/09/2012,55.07,55.55,55.02,55.31,0.23,0.42%,3604329
26/09/2012,55.18,55.63,55.12,55.37,0.06,0.11%,2979178
27/09/2012,55.29,55.92,55.29,55.83,0.46,0.83%,4531486
28/09/2012,55.9,55.92,55.52,55.77,-0.06,-0.11%,12380191
1/10/2012,55.85,56.05,55.71,55.85,0.08,0.14%,1419601
2/10/2012,55.91,56.185,55.79,56.04,0.19,0.34%,2680473
3/10/2012,56.18,56.28,56,56,-0.04,-0.07%,2342224
4/10/2012,56.28,56.64,56.2,56.55,0.55,0.98%,3150096
5/10/2012,56.7,56.99,56.32,56.85,0.3,0.53%,2669272
8/10/2012,56.83,56.98,56.42,56.59,-0.26,-0.46%,2672635
9/10/2012,56.44,56.94,56.44,56.73,0.14,0.25%,3269239
10/10/2012,56.5,56.89,56.47,56.65,-0.08,-0.14%,2912608
11/10/2012,56.51,56.9,56.44,56.74,0.09,0.16%,4087278
12/10/2012,56.65,56.9,56.55,56.85,0.11,0.19%,2129862
15/10/2012,56.63,57.07,56.63,56.93,0.08,0.14%,2684611
16/10/2012,57.1,57.54,57.05,57.09,0.16,0.28%,2635961
17/10/2012,57.23,57.5,56.94,56.99,-0.1,-0.18%,3828820
18/10/2012,57.5,57.5,56.81,57.05,0.06,0.11%,3670809
19/10/2012,57.05,57.05,56.55,56.84,-0.21,-0.37%,3749002
22/10/2012,56.62,56.87,56.56,56.67,-0.17,-0.30%,3263305
23/10/2012,56.6,57.14,56.6,57.1,0.43,0.76%,3353779
24/10/2012,56.91,57.44,56.75,57.08,-0.02,-0.04%,3542263
25/10/2012,57.04,57.35,57.04,57.3,0.22,0.39%,2400433
26/10/2012,57.3,57.47,56.79,56.85,-0.45,-0.79%,10425126
29/10/2012,56.9,57.14,56.77,56.79,-0.06,-0.11%,1855090
30/10/2012,56.85,57.38,56.84,57.31,0.52,0.92%,2505440
31/10/2012,57.47,57.88,57.27,57.75,0.44,0.77%,4311832
1/11/2012,57.6,57.91,57.26,57.27,-0.48,-0.83%,4242947
2/11/2012,57.41,57.47,57.05,57.37,0.1,0.17%,3716949
5/11/2012,57.36,57.49,56.91,57.4,0.03,0.05%,2402879
6/11/2012,57.4,57.69,57.33,57.48,0.08,0.14%,1504902
7/11/2012,57.48,58,57.14,57.8,0.32,0.56%,2889319
8/11/2012,57.45,58.19,57.31,58.18,0.38,0.66%,3346868
9/11/2012,58.12,59.04,58.07,58.82,0.64,1.10%,5359006
12/11/2012,58.96,59.66,58.75,59.4,0.58,0.99%,3358423
13/11/2012,59.38,59.48,58.68,58.7,-0.7,-1.18%,4971118
14/11/2012,58.55,59.2,58.55,59.09,0.39,0.66%,3383847
15/11/2012,58.85,58.91,58.32,58.69,-0.4,-0.68%,3609705
16/11/2012,58.55,58.61,58.115,58.28,-0.41,-0.70%,4370001
19/11/2012,58.52,58.58,57.98,58.15,-0.13,-0.22%,3162652
20/11/2012,58.36,58.37,57.76,57.91,-0.24,-0.41%,3183652
21/11/2012,58.09,58.09,57.78,57.88,-0.03,-0.05%,2535189
22/11/2012,58.18,58.84,58.06,58.67,0.79,1.36%,2646405
23/11/2012,58.82,59.04,58.59,58.95,0.28,0.48%,1968258
26/11/2012,59,59.45,58.95,59.15,0.2,0.34%,2612468
27/11/2012,59.1,59.54,58.76,59.22,0.07,0.12%,2844530
28/11/2012,59.2,59.23,58.98,58.98,-0.24,-0.41%,3147699
29/11/2012,59.01,59.53,59.01,59.44,0.46,0.78%,3378481
30/11/2012,59.65,59.97,59.51,59.69,0.25,0.42%,17036864
3/12/2012,59.87,60.88,59.83,60.81,1.12,1.88%,4960089
4/12/2012,60.57,61.33,60.37,60.5,-0.31,-0.51%,3207788
5/12/2012,60.25,61.32,60.25,61.08,0.58,0.96%,3453999
6/12/2012,61.16,61.28,60.3,60.36,-0.72,-1.18%,3251403
7/12/2012,60.7,61.1,60.61,60.88,0.52,0.86%,2425676
10/12/2012,60.76,61.26,60.76,60.9,0.02,0.03%,2080262
11/12/2012,60.84,61.29,60.7,61.29,0.39,0.64%,2103452
12/12/2012,61.49,61.62,61.2,61.2,-0.09,-0.15%,2679857
13/12/2012,61.25,61.52,61.04,61.28,0.08,0.13%,2564507
14/12/2012,61.39,61.88,61.31,61.66,0.38,0.62%,3178465
17/12/2012,61.39,61.58,61.26,61.29,-0.37,-0.60%,2152769
18/12/2012,61.58,61.83,61.39,61.45,0.16,0.26%,3220886
19/12/2012,61.6,61.65,61.16,61.33,-0.12,-0.20%,3402193
20/12/2012,61.11,61.51,61.08,61.4,0.07,0.11%,5916398
21/12/2012,62.15,62.28,61.77,62,0.6,0.98%,21644032
24/12/2012,62.385,62.44,62.13,62.44,0.44,0.71%,695058
27/12/2012,62.11,62.28,61.97,62.12,-0.32,-0.51%,1475563
28/12/2012,62.5,62.58,62.21,62.25,0.13,0.21%,1243665
31/12/2012,62.32,62.51,62.09,62.09,-0.16,-0.26%,1524134
2/01/2013,62.47,62.97,62.38,62.72,0.63,1.01%,1737390
3/01/2013,63.06,63.29,62.88,63.02,0.3,0.48%,1795816
4/01/2013,63.24,63.31,63.02,63.04,0.02,0.03%,1341457
7/01/2013,62.89,63.2,62.58,62.6,-0.44,-0.70%,3001650
8/01/2013,61.9,62.34,61.25,61.49,-1.11,-1.77%,6495062
9/01/2013,61.375,61.48,60.95,61.09,-0.4,-0.65%,5538817
10/01/2013,61.585,61.86,61.36,61.47,0.38,0.62%,2677178
11/01/2013,61.57,61.89,61.38,61.45,-0.02,-0.03%,2461449
14/01/2013,61.68,61.87,61.55,61.73,0.28,0.46%,1423932
15/01/2013,62.025,62.06,61.41,61.96,0.23,0.37%,2508548
16/01/2013,62.45,62.47,62.12,62.29,0.33,0.53%,3177159
17/01/2013,62.31,63.05,62.29,62.77,0.48,0.77%,4213876
18/01/2013,62.61,62.73,62.35,62.48,-0.29,-0.46%,2028213
21/01/2013,62.17,62.39,61.7,62.2,-0.28,-0.45%,2535989
22/01/2013,62.05,62.71,62.01,62.54,0.34,0.55%,2626241
23/01/2013,62.62,62.77,62.37,62.72,0.18,0.29%,2405033
24/01/2013,62.7,63.25,62.54,63.24,0.52,0.83%,2960574
25/01/2013,63.51,63.77,63.26,63.59,0.35,0.55%,14327228
29/01/2013,64.15,65.1,63.96,64.73,1.14,1.79%,4423723
30/01/2013,64.67,65.05,64.26,64.7,-0.03,-0.05%,2756246
31/01/2013,64.78,65.06,64.42,64.45,-0.25,-0.39%,3247943
1/02/2013,64.79,65.06,64.58,65.05,0.6,0.93%,2477466
4/02/2013,65.2,65.4,64.68,64.71,-0.34,-0.52%,2889675
5/02/2013,64.2,64.67,64.12,64.3,-0.41,-0.63%,3422348
6/02/2013,64.84,65.04,64.62,64.63,0.33,0.51%,2423566
7/02/2013,64.63,65.03,64.62,64.7,0.07,0.11%,2079407
8/02/2013,64.68,65.13,64.55,64.83,0.13,0.20%,2755826
11/02/2013,64.9,65.28,64.86,65.12,0.29,0.45%,1848816
12/02/2013,65.35,65.74,65.13,65.52,0.4,0.61%,3027482
13/02/2013,67,67.38,66.75,67.11,1.59,2.43%,5273375
14/02/2013,67.09,67.27,66.47,66.9,-0.21,-0.31%,4050776
15/02/2013,67,67.74,66.74,67.03,0.13,0.19%,5676541
18/02/2013,65.29,66.3,65.2,65.78,-1.25,-1.86%,35420720
19/02/2013,65.78,66.05,65.36,66.05,0.27,0.41%,4726563
20/02/2013,66.3,66.91,66.3,66.85,0.8,1.21%,3861951
21/02/2013,66.75,67,64.81,64.81,-2.04,-3.05%,5161715
22/02/2013,65.3,66.64,65.2,65.55,0.74,1.14%,8125153
25/02/2013,65.79,66.24,65.53,65.75,0.2,0.31%,1817263
26/02/2013,64.85,65.86,63.9,65.47,-0.28,-0.43%,4165639
27/02/2013,66.1,66.18,65.71,66.01,0.54,0.82%,1917208
28/02/2013,66.55,67.59,66.52,67.27,1.26,1.91%,7729376
1/03/2013,67.07,67.85,66.92,67.85,0.58,0.86%,3614575
4/03/2013,67.95,68.07,67.01,67.12,-0.73,-1.08%,2718114
5/03/2013,68.01,68.84,67.99,68.68,1.56,2.32%,3948210
6/03/2013,69.63,69.86,69,69.31,0.63,0.92%,4007550
7/03/2013,69.6,69.83,68.73,69.68,0.37,0.53%,3864576
8/03/2013,69.89,69.94,69,69.83,0.15,0.22%,3569601
11/03/2013,69.9,70.13,69.48,70.13,0.3,0.43%,3512332
12/03/2013,70,70.95,69.8,70.58,0.45,0.64%,4548330
13/03/2013,70.57,70.58,69.36,69.38,-1.2,-1.70%,3759000
14/03/2013,69.85,70.015,68.79,68.88,-0.5,-0.72%,4378332
15/03/2013,69.59,70.19,69.46,70.18,1.3,1.89%,5826723
18/03/2013,69.41,69.675,69.03,69.22,-0.96,-1.37%,3285317
19/03/2013,69.64,70.14,69.04,69.18,-0.04,-0.06%,4149291
20/03/2013,68.87,69.53,68.63,69.16,-0.02,-0.03%,4273941
21/03/2013,69.85,69.87,68.24,68.65,-0.51,-0.74%,7018725
22/03/2013,69.15,69.46,68.05,68.63,-0.02,-0.03%,4134515
25/03/2013,69.3,69.55,68.95,69,0.37,0.54%,2828723
26/03/2013,68.51,68.79,68.2,68.31,-0.69,-1.00%,2821234
27/03/2013,68.63,68.79,67.96,68.38,0.07,0.10%,2766375
28/03/2013,68.06,68.4,67.705,68.01,-0.37,-0.54%,13088617
2/04/2013,68.24,68.95,67.86,68.95,0.94,1.38%,4077641
3/04/2013,69.24,69.6,68.04,68.45,-0.5,-0.73%,4591983
4/04/2013,68.45,69.03,67.77,68.1,-0.35,-0.51%,2975147
5/04/2013,67.91,68.07,66.93,66.93,-1.17,-1.72%,4197394
8/04/2013,66.96,67.45,66.87,67.02,0.09,0.13%,2794816
9/04/2013,67.65,67.96,67.32,67.96,0.94,1.40%,3405010
10/04/2013,67.5,67.77,67.21,67.3,-0.66,-0.97%,5456812
11/04/2013,68.05,68.15,67.69,68.05,0.75,1.11%,2157898
12/04/2013,68.44,68.5,68.01,68.06,0.01,0.01%,3169964
15/04/2013,68.19,68.97,68.19,68.51,0.45,0.66%,2972821
16/04/2013,68.46,68.56,67.97,68.14,-0.37,-0.54%,2531767
17/04/2013,68.69,69.34,68.5,69.29,1.15,1.69%,3444591
18/04/2013,69.5,69.64,68.86,69,-0.29,-0.42%,3829775
19/04/2013,69.23,69.44,68.7,68.78,-0.22,-0.32%,2426423
22/04/2013,68.9,69.33,68.86,69.33,0.55,0.80%,1899000
23/04/2013,69.5,70.1,69.47,70.01,0.68,0.98%,2756258
24/04/2013,70.5,71.735,70.49,71.7,1.69,2.41%,10401180
26/04/2013,71.35,71.49,70.69,70.84,-0.86,-1.20%,2272849
29/04/2013,70.85,71.8,70.85,71.6,0.76,1.07%,1661774
30/04/2013,72.39,73.51,72.3,73.45,1.85,2.58%,4234851
1/05/2013,73.02,73.26,72.51,72.95,-0.5,-0.68%,1486078
2/05/2013,72.5,72.9,72.25,72.5,-0.45,-0.62%,1562256
3/05/2013,73.45,73.8,70.99,71.06,-1.44,-1.99%,2748433
6/05/2013,71.7,72.46,71.47,71.67,0.61,0.86%,1973798
7/05/2013,71.4,71.47,70.09,70.3,-1.37,-1.91%,3150174
8/05/2013,70.79,71.32,70.29,71.23,0.93,1.32%,3166036
9/05/2013,71.44,71.66,70.8,71.04,-0.19,-0.27%,2260137
10/05/2013,71.11,71.7,70.17,70.57,-0.47,-0.66%,2132389
13/05/2013,70.73,71.43,70.5,71.14,0.57,0.81%,2019583
14/05/2013,71.2,72.11,71.18,72.09,0.95,1.34%,3078700
15/05/2013,72.63,72.93,71.78,72.65,0.56,0.78%,2883683
16/05/2013,73.3,73.7,72.63,72.83,0.18,0.25%,3944988
17/05/2013,72.99,73.79,72.75,73.21,0.38,0.52%,3447698
20/05/2013,73.5,74.18,73.44,73.49,0.28,0.38%,2501823
21/05/2013,73.05,73.21,72.19,72.48,-1.01,-1.37%,2926614
22/05/2013,72.9,72.96,71.7,71.7,-0.78,-1.08%,2781476
23/05/2013,71.03,71.25,69.5,69.71,-1.99,-2.78%,5616895
24/05/2013,70.11,70.46,68.01,68.77,-0.94,-1.35%,5153895
27/05/2013,68.15,68.73,67.81,68.19,-0.58,-0.84%,2782858
28/05/2013,68.18,68.89,68.01,68.6,0.41,0.60%,2665812
29/05/2013,69.09,69.1,66.85,66.89,-1.71,-2.49%,4626521
30/05/2013,66.77,67.61,66.5,67.61,0.72,1.08%,5772559
31/05/2013,68.12,68.55,66.82,66.86,-0.75,-1.11%,12848845
3/06/2013,66.89,67.82,66.51,66.92,0.06,0.09%,3301683
4/06/2013,66.92,67.54,66.43,67.15,0.23,0.34%,2699533
5/06/2013,66.8,67.24,66.18,66.25,-0.9,-1.34%,4778432
6/06/2013,65.65,66.37,65.3,66.11,-0.14,-0.21%,4346394
7/06/2013,65.99,66.02,65.02,65.02,-1.09,-1.65%,3486330
11/06/2013,65.2,65.4,64.76,65.4,0.38,0.58%,3628798
12/06/2013,64.9,65.37,64.49,65.12,-0.28,-0.43%,3924908
13/06/2013,64.69,66.04,64.5,65.77,0.65,1.00%,4232058
14/06/2013,66.7,67.21,66.1,67.1,1.33,2.02%,3770101
17/06/2013,66.53,68.47,66.35,68.47,1.37,2.04%,3729778
18/06/2013,68.5,68.6,67.64,68.49,0.02,0.03%,3709975
19/06/2013,68.97,68.97,67.97,68.36,-0.13,-0.19%,3911185
20/06/2013,67.13,67.32,66.015,66.26,-2.1,-3.07%,7456975
21/06/2013,64.61,66.44,64.53,66.06,-0.2,-0.30%,5273756
24/06/2013,66,66.08,65.21,65.74,-0.32,-0.48%,3017445
25/06/2013,65.7,66.53,65.7,66.12,0.38,0.58%,3679042
26/06/2013,66.65,67.29,66.5,67.29,1.17,1.77%,3892467
27/06/2013,67.99,69.43,67.91,69.16,1.87,2.78%,5881447
28/06/2013,69.45,69.8,69.1,69.18,0.02,0.03%,11423089
1/07/2013,68.73,68.79,67.49,67.53,-1.65,-2.39%,4331521
2/07/2013,68.6,68.93,67.8,68.9,1.37,2.03%,4081412
3/07/2013,68.79,68.87,68.1,68.53,-0.37,-0.54%,3557347
4/07/2013,68.95,69.03,68.13,68.47,-0.06,-0.09%,2264945
5/07/2013,69.01,69.22,68.74,68.99,0.52,0.76%,1796781
8/07/2013,68.95,69.4,68.7,68.99,0,0.00%,2626416
9/07/2013,69.75,70.4,69.45,70.14,1.15,1.67%,3982839
10/07/2013,70.3,71.08,70.285,70.35,0.21,0.30%,3231075
11/07/2013,71.19,71.46,70.52,71.41,1.06,1.51%,2613880
12/07/2013,71.68,71.71,70.82,70.97,-0.44,-0.62%,2218388
15/07/2013,70.99,71.53,70.87,71.25,0.28,0.39%,1805800
16/07/2013,71.5,71.89,71.29,71.75,0.5,0.70%,2215464
17/07/2013,71.41,71.65,71.14,71.21,-0.54,-0.75%,1919541
18/07/2013,71.79,71.8,71.29,71.74,0.53,0.74%,2157858
19/07/2013,71.95,71.98,71.26,71.46,-0.28,-0.39%,1731269
22/07/2013,71.87,72.32,71.7,71.88,0.42,0.59%,2602267
23/07/2013,72.1,72.39,71.93,72.39,0.51,0.71%,2884193
24/07/2013,72.27,72.98,72.05,72.9,0.51,0.70%,2758262
25/07/2013,72.89,73.71,72.51,73.52,0.62,0.85%,3243973
26/07/2013,73.5,74.1,73.22,73.65,0.13,0.18%,10788548
29/07/2013,73.6,74.18,73.5,73.86,0.21,0.29%,1866890
30/07/2013,73.72,74.12,73.5,74.03,0.17,0.23%,2404646
31/07/2013,74.5,74.9,74.21,74.21,0.18,0.24%,4092814
1/08/2013,74.36,74.39,72.11,73.12,-1.09,-1.47%,4251923
2/08/2013,73.75,73.92,73.435,73.82,0.7,0.96%,2450505
5/08/2013,73.45,73.79,73.45,73.76,-0.06,-0.08%,1399582
6/08/2013,73.83,73.86,73.11,73.53,-0.23,-0.31%,2399266
7/08/2013,73.02,73.15,72.04,72.08,-1.45,-1.97%,3637016
8/08/2013,72.08,73.05,71.95,73,0.92,1.28%,2567108
9/08/2013,72.92,73.02,72.03,72.85,-0.15,-0.21%,2810400
12/08/2013,72.9,73.91,72.15,73.82,0.97,1.33%,2229983
13/08/2013,74.1,74.78,73.98,74.55,0.73,0.99%,2919223
14/08/2013,74.85,75,73.17,73.73,-0.82,-1.10%,5708842
15/08/2013,73.52,74.08,73.15,73.76,0.03,0.04%,3705567
16/08/2013,73.21,73.67,73,73.3,-0.46,-0.62%,4959558
19/08/2013,70.88,71.565,70.85,71.15,-2.15,-2.93%,11602417
20/08/2013,70.72,71.22,70.12,70.27,-0.88,-1.24%,4878530
21/08/2013,70.6,71.24,70.47,71.1,0.83,1.18%,3958344
22/08/2013,70.15,71.26,70.15,71.26,0.16,0.23%,3418689
23/08/2013,71.51,72.12,71.3,72.05,0.79,1.11%,3559341
26/08/2013,72.1,72.69,72.05,72.58,0.53,0.74%,2768897
27/08/2013,72.9,73.6,72.65,73.47,0.89,1.23%,4803389
28/08/2013,72.67,73,72.16,72.25,-1.22,-1.66%,4420050
29/08/2013,72.25,72.5,71.51,72.05,-0.2,-0.28%,2696799
30/08/2013,72.01,72.84,71.88,72.84,0.79,1.10%,7344571
2/09/2013,73.14,73.68,72.9,73.68,0.84,1.15%,3107983
3/09/2013,73.87,73.92,73.1,73.55,-0.13,-0.18%,2160081
4/09/2013,73.28,73.52,72.85,73.28,-0.27,-0.37%,3413500
5/09/2013,73.68,73.68,72.4,72.92,-0.36,-0.49%,2435716
6/09/2013,73.38,73.39,72.65,73.16,0.24,0.33%,3359771
9/09/2013,73.5,73.66,73.02,73.63,0.47,0.64%,2193016
10/09/2013,73.7,74.2,73.65,73.9,0.27,0.37%,2793056
11/09/2013,74.25,74.45,73.91,74.14,0.24,0.32%,2729256
12/09/2013,74.2,74.35,73.82,73.98,-0.16,-0.22%,3343167
13/09/2013,73.97,73.98,73.465,73.82,-0.16,-0.22%,3114664
16/09/2013,74.25,74.29,73.84,74.05,0.23,0.31%,2045458
17/09/2013,73.6,73.79,73.24,73.6,-0.45,-0.61%,3458030
18/09/2013,73.59,74,73.51,73.98,0.38,0.52%,3089468
19/09/2013,74.6,74.6,73.605,73.8,-0.18,-0.24%,4957389
20/09/2013,73.89,74.05,73.5,73.75,-0.05,-0.07%,3016730
23/09/2013,73.49,73.67,73.3,73.51,-0.24,-0.33%,1948520
24/09/2013,73.3,73.3,72.735,72.9,-0.61,-0.83%,1784708
25/09/2013,72.53,73.22,72.45,72.84,-0.06,-0.08%,2960650
26/09/2013,72.61,73.32,72.6,73.21,0.37,0.51%,2538916
27/09/2013,73.5,73.64,73.025,73.16,-0.05,-0.07%,10503360
30/09/2013,72.7,72.75,71.21,71.21,-1.95,-2.67%,3383290
1/10/2013,71.31,72.02,71.27,71.35,0.14,0.20%,2529941
2/10/2013,71.94,72.14,71.52,71.67,0.32,0.45%,2346553
3/10/2013,71.65,72.32,71.53,71.7,0.03,0.04%,2131896
4/10/2013,71.16,71.85,71.15,71.76,0.06,0.08%,2359613
7/10/2013,71.6,71.63,70.43,70.75,-1.01,-1.41%,2341498
8/10/2013,70.45,71.34,70.36,71.1,0.35,0.49%,3077591
9/10/2013,70.9,71.33,70.76,71.02,-0.08,-0.11%,1618719
10/10/2013,71.03,71.1,70.65,70.8,-0.22,-0.31%,2458949
11/10/2013,71.6,72.32,71.575,72.32,1.52,2.15%,2262833
14/10/2013,72.07,72.52,71.88,72.52,0.2,0.28%,2158341
15/10/2013,73,73.41,72.85,73.01,0.49,0.68%,2449433
16/10/2013,72.77,73,72.545,72.76,-0.25,-0.34%,2077030
17/10/2013,72.95,73.49,72.91,73.43,0.67,0.92%,2276614
18/10/2013,73.7,74.2,73.49,74.17,0.74,1.01%,2432474
21/10/2013,74.41,74.75,74.39,74.55,0.38,0.51%,2152441
22/10/2013,74.56,74.9,74.5,74.76,0.21,0.28%,2089219
23/10/2013,74.99,74.99,74.51,74.61,-0.15,-0.20%,2111508
24/10/2013,74.8,75.72,74.73,75.58,0.97,1.30%,3148366
25/10/2013,75.91,76.36,75.71,76.28,0.7,0.93%,7218317
28/10/2013,76.8,77.45,76.72,77.4,1.12,1.47%,5369301
29/10/2013,77.5,77.5,76.48,76.79,-0.61,-0.79%,2470937
30/10/2013,76.95,77.3,76.57,77.01,0.22,0.29%,2432563
31/10/2013,76.16,76.48,75.68,76.08,-0.93,-1.21%,3090230
1/11/2013,75.5,76.19,75.5,75.8,-0.28,-0.37%,1781532
4/11/2013,75.92,76.57,75.89,76.1,0.3,0.40%,2075682
5/11/2013,76.48,77.03,76.28,77,0.9,1.18%,2255525
6/11/2013,77.2,78.4,77.1,77.96,0.96,1.25%,4383457
7/11/2013,78.18,79.32,78.18,79.32,1.36,1.74%,5152241
8/11/2013,78.67,79.88,78.61,79.1,-0.22,-0.28%,4206366
11/11/2013,79.25,79.4,77.81,78.35,-0.75,-0.95%,2540050
12/11/2013,78.63,78.72,77.84,78.09,-0.26,-0.33%,3036093
13/11/2013,77.92,78.08,76.05,76.31,-1.78,-2.28%,3525733
14/11/2013,76.31,77.65,76.27,77.2,0.89,1.17%,2661241
15/11/2013,77.35,78.2,76.62,77.79,0.59,0.76%,2208091
18/11/2013,77.28,77.72,77.02,77.34,-0.45,-0.58%,2007206
19/11/2013,76.8,77.53,76.55,77.2,-0.14,-0.18%,2904529
20/11/2013,76.76,77.29,76.33,76.72,-0.48,-0.62%,2189378
21/11/2013,76.02,76.68,75.9,76.1,-0.62,-0.81%,2310333
22/11/2013,76.71,77.08,76.34,76.49,0.39,0.51%,2068233
25/11/2013,76.92,77.12,76.25,76.27,-0.22,-0.29%,2553345
26/11/2013,76.3,77.19,76.25,76.85,0.58,0.76%,3442571
27/11/2013,76.91,77.54,76.67,77.3,0.45,0.59%,2888714
28/11/2013,77.31,78.1,77.31,78.02,0.72,0.93%,2839742
29/11/2013,78.04,78.05,77.33,77.82,-0.2,-0.26%,5956102
2/12/2013,78.07,78.14,76.61,76.85,-0.97,-1.25%,2149566
3/12/2013,76.52,77.07,76.28,76.55,-0.3,-0.39%,2273146
4/12/2013,76,76.9,75.82,76.8,0.25,0.33%,1857088
5/12/2013,76.65,76.68,75.5,75.5,-1.3,-1.69%,3387125
6/12/2013,75.4,75.68,74.35,75.17,-0.33,-0.44%,2530125
9/12/2013,76.17,76.2,74.42,74.9,-0.27,-0.36%,3368987
10/12/2013,75.2,75.49,74.88,75.26,0.36,0.48%,2780526
11/12/2013,74.91,75.39,74.5,74.5,-0.76,-1.01%,2281566
12/12/2013,74.35,74.43,72.62,73.51,-0.99,-1.33%,7618377
13/12/2013,73.51,74.35,73.46,74.2,0.69,0.94%,3408371
16/12/2013,73.84,74.1,73.26,73.63,-0.57,-0.77%,2275738
17/12/2013,74.35,74.66,73.68,73.93,0.3,0.41%,3379035
18/12/2013,73.89,74.3,73.68,73.68,-0.25,-0.34%,3329155
19/12/2013,74.2,74.85,74,74.85,1.17,1.59%,5164580
20/12/2013,75.1,76,75.06,75.93,1.08,1.44%,14112375
23/12/2013,76.25,76.91,76.2,76.76,0.83,1.09%,2982113
24/12/2013,77.05,77.33,76.77,77.16,0.4,0.52%,1201595
27/12/2013,78,78,77.1,77.31,0.15,0.19%,1082679
30/12/2013,77.52,77.72,77.26,77.67,0.36,0.47%,1657091
31/12/2013,77.69,78.03,77.4,77.8,0.13,0.17%,884147
2/01/2014,78.09,78.35,77.54,77.84,0.04,0.05%,1297622
3/01/2014,77.5,77.59,77.2,77.58,-0.26,-0.33%,1134861
6/01/2014,77.8,77.84,77.46,77.6,0.02,0.03%,1357415
7/01/2014,77.52,78.23,77.52,77.72,0.12,0.15%,3271405
8/01/2014,78.19,78.5,77.68,77.88,0.16,0.21%,1852605
9/01/2014,78,78.085,77.55,77.98,0.1,0.13%,1823156
10/01/2014,77.85,78.26,77.6,77.6,-0.38,-0.49%,1452386
13/01/2014,77.75,77.84,76.82,77,-0.6,-0.77%,1643216
14/01/2014,76.5,76.65,75.8,75.8,-1.2,-1.56%,3225335
15/01/2014,76.5,76.6,76.01,76.19,0.39,0.51%,2027653
16/01/2014,76.21,76.31,75.52,75.8,-0.39,-0.51%,3877550
17/01/2014,75.7,75.73,75.12,75.47,-0.33,-0.44%,2448741
20/01/2014,75.2,75.6,74.82,75.32,-0.15,-0.20%,2121448
21/01/2014,75.1,76.2,74.87,76.1,0.78,1.04%,1785238
22/01/2014,76.12,76.2,75.375,75.91,-0.19,-0.25%,2495500
23/01/2014,76.02,76.02,74.94,75.13,-0.78,-1.03%,2495691
24/01/2014,74.99,75.25,74.7,74.74,-0.39,-0.52%,2371539
28/01/2014,74,74.62,73.5,74.13,-0.61,-0.82%,4835723
29/01/2014,74.55,74.94,74.04,74.92,0.79,1.07%,3101444
30/01/2014,74.17,74.4,74.04,74.2,-0.72,-0.96%,3665132
31/01/2014,74.75,74.8,74,74.23,0.03,0.04%,10520052
3/02/2014,74.01,74.42,73.77,74.4,0.17,0.23%,1759588
4/02/2014,73.5,73.64,73.15,73.2,-1.2,-1.61%,4919554
5/02/2014,73.44,73.64,72.14,72.49,-0.71,-0.97%,3961030
6/02/2014,72.78,73.57,72.78,73.48,0.99,1.37%,3135533
7/02/2014,73.9,74,73.24,73.52,0.04,0.05%,4304861
10/02/2014,74.19,74.85,74.02,74.85,1.33,1.81%,2901400
11/02/2014,75.3,76.04,75.3,75.92,1.07,1.43%,3817008
12/02/2014,76.91,76.92,75.37,76.2,0.28,0.37%,4195848
13/02/2014,76.3,76.37,75.7,75.75,-0.45,-0.59%,3569466
14/02/2014,76.12,76.14,75.71,75.99,0.24,0.32%,3635846
17/02/2014,74.1,74.48,74.01,74.35,-1.64,-2.16%,10286614
18/02/2014,74.45,74.65,74.27,74.53,0.18,0.24%,3790208
19/02/2014,74.75,75.18,74.5,75,0.47,0.63%,3764675
20/02/2014,74.84,75.27,74.4,74.6,-0.4,-0.53%,3325567
21/02/2014,75.11,75.19,74.8,75.18,0.58,0.78%,2522122
24/02/2014,75.2,75.45,75.1,75.36,0.18,0.24%,2407091
25/02/2014,75.75,75.76,75.13,75.27,-0.09,-0.12%,2711617
26/02/2014,75.12,75.72,75.01,75.49,0.22,0.29%,2680956
27/02/2014,75.26,75.62,75.07,75.2,-0.29,-0.38%,1364170
28/02/2014,75.5,75.5,74.61,74.66,-0.54,-0.72%,6882482
3/03/2014,74.75,74.79,73.83,74.48,-0.18,-0.24%,2411966
4/03/2014,74.29,75.04,74,74.93,0.45,0.60%,2818453
5/03/2014,75.34,75.7,75.2,75.52,0.59,0.79%,3853098
6/03/2014,75.52,75.62,75.21,75.55,0.03,0.04%,2508432
7/03/2014,75.7,76,75.3,76,0.45,0.60%,2925812
10/03/2014,75.7,76.01,75.35,75.75,-0.25,-0.33%,1895536
11/03/2014,76,76.49,75.8,76.25,0.5,0.66%,3471900
12/03/2014,75.78,76.2,75.4,75.75,-0.5,-0.66%,2776166
13/03/2014,75.97,76.01,75.55,75.96,0.21,0.28%,2579939
14/03/2014,75.1,75.54,75.01,75.25,-0.71,-0.93%,2192097
17/03/2014,75,75.13,74.77,74.85,-0.4,-0.53%,2633723
18/03/2014,75.2,75.57,75.07,75.19,0.34,0.45%,1956439
19/03/2014,75,75.55,75,75.45,0.26,0.35%,3192540
20/03/2014,75.53,75.53,74.75,74.97,-0.48,-0.64%,5732482
21/03/2014,75.31,75.66,75.02,75.66,0.69,0.92%,2959450
24/03/2014,75.21,75.97,75.11,75.95,0.29,0.38%,1697366
25/03/2014,75.79,76,75.57,75.89,-0.06,-0.08%,2462149
26/03/2014,76.06,76.65,75.81,76.39,0.5,0.66%,3216151
27/03/2014,75.86,76.65,75.85,76.56,0.17,0.22%,2693001
28/03/2014,76.8,77.15,76.585,77.14,0.58,0.76%,8375374
31/03/2014,77.5,77.76,77.27,77.44,0.3,0.39%,2838333
1/04/2014,77.59,77.65,76.72,77.13,-0.31,-0.40%,2151071
2/04/2014,77.33,77.5,76.73,76.95,-0.18,-0.23%,2001502
3/04/2014,76.98,77.12,76.74,77.03,0.08,0.10%,1642325
4/04/2014,76.72,77.09,76.59,76.98,-0.05,-0.06%,1892933
7/04/2014,76.55,76.96,76.5,76.86,-0.12,-0.16%,1270216
8/04/2014,76.83,76.94,76.62,76.76,-0.1,-0.13%,1475529
9/04/2014,77.02,77.5,77.02,77.49,0.73,0.95%,2538466
10/04/2014,77.66,77.89,77.57,77.89,0.4,0.52%,1837208
11/04/2014,77.25,77.48,77.12,77.36,-0.53,-0.68%,1929454
14/04/2014,77.01,77.38,76.51,76.51,-0.85,-1.10%,2415324
15/04/2014,76.85,77.14,76.6,76.9,0.39,0.51%,1532998
16/04/2014,76.95,77.2,76.77,77.15,0.25,0.33%,1490894
17/04/2014,77.46,77.8,77.1,77.57,0.42,0.54%,1937591
22/04/2014,77.75,78.03,77.6,78.03,0.46,0.59%,1697245
23/04/2014,78.49,79.01,78.4,79.01,0.98,1.26%,2921182
24/04/2014,79.34,79.34,78.32,78.89,-0.12,-0.15%,7775110
28/04/2014,78.85,79.57,78.79,79.45,0.56,0.71%,2055133
29/04/2014,79.95,79.95,78.54,78.94,-0.51,-0.64%,2491163
30/04/2014,79.41,79.45,78.66,78.9,-0.04,-0.05%,2050375
1/05/2014,79.24,79.29,78.395,78.64,-0.26,-0.33%,2310653
2/05/2014,78.75,79.15,78.46,79.14,0.5,0.64%,1950216
5/05/2014,79.45,79.48,78.25,78.94,-0.2,-0.25%,2220533
6/05/2014,79.34,79.43,78.86,79.29,0.35,0.44%,1467099
7/05/2014,78.71,78.98,78.33,78.55,-0.74,-0.93%,2230762
8/05/2014,79.11,79.265,78.79,79.09,0.54,0.69%,1989136
9/05/2014,79.11,79.59,78.45,79.5,0.41,0.52%,1615368
12/05/2014,79.4,79.9,79.08,79.38,-0.12,-0.15%,1196383
13/05/2014,79.93,80,79.54,79.9,0.52,0.66%,2200350
14/05/2014,80.08,80.99,79.55,80.89,0.99,1.24%,2646458
15/05/2014,80.96,81.29,80.5,81.2,0.31,0.38%,3501639
16/05/2014,80.75,80.85,80.19,80.4,-0.8,-0.99%,2241833
19/05/2014,80.2,80.25,79.45,79.56,-0.84,-1.04%,2076952
20/05/2014,79.96,80.06,79.18,79.83,0.27,0.34%,2075722
21/05/2014,79.31,80.21,79.2,80.19,0.36,0.45%,2437232
22/05/2014,80.28,80.81,80.25,80.65,0.46,0.57%,2189913
23/05/2014,80.68,81.37,80.65,81.31,0.66,0.82%,2067366
26/05/2014,81.46,81.6,81.26,81.56,0.25,0.31%,1249970
27/05/2014,81.8,81.86,81.43,81.68,0.12,0.15%,1189545
28/05/2014,81.94,82.09,81.71,81.94,0.26,0.32%,1211708
29/05/2014,81.69,82.18,81.65,82.05,0.11,0.13%,1309819
30/05/2014,82.2,82.2,81.59,81.59,-0.46,-0.56%,10017913
2/06/2014,81.61,82.44,81.61,82.26,0.67,0.82%,1713041
3/06/2014,82.2,82.27,81.7,81.9,-0.36,-0.44%,2273150
4/06/2014,81.9,81.9,81.1,81.15,-0.75,-0.92%,1926454
5/06/2014,81.15,81.41,80.53,80.95,-0.2,-0.25%,2034403
6/06/2014,80.96,81.9,80.96,81.77,0.82,1.01%,2016853
10/06/2014,82.4,82.685,82.195,82.42,0.65,0.79%,2424616
11/06/2014,82.3,82.67,82.03,82.2,-0.22,-0.27%,1642120
12/06/2014,81.76,82.01,81.54,81.88,-0.32,-0.39%,2089230
13/06/2014,81.55,81.8,81.13,81.73,-0.15,-0.18%,2689512
16/06/2014,81.73,81.73,81.25,81.6,-0.13,-0.16%,3182185
17/06/2014,81.56,81.69,81.03,81.24,-0.36,-0.44%,2708988
18/06/2014,81.17,81.4,81,81,-0.24,-0.30%,2070416
19/06/2014,81.74,82.3,81.19,82.3,1.3,1.60%,4451976
20/06/2014,81.9,82.1,81.41,81.42,-0.88,-1.07%,2638221
23/06/2014,81.83,82.06,81.61,81.79,0.37,0.45%,1959200
24/06/2014,81.61,81.72,81.4,81.58,-0.21,-0.26%,1834783
25/06/2014,81.11,81.33,80.91,81.02,-0.56,-0.69%,2857752
26/06/2014,81.16,82.06,81.16,82.06,1.04,1.28%,2323383
27/06/2014,82,82.29,81.33,81.47,-0.59,-0.72%,8800196
30/06/2014,81.5,81.52,80.88,80.88,-0.59,-0.72%,2657337
1/07/2014,81,81.2,79.86,79.97,-0.91,-1.13%,3774655
2/07/2014,80.1,80.94,80.1,80.92,0.95,1.19%,2397891
3/07/2014,81,81.64,80.8,81.55,0.63,0.78%,1677383
4/07/2014,81.99,82.03,81.61,81.95,0.4,0.49%,1352664
7/07/2014,81.95,82,81.32,81.36,-0.59,-0.72%,1603148
8/07/2014,81.45,81.64,81.16,81.32,-0.04,-0.05%,1709183
9/07/2014,81.2,81.23,80.46,80.79,-0.53,-0.65%,2674655
10/07/2014,81.08,81.15,80.4,80.85,0.06,0.07%,1568365
11/07/2014,80.51,81.45,80.4,81.23,0.38,0.47%,2266885
14/07/2014,81.41,81.82,81.35,81.71,0.48,0.59%,1304286
15/07/2014,81.89,81.9,81.13,81.5,-0.21,-0.26%,1902720
16/07/2014,81.29,81.5,81.01,81.35,-0.15,-0.18%,1642525
17/07/2014,81.65,81.69,81.16,81.21,-0.14,-0.17%,2875801
18/07/2014,80.63,81.27,80.63,81.27,0.06,0.07%,2004725
21/07/2014,81.4,81.56,81.28,81.36,0.09,0.11%,1531437
22/07/2014,81.48,81.48,81.1,81.26,-0.1,-0.12%,1855999
23/07/2014,81.49,81.99,81.32,81.56,0.3,0.37%,2536191
24/07/2014,81.63,82.05,81.57,82.01,0.45,0.55%,2197474
25/07/2014,82.26,82.28,82.01,82.28,0.27,0.33%,6483021
28/07/2014,81.91,82.24,81.81,82,-0.28,-0.34%,1427404
29/07/2014,82,82.61,81.92,82.35,0.35,0.43%,1881624
30/07/2014,82.41,83.29,82.34,83.13,0.78,0.95%,2152895
31/07/2014,83.33,83.92,83.3,83.75,0.62,0.75%,2856447
1/08/2014,83.01,83.12,82.55,82.82,-0.93,-1.11%,2574616
4/08/2014,82.5,82.73,82.3,82.58,-0.24,-0.29%,1360258
5/08/2014,82.7,82.96,81.87,82.06,-0.52,-0.63%,2615707
6/08/2014,81.99,82.05,81.51,81.71,-0.35,-0.43%,2361161
7/08/2014,81.74,81.83,81,81.35,-0.36,-0.44%,2761209
8/08/2014,80.88,81.07,80,80.13,-1.22,-1.50%,3688689
11/08/2014,80.87,81.07,80.31,80.41,0.28,0.35%,2243191
12/08/2014,80.78,81.69,80.76,81.69,1.28,1.59%,3644017
13/08/2014,80.97,81.61,80.81,80.96,-0.73,-0.89%,3564453
14/08/2014,81.06,81.36,80.88,81.02,0.06,0.07%,3652242
15/08/2014,81.4,81.52,81.09,81.2,0.18,0.22%,2878855
18/08/2014,81.59,81.6,81.2,81.4,0.2,0.25%,2865083
19/08/2014,79.4,80.02,79.37,79.99,-1.41,-1.73%,7835371
20/08/2014,80.37,80.75,80.04,80.3,0.31,0.39%,3245566
21/08/2014,80.99,81,80.26,80.27,-0.03,-0.04%,3196666
22/08/2014,80.69,80.78,80.54,80.61,0.34,0.42%,1832124
25/08/2014,80.8,80.95,80.28,80.51,-0.1,-0.12%,2562999
26/08/2014,80.8,80.9,80.54,80.74,0.23,0.29%,2086214
27/08/2014,81,81.18,80.91,81.12,0.38,0.47%,2517261
28/08/2014,81.02,81.14,80.82,81.14,0.02,0.02%,2098916
29/08/2014,81.22,81.38,80.99,81.32,0.18,0.22%,4951235
1/09/2014,81.4,81.7,81.13,81.3,-0.02,-0.02%,1893578
2/09/2014,81.06,81.5,80.92,81.5,0.2,0.25%,1753382
3/09/2014,81.4,81.98,81.36,81.7,0.2,0.25%,1983207
4/09/2014,81.6,81.89,81.24,81.57,-0.13,-0.16%,1558878
5/09/2014,81.47,81.65,81.15,81.3,-0.27,-0.33%,1451573
8/09/2014,81.6,81.61,80.95,81.26,-0.04,-0.05%,1595762
9/09/2014,81.43,81.59,81.3,81.54,0.28,0.34%,1742104
10/09/2014,81.03,81.58,81.03,81.54,0,0.00%,2929742
11/09/2014,81.67,81.79,80.54,80.64,-0.9,-1.10%,3309176
12/09/2014,80.5,80.7,79.77,80.23,-0.41,-0.51%,2754058
15/09/2014,79.74,79.89,78.92,78.92,-1.31,-1.63%,3809851
16/09/2014,79.2,79.34,78.19,78.19,-0.73,-0.92%,4849364
17/09/2014,78.41,78.46,77.02,77.35,-0.84,-1.07%,5419907
18/09/2014,77.5,78.01,76.72,77.58,0.23,0.30%,5055716
19/09/2014,77.75,78.15,77.41,77.81,0.23,0.30%,4519039
22/09/2014,78.01,78.03,76.12,76.45,-1.36,-1.75%,3647241
23/09/2014,76.16,77.63,76.01,77.3,0.85,1.11%,5214835
24/09/2014,76.71,76.9,76.03,76.42,-0.88,-1.14%,3074113
25/09/2014,77.03,77.15,76.47,76.65,0.23,0.30%,2659866
26/09/2014,75.9,76.03,75.22,75.26,-1.39,-1.81%,8645118
29/09/2014,75.18,75.31,74.37,74.43,-0.83,-1.10%,2933492
30/09/2014,74.28,75.29,74.115,75.29,0.86,1.16%,4035098
1/10/2014,74.6,76.41,74.51,76.2,0.91,1.21%,3711889
2/10/2014,75.52,76.34,75.37,75.81,-0.39,-0.51%,2579562
3/10/2014,75.34,76.72,75.34,76.65,0.84,1.11%,2637674
6/10/2014,76.88,76.97,75.93,76.17,-0.48,-0.63%,1347749
7/10/2014,76.44,76.6,74.48,75.77,-0.4,-0.53%,3692299
8/10/2014,74.83,75.37,74.68,75.02,-0.75,-0.99%,2450201
9/10/2014,75.76,76.66,75.43,76.23,1.21,1.61%,3091330
10/10/2014,74.75,75.34,74.72,74.8,-1.43,-1.88%,3338181
13/10/2014,74.03,74.54,73.9,74.13,-0.67,-0.90%,2976204
14/10/2014,73.71,74.82,73.57,74.12,-0.01,-0.01%,3334025
15/10/2014,74.25,75.52,74.21,75.45,1.33,1.79%,3370071
16/10/2014,74.72,76.15,74.5,75.93,0.48,0.64%,4730786
17/10/2014,76.21,76.95,76.21,76.54,0.61,0.80%,3664548
20/10/2014,77.2,77.5,76.865,77.26,0.72,0.94%,2454729
21/10/2014,77.64,77.64,76.94,77.18,-0.08,-0.10%,1827988
22/10/2014,77.99,78.15,77.14,77.57,0.39,0.51%,2579865
23/10/2014,77.41,78.18,77.36,78.17,0.6,0.77%,2259205
24/10/2014,78.5,78.97,78.3,78.77,0.6,0.77%,2342250
27/10/2014,79.26,80.02,79.16,80.02,1.25,1.59%,3491201
28/10/2014,80.05,80.38,79.59,80.19,0.17,0.21%,2890197
29/10/2014,80.38,80.38,79.31,79.58,-0.61,-0.76%,2836227
30/10/2014,79.98,80.2,79.67,80.17,0.59,0.74%,2130812
31/10/2014,80.5,80.55,79.98,80.48,0.31,0.39%,11316213
3/11/2014,80.4,80.85,80.35,80.52,0.04,0.05%,1898408
4/11/2014,80.7,81.1,80.55,80.77,0.25,0.31%,2285640
5/11/2014,81.08,81.59,80.33,81.56,0.79,0.98%,3200181
6/11/2014,81.65,81.65,80.71,81.19,-0.37,-0.45%,3037235
7/11/2014,81.81,82.76,81.55,82.76,1.57,1.93%,5191173
10/11/2014,82.5,82.88,81.93,82.56,-0.2,-0.24%,3129997
11/11/2014,83,83,82.61,83,0.44,0.53%,2722320
12/11/2014,82.94,82.95,81.75,81.85,-1.15,-1.39%,3295460
13/11/2014,82.01,82.01,81.12,81.27,-0.58,-0.71%,3009494
14/11/2014,81.52,81.9,80.92,81.77,0.5,0.62%,1971647
17/11/2014,81.91,81.91,80.85,80.99,-0.78,-0.95%,1928654
18/11/2014,81.1,81.48,80.71,80.95,-0.04,-0.05%,1763088
19/11/2014,81.12,81.2,80.37,80.54,-0.41,-0.51%,2055153
20/11/2014,80.5,80.95,80.16,80.34,-0.2,-0.25%,2150230
21/11/2014,80.72,80.8,79.92,80.09,-0.25,-0.31%,2160530
24/11/2014,80.62,80.63,80.14,80.42,0.33,0.41%,2098361
25/11/2014,80.06,80.32,79.75,80.17,-0.25,-0.31%,2527869
26/11/2014,80.2,81.01,80.11,81.01,0.84,1.05%,2017686
27/11/2014,81,81.53,80.73,81.5,0.49,0.60%,2203217
28/11/2014,81.25,81.31,80.64,80.72,-0.78,-0.96%,6650890
1/12/2014,80.75,81.05,79.56,79.8,-0.92,-1.14%,2310600
2/12/2014,80.28,80.86,79.4,80.74,0.94,1.18%,3249027
3/12/2014,80.61,81.49,80.26,81.4,0.66,0.82%,2562601
4/12/2014,81.76,82.22,81.64,82.08,0.68,0.84%,3025944
5/12/2014,82,82.47,80.93,81.64,-0.44,-0.54%,2153858
8/12/2014,82.25,82.94,82.2,82.39,0.75,0.92%,3202771
9/12/2014,81.69,82.7,81.69,82.02,-0.37,-0.45%,3327771
10/12/2014,82.05,82.59,81.4,82.35,0.33,0.40%,3267703
11/12/2014,81.42,82.45,81.42,82.19,-0.16,-0.19%,3099415
12/12/2014,81.69,82.14,81.41,81.74,-0.45,-0.55%,2384445
15/12/2014,81.16,81.74,80.875,81.27,-0.47,-0.57%,2202062
16/12/2014,80.93,81.34,80.86,80.95,-0.32,-0.39%,3434159
17/12/2014,80.83,81.75,80.83,81.02,0.07,0.09%,2969564
18/12/2014,81.42,82.2,81.42,81.8,0.78,0.96%,5064258
19/12/2014,82.7,83.82,82.64,83.71,1.91,2.33%,15145426
22/12/2014,83.8,85.35,83.62,85.35,1.64,1.96%,3349438
23/12/2014,85.25,85.85,84.92,84.96,-0.39,-0.46%,2032961
24/12/2014,85.08,85.35,84.5,84.92,-0.04,-0.05%,1116408
29/12/2014,85.25,86.11,85.18,86.05,1.13,1.33%,1642802
30/12/2014,86.06,86.64,85.58,85.58,-0.47,-0.55%,1585526
31/12/2014,85.6,85.8,85.45,85.65,0.07,0.08%,710233
2/01/2015,85.42,85.74,85.12,85.74,0.09,0.11%,944323
5/01/2015,85.7,86.24,85.51,85.95,0.21,0.24%,1344368
6/01/2015,85.1,85.8,84.87,85.3,-0.65,-0.76%,2463926
7/01/2015,85.31,85.49,84.55,85.11,-0.19,-0.22%,2115727
8/01/2015,85.54,85.65,85.13,85.39,0.28,0.33%,1986996
9/01/2015,86.37,86.47,85.63,86.04,0.65,0.76%,2633150
12/01/2015,85.69,86.2,85.49,85.65,-0.39,-0.45%,1322421
13/01/2015,85.01,85.43,85,85.3,-0.35,-0.41%,1831510
14/01/2015,85.18,85.2,83.68,83.68,-1.62,-1.90%,4225587
15/01/2015,83.09,83.75,82.89,83.51,-0.17,-0.20%,3651748
16/01/2015,83.14,84.09,82.89,83.57,0.06,0.07%,2675658
19/01/2015,84.02,84.43,82.97,83.1,-0.47,-0.56%,2501778
20/01/2015,83.13,83.84,83.04,83.5,0.4,0.48%,2401118
21/01/2015,83.9,84.67,83.8,84.67,1.17,1.40%,2407789
22/01/2015,85.22,85.45,84.96,85.23,0.56,0.66%,2073084
23/01/2015,85.95,86.23,85.81,86.23,1,1.17%,2128662
27/01/2015,86.35,87.65,86.28,87.63,1.4,1.62%,2755802
28/01/2015,87.37,87.97,86.8,87.7,0.07,0.08%,2064465
29/01/2015,87.37,89.04,87.27,88.76,1.06,1.21%,3352673
30/01/2015,89.41,90,89.33,89.33,0.57,0.64%,14092993
2/02/2015,89.3,89.9,89.15,89.68,0.35,0.39%,2133758
3/02/2015,89.95,90.67,88.87,90.4,0.72,0.80%,3411875
4/02/2015,91.62,91.94,90.21,90.79,0.39,0.43%,3413671
5/02/2015,91.26,93.29,90.92,93.27,2.48,2.73%,4500148
6/02/2015,93.77,93.96,92.65,92.98,-0.29,-0.31%,4083741
9/02/2015,92.75,93.24,92.1,92.93,-0.05,-0.05%,2842256
10/02/2015,92.86,92.9,92.03,92.59,-0.34,-0.37%,2144622
11/02/2015,93,93,91.6,91.86,-0.73,-0.79%,2813697
12/02/2015,91.78,91.78,90.86,91.18,-0.68,-0.74%,4760296
13/02/2015,91.85,93.59,91.43,93.15,1.97,2.16%,3496970
16/02/2015,93.2,93.92,92.17,93.47,0.32,0.34%,2892301
17/02/2015,90.37,91.25,89.91,90,-3.47,-3.71%,12351768
18/02/2015,90.62,90.79,89.89,90.71,0.71,0.79%,2615841
19/02/2015,91.06,91.37,90.55,91.14,0.43,0.47%,1988698
20/02/2015,91.15,91.48,89.99,90.21,-0.93,-1.02%,1534137
23/02/2015,90.5,90.9,90.17,90.41,0.2,0.22%,1744677
24/02/2015,90.5,91.2,90.12,91.04,0.63,0.70%,2146181
25/02/2015,91.2,91.42,90.55,90.87,-0.17,-0.19%,1583472
26/02/2015,90.93,90.95,90.22,90.42,-0.45,-0.50%,2117466
27/02/2015,90.86,92.3,90.3,91.92,1.5,1.66%,7370007
2/03/2015,91.9,93.11,91.63,92.55,0.63,0.69%,2118628
3/03/2015,92.67,93.48,91.33,91.92,-0.63,-0.68%,2649418
4/03/2015,92.2,92.22,90.52,91.13,-0.79,-0.86%,1820353
5/03/2015,91,91.18,90.45,91.12,-0.01,-0.01%,1678423
6/03/2015,90.99,91.69,90.45,91.09,-0.03,-0.03%,1257142
9/03/2015,90.33,91.075,90.29,90.52,-0.57,-0.63%,1369816
10/03/2015,90.7,91.23,90.32,90.68,0.16,0.18%,1922730
11/03/2015,90,90.76,89.6,90.52,-0.16,-0.18%,1888198
12/03/2015,90.15,91.99,90.15,91.82,1.3,1.44%,1955632
13/03/2015,92,92.26,91.12,91.32,-0.5,-0.54%,1746031
16/03/2015,91,92.07,90.75,91.79,0.47,0.51%,1805102
17/03/2015,92.6,93.66,92.41,93.41,1.62,1.76%,2758967
18/03/2015,93.11,93.49,92.44,93.39,-0.02,-0.02%,3183697
19/03/2015,93.8,95.8,93.8,95.61,2.22,2.38%,5107951
20/03/2015,95.2,96.6,94.95,96.32,0.71,0.74%,5572305
23/03/2015,96.32,96.69,95.42,95.48,-0.84,-0.87%,2137070
24/03/2015,95.48,95.76,95.04,95.09,-0.39,-0.41%,1719617
25/03/2015,95.2,95.86,95.11,95.86,0.77,0.81%,2445886
26/03/2015,95.09,95.1,93.84,93.84,-2.02,-2.11%,3567802
27/03/2015,93.8,94.76,93.52,94.34,0.5,0.53%,7578694
30/03/2015,93.77,93.98,92.91,93.1,-1.24,-1.31%,2185711
31/03/2015,93.6,94.34,93.4,93.4,0.3,0.32%,2230018
1/04/2015,92.8,93.39,92.59,93.32,-0.08,-0.09%,2225926
2/04/2015,93.5,94.61,93.33,94.4,1.08,1.16%,2204856
7/04/2015,95.05,95.79,93.775,94.21,-0.19,-0.20%,3096196
8/04/2015,94.3,94.67,93.73,94,-0.21,-0.22%,1709394
9/04/2015,94,94.58,93.71,93.85,-0.15,-0.16%,1582674
10/04/2015,94,94.275,93.42,94.13,0.28,0.30%,1253422
13/04/2015,94.23,94.77,94.05,94.1,-0.03,-0.03%,1092444
14/04/2015,93.5,94.07,93.41,93.8,-0.3,-0.32%,2029941
15/04/2015,93.79,93.82,92.37,92.44,-1.36,-1.45%,3298048
16/04/2015,93.49,93.49,92.72,93.01,0.57,0.62%,1983842
17/04/2015,93.01,93.12,91.9,92.08,-0.93,-1.00%,2095358
20/04/2015,91.4,91.58,91.02,91.33,-0.75,-0.81%,2235239
21/04/2015,92.16,92.24,91.56,91.78,0.45,0.49%,2499949
22/04/2015,91.74,91.99,90.71,91.12,-0.66,-0.72%,2344232
23/04/2015,91.25,91.39,90.5,90.72,-0.4,-0.44%,2341761
24/04/2015,91.33,92.2,91.2,92.1,1.38,1.52%,5606364
27/04/2015,92.53,92.74,91.92,92.72,0.62,0.67%,1857016
28/04/2015,92.75,92.96,92.49,92.58,-0.14,-0.15%,1917799
29/04/2015,92.32,92.87,90.57,90.57,-2.01,-2.17%,2649083
30/04/2015,89.73,89.79,88.29,88.87,-1.7,-1.88%,3930397
1/05/2015,88.4,89.35,88.25,88.92,0.05,0.06%,2315020
4/05/2015,87.32,88.395,87.15,88.01,-0.91,-1.02%,3003503
5/05/2015,88.64,89.64,87.63,88.14,0.13,0.15%,3085828
6/05/2015,85.24,86,82.98,82.98,-5.16,-5.85%,7198279
7/05/2015,81.3,83.63,81,83.11,0.13,0.16%,6270408
8/05/2015,83.7,84.61,82.64,82.64,-0.47,-0.57%,3188155
11/05/2015,83.55,83.69,81.71,82.17,-0.47,-0.57%,2866886
12/05/2015,82.17,83.18,81.8,82.88,0.71,0.86%,3095053
13/05/2015,83.54,84.19,83.1,83.98,1.1,1.33%,3039865
14/05/2015,83.85,84.2,83.04,83.62,-0.36,-0.43%,3776160
15/05/2015,84.75,84.8,84.02,84.75,1.13,1.35%,3799618
18/05/2015,84.84,84.87,83,83,-1.75,-2.06%,3319317
19/05/2015,83.05,83.82,82.26,82.85,-0.15,-0.18%,3088890
20/05/2015,82.55,83.34,82.35,82.49,-0.36,-0.43%,2529481
21/05/2015,82.2,83.66,82.2,83.56,1.07,1.30%,2873659
22/05/2015,83.89,83.89,82.78,83.11,-0.45,-0.54%,1792275
25/05/2015,83.2,84.24,82.88,84,0.89,1.07%,1489691
26/05/2015,84,84.75,83.87,84.64,0.64,0.76%,2435780
27/05/2015,84.34,84.8,83.84,84.13,-0.51,-0.60%,2223367
28/05/2015,84.37,84.435,83.225,83.5,-0.63,-0.75%,2631585
29/05/2015,83.97,85.82,83.67,85.09,1.59,1.90%,9099235
1/06/2015,84.84,85,83.55,84.48,-0.61,-0.72%,2103926
2/06/2015,85.12,85.12,83,83,-1.48,-1.75%,2612407
3/06/2015,82.5,82.67,81.56,81.57,-1.43,-1.72%,3726010
4/06/2015,81.5,82.49,80.47,80.54,-1.03,-1.26%,3774785
5/06/2015,80.38,80.81,79.79,80.29,-0.25,-0.31%,2891137
9/06/2015,80.3,81.23,79.8,79.82,-0.47,-0.59%,2808050
10/06/2015,79.86,80.2,79.19,79.91,0.09,0.11%,2239173
11/06/2015,80.3,81.49,80.3,81.41,1.5,1.88%,2573775
12/06/2015,81.5,81.96,81.02,81.42,0.01,0.01%,1828233
15/06/2015,80.9,81.9,80.22,81.89,0.47,0.58%,2365733
16/06/2015,82,83.02,81.61,82.38,0.49,0.60%,1996505
17/06/2015,83.5,84.46,83.32,84.26,1.88,2.28%,3678963
18/06/2015,84.16,84.23,82.69,83.2,-1.06,-1.26%,5342098
19/06/2015,84.19,84.49,83.935,84.47,1.27,1.53%,3651407
22/06/2015,84.27,85.115,83.95,85.02,0.55,0.65%,2080793
23/06/2015,86.46,86.9,86.01,86.76,1.74,2.05%,2781447
24/06/2015,87.08,87.59,86.92,87.19,0.43,0.50%,2945948
25/06/2015,86.63,87.6,86.2,87.29,0.1,0.11%,2825026
26/06/2015,86.5,86.91,86.01,86.65,-0.64,-0.73%,10009402
29/06/2015,85.39,85.46,84.36,84.69,-1.96,-2.26%,2491552
30/06/2015,83.85,85.41,83.63,85.13,0.44,0.52%,3200398
1/07/2015,85.15,86.58,85.15,86.02,0.89,1.05%,2062661
2/07/2015,85.97,87.65,85.95,87.45,1.43,1.66%,3116421
3/07/2015,87.5,87.5,86.14,86.66,-0.79,-0.90%,2487515
6/07/2015,85.08,86.65,84.965,86.3,-0.36,-0.42%,2038293
7/07/2015,86.5,88,86.45,87.69,1.39,1.61%,3130801
8/07/2015,86.31,87.31,85.77,85.77,-1.92,-2.19%,3961833
9/07/2015,84.61,85.92,84.21,85.6,-0.17,-0.20%,2773727
10/07/2015,86.46,86.57,85.68,85.79,0.19,0.22%,1827285
13/07/2015,85.58,86.83,85.03,85.18,-0.61,-0.71%,2018848
14/07/2015,86.42,86.73,85.71,86.25,1.07,1.26%,2369987
15/07/2015,86.4,87.3,86.4,87.12,0.87,1.01%,2478364
16/07/2015,88,88.41,87.6,87.96,0.84,0.96%,2196805
17/07/2015,88.29,88.35,87.42,87.98,0.02,0.02%,1420755
20/07/2015,88,88.42,87.72,88.36,0.38,0.43%,1251138
21/07/2015,88.83,88.88,87.81,88.1,-0.26,-0.29%,2008018
22/07/2015,87.12,87.43,86.63,86.63,-1.47,-1.67%,2874663
23/07/2015,86.5,87.04,86.03,86.3,-0.33,-0.38%,2181424
24/07/2015,86,86.93,85.5,85.81,-0.49,-0.57%,2265023
27/07/2015,85.45,86.15,85.11,86.09,0.28,0.33%,2282753
28/07/2015,85.27,86.84,85.27,86.35,0.26,0.30%,2505475
29/07/2015,87.09,87.59,86.6,86.6,0.25,0.29%,2304436
30/07/2015,86.93,87.43,86.63,87.08,0.48,0.55%,1939579
31/07/2015,87.56,87.78,87.11,87.56,0.48,0.55%,6754751
3/08/2015,87.72,87.74,86.81,87.37,-0.19,-0.22%,1321905
4/08/2015,87.37,88.37,87.04,88.03,0.66,0.76%,2266840
5/08/2015,87.63,87.99,86.93,87.37,-0.66,-0.75%,2488151
6/08/2015,86,86,84.13,84.55,-2.82,-3.23%,4488711
7/08/2015,82.8,83.41,81.3,81.3,-3.25,-3.84%,5214488
10/08/2015,81.15,82.65,80.5,82.14,0.84,1.03%,3378828
11/08/2015,82.96,82.99,81.75,82.12,-0.02,-0.02%,3848250
17/08/2015,80.5,81.74,80.37,81.27,-0.85,-1.04%,8127186
18/08/2015,79.31,79.53,76.91,76.91,-4.36,-5.36%,7498212
19/08/2015,77.08,78.84,76.95,78.27,1.36,1.77%,5726975
20/08/2015,77,77.95,75.76,76.15,-2.12,-2.71%,6306169
21/08/2015,75.09,75.59,74.16,75.59,-0.56,-0.74%,6935842
24/08/2015,73.6,74.36,72.47,72.47,-3.12,-4.13%,6916599
25/08/2015,71.45,75.36,71.42,75.08,2.61,3.60%,8131178
26/08/2015,73.55,76.26,73.51,76.13,1.05,1.40%,6033884
27/08/2015,77,77.48,76.43,76.43,0.3,0.39%,4834405
28/08/2015,77.3,77.35,75.6,76.36,-0.07,-0.09%,8806346
31/08/2015,75.71,75.71,74.12,75.08,-1.28,-1.68%,4715040
1/09/2015,74.99,75.09,73.25,73.3,-1.78,-2.37%,4332533
2/09/2015,72.65,73.76,72.22,73.63,0.33,0.45%,4509276
3/09/2015,74.63,74.87,71.97,71.97,-1.66,-2.25%,3937578
4/09/2015,71.96,72.33,71.26,72.15,0.18,0.25%,6328120
7/09/2015,71.9,72.38,71.34,72.32,0.17,0.24%,4570660
8/09/2015,72.59,74.17,72.35,74.17,1.85,2.56%,3999324
9/09/2015,75.81,76.84,75.76,76.72,2.55,3.44%,5549748
10/09/2015,74.9,76.5,74.82,75.13,-1.59,-2.07%,4595034
14/09/2015,75.05,75.3,74.02,74.55,-0.58,-0.77%,5378705
15/09/2015,74.67,74.98,73.27,73.42,-1.13,-1.52%,4209355
16/09/2015,74.99,75.47,74.1,75.35,1.93,2.63%,5551703
17/09/2015,76.2,76.49,75.51,75.59,0.24,0.32%,5142469
18/09/2015,75.74,76.37,74.35,75.83,0.24,0.32%,4131169
21/09/2015,74.61,74.78,73.05,73.62,-2.21,-2.91%,3651808
22/09/2015,74,74.55,73.2,73.8,0.18,0.24%,2229040
23/09/2015,73,73.21,71.45,71.6,-2.2,-2.98%,5680792
24/09/2015,71.97,72.8,71.85,72.5,0.9,1.26%,3215885
25/09/2015,72.8,73.29,71.4,71.44,-1.06,-1.46%,8362078
28/09/2015,71.56,73.06,71.55,72.7,1.26,1.76%,2151950
29/09/2015,71.5,71.93,70.15,70.15,-2.55,-3.51%,4504678
30/09/2015,70.85,72.93,70.83,72.72,2.57,3.66%,4795052
1/10/2015,73.39,74.355,72.66,74.27,1.55,2.13%,3277220
2/10/2015,73.39,74.44,73.11,73.39,-0.88,-1.18%,2392470
5/10/2015,74.44,74.84,74.2,74.36,0.97,1.32%,1619838
6/10/2015,75.25,75.83,74.78,74.96,0.6,0.81%,2595262
7/10/2015,75,75.28,73.71,75,0.04,0.05%,2523405
8/10/2015,75.7,75.9,75.03,75.37,0.37,0.49%,1998171
9/10/2015,76,76.25,75,75.53,0.16,0.21%,2428907
12/10/2015,75.5,75.53,74.33,74.65,-0.88,-1.17%,2185101
13/10/2015,74.5,74.88,73.27,74.23,-0.42,-0.56%,2371617
14/10/2015,73.45,75,73.45,74.56,0.33,0.44%,2682858
15/10/2015,74.86,75.57,74.01,75.4,0.84,1.13%,2302705
16/10/2015,76,77,75.97,76.55,1.15,1.53%,3732096
19/10/2015,77,77.1,76.06,76.43,-0.12,-0.16%,1963338
20/10/2015,76.15,76.45,75.6,75.73,-0.7,-0.92%,1995934
21/10/2015,75.35,76.12,74.51,75.81,0.08,0.11%,1914141
22/10/2015,75.5,76.7,75.3,76.39,0.58,0.77%,1734973
23/10/2015,77.7,78.1,77.1,77.35,0.96,1.26%,3063301
26/10/2015,77.89,77.93,77.37,77.5,0.15,0.19%,2251288
27/10/2015,77.61,78.1,77.54,77.74,0.24,0.31%,2424679
28/10/2015,77.75,77.82,77.03,77.64,-0.1,-0.13%,2108346
29/10/2015,78.21,78.25,77.05,77.17,-0.47,-0.61%,2637207
30/10/2015,76.51,77.32,76.13,76.73,-0.44,-0.57%,6229906
2/11/2015,76.85,76.99,75.01,75.1,-1.63,-2.12%,3023142
3/11/2015,75.5,76.5,75.3,76.46,1.36,1.81%,1949984
4/11/2015,77.08,77.9,76.35,76.58,0.12,0.16%,2574174
5/11/2015,76.81,77.44,75.11,75.85,-0.73,-0.95%,2951072
6/11/2015,75.83,76.86,75.51,76.59,0.74,0.98%,2169524
9/11/2015,76.18,76.65,75.02,75.58,-1.01,-1.32%,2288971
10/11/2015,75.5,75.65,73.75,74.76,-0.82,-1.08%,3464540
11/11/2015,74.85,76.29,74.85,76,1.24,1.66%,2720061
12/11/2015,75.6,77.69,75.52,77.4,1.4,1.84%,2560501
13/11/2015,75.66,76.19,75.03,75.76,-1.64,-2.12%,2885084
16/11/2015,74.64,75.52,74.63,74.78,-0.98,-1.29%,2114256
17/11/2015,75.99,77.07,75.58,77.07,2.29,3.06%,2930849
18/11/2015,76.47,78.25,76.38,77.84,0.77,1.00%,3150721
19/11/2015,78.59,79.18,78.16,79.14,1.3,1.67%,3267766
20/11/2015,79.35,80.23,78.91,79.83,0.69,0.87%,2950873
23/11/2015,80,80.69,79.52,80.4,0.57,0.71%,2001482
24/11/2015,79.8,80.7,79.52,79.64,-0.76,-0.95%,2604415
25/11/2015,79.61,79.61,78.7,79,-0.64,-0.80%,2373029
26/11/2015,79.27,80.61,79.21,80.22,1.22,1.54%,3292309
27/11/2015,80.95,81,79.6,80.12,-0.1,-0.12%,5545776
30/11/2015,80.25,80.59,79.35,79.43,-0.69,-0.86%,4247367
1/12/2015,79.46,81.46,79.4,80.99,1.56,1.96%,3556546
2/12/2015,81.05,81.88,80.78,81.76,0.77,0.95%,2445536
3/12/2015,80.94,81.72,80.59,81.5,-0.26,-0.32%,1902582
4/12/2015,79.96,80.44,79.56,80.22,-1.28,-1.57%,3408806
7/12/2015,81.5,81.81,80.5,80.51,0.29,0.36%,2028151
8/12/2015,80.01,80.69,79.75,80.14,-0.37,-0.46%,2474404
9/12/2015,79.86,80.9,79.52,80.29,0.15,0.19%,2497690
10/12/2015,79.7,80,77.88,78.9,-1.39,-1.73%,4186508
11/12/2015,78.5,79.35,78.15,78.95,0.05,0.06%,2284470
14/12/2015,77.95,78.42,77.33,77.44,-1.51,-1.91%,2914971
15/12/2015,77.98,78.24,76.87,76.87,-0.57,-0.74%,2701611
16/12/2015,77.8,79.09,77.6,79.09,2.22,2.89%,3102407
17/12/2015,80.5,80.9,80.17,80.69,1.6,2.02%,5445628
18/12/2015,79.9,81.57,79.525,81.57,0.88,1.09%,7936255
21/12/2015,80.77,81.97,80.77,81.92,0.35,0.43%,2198137
22/12/2015,82.47,82.52,81.28,81.67,-0.25,-0.31%,2092679
23/12/2015,82.49,82.59,81.81,82.05,0.38,0.47%,2522546
24/12/2015,83.1,83.42,82.83,83.32,1.27,1.55%,1620353
29/12/2015,83.47,84.5,83.02,84.5,1.18,1.42%,1840762
30/12/2015,85,85.785,84.9,85.57,1.07,1.27%,2623161
31/12/2015,85.49,85.85,85.1,85.53,-0.04,-0.05%,1800609
4/01/2016,85.44,85.53,84.23,84.46,-1.07,-1.25%,2230040
5/01/2016,83.18,83.63,83.01,83.11,-1.35,-1.60%,2761614
6/01/2016,83.13,83.34,81.89,82.11,-1,-1.20%,2477040
7/01/2016,81.7,82.3,79.91,80.41,-1.7,-2.07%,3320993
8/01/2016,79,80.35,77.65,79.42,-0.99,-1.23%,3791303
11/01/2016,78.48,79.2,77.73,78.64,-0.78,-0.98%,2588229
12/01/2016,79,80.35,78.96,79.39,0.75,0.95%,2927025
13/01/2016,80.11,81.27,79.58,81,1.61,2.03%,3143955
14/01/2016,79.5,79.98,78.81,79.42,-1.58,-1.95%,2147488
15/01/2016,80.88,80.93,78.52,78.88,-0.54,-0.68%,2701597
18/01/2016,77.74,78.84,77.25,78.39,-0.49,-0.62%,2460969
19/01/2016,78.6,79.21,78.07,79.19,0.8,1.02%,2300055
20/01/2016,79.2,79.77,77.47,77.61,-1.58,-2.00%,3383000
21/01/2016,78.77,79.16,76.81,76.81,-0.8,-1.03%,5261645
22/01/2016,77.4,77.4,75.98,76.56,-0.25,-0.33%,3581094
25/01/2016,77.92,79,77.5,79,2.44,3.19%,2932402
27/01/2016,79,79,77.23,77.6,-1.4,-1.77%,3232392
28/01/2016,77.58,78.06,76.56,77.83,0.23,0.30%,3143338
29/01/2016,77.79,78.67,76.69,78.67,0.84,1.08%,7035866
1/02/2016,79.5,79.59,78.04,78.22,-0.45,-0.57%,3603114
2/02/2016,78.53,78.765,77.8,78.02,-0.2,-0.26%,2339438
3/02/2016,76.73,77.22,75.62,75.73,-2.29,-2.94%,3758642
4/02/2016,76.3,77.63,76.05,77.36,1.63,2.15%,3125514
5/02/2016,77,77.14,76.01,76.6,-0.76,-0.98%,2267961
8/02/2016,76.07,76.61,75.85,76.38,-0.22,-0.29%,2222535
9/02/2016,75.62,75.75,72.87,72.87,-3.51,-4.60%,4592593
10/02/2016,74.97,75.7,72.58,74.2,1.33,1.83%,6540751
11/02/2016,75.1,75.19,73.13,74.3,0.1,0.13%,2862170
12/02/2016,73.69,74.46,73.07,73.33,-0.97,-1.31%,4264022
15/02/2016,75.4,75.4,73.11,74.3,0.97,1.32%,5367415
16/02/2016,72.5,72.74,70.75,72.6,-1.7,-2.29%,5455758
17/02/2016,73.19,73.54,71.85,72.33,-0.27,-0.37%,3410164
18/02/2016,73.31,74.28,73,74.28,1.95,2.70%,3165062
19/02/2016,73.85,74.13,73.03,73.43,-0.85,-1.14%,1768177
22/02/2016,73.2,74.42,73.16,74.24,0.81,1.10%,2074363
23/02/2016,74.01,75,73.03,73.28,-0.96,-1.29%,2571840
24/02/2016,72.62,72.71,71,71.26,-2.02,-2.76%,3957518
25/02/2016,71.5,71.54,70.07,71,-0.26,-0.36%,5357879
26/02/2016,71.5,71.75,70.35,70.72,-0.28,-0.39%,4861345
29/02/2016,70.85,71.49,70.09,70.14,-0.58,-0.82%,4476962
1/03/2016,70.11,71.48,70.09,71.41,1.27,1.81%,3667485
2/03/2016,72.85,74.64,72.64,73.94,2.53,3.54%,3667940
3/03/2016,74.16,74.91,74.01,74.91,0.97,1.31%,3042379
4/03/2016,75.71,76.05,75.34,75.74,0.83,1.11%,2660545
7/03/2016,76.19,77.165,75.74,76.89,1.15,1.52%,2691887
8/03/2016,76.68,76.98,75.05,75.45,-1.44,-1.87%,3363994
9/03/2016,75.2,76.31,75,76.31,0.86,1.14%,2661641
10/03/2016,76.6,77.18,76.05,76.14,-0.17,-0.22%,1786282
11/03/2016,76.3,76.75,75.42,76.37,0.23,0.30%,1774934
14/03/2016,76.88,77.45,76.63,76.86,0.49,0.64%,4135863
15/03/2016,76.84,76.86,75.25,75.45,-1.41,-1.83%,1647922
16/03/2016,75.5,76.55,75.2,76.04,0.59,0.78%,1764992
17/03/2016,76.65,77.96,76.25,77.38,1.34,1.76%,4715401
18/03/2016,78,78.53,77.65,78.16,0.78,1.01%,4505834
21/03/2016,78.11,78.15,76.74,77.14,-1.02,-1.31%,1781730
22/03/2016,77.3,77.49,76.87,76.91,-0.23,-0.30%,2824264
23/03/2016,76.76,77,76.17,76.7,-0.21,-0.27%,2729654
24/03/2016,76.01,76.31,74.15,74.82,-1.88,-2.45%,8965297
29/03/2016,74.8,74.8,72.91,73.12,-1.7,-2.27%,2545930
30/03/2016,73.63,74.37,72.7,73.31,0.19,0.26%,2249949
31/03/2016,74.29,75.17,73.56,74.92,1.61,2.20%,3039143
1/04/2016,73.81,74.12,72.595,72.99,-1.93,-2.58%,2904635
4/04/2016,73.2,73.95,72.91,72.92,-0.07,-0.10%,1953640
5/04/2016,73,73.01,71,71.25,-1.67,-2.29%,4361540
6/04/2016,71.23,71.69,70.61,71.15,-0.1,-0.14%,2732316
7/04/2016,71.55,71.77,70.76,70.99,-0.16,-0.22%,2312789
8/04/2016,70.28,71.32,69.79,70.76,-0.23,-0.32%,3270663
11/04/2016,71,71.07,70.32,70.7,-0.06,-0.08%,2349021
12/04/2016,70.51,72.22,70.51,72.22,1.52,2.15%,2033939
13/04/2016,73.06,73.73,72.52,73.73,1.51,2.09%,2815308
14/04/2016,74.66,74.9,74,74.71,0.98,1.33%,3222694
15/04/2016,74.54,75.02,73.76,75,0.29,0.39%,2341707
18/04/2016,74.52,75.02,73.85,74.18,-0.82,-1.09%,2220565
19/04/2016,75,75.45,74.65,74.7,0.52,0.70%,3916364
20/04/2016,75,75.16,73.9,74.55,-0.15,-0.20%,2357210
21/04/2016,75,75.56,74.9,75.48,0.93,1.25%,3324504
22/04/2016,75,75.63,74.73,75.04,-0.44,-0.58%,2164070
26/04/2016,75.4,75.82,75.1,75.62,0.58,0.77%,2401173
27/04/2016,75.98,76.16,73.46,73.76,-1.86,-2.46%,3288270
28/04/2016,74,74.38,73.53,73.85,0.09,0.12%,3085777
29/04/2016,73.94,74.4,73.53,73.89,0.04,0.05%,4300511
2/05/2016,73,73.27,71.3,72.34,-1.55,-2.10%,2968523
3/05/2016,71.6,75.02,71.51,75.02,2.68,3.70%,3868830
4/05/2016,74.7,75.32,73.81,74.61,-0.41,-0.55%,2441957
5/05/2016,74.74,75.33,74.52,74.85,0.24,0.32%,3250863
6/05/2016,74.38,74.65,73.5,74.35,-0.5,-0.67%,3800504
9/05/2016,74.35,75.84,73.55,75.78,1.43,1.92%,3557188
10/05/2016,75.75,78,75.71,78,2.22,2.93%,6650553
11/05/2016,78.6,79.2,77.55,77.99,-0.01,-0.01%,3550798
12/05/2016,77.83,78.5,77.59,78.24,0.25,0.32%,3738026
13/05/2016,78.6,78.6,76.94,77.39,-0.85,-1.09%,3048547
16/05/2016,77.05,78,76.75,78,0.61,0.79%,2483761
17/05/2016,78.01,78.75,78.01,78.7,0.7,0.90%,2116261
18/05/2016,78.29,78.45,77.425,77.62,-1.08,-1.37%,2963445
19/05/2016,78.3,78.34,77.38,77.76,0.14,0.18%,2549139
20/05/2016,77.8,78.33,77.29,78.12,0.36,0.46%,1820366
23/05/2016,78.3,78.56,77.42,77.96,-0.16,-0.20%,2494097
24/05/2016,77.71,78.33,77.56,77.56,-0.4,-0.51%,1814339
25/05/2016,78.67,78.93,78.33,78.39,0.83,1.07%,3577527
26/05/2016,78.4,78.95,77.85,78.59,0.2,0.26%,2442257
27/05/2016,78.85,79.18,78.68,78.9,0.31,0.39%,4315925
30/05/2016,79,79.09,78.02,78.18,-0.72,-0.91%,1747369
31/05/2016,78.17,78.23,77.35,77.43,-0.75,-0.96%,3681704
1/06/2016,76.31,77.03,76.15,76.5,-0.93,-1.20%,3007983
2/06/2016,76.99,76.99,75.31,75.58,-0.92,-1.20%,2038099
3/06/2016,76.22,76.27,75.21,75.75,0.17,0.22%,2302717
6/06/2016,75.73,76.74,75.44,76.6,0.85,1.12%,1807334
7/06/2016,76.89,77.955,76.8,77.34,0.74,0.97%,2888613
8/06/2016,76.82,77.21,76.3,76.99,-0.35,-0.45%,2665616
9/06/2016,77.25,77.25,75.86,76.3,-0.69,-0.90%,2295385
10/06/2016,75.62,75.86,75,75.49,-0.81,-1.06%,1774102
14/06/2016,74.38,74.5,73.22,73.52,-1.97,-2.61%,3266702
15/06/2016,73.2,73.43,72.2,72.2,-1.32,-1.80%,3934390
16/06/2016,72.74,72.99,71.64,71.8,-0.4,-0.55%,4469989
17/06/2016,72.4,72.74,71.89,72.03,0.23,0.32%,2866818
20/06/2016,73.2,74.2,73,74.2,2.17,3.01%,2386284
21/06/2016,74.6,75.35,74.25,75.08,0.88,1.19%,2977266
22/06/2016,75,75.58,74.63,75.07,-0.01,-0.01%,2374310
23/06/2016,75.18,75.57,74.8,75.02,-0.05,-0.07%,2371206
24/06/2016,75.65,75.84,71.66,72.57,-2.45,-3.27%,7780996
27/06/2016,71.99,72.88,71.01,72.8,0.23,0.32%,3227055
28/06/2016,71.72,73.315,71.6,73.1,0.3,0.41%,4109344
29/06/2016,74.21,74.4,73.26,73.46,0.36,0.49%,2828505
30/06/2016,74.1,74.68,73.98,74.37,0.91,1.24%,4275739
1/07/2016,74.29,74.66,73.56,73.83,-0.54,-0.73%,2354129
4/07/2016,73.2,73.38,72.56,73.38,-0.45,-0.61%,2746700
5/07/2016,73.3,73.35,72.395,72.56,-0.82,-1.12%,2719389
6/07/2016,72.3,72.3,71.26,71.97,-0.59,-0.81%,3518493
7/07/2016,72.75,73.1,72.01,72.5,0.53,0.74%,3003488
8/07/2016,72.46,72.57,72.06,72.41,-0.09,-0.12%,1831048
11/07/2016,73.5,74.2,73.34,74.1,1.69,2.33%,3227781
12/07/2016,74.5,75.17,74.41,74.5,0.4,0.54%,2770717
13/07/2016,75.16,75.25,74.72,74.89,0.39,0.52%,2111221
14/07/2016,75.15,75.62,75.1,75.61,0.72,0.96%,2148285
15/07/2016,75.93,76.43,75.69,75.94,0.33,0.44%,2021505
18/07/2016,76.2,76.4,75.74,76.1,0.16,0.21%,1790811
19/07/2016,76.35,76.35,75.34,76.02,-0.08,-0.11%,1906157
20/07/2016,76.2,76.87,75.9,76.76,0.74,0.97%,2447338
21/07/2016,77.56,77.58,76.69,77.03,0.27,0.35%,3282688
22/07/2016,76.99,77.21,76.56,77.14,0.11,0.14%,1858980
25/07/2016,77.38,77.97,77.32,77.55,0.41,0.53%,1978433
26/07/2016,77.71,78,77.16,78,0.45,0.58%,2646167
27/07/2016,78.33,78.37,77.44,77.94,-0.06,-0.08%,2730664
28/07/2016,77.97,78.07,77.72,77.8,-0.14,-0.18%,2126310
29/07/2016,77.75,77.75,76.87,77.35,-0.45,-0.58%,7235387
1/08/2016,77.43,78.4,77.21,77.98,0.63,0.81%,2044844
2/08/2016,77.82,78.29,77.535,77.59,-0.39,-0.50%,2991283
3/08/2016,76.71,76.93,76.03,76.03,-1.56,-2.01%,3144785
4/08/2016,76.4,76.4,75.57,75.66,-0.37,-0.49%,2939161
5/08/2016,76.25,76.51,75.84,76.15,0.49,0.65%,1922629
8/08/2016,76.71,77.53,76.71,77.2,1.05,1.38%,2543616
9/08/2016,77.2,78.49,77.2,78.41,1.21,1.57%,2757764
10/08/2016,78,79.09,77.21,77.4,-1.01,-1.29%,4090305
11/08/2016,76.73,76.845,75.56,75.95,-1.45,-1.87%,4329874
12/08/2016,76.68,76.7,75.5,76.01,0.06,0.08%,4395273
15/08/2016,76.2,76.68,75.67,76.3,0.29,0.38%,2708901
16/08/2016,76.72,76.72,76,76,-0.3,-0.39%,3271475
17/08/2016,73.5,74.2,73.44,74.04,-1.96,-2.58%,6372697
18/08/2016,73.97,74.39,73.08,73.12,-0.92,-1.24%,4316515
19/08/2016,73.12,73.66,72.77,73.45,0.33,0.45%,2114342
22/08/2016,73.46,73.69,73,73.12,-0.33,-0.45%,2485948
23/08/2016,73.59,73.99,73.45,73.85,0.73,1.00%,2596089
24/08/2016,74,74.79,74,74.46,0.61,0.83%,2530008
25/08/2016,74.47,74.495,73.93,74,-0.46,-0.62%,2072246
26/08/2016,74.13,74.16,73.25,73.26,-0.74,-1.00%,4685969
29/08/2016,73.1,73.35,72.47,72.64,-0.62,-0.85%,2904787
30/08/2016,73.06,73.26,72.84,72.9,0.26,0.36%,2403744
31/08/2016,72.53,72.61,71.685,71.81,-1.09,-1.50%,6289559
1/09/2016,71.62,71.93,71.14,71.51,-0.3,-0.42%,2982612
2/09/2016,71.38,71.45,70.82,70.91,-0.6,-0.84%,3370159
5/09/2016,71.62,72.31,71.43,72.31,1.4,1.97%,2493060
6/09/2016,72.47,72.47,71.61,71.76,-0.55,-0.76%,2054767
7/09/2016,72.2,72.56,71.81,72.56,0.8,1.11%,3360622
8/09/2016,72.6,72.66,71.51,72.06,-0.5,-0.69%,3063887
9/09/2016,71.5,71.6,70.87,70.87,-1.19,-1.65%,3309369
12/09/2016,69.94,70.46,69.71,70.22,-0.65,-0.92%,5017120
13/09/2016,70.9,71.28,69.32,69.5,-0.72,-1.03%,4800065
14/09/2016,69.32,70.23,69.22,70.16,0.66,0.95%,4627086
15/09/2016,69.95,71.68,69.88,71.5,1.34,1.91%,5687281
16/09/2016,71.84,72.4,71.66,72.24,0.74,1.03%,4693510
19/09/2016,72.15,72.21,71.68,72.21,-0.03,-0.04%,683497
20/09/2016,71.9,72.62,71.72,72.62,0.41,0.57%,2664324
21/09/2016,72.62,73.055,72.28,72.89,0.27,0.37%,3203713
22/09/2016,73.49,73.54,72.88,72.88,-0.01,-0.01%,1993643
23/09/2016,72.86,73.59,72.85,73.4,0.52,0.71%,3604714
26/09/2016,73,73.63,72.96,73.4,0,0.00%,1815203
27/09/2016,72.73,72.94,72.2,72.7,-0.7,-0.95%,3196255
28/09/2016,73,73.4,72.73,72.93,0.23,0.32%,2214260
29/09/2016,73.35,73.5,73.05,73.5,0.57,0.78%,2286690
30/09/2016,72.85,73.1,72.4,72.4,-1.1,-1.50%,5952567
3/10/2016,72.94,73.84,72.92,73.5,1.1,1.52%,1991620
4/10/2016,73.35,73.435,72.8,73.3,-0.2,-0.27%,2115443
5/10/2016,73.04,73.79,73.01,73.59,0.29,0.40%,2102700
6/10/2016,73.92,74.21,73.66,74.16,0.57,0.77%,2179318
7/10/2016,74.3,74.54,74,74.38,0.22,0.30%,2420408
10/10/2016,74.55,74.82,74.48,74.62,0.24,0.32%,3195090
11/10/2016,74.87,75.13,74.53,74.61,-0.01,-0.01%,2358190
12/10/2016,74.16,75,74,74.99,0.38,0.51%,2726864
13/10/2016,74.6,74.815,74.34,74.53,-0.46,-0.61%,2513524
14/10/2016,74.6,74.79,74.28,74.58,0.05,0.07%,2258314
17/10/2016,74.58,74.98,74.36,74.37,-0.21,-0.28%,2544333
18/10/2016,74.4,74.67,73.81,74.59,0.22,0.30%,2662749
19/10/2016,74.68,74.965,74.42,74.74,0.15,0.20%,2343519
20/10/2016,74.86,75.09,74.46,74.59,-0.15,-0.20%,2268146
21/10/2016,74.89,74.97,74.39,74.9,0.31,0.42%,2682010
24/10/2016,74.8,74.83,74.11,74.67,-0.23,-0.31%,1762900
25/10/2016,74.89,75.31,74.73,75.23,0.56,0.75%,2230946
26/10/2016,74.94,74.94,73.79,74.19,-1.04,-1.38%,3041064
27/10/2016,74.3,74.5,72.96,72.99,-1.2,-1.62%,2904062
28/10/2016,72.93,73.03,72.3,72.75,-0.24,-0.33%,3877835
31/10/2016,72.5,73.64,72.42,73.39,0.64,0.88%,2401480
1/11/2016,72.77,73.22,72.33,72.76,-0.63,-0.86%,1849870
2/11/2016,72.14,72.33,71.52,72.17,-0.59,-0.81%,2477399
3/11/2016,71.5,72.25,71.42,71.61,-0.56,-0.78%,2329571
4/11/2016,71.26,71.69,70.855,70.99,-0.62,-0.87%,2421960
7/11/2016,71.66,72.72,71.26,72.53,1.54,2.17%,2374165
8/11/2016,72.8,72.81,71.31,72.07,-0.46,-0.63%,2526134
9/11/2016,72.4,73.83,69.64,70.89,-1.18,-1.64%,5019098
10/11/2016,72.77,73.26,72.675,73.26,2.37,3.34%,3332425
11/11/2016,73.64,75.78,73.61,75.78,2.52,3.44%,6081494
14/11/2016,75.8,76.18,75,76.18,0.4,0.53%,3449889
15/11/2016,75.91,76.53,75.64,76.43,0.25,0.33%,3319291
16/11/2016,76.75,77.23,76.5,76.89,0.46,0.60%,3244508
17/11/2016,76.33,76.85,75.93,76.65,-0.24,-0.31%,3214291
18/11/2016,76.91,77.28,76.62,76.86,0.21,0.27%,3018377
21/11/2016,76.79,77.21,76.26,76.87,0.01,0.01%,1922951
22/11/2016,77.3,77.74,77.02,77.39,0.52,0.68%,2581461
23/11/2016,77.66,78.53,77.59,78.42,1.03,1.33%,3158139
24/11/2016,78.8,79.05,78.37,78.43,0.01,0.01%,2365516
25/11/2016,78.5,78.57,77.93,78.17,-0.26,-0.33%,5692079
28/11/2016,78.19,78.25,77.29,77.29,-0.88,-1.13%,1692415
29/11/2016,76.91,78.41,76.86,77.76,0.47,0.61%,3441918
30/11/2016,77.79,78.65,77.77,78.65,0.89,1.14%,5108199
1/12/2016,78.8,79.53,78.55,79.53,0.88,1.12%,3388408
2/12/2016,79.29,79.49,78.6,78.6,-0.93,-1.17%,2369831
5/12/2016,78.36,78.45,77.37,77.68,-0.92,-1.17%,1973841
6/12/2016,78.3,78.87,78.01,78.01,0.33,0.42%,2213262
7/12/2016,78.89,79.32,78.5,79.3,1.29,1.65%,2427876
8/12/2016,79.88,80.08,79.67,79.73,0.43,0.54%,2708344
9/12/2016,79.84,80.92,79.735,80.67,0.94,1.18%,3383119
12/12/2016,80.67,81.36,80.48,80.92,0.25,0.31%,2327789
13/12/2016,80.5,80.74,80.26,80.38,-0.54,-0.67%,2324519
14/12/2016,81.1,81.35,80.76,81.18,0.8,1.00%,2872286
15/12/2016,81.18,81.39,80.17,80.64,-0.54,-0.67%,4138194
16/12/2016,80.94,81.23,80.23,81.06,0.42,0.52%,4286670
19/12/2016,81.05,81.64,80.75,81.43,0.37,0.46%,2525178
20/12/2016,81.75,82.6,81.61,82.27,0.84,1.03%,2530423
21/12/2016,82.49,82.75,82.08,82.09,-0.18,-0.22%,2089953
22/12/2016,82.11,82.69,82,82.69,0.6,0.73%,2482097
23/12/2016,82.85,82.99,82.45,82.5,-0.19,-0.23%,7066628
28/12/2016,82.95,83.48,82.785,83.31,0.81,0.98%,1962525
29/12/2016,83.19,83.5,82.51,83.5,0.19,0.23%,1437162
30/12/2016,83.08,83.175,82.38,82.41,-1.09,-1.31%,1468794
3/01/2017,82.4,83.16,82.31,82.97,0.56,0.68%,1967692
4/01/2017,83.5,83.76,83.2,83.61,0.64,0.77%,2086820
5/01/2017,83.99,84.12,83.59,83.85,0.24,0.29%,2049692
6/01/2017,83.98,84.18,83.62,84.13,0.28,0.33%,2648142
9/01/2017,84.28,85.65,84.175,85.26,1.13,1.34%,2742640
10/01/2017,84.99,85.16,84.43,84.82,-0.44,-0.52%,2345467
11/01/2017,84.7,85.21,84.57,85,0.18,0.21%,2342921
12/01/2017,85,85.59,84.7,85.03,0.03,0.04%,2215463
13/01/2017,85.04,85.04,83.34,83.86,-1.17,-1.38%,2522301
16/01/2017,84.29,84.41,83.75,84.09,0.23,0.27%,1338272
17/01/2017,83.5,83.62,83.11,83.35,-0.74,-0.88%,2778153
18/01/2017,83,83.1,82.16,82.66,-0.69,-0.83%,2758586
19/01/2017,82.94,83.2,82.2,82.67,0.01,0.01%,1861604
20/01/2017,81.95,82.08,81.31,81.58,-1.09,-1.32%,2537711
23/01/2017,82.1,82.65,81.16,81.47,-0.11,-0.13%,2956811
24/01/2017,81.49,82.015,81.3,81.77,0.3,0.37%,2697276
25/01/2017,82.5,82.68,82.08,82.23,0.46,0.56%,6214145
27/01/2017,82.48,83.42,82.35,82.98,0.75,0.91%,1928520
30/01/2017,82.57,82.68,81.78,82.19,-0.79,-0.95%,1591614
31/01/2017,81.9,82.14,81.3,81.66,-0.53,-0.64%,3193325
1/02/2017,81.66,82.16,81.12,82.02,0.36,0.44%,1807741
2/02/2017,82.25,82.44,81.68,82.01,-0.01,-0.01%,2300935
3/02/2017,82.01,82.33,81.52,81.68,-0.33,-0.40%,1758749
6/02/2017,82.45,82.91,81.86,81.91,0.23,0.28%,2495052
7/02/2017,81.85,81.94,81.05,81.51,-0.4,-0.49%,2538039
8/02/2017,81.77,82.54,81.62,82.35,0.84,1.03%,2112168
9/02/2017,82.32,82.51,81.61,81.93,-0.42,-0.51%,2526443
10/02/2017,82.64,82.93,82.3,82.9,0.97,1.18%,2276343
13/02/2017,83,83.2,82.6,83.15,0.25,0.30%,1688054
14/02/2017,83.48,83.65,82.53,82.63,-0.52,-0.63%,2153710
15/02/2017,83.6,84.83,83.25,84.53,1.9,2.30%,4017264
16/02/2017,85.15,85.15,84.42,85.08,0.55,0.65%,3781716
17/02/2017,85.2,85.5,85.16,85.39,0.31,0.36%,3780383
20/02/2017,85.4,85.98,85.21,85.91,0.52,0.61%,2384410
21/02/2017,85.96,86.09,85.61,85.94,0.03,0.03%,3305349
22/02/2017,83.82,83.9,83.33,83.71,-2.23,-2.59%,7963927
23/02/2017,83.6,83.78,83.26,83.48,-0.23,-0.27%,3228480
24/02/2017,83.21,83.61,82.82,83.02,-0.46,-0.55%,4220843
27/02/2017,82.59,82.9,81.95,82.24,-0.78,-0.94%,3312611
28/02/2017,82.49,83.09,82.15,82.32,0.08,0.10%,3728828
1/03/2017,81.98,82.81,81.75,82.81,0.49,0.60%,2778610
2/03/2017,83.9,84.04,83.52,83.86,1.05,1.27%,2440705
3/03/2017,83.4,83.54,82.85,83.2,-0.66,-0.79%,1754994
6/03/2017,83.75,83.8,82.9,83.5,0.3,0.36%,1419448
7/03/2017,83.4,83.72,83.04,83.54,0.04,0.05%,2161261
8/03/2017,83.5,83.67,83.03,83.23,-0.31,-0.37%,2020119
9/03/2017,83.23,83.86,83.05,83.53,0.3,0.36%,1824392
10/03/2017,83.9,84.5,83.77,84.5,0.97,1.16%,3148541
13/03/2017,84.5,84.5,84.02,84.3,-0.2,-0.24%,1510473
14/03/2017,84.3,84.49,84.02,84.49,0.19,0.23%,2388381
15/03/2017,84.39,84.88,84.07,84.82,0.33,0.39%,2187578
16/03/2017,84.99,85.2,84.05,84.54,-0.28,-0.33%,5042921
17/03/2017,84.7,84.99,84.34,84.77,0.23,0.27%,2872248
20/03/2017,84.4,84.63,84.03,84.43,-0.34,-0.40%,1200277
21/03/2017,84.39,84.42,83.89,84.42,-0.01,-0.01%,1817155
22/03/2017,83.26,83.4,82.48,82.71,-1.71,-2.03%,3185116
23/03/2017,82.6,82.95,82.31,82.95,0.24,0.29%,2794213
24/03/2017,83,83.89,82.68,83.38,0.43,0.52%,2079658
27/03/2017,82.74,83.6,82.5,83.4,0.02,0.02%,2770782
28/03/2017,83.75,85.26,83.725,85.26,1.86,2.23%,4359013
29/03/2017,85.4,86.28,85.35,86.14,0.88,1.03%,3605758
30/03/2017,86.13,86.6,85.6,86.52,0.38,0.44%,2691755
31/03/2017,86.16,86.65,85.91,85.91,-0.61,-0.71%,5692472
3/04/2017,85.43,86.44,85.26,86.39,0.48,0.56%,1753298
4/04/2017,86.12,86.26,85.58,85.93,-0.46,-0.53%,1752542
5/04/2017,86.49,86.52,85.35,85.99,0.06,0.07%,3171203
6/04/2017,85.5,85.62,84.45,84.79,-1.2,-1.40%,2770424
7/04/2017,85.2,85.52,84.09,84.77,-0.02,-0.02%,2630263
10/04/2017,85.21,85.5,84.97,85.49,0.72,0.85%,2156492
11/04/2017,85.58,86.34,85.27,86.1,0.61,0.71%,2693938
12/04/2017,86.37,86.68,85.98,86.68,0.58,0.67%,2830371
13/04/2017,86.28,86.5,86,86.25,-0.43,-0.50%,1787101
18/04/2017,86.35,86.54,85.215,85.51,-0.74,-0.86%,2575349
19/04/2017,84.96,85.25,84.5,84.62,-0.89,-1.04%,4178388
20/04/2017,84.93,85.31,84.76,85.13,0.51,0.60%,2038116
21/04/2017,85.49,86,85.47,85.64,0.51,0.60%,1959863
24/04/2017,85.98,86.46,85.75,86.23,0.59,0.69%,2042180
26/04/2017,86.7,87.39,86.67,87.11,0.88,1.02%,3687917
27/04/2017,87.1,87.68,87.02,87.66,0.55,0.63%,3015091
28/04/2017,87.66,87.74,86.55,87.4,-0.26,-0.30%,5588829
1/05/2017,87.09,87.69,86.78,87.46,0.06,0.07%,2857545
2/05/2017,87.2,87.21,86.235,86.83,-0.63,-0.72%,3788195
3/05/2017,86.52,86.94,85.2,85.35,-1.48,-1.70%,3504467
4/05/2017,85.8,85.8,84.32,84.63,-0.72,-0.84%,3812058
5/05/2017,85,85.48,83.95,84.4,-0.23,-0.27%,3176468
8/05/2017,85.32,85.44,84.51,85.3,0.9,1.07%,3038821
9/05/2017,84,84.28,81.92,82.02,-3.28,-3.85%,6053564
10/05/2017,79.89,82.585,79.55,81.73,-0.29,-0.35%,5545634
11/05/2017,82.21,82.97,81.915,82.07,0.34,0.42%,3514061
12/05/2017,81.77,82.27,80.9,81.67,-0.4,-0.49%,2360590
15/05/2017,81.56,82.4,81.04,82.24,0.57,0.70%,2715933
16/05/2017,82.62,82.9,82.29,82.61,0.37,0.45%,2487053
17/05/2017,82.22,82.29,80.85,80.97,-1.64,-1.99%,2517183
18/05/2017,80,80.93,79.93,80.81,-0.16,-0.20%,3755954
19/05/2017,80.8,81.19,80.05,80.23,-0.58,-0.72%,2778823
22/05/2017,80.9,81.47,80.8,81.27,1.04,1.30%,2390744
23/05/2017,81.29,81.84,80.8,80.94,-0.33,-0.41%,1957715
24/05/2017,81.38,81.45,80.77,81,0.06,0.07%,2510225
25/05/2017,80.91,81.3,80.06,81.26,0.26,0.32%,2409723
26/05/2017,81.3,81.3,80.14,80.14,-1.12,-1.38%,5605604
29/05/2017,80.29,80.29,78.89,78.89,-1.25,-1.56%,3602822
30/05/2017,78.95,79.66,78.5,79.44,0.55,0.70%,2882295
31/05/2017,79.5,80.465,79.13,79.65,0.21,0.26%,5964569
1/06/2017,79.5,80.14,79.15,79.62,-0.03,-0.04%,2564771
2/06/2017,80,80.48,79.72,80.38,0.76,0.95%,2916748
5/06/2017,80.12,80.12,79,79.31,-1.07,-1.33%,3534212
6/06/2017,79,79.08,78.15,78.15,-1.16,-1.46%,3629209
7/06/2017,78.22,78.89,77.65,78.5,0.35,0.45%,2732421
8/06/2017,78.01,79.3,77.97,79.05,0.55,0.70%,2149650
9/06/2017,78.98,79.46,78.66,79.19,0.14,0.18%,2233945
13/06/2017,79.5,81.13,79.46,81.13,1.94,2.45%,4117682
14/06/2017,81.33,82.3,81.3,82.3,1.17,1.44%,5736170
15/06/2017,82.6,82.63,81.5,81.7,-0.6,-0.73%,10569256
16/06/2017,81.7,82.2,81.63,81.86,0.16,0.20%,2920351
19/06/2017,81.94,82.79,81.91,82.79,0.93,1.14%,2477905
20/06/2017,82.87,83.06,81.89,82.24,-0.55,-0.66%,4348940
21/06/2017,81.69,81.73,80.73,80.8,-1.44,-1.75%,3260528
22/06/2017,81.01,82.235,81,81.88,1.08,1.34%,2808912
23/06/2017,81.7,81.78,80.91,81.25,-0.63,-0.77%,2976353
26/06/2017,81.34,81.72,81.2,81.55,0.3,0.37%,2923487
27/06/2017,81.55,82.32,81.55,82.08,0.53,0.65%,2265951
28/06/2017,81.8,82.87,81.64,82.71,0.63,0.77%,2878203
29/06/2017,83.97,84.37,83.79,84.02,1.31,1.58%,3805387
30/06/2017,83.46,83.48,82.81,82.81,-1.21,-1.44%,7045122
3/07/2017,82.83,83.19,82.15,82.44,-0.37,-0.45%,2255385
4/07/2017,83.42,84.27,83.33,84,1.56,1.89%,4322331
5/07/2017,83.86,83.89,83.37,83.64,-0.36,-0.43%,2363393
6/07/2017,83.92,83.96,82.91,83.01,-0.63,-0.75%,2456675
7/07/2017,82.14,82.62,81.8,82.13,-0.88,-1.06%,3770476
10/07/2017,82.6,83.15,82.49,82.81,0.68,0.83%,2873284
11/07/2017,82.5,83.28,82.1,82.94,0.13,0.16%,2325760
12/07/2017,82.74,82.75,81.78,82.12,-0.82,-0.99%,3007799
13/07/2017,82.8,82.91,82.18,82.56,0.44,0.54%,2903674
14/07/2017,82.8,83.2,82.68,83.12,0.56,0.68%,2669648
17/07/2017,82.9,83.28,82.6,82.94,-0.18,-0.22%,1406194
18/07/2017,82.98,83.08,81.3,81.4,-1.54,-1.86%,3623819
19/07/2017,83.09,84.1,83.01,83.81,2.41,2.96%,5554084
20/07/2017,84.98,85.05,84.05,84.56,0.75,0.89%,4596038
21/07/2017,83.62,84.62,83.43,83.97,-0.59,-0.70%,2540691
24/07/2017,83.23,83.57,82.98,83.57,-0.4,-0.48%,2062552
25/07/2017,83.79,84.6,83.69,84.28,0.71,0.85%,2286026
26/07/2017,84.95,85.1,84.655,84.81,0.53,0.63%,2021200
27/07/2017,84.81,85.12,84.54,85.05,0.24,0.28%,1862642
28/07/2017,84.3,84.59,83.54,83.76,-1.29,-1.52%,5459225
31/07/2017,83.99,84.28,83.5,83.73,-0.03,-0.04%,2217082
1/08/2017,83.92,84.685,83.92,84.54,0.81,0.97%,3191137
2/08/2017,84.8,84.9,83.98,84.23,-0.31,-0.37%,1636016
3/08/2017,84.09,84.69,83.78,83.97,-0.26,-0.31%,2372029
4/08/2017,82.51,82.65,80.57,80.72,-3.25,-3.87%,9239819
7/08/2017,80.11,82,80,81.52,0.8,0.99%,4595336
8/08/2017,81.7,81.99,80.37,80.65,-0.87,-1.07%,3861332
9/08/2017,81.19,81.78,80.74,81.11,0.46,0.57%,4336391
10/08/2017,81.26,81.7,80.82,81.05,-0.06,-0.07%,5300676
11/08/2017,80.42,80.8,79.95,80.5,-0.55,-0.68%,4740282
14/08/2017,80.84,81.69,80.75,81.31,0.81,1.01%,3023667
15/08/2017,81.93,81.95,81.14,81.25,-0.06,-0.07%,2846023
16/08/2017,78.16,79.84,78.15,79.84,-1.41,-1.74%,4991112
17/08/2017,80.45,80.62,79.16,79.55,-0.29,-0.36%,3543830
18/08/2017,78.5,79.26,78.33,79.09,-0.46,-0.58%,3307758
21/08/2017,78.84,78.84,77.59,78.41,-0.68,-0.86%,4785441
22/08/2017,78.4,78.66,77.93,78.66,0.25,0.32%,2779226
23/08/2017,79.11,79.25,78.01,78.21,-0.45,-0.57%,3888666
24/08/2017,77.62,77.97,77.23,77.55,-0.66,-0.84%,4899751
25/08/2017,77.2,77.87,76.97,77.72,0.17,0.22%,4825992
28/08/2017,77.49,77.49,76.47,76.68,-1.04,-1.34%,4353930
29/08/2017,76,76.08,75.3,75.73,-0.95,-1.24%,5740095
30/08/2017,75.7,75.78,75.04,75.37,-0.36,-0.48%,4795687
31/08/2017,75.27,75.96,75.16,75.8,0.43,0.57%,4751356
1/09/2017,76,76.2,75.08,75.48,-0.32,-0.42%,4684590
4/09/2017,75.1,75.29,73.63,74.41,-1.07,-1.42%,3810853
5/09/2017,74.4,74.59,73.59,74.59,0.18,0.24%,5131918
6/09/2017,74.22,74.28,73.48,73.7,-0.89,-1.19%,3618617
7/09/2017,73.85,74.44,73.83,73.98,0.28,0.38%,3214877
8/09/2017,74.05,74.11,73.2,73.24,-0.74,-1.00%,3349581
11/09/2017,73.5,74.39,73.5,74.26,1.02,1.39%,2813595
12/09/2017,74.65,75.95,74.62,75.92,1.66,2.24%,4825830
13/09/2017,76.9,77,76.21,76.55,0.63,0.83%,2788006
14/09/2017,76.75,77.1,76.14,76.75,0.2,0.26%,2968713
15/09/2017,76,76.63,75.95,76.28,-0.47,-0.61%,3774237
18/09/2017,76.75,77.03,76.67,76.69,0.41,0.54%,2991036
19/09/2017,76.95,77.3,76.28,76.28,-0.41,-0.53%,2185898
20/09/2017,76,76.34,75.65,76.29,0.01,0.01%,1621576
21/09/2017,76,76.89,75.9,76.07,-0.22,-0.29%,4104400
22/09/2017,76.2,77.05,76.18,76.62,0.55,0.72%,2170238
25/09/2017,77.03,77.27,75.74,75.81,-0.81,-1.06%,2003511
26/09/2017,75.8,75.86,75.08,75.1,-0.71,-0.94%,2552948
27/09/2017,75.08,75.35,74.61,74.85,-0.25,-0.33%,2688235
28/09/2017,75.35,75.37,74.86,75.12,0.27,0.36%,2961838
29/09/2017,75.01,75.46,74.4,75.25,0.13,0.17%,4989845
2/10/2017,75.81,76.48,75.52,76.34,1.09,1.45%,2356243
3/10/2017,76.55,76.65,75.15,75.16,-1.18,-1.55%,3317515
4/10/2017,75.2,75.5,74.66,75.4,0.24,0.32%,3880298
5/10/2017,75.54,75.89,74.83,75.32,-0.08,-0.11%,1854762
6/10/2017,76.08,76.3,75.76,76.3,0.98,1.30%,2659635
9/10/2017,76.6,76.92,76.35,76.71,0.41,0.54%,2033172
10/10/2017,76.35,76.65,76.06,76.35,-0.36,-0.47%,1578815
11/10/2017,76.23,76.68,76.07,76.35,0,0.00%,2088704
12/10/2017,76.38,76.45,75.83,76.41,0.06,0.08%,1863391
13/10/2017,76.3,76.92,76.15,76.66,0.25,0.33%,1728054
16/10/2017,76.95,77.46,76.86,77.2,0.54,0.70%,2349172
17/10/2017,77.52,78.25,77.52,78.25,1.05,1.36%,3051278
18/10/2017,78.27,78.585,77.79,78.37,0.12,0.15%,2040078
19/10/2017,78.95,79.1,78.45,78.74,0.37,0.47%,2991650
20/10/2017,78.65,79.19,78.4,78.97,0.23,0.29%,1830548
23/10/2017,79.23,79.36,78.62,78.69,-0.28,-0.35%,1604897
24/10/2017,78.74,78.95,78.045,78.66,-0.03,-0.04%,1627596
25/10/2017,79.04,79.28,78.37,78.63,-0.03,-0.04%,1788933
26/10/2017,78.68,78.99,78.24,78.99,0.36,0.46%,2283904
27/10/2017,79.05,79.08,77.82,78.24,-0.75,-0.95%,4046736
30/10/2017,78.52,78.53,77.72,78.12,-0.12,-0.15%,1583550
31/10/2017,78.12,78.21,77.63,77.63,-0.49,-0.63%,1887247
1/11/2017,77.79,78.29,77.3,77.67,0.04,0.05%,2665668
2/11/2017,77.87,77.87,77.11,77.41,-0.26,-0.33%,1989473
3/11/2017,77.47,77.89,77.21,77.79,0.38,0.49%,1382869
6/11/2017,77.79,77.795,77.13,77.4,-0.39,-0.50%,1712484
7/11/2017,77.67,78.25,77.44,78.2,0.8,1.03%,1956778
8/11/2017,78.88,80.48,78.52,80.27,2.07,2.65%,5921525
9/11/2017,80.93,81,80.16,80.94,0.67,0.83%,3575732
10/11/2017,80.51,81,80.43,80.85,-0.09,-0.11%,1869028
13/11/2017,80.97,81.56,80.89,81.52,0.67,0.83%,2477127
14/11/2017,81.04,81.37,80.63,80.82,-0.7,-0.86%,2305322
15/11/2017,80.8,81.29,80.47,80.58,-0.24,-0.30%,2686552
16/11/2017,80.38,81.09,80.35,80.82,0.24,0.30%,2280307
17/11/2017,81.25,81.38,80.79,80.92,0.1,0.12%,1810176
20/11/2017,80.48,80.76,80.26,80.61,-0.31,-0.38%,1964641
21/11/2017,80.88,80.93,80.33,80.58,-0.03,-0.04%,1968535
22/11/2017,81,81.33,80.67,81.05,0.47,0.58%,2826948
23/11/2017,80.9,81,80.45,80.88,-0.17,-0.21%,2280393
24/11/2017,80.8,80.8,80.37,80.57,-0.31,-0.38%,4357002
27/11/2017,80.4,80.93,80.22,80.5,-0.07,-0.09%,1984410
28/11/2017,80.2,80.8,80.2,80.37,-0.13,-0.16%,2758590
29/11/2017,80.88,81.41,80.84,80.98,0.61,0.76%,2455168
30/11/2017,79.7,79.7,78.76,79.43,-1.55,-1.91%,7647062
1/12/2017,79.71,79.95,78.88,79.17,-0.26,-0.33%,2462019
4/12/2017,79.32,79.34,78.5,78.92,-0.25,-0.32%,2255875
5/12/2017,78.5,78.74,78,78.74,-0.18,-0.23%,2002301
6/12/2017,78.5,79.06,78.49,78.6,-0.14,-0.18%,2528041
7/12/2017,78.47,79.03,78.3,78.97,0.37,0.47%,2897735
8/12/2017,79.04,79.85,78.86,79.62,0.65,0.82%,1646492
11/12/2017,80,80.31,79.83,80,0.38,0.48%,2437262
12/12/2017,80.06,80.36,80.01,80.36,0.36,0.45%,1774262
13/12/2017,80.36,80.84,80,80.31,-0.05,-0.06%,2179700
14/12/2017,79.7,80.5,79.55,80.44,0.13,0.16%,2587433
15/12/2017,80.13,80.2,79.74,79.94,-0.5,-0.62%,3591509
18/12/2017,80.49,80.53,79.92,80.01,0.07,0.09%,2198711
19/12/2017,80.25,80.55,80.13,80.3,0.29,0.36%,2519546
20/12/2017,80.22,80.75,80.22,80.57,0.27,0.34%,2436692
21/12/2017,79.95,80.6,79.81,79.81,-0.76,-0.94%,4684411
22/12/2017,80,80.68,79.95,80.39,0.58,0.73%,5288058
27/12/2017,80.51,80.67,80.03,80.16,-0.23,-0.29%,1054327
28/12/2017,80.48,80.68,80.33,80.49,0.33,0.41%,1610000
29/12/2017,80.6,80.675,80.04,80.34,-0.15,-0.19%,1459457
2/01/2018,80.3,80.33,79.78,80.22,-0.12,-0.15%,1284609
3/01/2018,80.47,80.645,80.06,80.14,-0.08,-0.10%,1349269
4/01/2018,80.48,80.48,79.81,79.97,-0.17,-0.21%,1596303
5/01/2018,80.54,81.25,80.37,81.16,1.19,1.49%,2208531
8/01/2018,81.4,81.75,81.3,81.62,0.46,0.57%,1293549
9/01/2018,81.99,82.46,81.98,82.19,0.57,0.70%,3283522
10/01/2018,82.47,82.66,81.61,81.61,-0.58,-0.71%,1944703
11/01/2018,81.74,81.74,81.08,81.3,-0.31,-0.38%,2791094
12/01/2018,81.38,81.5,80.69,80.88,-0.42,-0.52%,1781313
15/01/2018,81.3,81.415,80.72,81.17,0.29,0.36%,1431419
16/01/2018,81.02,81.19,80.5,80.58,-0.59,-0.73%,1518213
17/01/2018,80.21,80.39,79.86,80.11,-0.47,-0.58%,2066964
18/01/2018,80.29,80.5,79.9,79.9,-0.21,-0.26%,2093401
19/01/2018,80.1,80.42,79.83,79.83,-0.07,-0.09%,1557603
22/01/2018,79.7,79.72,78.63,78.85,-0.98,-1.23%,2414568
23/01/2018,79.11,79.58,79.1,79.25,0.4,0.51%,2033594
24/01/2018,79.3,79.48,78.65,78.65,-0.6,-0.76%,1923320
25/01/2018,78.46,78.67,78.03,78.65,0,0.00%,3723004
29/01/2018,78.99,79.54,78.53,79.19,0.54,0.69%,2385820
30/01/2018,78.81,79.46,78.75,79.09,-0.1,-0.13%,1702998
31/01/2018,78.76,79.32,78.62,78.87,-0.22,-0.28%,2953798
1/02/2018,79,80.155,78.9,80.01,1.14,1.45%,2965072
2/02/2018,79.9,81.18,79.9,80.79,0.78,0.97%,2631703
5/02/2018,79.96,80.27,79.52,79.8,-0.99,-1.23%,2393475
6/02/2018,78.44,78.5,76.69,77.4,-2.4,-3.01%,5684063
7/02/2018,78.61,78.96,76.77,76.79,-0.61,-0.79%,5676630
8/02/2018,76.8,77.21,76.51,76.51,-0.28,-0.36%,3493180
9/02/2018,75.75,76.47,75.48,76.25,-0.26,-0.34%,3621859
12/02/2018,76.39,76.5,75.56,75.88,-0.37,-0.49%,3411170
13/02/2018,76.23,76.74,75.88,76.3,0.42,0.55%,3334988
14/02/2018,74.2,74.3,73.76,73.98,-2.32,-3.04%,4217278
15/02/2018,74.25,74.29,73.74,73.86,-0.12,-0.16%,3596362
16/02/2018,74,74.89,74,74.02,0.16,0.22%,2222914
19/02/2018,74.1,74.59,74.02,74.4,0.38,0.51%,1449284
20/02/2018,74.25,74.38,73.83,74.26,-0.14,-0.19%,2238370
21/02/2018,74.28,74.65,73.92,74.33,0.07,0.09%,2210925
22/02/2018,74.52,74.8,74.07,74.65,0.32,0.43%,2473068
23/02/2018,75.02,75.68,74.41,75.46,0.81,1.09%,4526316
26/02/2018,75.98,76.6,75.6,76.6,1.14,1.51%,3450024
27/02/2018,77,77.24,76.71,76.76,0.16,0.21%,2736893
28/02/2018,76.6,76.89,76.12,76.39,-0.37,-0.48%,3744085
1/03/2018,76.06,76.39,75.91,76.06,-0.33,-0.43%,1695236
2/03/2018,75.82,76.2,75.12,75.73,-0.33,-0.43%,2447987
5/03/2018,75.73,75.73,74.8,75.03,-0.7,-0.92%,1541207
6/03/2018,75.7,76.05,75.49,75.69,0.66,0.88%,2280493
7/03/2018,75.21,75.68,75.05,75.14,-0.55,-0.73%,2458242
8/03/2018,75.72,76.2,75.51,76.17,1.03,1.37%,3278343
9/03/2018,76.35,76.95,76.2,76.87,0.7,0.92%,2944053
12/03/2018,77.49,77.66,77.17,77.36,0.49,0.64%,2828994
13/03/2018,77.3,77.41,76.67,77.05,-0.31,-0.40%,2990565
14/03/2018,76.5,76.64,76.16,76.55,-0.5,-0.65%,3068664
15/03/2018,77,77,75.65,75.78,-0.77,-1.01%,4006228
16/03/2018,75.97,76.25,75.025,75.34,-0.44,-0.58%,3791783
19/03/2018,75.66,75.98,74.89,74.89,-0.45,-0.60%,2364077
20/03/2018,74.88,75.58,74.61,75.19,0.3,0.40%,2354537
21/03/2018,75.41,75.83,75.15,75.78,0.59,0.78%,1926293
22/03/2018,75.43,75.44,74.66,74.87,-0.91,-1.20%,2530879
23/03/2018,74.1,74.16,72.81,72.81,-2.06,-2.75%,3617914
26/03/2018,72.4,72.65,71.71,72.02,-0.79,-1.09%,3114044
27/03/2018,72.62,72.87,72.27,72.43,0.41,0.57%,2576258
28/03/2018,72.34,72.4,71.82,71.86,-0.57,-0.79%,3132651
29/03/2018,72.13,72.76,72.01,72.31,0.45,0.63%,5292851
3/04/2018,71.59,72.43,71.45,72.26,-0.05,-0.07%,2658450
4/04/2018,72.15,72.8,71.81,72.8,0.54,0.75%,3646590
5/04/2018,72.7,73.92,72.33,73.8,1,1.37%,3530929
6/04/2018,73.76,73.83,73.31,73.49,-0.31,-0.42%,2268366
9/04/2018,73.13,73.92,73.11,73.55,0.06,0.08%,1313607
10/04/2018,73.11,74.5,72.85,74.36,0.81,1.10%,1945119
11/04/2018,74,74.3,73.38,73.64,-0.72,-0.97%,2523325
12/04/2018,73.31,73.62,72.92,73.09,-0.55,-0.75%,2961071
13/04/2018,73.33,73.42,73,73.16,0.07,0.10%,1252551
16/04/2018,73.25,73.55,72.61,72.62,-0.54,-0.74%,2001961
17/04/2018,72.75,73.21,72.65,72.76,0.14,0.19%,1905309
18/04/2018,72.5,72.68,72.16,72.41,-0.35,-0.48%,1826752
19/04/2018,72.77,72.78,72.29,72.4,-0.01,-0.01%,3221191
20/04/2018,72.2,72.57,71.93,72.06,-0.34,-0.47%,2148031
23/04/2018,71.86,72.94,71.77,72.67,0.61,0.85%,2343315
24/04/2018,72.72,73.73,72.72,73.46,0.79,1.09%,3665086
26/04/2018,73.52,73.78,72.11,72.25,-1.21,-1.65%,4384515
27/04/2018,72.6,72.63,71.09,71.54,-0.71,-0.98%,5975530
30/04/2018,71.25,72.1,71.21,71.82,0.28,0.39%,3843213
1/05/2018,71.82,73.25,71.31,73.17,1.35,1.88%,4045489
2/05/2018,72.98,73.69,72.26,73.46,0.29,0.40%,2558361
3/05/2018,73.93,74.01,73.28,73.91,0.45,0.61%,2782258
4/05/2018,73.98,73.98,72.58,72.76,-1.15,-1.56%,2546384
7/05/2018,73.01,73.2,72.57,72.71,-0.05,-0.07%,2111927
8/05/2018,73.09,73.76,72.575,73.5,0.79,1.09%,2956389
9/05/2018,71.91,72,70.8,71.41,-2.09,-2.84%,6582126
10/05/2018,71.77,71.78,70.98,70.98,-0.43,-0.60%,3695222
11/05/2018,70.52,71.23,70.2,70.53,-0.45,-0.63%,3779356
14/05/2018,70.18,70.925,70.06,70.8,0.27,0.38%,3586761
15/05/2018,71.29,71.78,70.92,70.92,0.12,0.17%,2937818
16/05/2018,70.97,71.57,70.68,70.79,-0.13,-0.18%,3869986
17/05/2018,70.77,71.28,70.47,71.16,0.37,0.52%,4310845
18/05/2018,71.24,71.24,70.4,70.5,-0.66,-0.93%,3110054
21/05/2018,70.4,70.46,70,70.09,-0.41,-0.58%,2261388
22/05/2018,70.01,70.28,69.63,70.25,0.16,0.23%,3279548
23/05/2018,70,70.35,69.71,69.81,-0.44,-0.63%,2601288
24/05/2018,69.61,69.87,69.11,69.59,-0.22,-0.32%,2763549
25/05/2018,69.37,70.13,69.2,69.87,0.28,0.40%,3450605
28/05/2018,69.78,70.09,69.39,69.61,-0.26,-0.37%,2140947
29/05/2018,69.7,70.59,69.56,70.35,0.74,1.06%,2498273
30/05/2018,69.8,69.855,69.33,69.6,-0.75,-1.07%,3208843
31/05/2018,70,70.02,69.21,69.3,-0.3,-0.43%,3431942
1/06/2018,69.21,69.22,68.7,68.7,-0.6,-0.87%,2428795
4/06/2018,69.92,70.355,69.49,69.69,0.99,1.44%,3124044
5/06/2018,69.69,70.675,69.53,70.39,0.7,1.00%,4014148
6/06/2018,70.45,70.5,69.1,69.23,-1.16,-1.65%,3993516
7/06/2018,69.3,69.8,68.97,69.26,0.03,0.04%,2381711
8/06/2018,69.33,69.74,69.27,69.37,0.11,0.16%,1568016
12/06/2018,69.45,69.5,68.78,68.85,-0.52,-0.75%,4098851
13/06/2018,68.85,68.87,68.01,68.18,-0.67,-0.97%,3075419
14/06/2018,67.88,67.92,67.22,67.45,-0.73,-1.07%,3419047
15/06/2018,67.7,69,67.67,68.98,1.53,2.27%,5922177
18/06/2018,69.27,70,69.235,69.7,0.72,1.04%,2366307
19/06/2018,70.1,70.47,69.7,69.88,0.18,0.26%,3044721
20/06/2018,70.65,71.95,70.42,71.91,2.03,2.90%,4092599
21/06/2018,72.97,72.99,72.29,72.9,0.99,1.38%,7429516
22/06/2018,72.85,73.86,72.77,73.86,0.96,1.32%,4421609
25/06/2018,73.83,74.7,71.88,72.16,-1.7,-2.30%,3647015
26/06/2018,72.03,73.28,71.68,72.81,0.65,0.90%,2708542
27/06/2018,73.04,73.37,72.61,72.61,-0.2,-0.27%,2981498
28/06/2018,72.7,73.29,72.13,73.23,0.62,0.85%,2567273
29/06/2018,73.48,73.67,72.86,72.87,-0.36,-0.49%,6091515
2/07/2018,72.7,73.17,72.38,72.7,-0.17,-0.23%,2049487
3/07/2018,73.15,74.2,72.61,73.97,1.27,1.75%,3661537
4/07/2018,73.91,73.98,73.45,73.59,-0.38,-0.51%,2065495
5/07/2018,73.8,74.54,73.64,74.46,0.87,1.18%,2909740
6/07/2018,74.8,75.7,74.55,75.67,1.21,1.63%,3448135
9/07/2018,76,76.74,75.92,76.1,0.43,0.57%,4637959
10/07/2018,76.3,76.5,74.05,74.43,-1.67,-2.19%,4469531
11/07/2018,74.25,74.28,73.54,74.05,-0.38,-0.51%,3101381
12/07/2018,74.5,75.63,74.14,75.21,1.16,1.57%,2733149
13/07/2018,75.67,75.74,74.26,74.85,-0.36,-0.48%,2677839
16/07/2018,75.34,75.6,74.11,74.24,-0.61,-0.81%,2301570
17/07/2018,74.38,74.86,74.06,74.49,0.25,0.34%,2343133
18/07/2018,74.61,75.22,74.41,75.02,0.53,0.71%,2298934
19/07/2018,75.57,75.76,74.84,75.39,0.37,0.49%,2279788
20/07/2018,75.31,76.1,75.31,75.9,0.51,0.68%,2547182
23/07/2018,75.72,75.9,75.05,75.24,-0.66,-0.87%,1861469
24/07/2018,75.8,75.8,75.01,75.17,-0.07,-0.09%,2128578
25/07/2018,75.13,75.25,74.585,74.76,-0.41,-0.55%,2599361
26/07/2018,74.79,75.01,74.37,74.83,0.07,0.09%,3157794
27/07/2018,75.33,75.63,74.92,75.36,0.53,0.71%,4827208
30/07/2018,75.05,75.08,74.74,74.9,-0.46,-0.61%,1998436
31/07/2018,75.2,75.43,74.79,74.79,-0.11,-0.15%,2548855
1/08/2018,74.38,74.61,73.66,73.71,-1.08,-1.44%,3369098
2/08/2018,74,74.24,73.43,73.68,-0.03,-0.04%,2325541
3/08/2018,73.99,74.1,72.75,72.83,-0.85,-1.15%,3887709
6/08/2018,73.04,73.86,73,73.56,0.73,1.00%,2115641
7/08/2018,73.6,73.79,72.65,72.89,-0.67,-0.91%,4048916
8/08/2018,74.18,74.925,73.21,74.81,1.92,2.63%,5169053
9/08/2018,75.18,75.69,74.63,75.37,0.56,0.75%,3201984
10/08/2018,75.71,76,75.37,75.39,0.02,0.03%,3958293
13/08/2018,75.35,75.4,74.65,74.94,-0.45,-0.60%,2645144
14/08/2018,75.45,76,75.2,75.86,0.92,1.23%,4051535
15/08/2018,73.25,73.99,73.02,73.99,-1.87,-2.47%,6162789
16/08/2018,73.77,74.31,73.38,74.12,0.13,0.18%,4713252
17/08/2018,74.12,74.65,73.77,74.29,0.17,0.23%,2242154
20/08/2018,74.44,74.44,73.34,73.61,-0.68,-0.92%,3469377
21/08/2018,73.61,73.77,72.82,72.95,-0.66,-0.90%,3141486
22/08/2018,72.65,72.79,71.53,71.88,-1.07,-1.47%,2972060
23/08/2018,71.61,71.65,70.55,70.75,-1.13,-1.57%,3832474
24/08/2018,70.44,71.79,70,70.89,0.14,0.20%,4531175
27/08/2018,70.89,71.32,70.1,71.19,0.3,0.42%,2364302
28/08/2018,71.45,72.31,71.45,71.73,0.54,0.76%,3550699
29/08/2018,72,73.25,71.78,73.23,1.5,2.09%,5131093
30/08/2018,73.53,73.56,72.06,72.15,-1.08,-1.47%,3989330
31/08/2018,72.03,72.48,71.24,71.24,-0.91,-1.26%,5194621
3/09/2018,71.24,71.72,71.08,71.21,-0.03,-0.04%,1750708
4/09/2018,71.1,71.21,70.51,70.73,-0.48,-0.67%,2475205
5/09/2018,70.8,70.85,70.03,70.11,-0.62,-0.88%,1947291
6/09/2018,70,70.58,69.78,70.14,0.03,0.04%,3176757
7/09/2018,69.81,70.69,69.81,70.51,0.37,0.53%,2666080
10/09/2018,70.14,70.78,69.82,70.75,0.24,0.34%,2051342
11/09/2018,71.14,72.13,71.06,71.87,1.12,1.58%,3077588
12/09/2018,72,72.21,71.63,71.93,0.06,0.08%,4798543
13/09/2018,71.48,71.81,71.06,71.18,-0.75,-1.04%,2717823
14/09/2018,71.31,71.64,71.18,71.5,0.32,0.45%,2833016
17/09/2018,71.5,72,71.105,71.75,0.25,0.35%,1690695
18/09/2018,71.54,72.23,71.51,71.92,0.17,0.24%,2245087
19/09/2018,72,72.1,71.63,72.09,0.17,0.24%,2382725
20/09/2018,71.55,72.19,71.54,71.88,-0.21,-0.29%,3784284
21/09/2018,72.1,72.48,71.65,71.94,0.06,0.08%,4091895
24/09/2018,71.54,71.67,71.25,71.57,-0.37,-0.51%,1951825
25/09/2018,71.18,71.42,70.51,70.8,-0.77,-1.08%,1985559
26/09/2018,70.65,70.77,70.02,70.18,-0.62,-0.88%,3399090
27/09/2018,70.01,70.42,69.98,70.08,-0.1,-0.14%,2499328
28/09/2018,69.95,72.19,69.92,71.41,1.33,1.90%,5646364
1/10/2018,71.13,71.37,70.13,70.42,-0.99,-1.39%,2063204
2/10/2018,70.68,70.68,69.32,69.57,-0.85,-1.21%,3539461
3/10/2018,69.67,70.23,69.6,69.61,0.04,0.06%,1927070
4/10/2018,70,70.25,69.8,69.92,0.31,0.45%,2476990
5/10/2018,69.9,70.25,69.65,70,0.08,0.11%,2107747
8/10/2018,70,70.07,69.3,69.35,-0.65,-0.93%,2036713
9/10/2018,69.35,69.67,68.67,68.75,-0.6,-0.87%,2950342
10/10/2018,68.75,69.11,68.08,68.97,0.22,0.32%,2663207
11/10/2018,68,68.36,67,67,-1.97,-2.86%,3629075
12/10/2018,66.43,67.27,66.07,67.03,0.03,0.04%,4588852
15/10/2018,66.8,67,65.23,65.63,-1.4,-2.09%,3114956
16/10/2018,65.64,66.55,65.5,65.77,0.14,0.21%,2766720
17/10/2018,66.68,67.23,66.59,66.9,1.13,1.72%,2588079
18/10/2018,66.95,67.37,66.585,67.22,0.32,0.48%,2772564
19/10/2018,66.92,67.94,66.52,67.92,0.7,1.04%,2694039
22/10/2018,67.49,67.98,66.91,67.34,-0.58,-0.85%,2152964
23/10/2018,67.29,67.92,66.61,66.61,-0.73,-1.08%,2236402
24/10/2018,66.48,67.25,66.41,66.86,0.25,0.38%,2234525
25/10/2018,66.13,66.23,65.27,65.27,-1.59,-2.38%,3656808
26/10/2018,65.56,66.11,65.26,65.81,0.54,0.83%,6297268
29/10/2018,66.1,66.71,66,66.64,0.83,1.26%,1962573
30/10/2018,66.69,68.16,66.68,68.16,1.52,2.28%,2835199
31/10/2018,68.52,69.28,68.03,69.23,1.07,1.57%,4697573
1/11/2018,69.3,69.55,68.2,68.94,-0.29,-0.42%,4650596
2/11/2018,68.6,68.79,67.65,68.35,-0.59,-0.86%,3697329
5/11/2018,68.09,68.58,67.31,67.98,-0.37,-0.54%,2088395
6/11/2018,68.14,69.23,67.85,68.95,0.97,1.43%,1731764
7/11/2018,69,69.9,68.92,69.35,0.4,0.58%,3047152
8/11/2018,69.85,70.64,69.51,70.62,1.27,1.83%,3533519
9/11/2018,70.45,70.95,70.35,70.95,0.33,0.47%,2818344
12/11/2018,70.73,71.78,70.46,71.77,0.82,1.16%,2384638
13/11/2018,70.9,71.28,70.52,70.9,-0.87,-1.21%,3900383
14/11/2018,71,71.25,69.06,69.21,-1.69,-2.38%,3378631
15/11/2018,69.29,69.4,67.75,68.86,-0.35,-0.51%,3253977
16/11/2018,69.15,69.7,68.9,68.9,0.04,0.06%,2008024
19/11/2018,68.86,68.9,68.29,68.5,-0.4,-0.58%,2192091
20/11/2018,68.2,69.2,67.72,69.2,0.7,1.02%,3281333
21/11/2018,68.75,70.06,68.47,70.06,0.86,1.24%,3504716
22/11/2018,70.11,70.86,69.92,70.63,0.57,0.81%,2633051
23/11/2018,70.33,71.57,70.32,71.3,0.67,0.95%,3277567
26/11/2018,71.22,71.83,70.89,71.36,0.06,0.08%,4536943
27/11/2018,71.97,72.21,70.96,72.21,0.85,1.19%,3378679
28/11/2018,72.29,72.49,71.815,72.09,-0.12,-0.17%,2672431
29/11/2018,72.74,73.05,72.18,72.43,0.34,0.47%,3424908
30/11/2018,72.09,72.73,71.23,71.23,-1.2,-1.66%,7590949
3/12/2018,72.06,72.27,71.26,71.55,0.32,0.45%,2476218
4/12/2018,71.29,71.79,70.7,70.8,-0.75,-1.05%,2685903
5/12/2018,69.52,70.08,69.12,70,-0.8,-1.13%,2666241
6/12/2018,69.35,69.78,69.02,69.67,-0.33,-0.47%,2910742
7/12/2018,69.81,70.7,69.3,70.37,0.7,1.00%,2548553
10/12/2018,69.08,69.39,68.2,68.27,-2.1,-2.98%,3969241
11/12/2018,68.53,68.85,67.92,68.43,0.16,0.23%,2558095
12/12/2018,68.78,70.08,68.35,70.08,1.65,2.41%,3753951
13/12/2018,70.25,70.99,69.56,70.18,0.1,0.14%,2098764
14/12/2018,69.63,69.9,68.51,68.81,-1.37,-1.95%,3842203
17/12/2018,68.31,69.58,68.16,69.26,0.45,0.65%,3069368
18/12/2018,68.34,69.33,68.22,68.6,-0.66,-0.95%,3125139
19/12/2018,68.92,69.99,68.7,69.4,0.8,1.17%,4300599
20/12/2018,68.86,69.91,68.7,68.92,-0.48,-0.69%,4793001
21/12/2018,69.11,69.64,67.6,68.48,-0.44,-0.64%,9441177
24/12/2018,67.55,68.8,67.55,68.65,0.17,0.25%,1285325
27/12/2018,69.5,70.34,69.2,70.33,1.68,2.45%,2558888
28/12/2018,70.6,71.91,70.35,71.91,1.58,2.25%,3546188
31/12/2018,71.95,72.72,71.94,72.39,0.48,0.67%,2208331
2/01/2019,72.35,72.47,70.77,70.97,-1.42,-1.96%,2858639
3/01/2019,71.25,71.98,70.86,71.84,0.87,1.23%,3345567
4/01/2019,71.5,71.96,71.08,71.89,0.05,0.07%,3501951
7/01/2019,72.5,72.99,72.45,72.57,0.68,0.95%,2615597
8/01/2019,72.38,72.8,72.005,72.47,-0.1,-0.14%,2363648
9/01/2019,72.63,72.75,72.055,72.33,-0.14,-0.19%,2317350
10/01/2019,72.38,72.45,71.71,72.45,0.12,0.17%,2617459
11/01/2019,72.48,72.49,71.66,71.66,-0.79,-1.09%,2187613
14/01/2019,71.93,72.28,71.6,71.92,0.26,0.36%,2511661
15/01/2019,72.48,72.8,72.29,72.65,0.73,1.02%,2350615
16/01/2019,72.78,72.99,72.14,72.55,-0.1,-0.14%,2463396
17/01/2019,72.91,73.085,72.56,72.77,0.22,0.30%,2510233
18/01/2019,73.09,73.42,72.93,73.23,0.46,0.63%,1943242
21/01/2019,73.42,73.55,72.93,73.05,-0.18,-0.25%,1412257
22/01/2019,72.68,72.94,71.92,72.18,-0.87,-1.19%,2142852
23/01/2019,71.9,72.42,71.64,72.13,-0.05,-0.07%,1979598
24/01/2019,72.39,72.55,71.86,72.51,0.38,0.53%,1862511
25/01/2019,72.67,72.96,72.29,72.54,0.03,0.04%,5756348
29/01/2019,72.02,72.37,71.28,71.35,-1.19,-1.64%,2569527
30/01/2019,71.23,71.335,70.825,71.24,-0.11,-0.15%,3204973
31/01/2019,71.24,71.45,69.91,69.91,-1.33,-1.87%,4965542
1/02/2019,69.23,70.27,69.15,69.76,-0.15,-0.21%,3144898
4/02/2019,69.45,70.92,69.22,70.3,0.54,0.77%,2595413
5/02/2019,73.69,73.89,72.41,73.6,3.3,4.69%,7693619
6/02/2019,73.9,74.25,72.02,72.6,-1,-1.36%,5414328
7/02/2019,72.59,74.25,72.5,74.06,1.46,2.01%,4119932
8/02/2019,73.45,74.945,73.45,74.75,0.69,0.93%,5082651
11/02/2019,74.59,74.75,73.34,73.82,-0.93,-1.24%,2926427
12/02/2019,73.79,74.13,73.15,73.33,-0.49,-0.66%,3431996
13/02/2019,71.75,71.75,70.95,71.21,-2.12,-2.89%,6133536
14/02/2019,71.21,71.34,70.55,70.59,-0.62,-0.87%,2787802
15/02/2019,70.5,71.035,70.25,70.81,0.22,0.31%,2578410
18/02/2019,71.47,71.48,70.66,70.97,0.16,0.23%,2057521
19/02/2019,70.72,71.85,70.72,71.67,0.7,0.99%,2952891
20/02/2019,71.5,72.19,71.17,71.66,-0.01,-0.01%,2514470
21/02/2019,72.2,73.22,71.98,73.1,1.44,2.01%,4539658
22/02/2019,73.21,73.85,72.73,73.85,0.75,1.03%,4838373
25/02/2019,73.8,73.93,73.05,73.76,-0.09,-0.12%,2485374
26/02/2019,73.69,73.69,72.8,73.15,-0.61,-0.83%,2069074
27/02/2019,73.43,73.71,73.15,73.65,0.5,0.68%,2223896
28/02/2019,73.51,73.95,73.16,73.95,0.3,0.41%,3968439
1/03/2019,73.95,74.65,73.9,74.35,0.4,0.54%,3554240
4/03/2019,74.55,74.815,73.98,74.05,-0.3,-0.40%,2261615
5/03/2019,73.69,74.23,73.55,74.06,0.01,0.01%,2616966
6/03/2019,74.09,74.75,74.01,74.75,0.69,0.93%,3025463
7/03/2019,74.98,75,74.51,74.68,-0.07,-0.09%,3135990
8/03/2019,74,74.14,73.1,73.18,-1.5,-2.01%,3624931
11/03/2019,72.68,73.31,72.6,73.15,-0.03,-0.04%,2164041
12/03/2019,73.69,74,73.13,73.13,-0.02,-0.03%,2355849
13/03/2019,73.13,73.15,72.27,73.05,-0.08,-0.11%,2971382
14/03/2019,73.39,73.39,72.51,72.93,-0.12,-0.16%,2031806
15/03/2019,73.34,73.34,72.03,72.31,-0.62,-0.85%,5551817
18/03/2019,72.03,72.61,71.5,71.81,-0.5,-0.69%,3044657
19/03/2019,72.3,72.3,71.26,71.33,-0.48,-0.67%,2978248
20/03/2019,71.01,71.32,70.7,70.79,-0.54,-0.76%,3282179
21/03/2019,70.53,71.19,70.51,71.13,0.34,0.48%,4797875
22/03/2019,71.3,71.85,71,71.43,0.3,0.42%,1612285
25/03/2019,70.63,70.91,70.3,70.78,-0.65,-0.91%,2792861
26/03/2019,70.74,70.96,70.47,70.71,-0.07,-0.10%,2274251
27/03/2019,70.6,70.84,70.2,70.84,0.13,0.18%,2413219
28/03/2019,70.82,71.04,70.3,70.91,0.07,0.10%,2981799
29/03/2019,70.78,71,70.38,70.64,-0.27,-0.38%,5134907
1/04/2019,71,71.77,71,71.36,0.72,1.02%,1893435
2/04/2019,71.9,72.16,71.255,71.38,0.02,0.03%,2267274
3/04/2019,71.51,71.69,71.05,71.39,0.01,0.01%,2582854
4/04/2019,71.52,71.58,70.96,71.23,-0.16,-0.22%,2364739
5/04/2019,71.06,71.25,70.63,70.89,-0.34,-0.48%,2601681
8/04/2019,71.01,71.07,70.5,70.67,-0.22,-0.31%,2086127
9/04/2019,70.56,70.6,69.72,70.25,-0.42,-0.59%,2741284
10/04/2019,70.14,71.03,70.03,70.75,0.5,0.71%,2079661
11/04/2019,70.27,70.46,70,70.26,-0.49,-0.69%,3282063
12/04/2019,70.94,71.74,70.795,71.63,1.37,1.95%,3170599
15/04/2019,71.94,72.28,71.86,72.19,0.56,0.78%,2279880
16/04/2019,72.09,72.81,72,72.69,0.5,0.69%,2535090
17/04/2019,72.8,73.45,72.78,73.29,0.6,0.83%,2583116
18/04/2019,73.65,73.83,73.08,73.41,0.12,0.16%,2739790
23/04/2019,73.58,74.33,73.29,74.2,0.79,1.08%,3027492
24/04/2019,74.5,75.34,74.43,75.16,0.96,1.29%,6858049
26/04/2019,75.09,75.5,74.87,75.45,0.29,0.39%,2906927
29/04/2019,75.4,75.45,74.7,75.11,-0.34,-0.45%,1673023
30/04/2019,74.91,75.07,74.515,74.52,-0.59,-0.79%,2336279
1/05/2019,74.81,75.86,74.7,75.5,0.98,1.32%,2275425
2/05/2019,75,75.03,74.46,74.86,-0.64,-0.85%,1967634
3/05/2019,74.92,75.375,74.45,74.98,0.12,0.16%,2066827
6/05/2019,74.47,75.24,74.29,74.94,-0.04,-0.05%,1921358
7/05/2019,75.07,75.65,74.61,74.61,-0.33,-0.44%,1890973
8/05/2019,74.21,74.8,74.15,74.74,0.13,0.17%,1569921
9/05/2019,74.42,75.29,74.42,75.17,0.43,0.58%,1893374
10/05/2019,75.18,75.48,74.8,75.4,0.23,0.31%,2007443
13/05/2019,73.9,74,73.09,73.5,-1.9,-2.52%,3217303
14/05/2019,72.76,72.9,72.015,72.57,-0.93,-1.27%,3135573
15/05/2019,72.69,72.89,72.22,72.54,-0.03,-0.04%,2903634
16/05/2019,72.93,73.33,72.41,73.33,0.79,1.09%,3245252
17/05/2019,73.9,73.99,72.735,72.83,-0.5,-0.68%,2939669
20/05/2019,76.96,77.72,75,77.4,4.57,6.27%,10224511
21/05/2019,79.6,79.79,77.05,78.97,1.57,2.03%,6145587
22/05/2019,78.7,79,78.16,79,0.03,0.04%,3539248
23/05/2019,78.93,78.93,78.03,78.15,-0.85,-1.08%,3187084
24/05/2019,77.75,78.18,77.31,78.18,0.03,0.04%,2851840
27/05/2019,77.51,78.12,77.51,77.64,-0.54,-0.69%,1439079
28/05/2019,77.84,78.34,77.75,78.04,0.4,0.52%,4159451
29/05/2019,77.53,77.99,77.35,77.89,-0.15,-0.19%,2732763
30/05/2019,77.38,78.42,77.38,78.2,0.31,0.40%,3465876
31/05/2019,77.95,78.54,77.72,78.51,0.31,0.40%,6824504
3/06/2019,78.06,78.56,77.81,77.91,-0.6,-0.76%,2379890
4/06/2019,77.92,78.73,77.4,78.42,0.51,0.65%,3044446
5/06/2019,79,79.5,78.82,79.39,0.97,1.24%,3016640
6/06/2019,79.47,80,79.45,79.72,0.33,0.42%,2906904
7/06/2019,79.99,80,79.5,80,0.28,0.35%,2342094
11/06/2019,80.1,81,80.02,80.95,0.95,1.19%,2954049
12/06/2019,81,81.25,79.86,79.87,-1.08,-1.33%,2880475
13/06/2019,80.15,80.49,80,80.42,0.55,0.69%,2020161
14/06/2019,79.81,79.92,79.13,79.77,-0.65,-0.81%,2314464
17/06/2019,79.8,80.69,79.71,80.19,0.42,0.53%,2277090
18/06/2019,80.7,81.45,80.69,81.45,1.26,1.57%,5192688
19/06/2019,81.7,82.395,81.66,82.3,0.85,1.04%,5180862
20/06/2019,82.78,83,81.97,82.89,0.59,0.72%,4528129
21/06/2019,82.89,82.99,81.9,82.24,-0.65,-0.78%,5125760
24/06/2019,82,82.7,81.91,82.7,0.46,0.56%,1606761
25/06/2019,82.66,82.69,82.04,82.38,-0.32,-0.39%,1912417
26/06/2019,82.29,82.38,81.845,82.19,-0.19,-0.23%,3259126
27/06/2019,81.98,83,81.93,83,0.81,0.99%,2587665
28/06/2019,83.2,83.99,82.5,82.78,-0.22,-0.27%,7376177
1/07/2019,83.5,83.52,81.88,82.32,-0.46,-0.56%,3096997
2/07/2019,82.22,82.43,80.52,81.05,-1.27,-1.54%,3516402
3/07/2019,80.54,81.19,80.12,80.95,-0.1,-0.12%,3356436
4/07/2019,81.44,82.2,81.23,81.57,0.62,0.77%,2652418
5/07/2019,82.02,82.55,81.63,82.26,0.69,0.85%,2886920
8/07/2019,82,82.14,81.28,81.28,-0.98,-1.19%,1900273
9/07/2019,80.69,81.03,80.4,80.97,-0.31,-0.38%,2473175
10/07/2019,81.5,81.95,81.01,81.24,0.27,0.33%,1568529
11/07/2019,80.88,81.47,80.57,81.24,0,0.00%,2333901
12/07/2019,81.24,82,80.91,81.52,0.28,0.34%,3140331
15/07/2019,80.91,81.445,80.8,81.06,-0.46,-0.56%,1575737
16/07/2019,80.95,81.2,80.85,80.85,-0.21,-0.26%,1435095
17/07/2019,80.77,81.44,80.6,81.32,0.47,0.58%,1502425
18/07/2019,81.15,81.45,80.9,81.38,0.06,0.07%,1503108
19/07/2019,81.5,82.27,81.37,82.09,0.71,0.87%,2208256
22/07/2019,82.15,82.2,81.51,81.85,-0.24,-0.29%,1390532
23/07/2019,81.9,82.11,81.51,81.55,-0.3,-0.37%,2316067
24/07/2019,82,82.35,81.6,82.35,0.8,0.98%,3412330
25/07/2019,82.73,83,82.37,83,0.65,0.79%,3721233
26/07/2019,82.99,83.29,82.53,82.59,-0.41,-0.49%,6715835
29/07/2019,82.8,83.45,82.38,83.25,0.66,0.80%,3280357
30/07/2019,83.49,83.7,83,83.4,0.15,0.18%,3120288
31/07/2019,83.09,83.43,82.3,82.3,-1.1,-1.32%,3304674
1/08/2019,81.5,82.35,81.335,81.92,-0.38,-0.46%,3129406
2/08/2019,81.75,82.18,81.21,81.88,-0.04,-0.05%,2428468
5/08/2019,82,82.43,81.315,81.43,-0.45,-0.55%,1373507
6/08/2019,79.84,80.29,79.2,79.8,-1.63,-2.00%,4177911
7/08/2019,77.81,79.47,77.47,78.7,-1.1,-1.38%,6919201
8/08/2019,77.6,78.96,77.5,78.96,0.26,0.33%,4320952
9/08/2019,79.61,79.8,79.09,79.42,0.46,0.58%,4335354
12/08/2019,79.46,79.99,79.135,79.94,0.52,0.65%,2131570
13/08/2019,79.56,80,79.25,79.46,-0.48,-0.60%,3347281
14/08/2019,77.4,77.41,76.33,76.63,-2.83,-3.56%,6351228
15/08/2019,75.1,75.8,74.34,74.34,-2.29,-2.99%,5335767
16/08/2019,74.45,75.25,74.45,75.12,0.78,1.05%,3014001
19/08/2019,75.94,76.29,75.8,76.29,1.17,1.56%,2682547
20/08/2019,76.7,77.25,76.43,77.13,0.84,1.10%,3950231
21/08/2019,76.87,77.125,76.55,77.02,-0.11,-0.14%,2970370
22/08/2019,77.48,77.48,76.99,77.1,0.08,0.10%,1964387
23/08/2019,77.02,77.4,76.61,77.4,0.3,0.39%,1815994
26/08/2019,76.31,76.76,75.81,76.76,-0.64,-0.83%,1869454
27/08/2019,76.8,77.25,76.73,77.15,0.39,0.51%,2359061
28/08/2019,76.61,76.82,76.32,76.8,-0.35,-0.45%,1997056
29/08/2019,77,77.48,76.92,77.41,0.61,0.79%,2988307
30/08/2019,77.77,79.05,77.52,79.05,1.64,2.12%,6147476
2/09/2019,78.9,79.29,78.64,78.94,-0.11,-0.14%,1826554
3/09/2019,78.97,79.27,78.45,78.78,-0.16,-0.20%,1701064
4/09/2019,77.89,78.69,77.79,78.69,-0.09,-0.11%,2505318
5/09/2019,79,79.59,78.81,79.25,0.56,0.71%,2099227
6/09/2019,79.51,79.71,79.42,79.54,0.29,0.37%,2777704
9/09/2019,79.4,80,79.35,79.81,0.27,0.34%,2167582
10/09/2019,79.99,80.33,79.68,79.89,0.08,0.10%,2718563
11/09/2019,80.15,80.6,80.01,80.6,0.71,0.89%,2788624
12/09/2019,81.29,81.46,81.1,81.35,0.75,0.93%,2795277
13/09/2019,81.75,82.24,81.71,82.14,0.79,0.97%,3497608
16/09/2019,81.61,81.94,81.37,81.69,-0.45,-0.55%,2995444
17/09/2019,81.4,82.24,81.21,82.24,0.55,0.67%,3399399
18/09/2019,82.1,82.35,81.44,81.74,-0.5,-0.61%,2847602
19/09/2019,82.34,82.64,81.82,82.18,0.44,0.54%,5445784
20/09/2019,82.15,82.55,81.82,82.18,0,0.00%,4463860
23/09/2019,82.39,82.56,81.77,82.05,-0.13,-0.16%,1928322
24/09/2019,82.23,82.55,82.1,82.1,0.05,0.06%,4670704
25/09/2019,81.71,81.89,81.345,81.58,-0.52,-0.63%,2963344
26/09/2019,81.6,81.99,80.88,81.18,-0.4,-0.49%,3127123
27/09/2019,81.38,81.8,81.19,81.54,0.36,0.44%,5336753
30/09/2019,81.51,81.54,80.83,80.83,-0.71,-0.87%,2520880
1/10/2019,80.96,81.36,80.12,81.28,0.45,0.56%,2799927
2/10/2019,80,80.26,79.51,79.6,-1.68,-2.07%,3013850
3/10/2019,78,78.06,77.34,77.34,-2.26,-2.84%,3919413
4/10/2019,77.51,77.83,77,77.59,0.25,0.32%,2516609
7/10/2019,78.28,78.39,77.725,77.94,0.35,0.45%,1025724
8/10/2019,78.39,78.67,78.13,78.6,0.66,0.85%,1884181
9/10/2019,77.8,78.19,77.65,78.18,-0.42,-0.53%,1503988
10/10/2019,78,78.52,77.71,78.1,-0.08,-0.10%,1635549
11/10/2019,78.84,78.96,78.4,78.77,0.67,0.86%,2361404
14/10/2019,79.2,79.645,78.99,79.07,0.3,0.38%,1212377
15/10/2019,78.96,79.35,78.8,79.31,0.24,0.30%,957243
16/10/2019,79.8,80.5,79.72,80.43,1.12,1.41%,2925785
17/10/2019,80.68,80.755,79.855,80.11,-0.32,-0.40%,3174599
18/10/2019,79.65,79.79,79.17,79.64,-0.47,-0.59%,2038298
21/10/2019,79.2,79.79,79.03,79.79,0.15,0.19%,1513877
22/10/2019,79.69,79.88,79.49,79.66,-0.13,-0.16%,1450336
23/10/2019,79.73,79.94,79.28,79.94,0.28,0.35%,1787716
24/10/2019,80.12,80.37,80.08,80.29,0.35,0.44%,2426692
25/10/2019,80.45,80.77,80.29,80.7,0.41,0.51%,4235620
28/10/2019,80.77,80.97,80.33,80.48,-0.22,-0.27%,1464194
29/10/2019,80.15,80.6,80.15,80.46,-0.02,-0.02%,1510421
30/10/2019,80.06,80.38,79.5,79.69,-0.77,-0.96%,2351351
31/10/2019,79.5,79.5,78.32,78.66,-1.03,-1.29%,2827605
1/11/2019,78.1,78.3,77.435,78.24,-0.42,-0.53%,3363281
4/11/2019,77.65,77.68,76.66,77.05,-1.19,-1.52%,3840544
5/11/2019,77.65,78.1,77.42,77.7,0.65,0.84%,3036286
6/11/2019,78.1,78.57,77.83,78,0.3,0.39%,2684846
7/11/2019,78.51,79.09,78.23,79.04,1.04,1.33%,3340465
8/11/2019,79.06,79.44,78.71,79.17,0.13,0.16%,1773150
11/11/2019,79.59,80.29,79.57,80.05,0.88,1.11%,2818260
12/11/2019,80.46,80.89,79.97,80.83,0.78,0.97%,3219212
13/11/2019,80.83,80.99,79.2,79.24,-1.59,-1.97%,3299689
14/11/2019,79.55,79.84,79.04,79.77,0.53,0.67%,2149047
15/11/2019,80.19,80.87,80.05,80.69,0.92,1.15%,2651459
18/11/2019,80.3,80.5,79.91,80.34,-0.35,-0.43%,1405715
19/11/2019,80.1,80.67,79.85,80.67,0.33,0.41%,2557115
20/11/2019,80.1,80.3,79.13,79.6,-1.07,-1.33%,2972717
21/11/2019,78.76,79.89,78.55,79.33,-0.27,-0.34%,3337094
22/11/2019,79.33,79.94,78.8,79.6,0.27,0.34%,3097801
25/11/2019,80,80.29,79.6,79.89,0.29,0.36%,2015514
26/11/2019,80,80.74,79.89,80.74,0.85,1.06%,4528389
27/11/2019,80.83,81.75,80.64,81.69,0.95,1.18%,4243299
28/11/2019,81.85,82,81.5,81.6,-0.09,-0.11%,2655672
29/11/2019,81.8,81.86,80.72,80.82,-0.78,-0.96%,4176189
2/12/2019,81.35,81.88,80.86,81.43,0.61,0.75%,2135334
3/12/2019,80.24,80.4,79.2,79.34,-2.09,-2.57%,3917400
4/12/2019,78.5,78.56,77.81,77.81,-1.53,-1.93%,5003594
5/12/2019,78.74,78.94,78.405,78.62,0.81,1.04%,3434240
6/12/2019,79.06,79.1,78.705,78.99,0.37,0.47%,2327383
9/12/2019,79.42,79.56,79.07,79.26,0.27,0.34%,1382702
10/12/2019,79.35,79.64,78.82,79.23,-0.03,-0.04%,1450289
11/12/2019,79.83,80.345,79.52,80.31,1.08,1.36%,2438700
12/12/2019,79.81,80.07,79.58,79.72,-0.59,-0.73%,1936584
13/12/2019,80.2,80.69,79.86,80.06,0.34,0.43%,2833940
16/12/2019,80.5,81.5,80.21,81.46,1.4,1.75%,3266776
17/12/2019,81.5,81.9,81.01,81.9,0.44,0.54%,2402263
18/12/2019,81.73,82.075,81.51,81.9,0,0.00%,3524114
19/12/2019,82.35,82.38,81.475,81.73,-0.17,-0.21%,4093135
20/12/2019,81.86,81.94,81,81.25,-0.48,-0.59%,7478049
23/12/2019,81.19,81.3,80.75,80.84,-0.41,-0.50%,1317871
24/12/2019,80.72,80.85,80.4,80.71,-0.13,-0.16%,783104
27/12/2019,80.99,81.12,80.55,81.07,0.36,0.45%,1159836
30/12/2019,81.25,81.3,80.47,81.1,0.03,0.04%,905155
31/12/2019,80.53,80.55,79.8,79.9,-1.2,-1.48%,1766363
2/01/2020,79.79,80.22,79.39,79.88,-0.02,-0.03%,1416232
3/01/2020,80.97,81.19,80.25,80.31,0.43,0.54%,1622784
6/01/2020,79.73,79.88,79.23,79.77,-0.54,-0.67%,2129260
7/01/2020,80.82,81.2,80.18,81.2,1.43,1.79%,2417468
8/01/2020,81.22,81.25,80.03,80.9,-0.3,-0.37%,1719114
9/01/2020,81.5,81.84,81.17,81.49,0.59,0.73%,3014295
10/01/2020,81.63,82.5,81.605,82.5,1.01,1.24%,2875353
13/01/2020,82.1,82.58,81.73,82.48,-0.02,-0.02%,1434635
14/01/2020,82.96,83.52,82.77,83.17,0.69,0.84%,2703855
15/01/2020,83.1,83.77,83.1,83.66,0.49,0.59%,2039328
16/01/2020,84,84.46,83.88,84.46,0.8,0.96%,3058484
17/01/2020,84.74,84.96,84.01,84.05,-0.41,-0.49%,2401336
20/01/2020,84,84.4,83.83,83.93,-0.12,-0.14%,1980399
21/01/2020,83.88,83.88,83.2,83.48,-0.45,-0.54%,1923944
22/01/2020,83.5,84.56,83.49,84.45,0.97,1.16%,3656698
23/01/2020,84.44,84.95,84.26,84.52,0.07,0.08%,2105704
24/01/2020,84.9,85.4,84.77,84.94,0.42,0.50%,2839291
28/01/2020,83.7,84.07,83.54,84.02,-0.92,-1.08%,2273413
29/01/2020,84.44,84.86,84.16,84.61,0.59,0.70%,1877335
30/01/2020,84.84,85.44,84.68,85.44,0.83,0.98%,3176161
31/01/2020,85.57,85.97,84.9,85.26,-0.18,-0.21%,6713764
3/02/2020,84.15,84.95,84.06,84.55,-0.71,-0.83%,2139581
4/02/2020,84.4,84.69,83.965,84.31,-0.24,-0.28%,2564013
5/02/2020,85,85,83.28,83.28,-1.03,-1.22%,3166202
6/02/2020,83.93,84.35,83.5,84.23,0.95,1.14%,3581220
7/02/2020,84.62,84.8,83.95,84.8,0.57,0.68%,3368097
10/02/2020,84.74,84.74,84.08,84.32,-0.48,-0.57%,1818742
11/02/2020,84.8,85,84.52,84.72,0.4,0.47%,1913033
12/02/2020,86.2,88.56,86.2,88.18,3.46,4.08%,7132862
13/02/2020,88.49,88.73,87.87,88.73,0.55,0.62%,4143011
14/02/2020,89.4,91.05,89.3,90.99,2.26,2.55%,7942600
17/02/2020,90.79,90.88,89.25,89.46,-1.53,-1.68%,2619663
18/02/2020,89.81,90.26,89.58,90.26,0.8,0.89%,3817424
19/02/2020,88.01,88.15,87.5,87.83,-2.43,-2.69%,8050978
20/02/2020,87.83,88.1,87.41,87.85,0.02,0.02%,2902590
21/02/2020,87.85,88.8,87.53,88.8,0.95,1.08%,2506023
24/02/2020,87.61,87.99,87.4,87.99,-0.81,-0.91%,2432907
25/02/2020,86.3,87.28,85.85,86.8,-1.19,-1.35%,3475833
26/02/2020,85.33,86.05,85.07,85.35,-1.45,-1.67%,3362264
27/02/2020,85.12,85.64,83.73,84.43,-0.92,-1.08%,4435151
28/02/2020,82.25,82.59,81.27,81.78,-2.65,-3.14%,7654504
2/03/2020,80.05,80.77,78.75,80.47,-1.31,-1.60%,4714534
3/03/2020,81.5,81.95,79.09,79.11,-1.36,-1.69%,4537570
4/03/2020,78.17,78.4,76.5,77.11,-2,-2.53%,4610814
5/03/2020,78.15,78.3,76.39,76.75,-0.36,-0.47%,5804404
6/03/2020,75.33,75.5,73.93,73.93,-2.82,-3.67%,4995332
9/03/2020,71,71.96,69.15,69.15,-4.78,-6.47%,7669261
10/03/2020,67.53,73.37,65.75,73.37,4.22,6.10%,8874773
11/03/2020,73.07,73.5,68.5,68.5,-4.87,-6.64%,8171997
12/03/2020,67.9,68.74,63.11,63.11,-5.39,-7.87%,10247518
13/03/2020,60.47,66.36,57.16,66.36,3.25,5.15%,17021972
16/03/2020,61.44,65.38,59.72,59.72,-6.64,-10.01%,10752353
17/03/2020,59.72,67.9,59.7,67.64,7.92,13.26%,11837629
18/03/2020,65.96,66.9,61.96,63.95,-3.69,-5.46%,10404325
19/03/2020,66.19,68.5,60.45,60.95,-3,-4.69%,10958660
20/03/2020,64.41,64.41,59.91,59.91,-1.04,-1.71%,10756489
23/03/2020,57.71,57.8,53.44,54.26,-5.65,-9.43%,10019723
24/03/2020,56.01,58.08,55,57,2.74,5.05%,6944322
25/03/2020,62,62.4,57.88,62.4,5.4,9.47%,7698259
26/03/2020,62.9,63.21,60.06,61.8,-0.6,-0.96%,5841282
27/03/2020,63.28,63.79,57.66,57.66,-4.14,-6.70%,12591507
30/03/2020,57.85,63.95,57.85,63.95,6.29,10.91%,5825869
31/03/2020,64.6,68.18,61,61.82,-2.13,-3.33%,9250686
1/04/2020,64,64,61.57,63.67,1.85,2.99%,6392579
2/04/2020,61.25,62.29,59.68,61.24,-2.43,-3.82%,8116112
3/04/2020,62.1,62.5,59.67,60.11,-1.13,-1.85%,5466414
6/04/2020,61.09,62.99,60.5,62.47,2.36,3.93%,4575626
7/04/2020,63.6,64.79,61,61.87,-0.6,-0.96%,6689173
8/04/2020,60,61.25,59.31,59.81,-2.06,-3.33%,7488425
9/04/2020,61.57,61.76,59.84,61.76,1.95,3.26%,4265838
14/04/2020,61.76,62.75,60.8,62.75,0.99,1.60%,4179847
15/04/2020,62.5,63.25,61.5,62.07,-0.68,-1.08%,4472733
16/04/2020,60.47,61.26,60.14,61.26,-0.81,-1.30%,5129177
17/04/2020,62.15,62.29,61.05,61.06,-0.2,-0.33%,3484591
20/04/2020,60.99,61.59,59.88,59.88,-1.18,-1.93%,3866241
21/04/2020,60.14,60.45,58.63,58.63,-1.25,-2.09%,4261494
22/04/2020,58.38,59.95,57.58,59.25,0.62,1.06%,4437856
23/04/2020,60,60.24,58.37,58.83,-0.42,-0.71%,4443380
24/04/2020,58.55,59.55,58.49,58.88,0.05,0.08%,4408844
27/04/2020,58.25,58.88,57,58.88,0,0.00%,4215834
28/04/2020,59.1,60.13,58,58.61,-0.27,-0.46%,4608913
29/04/2020,59.35,61.07,59.35,61.07,2.46,4.20%,3903547
30/04/2020,61.88,62.93,61.26,62.69,1.62,2.65%,5477696
1/05/2020,61.51,61.54,58.84,58.84,-3.85,-6.14%,5231281
4/05/2020,58.63,60.11,58.01,59.88,1.04,1.77%,3294801
5/05/2020,60.6,61.19,60.15,60.85,0.97,1.62%,3811757
6/05/2020,60.5,60.7,59.88,60.35,-0.5,-0.82%,2251545
7/05/2020,59.93,60.19,59.14,59.26,-1.09,-1.81%,3227213
8/05/2020,60.25,60.3,59.47,59.6,0.34,0.57%,3732173
11/05/2020,60,60.77,59.8,60.14,0.54,0.91%,3138014
12/05/2020,60.19,60.5,59.25,59.71,-0.43,-0.71%,3095215
13/05/2020,59.2,60.85,58.79,60.85,1.14,1.91%,4472151
14/05/2020,59.4,59.59,58.82,58.9,-1.95,-3.20%,4440061
15/05/2020,59.5,59.76,58.91,59.6,0.7,1.19%,2541031
18/05/2020,59.89,59.94,58.88,58.9,-0.7,-1.17%,2783661
19/05/2020,60.1,60.4,59.4,59.65,0.75,1.27%,3796234
20/05/2020,59.1,60.1,59.02,60.07,0.42,0.70%,2628015
21/05/2020,60.34,60.4,59.05,59.05,-1.02,-1.70%,3701924
22/05/2020,59.15,59.46,58.7,58.7,-0.35,-0.59%,3533352
25/05/2020,59.34,59.37,58.65,58.99,0.29,0.49%,3314489
26/05/2020,59.4,61.31,59.11,61.31,2.32,3.93%,6741584
27/05/2020,61.81,65.88,61.74,64.3,2.99,4.88%,10042101
28/05/2020,66.01,67.03,65.09,65.73,1.43,2.22%,5684569
29/05/2020,65.37,65.65,63.75,63.75,-1.98,-3.01%,8073379
1/06/2020,63.05,64.23,62.31,63.9,0.15,0.24%,3070283
2/06/2020,64,64.44,63.57,64.03,0.13,0.20%,2100991
3/06/2020,64.61,66.29,64.46,66.11,2.08,3.25%,3553552
4/06/2020,67.9,68.65,66.91,67.66,1.55,2.34%,6606740
5/06/2020,68.17,68.98,67.91,68.73,1.07,1.58%,4428390
9/06/2020,71,72.42,70.67,72.2,3.47,5.05%,5346437
10/06/2020,71.38,72.42,70.6,71.6,-0.6,-0.83%,3872247
11/06/2020,69.87,70.5,68.31,68.44,-3.16,-4.41%,5573908
12/06/2020,66.5,67.64,65.38,67.32,-1.12,-1.64%,6002755
15/06/2020,67.22,68,66.3,66.3,-1.02,-1.52%,4090602
16/06/2020,68.76,69.57,68.15,69.09,2.79,4.21%,5425361
17/06/2020,69.7,69.78,68.56,69.59,0.5,0.72%,3893680
18/06/2020,69.15,69.44,68.13,69.01,-0.58,-0.83%,6359929
19/06/2020,69.65,69.87,68.36,68.68,-0.33,-0.48%,5999403
22/06/2020,68.15,69.86,67.9,69.44,0.76,1.11%,2314821
23/06/2020,69.66,69.66,68.29,69.03,-0.41,-0.59%,2516618
24/06/2020,69.24,69.6,68.63,69.24,0.21,0.30%,2798594
25/06/2020,67.96,68.615,67.57,67.65,-1.59,-2.30%,3797086
26/06/2020,68.67,69.41,68.32,69.27,1.62,2.39%,5935454
29/06/2020,67.8,68.58,67.37,68.58,-0.69,-1.00%,2706964
30/06/2020,69.55,70.15,69.01,69.42,0.84,1.22%,4503164
1/07/2020,69.45,69.88,68.87,69.88,0.46,0.66%,2669469
2/07/2020,69.8,71.16,69.52,71.1,1.22,1.75%,4184511
3/07/2020,71.43,71.93,70.77,71.57,0.47,0.66%,2633309
6/07/2020,71.4,72.3,70.97,71.42,-0.15,-0.21%,2432574
7/07/2020,71.9,72.39,71.16,71.24,-0.18,-0.25%,3742188
8/07/2020,70.97,71.47,70.25,70.56,-0.68,-0.95%,3698529
9/07/2020,71.02,71.13,70.42,70.42,-0.14,-0.20%,2582172
10/07/2020,70.61,71.15,70.21,70.63,0.21,0.30%,2954790
13/07/2020,71.8,72.63,71.5,72.12,1.49,2.11%,3169882
14/07/2020,72,72.25,71.44,71.73,-0.39,-0.54%,2788782
15/07/2020,72,72.8,71.4,72.73,1,1.39%,3427002
16/07/2020,73.07,73.45,72.09,72.64,-0.09,-0.12%,3339604
17/07/2020,72.78,73.02,72.21,72.6,-0.04,-0.06%,3329439
20/07/2020,72.21,72.35,71.55,71.99,-0.61,-0.84%,1506664
21/07/2020,72.78,74.43,72.34,74.43,2.44,3.39%,3172653
22/07/2020,74.3,74.72,73.57,74.13,-0.3,-0.40%,2723772
23/07/2020,73.76,73.96,73.18,73.74,-0.39,-0.53%,2494631
24/07/2020,73.2,73.64,72.75,72.86,-0.88,-1.19%,2473039
27/07/2020,72.85,73.28,72.27,72.49,-0.37,-0.51%,1905993
28/07/2020,72.82,73.05,72.13,72.21,-0.28,-0.39%,1907858
29/07/2020,72.8,73.91,72.54,73.01,0.8,1.11%,4074210
30/07/2020,73.3,73.87,73.03,73.22,0.21,0.29%,2916496
31/07/2020,72.6,72.67,71.03,71.2,-2.02,-2.76%,4787087
3/08/2020,70.41,70.51,69.13,69.93,-1.27,-1.78%,3299430
4/08/2020,71.3,72.25,71.17,71.5,1.57,2.25%,4177168
5/08/2020,70.31,71.77,69.67,71.7,0.2,0.28%,2914726
6/08/2020,72,72.24,71.15,71.71,0.01,0.01%,2237150
7/08/2020,71.21,71.65,71.02,71.52,-0.19,-0.26%,2499015
10/08/2020,72.1,74.12,72.06,73.98,2.46,3.44%,3363578
11/08/2020,74,76.03,73.91,74.7,0.72,0.97%,4249396
12/08/2020,75.97,76.75,73.95,74.34,-0.36,-0.48%,4403812
13/08/2020,74.99,75.17,72.13,72.43,-1.91,-2.57%,5960634
14/08/2020,72.43,72.87,71.27,71.76,-0.67,-0.93%,4061418
17/08/2020,71.1,71.45,70.65,70.76,-1,-1.39%,3329741
18/08/2020,70.8,71.24,70.03,70.48,-0.28,-0.40%,4601033
19/08/2020,69.51,71.06,69.51,71.04,0.56,0.79%,3711730
20/08/2020,69.85,70.67,69.85,70.26,-0.78,-1.10%,4527699
21/08/2020,70.5,71.15,69.63,69.63,-0.63,-0.90%,4129176
24/08/2020,69.58,69.63,68.85,68.95,-0.68,-0.98%,2682292
25/08/2020,70,70.78,69.6,70.45,1.5,2.18%,3548162
26/08/2020,69.82,69.87,68.8,69.65,-0.8,-1.14%,2667332
27/08/2020,69.65,69.83,68.9,69.07,-0.58,-0.83%,3089720
28/08/2020,69.32,69.68,68.82,69.09,0.02,0.03%,3290137
31/08/2020,68.85,69.16,68.28,68.28,-0.81,-1.17%,2630027
1/09/2020,67.51,67.72,66.42,66.79,-1.49,-2.18%,4125905
2/09/2020,66.96,67.92,66.9,67.61,0.82,1.23%,2427562
3/09/2020,68.25,68.6,68.02,68.18,0.57,0.84%,2379411
4/09/2020,67.13,67.44,66.67,66.73,-1.45,-2.13%,2884072
7/09/2020,66.37,67.9,66.07,67.37,0.64,0.96%,2350246
8/09/2020,67.87,68.49,67.57,68.49,1.12,1.66%,2062956
9/09/2020,66.6,66.98,66.33,66.79,-1.7,-2.48%,3026643
10/09/2020,67.88,67.88,66.29,66.72,-0.07,-0.10%,2969184
11/09/2020,66,66.26,65.8,65.8,-0.92,-1.38%,2996930
14/09/2020,66.19,66.59,65.8,66.17,0.37,0.56%,1944822
15/09/2020,66,66.16,65,65.03,-1.14,-1.72%,3757071
16/09/2020,65.6,65.83,65.01,65.7,0.67,1.03%,3905800
17/09/2020,65.37,65.77,65,65,-0.7,-1.07%,3934061
18/09/2020,65.11,65.25,64.37,64.37,-0.63,-0.97%,6395277
21/09/2020,64.3,64.35,63.31,63.5,-0.87,-1.35%,4649205
22/09/2020,63,63.28,62.64,63.07,-0.43,-0.68%,3671667
23/09/2020,63.49,64.47,63.35,64.27,1.2,1.90%,3572552
24/09/2020,63.48,64.43,63,64.2,-0.07,-0.11%,2762068
25/09/2020,65.49,66.78,65.25,66.13,1.93,3.01%,4021873
28/09/2020,66.5,66.64,65.04,65.49,-0.64,-0.97%,2440377
29/09/2020,65.89,66.04,64.9,65.02,-0.47,-0.72%,1979376
30/09/2020,64.06,64.53,63.59,63.61,-1.41,-2.17%,4612677
1/10/2020,63.91,64.54,63.78,64.04,0.43,0.68%,2109305
2/10/2020,63.92,64.25,63.56,63.72,-0.32,-0.50%,2525561
5/10/2020,64.71,65.99,64.57,65.99,2.27,3.56%,1961004
6/10/2020,66.29,66.43,65.37,66.15,0.16,0.24%,2227080
7/10/2020,66.17,67.61,66.16,67.57,1.42,2.15%,3011826
8/10/2020,68.25,68.38,67.61,68.11,0.54,0.80%,3174818
9/10/2020,68.5,68.55,67.71,67.71,-0.4,-0.59%,2430743
12/10/2020,67.69,68.62,67.47,68.61,0.9,1.33%,2140654
13/10/2020,69.57,70.66,69.14,69.38,0.77,1.12%,3234295
14/10/2020,68.91,69.33,68.57,68.67,-0.71,-1.02%,2158016
15/10/2020,68.62,69.72,68.33,69.28,0.61,0.89%,2461648
16/10/2020,69,69.65,68.93,69.24,-0.04,-0.06%,2994507
19/10/2020,69.85,70.25,69.52,70.01,0.77,1.11%,1711635
20/10/2020,70.01,70.45,69.02,69.14,-0.87,-1.24%,3276870
21/10/2020,69.21,69.82,69.08,69.67,0.53,0.77%,3012271
22/10/2020,69.01,69.46,68.66,69.33,-0.34,-0.49%,2607989
23/10/2020,69.62,69.91,68.96,69.9,0.57,0.82%,2327154
26/10/2020,69.95,70.1,69.5,69.71,-0.19,-0.27%,1509835
27/10/2020,69.1,69.38,68.31,68.75,-0.96,-1.38%,2139783
28/10/2020,68.02,68.79,67.66,68.45,-0.3,-0.44%,2260344
29/10/2020,68.15,68.67,67.75,68.14,-0.31,-0.45%,2736317
30/10/2020,68.15,69.63,68.04,69.02,0.88,1.29%,3779713
2/11/2020,69.68,69.7,66.04,68.87,-0.15,-0.22%,3410760
3/11/2020,69.07,70.45,68.98,69.82,0.95,1.38%,4195170
4/11/2020,69.5,69.72,67.87,68.41,-1.41,-2.02%,2725022
5/11/2020,68.39,69.67,68.31,69.67,1.26,1.84%,3856662
6/11/2020,70,70.25,69.26,69.79,0.12,0.17%,2084788
9/11/2020,69.87,70.58,69.8,70.31,0.52,0.75%,2365509
10/11/2020,72,73.14,71.32,72.4,2.09,2.97%,6300671
11/11/2020,72.95,74.44,72.66,74.4,2,2.76%,5151533
12/11/2020,74.4,74.6,72.87,73.07,-1.33,-1.79%,3365097
13/11/2020,72.8,73.42,72.53,73.14,0.07,0.10%,2805108
16/11/2020,74,74.56,73.79,74.49,1.35,1.85%,350619
17/11/2020,74.65,75.46,74.6,75.39,0.9,1.21%,4312323
18/11/2020,75.46,77.55,75.44,77.55,2.16,2.87%,3979413
19/11/2020,78,78.87,77.18,78.87,1.32,1.70%,4383570
20/11/2020,78.78,80,78.1,80,1.13,1.43%,6969228
23/11/2020,79.79,80.05,79.27,79.6,-0.4,-0.50%,1945889
24/11/2020,80.01,81.53,79.95,81.16,1.56,1.96%,2684006
25/11/2020,82.4,83.35,82.035,82.37,1.21,1.49%,3687505
26/11/2020,81.9,81.99,81.09,81.09,-1.28,-1.55%,2020361
27/11/2020,81,81.69,80.52,80.71,-0.38,-0.47%,2403041
30/11/2020,80.65,81.25,79.07,79.07,-1.64,-2.03%,4762676
1/12/2020,79.01,80.63,78.79,80.25,1.18,1.49%,2463844
2/12/2020,80.33,80.39,79.35,80.1,-0.15,-0.19%,3014706
3/12/2020,80,80.1,79.48,79.56,-0.54,-0.67%,1879664
4/12/2020,79.8,80.62,79.67,80.18,0.62,0.78%,2250549
7/12/2020,80.5,80.795,80.05,80.74,0.56,0.70%,2093503
8/12/2020,80.38,81.81,80,81.81,1.07,1.33%,3903389
9/12/2020,82,83.6,81.84,83.18,1.37,1.67%,4244217
10/12/2020,83.55,84.27,82.89,83.09,-0.09,-0.11%,5242972
11/12/2020,82.9,83.05,82.17,82.39,-0.7,-0.84%,2534051
14/12/2020,82.5,84.54,82.5,83.92,1.53,1.86%,2641931
15/12/2020,84.3,84.46,82.81,83.07,-0.85,-1.01%,2858544
16/12/2020,83.13,84.68,83.13,83.85,0.78,0.94%,2037896
17/12/2020,84.59,84.84,84.1,84.72,0.87,1.04%,4344206
18/12/2020,84.4,84.45,83.16,83.16,-1.56,-1.84%,8380263
21/12/2020,83.12,83.51,82.34,83,-0.16,-0.19%,1607940
22/12/2020,82.75,83.64,82.18,82.42,-0.58,-0.70%,1995338
23/12/2020,82.79,83.36,82.6,83.18,0.76,0.92%,1402217
24/12/2020,83.97,84.5,83.15,83.15,-0.03,-0.04%,883611
29/12/2020,83.8,84.42,83.8,84.01,0.86,1.03%,1165218
30/12/2020,83.55,83.8,83.09,83.59,-0.42,-0.50%,1340818
31/12/2020,83.4,83.83,82.11,82.11,-1.48,-1.77%,1120867
4/01/2021,82.23,83.92,82.17,83.75,1.64,2.00%,1414844
5/01/2021,83,83.26,82.485,83.23,-0.52,-0.62%,1809541
6/01/2021,82.69,83.35,82.28,82.9,-0.33,-0.40%,2252786
7/01/2021,84.38,85.18,83.7,84.58,1.68,2.03%,3011086
8/01/2021,84.99,85.63,84.795,85.63,1.05,1.24%,2446079
11/01/2021,85.4,85.63,84.94,85.16,-0.47,-0.55%,1840016
12/01/2021,85.49,86.26,85.28,85.88,0.72,0.85%,1940939
13/01/2021,85.4,86.1,85.11,85.97,0.09,0.10%,1887641
14/01/2021,85.5,86.4,85.4,86.33,0.36,0.42%,2524347
15/01/2021,86.1,86.47,85.25,85.38,-0.95,-1.10%,2866714
18/01/2021,85.1,85.345,84.16,84.67,-0.71,-0.83%,1469159
19/01/2021,85,85.61,84.91,85.11,0.44,0.52%,2049672
20/01/2021,85.11,85.19,84.25,84.37,-0.74,-0.87%,1663224
21/01/2021,85.03,85.48,84.51,85.32,0.95,1.13%,2358103
22/01/2021,85,85.32,84.81,85.09,-0.23,-0.27%,4575426
25/01/2021,85.11,85.74,84.8,85.27,0.18,0.21%,1361881
27/01/2021,86.06,86.92,85.86,86.6,1.33,1.56%,2843239
28/01/2021,85.31,85.46,83.9,85.14,-1.46,-1.69%,3455937
29/01/2021,85.99,86.09,83.38,83.51,-1.63,-1.91%,4486404
1/02/2021,83,84.68,82.02,84.68,1.17,1.40%,2604306
2/02/2021,85.62,86.97,85.35,86.59,1.91,2.26%,2678902
3/02/2021,87.21,88.48,87.12,87.59,1,1.15%,2455634
4/02/2021,87.87,88.13,86.76,87.06,-0.53,-0.61%,2315913
5/02/2021,88.2,88.89,87.85,88.64,1.58,1.81%,2242933
8/02/2021,88.8,89.2,88.6,88.62,-0.02,-0.02%,1820303
9/02/2021,88.38,88.71,87.04,87.42,-1.2,-1.35%,1882826
10/02/2021,88,88.47,85.77,86.12,-1.3,-1.49%,3228687
11/02/2021,85.94,87.19,85.25,87.05,0.93,1.08%,2322335
12/02/2021,87,87.73,86.35,86.87,-0.18,-0.21%,2235993
15/02/2021,87.1,87.2,86.16,86.31,-0.56,-0.64%,2396310
16/02/2021,85.16,85.91,84.89,85.91,-0.4,-0.46%,4133771
17/02/2021,85.4,85.735,84.04,84.28,-1.63,-1.90%,2340499
18/02/2021,84.08,84.27,82.8,83.62,-0.66,-0.78%,3373355
19/02/2021,83.1,83.57,81.65,82.51,-1.11,-1.33%,4206236
22/02/2021,82.51,82.55,81.72,81.9,-0.61,-0.74%,2071470
23/02/2021,81.94,83.4,81.6,83.29,1.39,1.70%,2047232
24/02/2021,83.27,83.55,82.31,82.78,-0.51,-0.61%,1709865
25/02/2021,83.52,84.16,83.32,83.7,0.92,1.11%,2379912
26/02/2021,82.64,83.66,81.56,81.56,-2.14,-2.56%,3900672
1/03/2021,81.9,84.14,81.79,84.11,2.55,3.13%,2483224
2/03/2021,84.61,85.27,84.37,84.49,0.38,0.45%,2100089
3/03/2021,84.25,85.4,84.25,85.4,0.91,1.08%,2216522
4/03/2021,85.71,86.38,84.81,86.38,0.98,1.15%,3528772
5/03/2021,86.4,86.8,85.53,86.45,0.07,0.08%,3125494
8/03/2021,87.83,88.66,87.24,87.32,0.87,1.01%,2592114
9/03/2021,88.45,88.99,87.67,87.89,0.57,0.65%,2381197
10/03/2021,87.99,88,86.72,86.72,-1.17,-1.33%,2059023
11/03/2021,87.82,87.88,85.77,86.45,-0.27,-0.31%,2295069
12/03/2021,86.57,86.98,86.17,86.49,0.04,0.05%,1436474
15/03/2021,86.51,86.99,85.76,86.4,-0.09,-0.10%,1984298
16/03/2021,86.59,87.72,86.51,87.18,0.78,0.90%,2770885
17/03/2021,86.93,87.88,86.4,87.11,-0.07,-0.08%,2412813
18/03/2021,86.92,86.995,85.51,85.75,-1.36,-1.56%,4351783
19/03/2021,85.5,85.79,84.4,84.71,-1.04,-1.21%,9528922
22/03/2021,84.7,85.36,83.945,85.08,0.37,0.44%,1718564
23/03/2021,84.22,85.365,84.2,84.77,-0.31,-0.36%,1668194
24/03/2021,85.05,86.47,84.71,86.37,1.6,1.89%,2100578
25/03/2021,86.19,86.98,85.79,86.54,0.17,0.20%,2145117
26/03/2021,86.82,87.06,85.93,86,-0.54,-0.62%,2506871
29/03/2021,86.17,86.6,85.47,85.57,-0.43,-0.50%,1559267
30/03/2021,85.66,86.42,85.13,85.4,-0.17,-0.20%,1725824
31/03/2021,86.01,87.14,85.8,86.1,0.7,0.82%,3266727
1/04/2021,85.95,86.37,85.53,86.21,0.11,0.13%,2828365
6/04/2021,86.95,86.95,86.03,86.03,-0.18,-0.21%,2032271
7/04/2021,86.06,86.73,85.73,86.53,0.5,0.58%,1941057
8/04/2021,86.9,87.865,86.74,87.12,0.59,0.68%,2641603
9/04/2021,87.2,87.49,86.44,87.13,0.01,0.01%,1644571
12/04/2021,87.11,87.45,86.45,86.72,-0.41,-0.47%,1583268
13/04/2021,86.65,87.47,86.63,87.19,0.47,0.54%,1588428
14/04/2021,87.25,87.9,87.03,87.8,0.61,0.70%,2020866
15/04/2021,88,88,87.15,87.91,0.11,0.13%,2820970
16/04/2021,87.68,88.01,87.45,87.99,0.08,0.09%,2834410
19/04/2021,88.49,89.08,88.12,88.84,0.85,0.97%,2140964
20/04/2021,88.69,88.83,87.57,87.74,-1.1,-1.24%,1868135
21/04/2021,87.05,88.31,86.9,88.17,0.43,0.49%,2798954
22/04/2021,88.57,89.14,88.31,89.14,0.97,1.10%,2952312
23/04/2021,88.94,89.39,88.75,89.39,0.25,0.28%,1623216
26/04/2021,89.75,89.99,88.97,89.05,-0.34,-0.38%,1241407
27/04/2021,89,89.46,88.4,89.33,0.28,0.31%,1840613
28/04/2021,89.51,90.59,89.5,90.21,0.88,0.99%,2477817
29/04/2021,90.6,90.81,89.89,90,-0.21,-0.23%,1763224
30/04/2021,89.78,89.78,88.82,89.04,-0.96,-1.07%,2708774
3/05/2021,89.47,89.99,89.21,89.7,0.66,0.74%,1792902
4/05/2021,89.94,90.65,89.56,90.45,0.75,0.84%,1984366
5/05/2021,92.51,92.72,91.56,92.72,2.27,2.51%,3096594
6/05/2021,93,93.1,91.97,92.94,0.22,0.24%,3524590
7/05/2021,93,94.1,92.6,93.92,0.98,1.05%,3055557
10/05/2021,93.9,95.18,93.8,95.15,1.23,1.31%,1951229
11/05/2021,95,95.5,94.25,94.58,-0.57,-0.60%,2280046
12/05/2021,94,95.57,93.85,95.57,0.99,1.05%,3398755
13/05/2021,95.43,96.5,94.82,95.98,0.41,0.43%,2462934
14/05/2021,97.25,97.38,96.41,96.58,0.6,0.63%,2118205
17/05/2021,96.99,98.4,96.91,97.79,1.21,1.25%,1931159
18/05/2021,98.35,98.845,97.76,97.76,-0.03,-0.03%,1926787
19/05/2021,96.69,97,95.1,95.32,-2.44,-2.50%,2971615
20/05/2021,96.09,98.48,95.86,98.4,3.08,3.23%,3282496
21/05/2021,97.99,98.57,97.57,98.05,-0.35,-0.36%,4462981
24/05/2021,98,99.16,97.65,98.76,0.71,0.72%,1693358
25/05/2021,98.87,99.65,98.6,99.63,0.87,0.88%,1526334
26/05/2021,99.25,100.2,99.25,99.58,-0.05,-0.05%,1981651
27/05/2021,99.65,100.08,98.74,98.97,-0.61,-0.61%,3680584
28/05/2021,99.09,100.56,98.82,100.56,1.59,1.61%,2804407
31/05/2021,100.72,101.5,99.65,99.72,-0.84,-0.84%,2196204
1/06/2021,99.37,99.82,98.84,99.46,-0.26,-0.26%,1237766
2/06/2021,100,100.42,99.31,100.33,0.87,0.87%,1992987
3/06/2021,100.5,101.85,100.39,101.21,0.88,0.88%,1880645
4/06/2021,101.74,102.64,101.5,102.52,1.31,1.29%,2392986
7/06/2021,102.25,102.3,101.47,101.93,-0.59,-0.58%,1248446
8/06/2021,101.85,102.42,100.71,101.48,-0.45,-0.44%,2221585
9/06/2021,101.38,101.91,100.94,101.08,-0.4,-0.39%,1834240
10/06/2021,101,102.12,100.77,101.85,0.77,0.76%,1791330
11/06/2021,101,101.695,100.82,101.36,-0.49,-0.48%,1740852
15/06/2021,101.5,103.72,101.46,103.45,2.09,2.06%,2296140
16/06/2021,104.01,104.94,103.41,104.82,1.37,1.32%,2775509
17/06/2021,105.5,106.57,105.11,105.91,1.09,1.04%,3930519
18/06/2021,105.35,105.4,103.69,103.69,-2.22,-2.10%,8444253
21/06/2021,101.72,101.82,98.06,98.06,-5.63,-5.43%,4770270
22/06/2021,100.37,101.2,99.84,100.23,2.17,2.21%,2871298
23/06/2021,99.87,100.17,98.92,99.2,-1.03,-1.03%,2295011
24/06/2021,99,99.18,98.2,98.65,-0.55,-0.55%,2578181
25/06/2021,99.97,99.99,98.76,99.26,0.61,0.62%,3036496
28/06/2021,99.45,99.87,98.3,99.87,0.61,0.61%,1711467
29/06/2021,99.11,100.5,98.76,100.48,0.61,0.61%,1940208
30/06/2021,100.88,101,99.87,99.87,-0.61,-0.61%,2267452
1/07/2021,99.85,100,98.52,98.7,-1.17,-1.17%,2142098
2/07/2021,99.15,99.5,98.74,99.49,0.79,0.80%,1893726
5/07/2021,99.03,99.46,98.72,99.18,-0.31,-0.31%,1210399
6/07/2021,99.5,99.96,98.62,98.62,-0.56,-0.56%,2030654
7/07/2021,98.5,99.71,98.35,99.71,1.09,1.11%,1900972
8/07/2021,99.36,100.18,99.14,99.49,-0.22,-0.22%,1807323
9/07/2021,98.65,98.89,97.71,98.59,-0.9,-0.90%,2779222
12/07/2021,99.35,99.49,98.72,99.17,0.58,0.59%,1510229
13/07/2021,100,100.12,98.34,98.39,-0.78,-0.79%,2270019
14/07/2021,98.4,99.05,97.95,98.78,0.39,0.40%,2042254
15/07/2021,98.99,99.13,98.11,98.31,-0.47,-0.48%,2046644
16/07/2021,98.31,98.32,97.61,98.19,-0.12,-0.12%,3147728
19/07/2021,97.25,97.93,96.24,97.68,-0.51,-0.52%,1615348
20/07/2021,96.4,97.9,96.03,97.61,-0.07,-0.07%,2226128
21/07/2021,98.25,98.86,97.8,98.42,0.81,0.83%,1894365
22/07/2021,98.98,99.88,98.93,99.88,1.46,1.48%,2039625
23/07/2021,99,99.4,98.77,99.12,-0.76,-0.76%,1557685
26/07/2021,99.22,99.79,98.8,99.14,0.02,0.02%,1428447
27/07/2021,99.39,100.78,99.265,100.71,1.57,1.58%,2547943
28/07/2021,100.03,100.35,99.11,99.3,-1.41,-1.40%,2323659
29/07/2021,99.31,99.55,98.91,99.45,0.15,0.15%,1744901
30/07/2021,99.66,100.165,99.45,99.65,0.2,0.20%,2518939
2/08/2021,99.89,102.35,99.66,101.66,2.01,2.02%,2325038
3/08/2021,101.02,101.75,101.02,101.45,-0.21,-0.21%,1661437
4/08/2021,101.5,102.5,101.5,102.23,0.78,0.77%,1876527
5/08/2021,102.5,103.7,102.31,103.41,1.18,1.15%,1995175
6/08/2021,103.5,104.22,103.28,103.75,0.34,0.33%,1930169
9/08/2021,104.76,105.58,104.25,104.94,1.19,1.15%,1908159
10/08/2021,105.66,106.56,105.19,106.56,1.62,1.54%,2356568
11/08/2021,108.75,109.03,107.13,108.17,1.61,1.51%,3648475
12/08/2021,108.86,108.92,105.34,105.88,-2.29,-2.12%,4097215
13/08/2021,106,106.26,103.63,104.03,-1.85,-1.75%,3748467
16/08/2021,103.55,103.63,102.42,102.54,-1.49,-1.43%,3913742
17/08/2021,100.68,100.9,99,99,-3.54,-3.45%,3990475
18/08/2021,99.49,100.57,99.28,99.77,0.77,0.78%,3068552
19/08/2021,99.12,100.07,99.1,99.22,-0.55,-0.55%,2319533
20/08/2021,100,100.7,99.25,99.27,0.05,0.05%,2620966
23/08/2021,99.89,100.17,99.62,100.17,0.9,0.91%,1326874
24/08/2021,100.51,100.6,99.75,99.91,-0.26,-0.26%,1766246
25/08/2021,99.99,100.83,99.77,100.32,0.41,0.41%,1463544
26/08/2021,100.64,101.24,99.84,100.99,0.67,0.67%,1667608
27/08/2021,100.85,101.58,100.45,101.54,0.55,0.54%,1907148
30/08/2021,102,102.1,100,100.42,-1.12,-1.10%,1950901
31/08/2021,100,100.63,99.61,100.12,-0.3,-0.30%,2947816
1/09/2021,99.62,101,99.15,101,0.88,0.88%,1806031
2/09/2021,101.5,102,100.41,101.37,0.37,0.37%,1891357
3/09/2021,101.36,102,101.02,101.84,0.47,0.46%,1604540
6/09/2021,101.31,102.16,100.63,102.16,0.32,0.31%,1477642
7/09/2021,102,102.49,101.58,102.14,-0.02,-0.02%,1332462
8/09/2021,101.58,103.3,101.52,102.92,0.78,0.76%,2152669
9/09/2021,102.05,102.3,100.09,100.55,-2.37,-2.30%,2490745
10/09/2021,101.92,101.99,100.68,101.09,0.54,0.54%,2022508
13/09/2021,100.78,101.37,100.39,101.3,0.21,0.21%,1119691
14/09/2021,100.9,101.96,100.11,101.58,0.28,0.28%,2114634
15/09/2021,101.13,101.79,100.38,101.41,-0.17,-0.17%,1705120
16/09/2021,101.99,102.85,101.605,102.85,1.44,1.42%,3563965
17/09/2021,102.1,103.21,102.05,102.88,0.03,0.03%,5194637
20/09/2021,101.79,102.23,100.78,100.81,-2.07,-2.01%,1849653
21/09/2021,99.93,100.48,99.59,100.34,-0.47,-0.47%,1824143
22/09/2021,99.73,100.48,99.51,99.64,-0.7,-0.70%,1815510
23/09/2021,100.42,101.23,100.14,100.8,1.16,1.16%,2898303
24/09/2021,101.5,101.76,100.8,101.7,0.9,0.89%,1852521
27/09/2021,102.29,104.94,102,104.59,2.89,2.84%,4102986
28/09/2021,105,105.94,103.88,104,-0.59,-0.56%,3966023
29/09/2021,103.49,103.88,101.85,102.62,-1.38,-1.33%,4789117
30/09/2021,104,104.46,103.33,104.33,1.71,1.67%,5587878
1/10/2021,102,103.07,99.62,100.08,-4.25,-4.07%,6104238
4/10/2021,102.76,105.63,102.47,105.16,5.08,5.08%,10273487
5/10/2021,104.79,106.27,104.21,105.5,0.34,0.32%,5579478
6/10/2021,104.6,104.69,102.39,103.42,-2.08,-1.97%,8996261
7/10/2021,103.87,104,102.7,103.41,-0.01,-0.01%,4053547
8/10/2021,103.7,104.45,102.93,104.45,1.04,1.01%,8036107
11/10/2021,104.01,104.96,103.5,104.69,0.24,0.23%,2365292
12/10/2021,103.65,105.2,103.65,104.89,0.2,0.19%,3707945
13/10/2021,104.64,104.89,103.04,103.22,-1.67,-1.59%,2906039
14/10/2021,103.41,103.44,101.91,101.91,-1.31,-1.27%,2380452
15/10/2021,102.27,102.45,101.52,102.28,0.37,0.36%,1712117
18/10/2021,102.55,104.15,102.55,103.94,1.66,1.62%,2338844
19/10/2021,103.94,104.45,103.62,103.89,-0.05,-0.05%,1590707
20/10/2021,104.36,105.18,104.15,105.03,1.14,1.10%,2506014
21/10/2021,105.03,105.28,104.56,104.95,-0.08,-0.08%,2995383
22/10/2021,104.51,104.97,103.93,104.88,-0.07,-0.07%,2803396
25/10/2021,105,105.93,104.98,105.46,0.58,0.55%,1364995
26/10/2021,105.55,106,104.98,105.1,-0.36,-0.34%,1464604
27/10/2021,105.04,106.11,104.88,106.1,1,0.95%,1833933
28/10/2021,105.99,106.86,105.57,106.86,0.76,0.72%,2280668
29/10/2021,107,107.2,104.17,104.68,-2.18,-2.04%,3062589
1/11/2021,105.68,106.4,104.75,106.29,1.61,1.54%,2767296
2/11/2021,106.32,106.55,105.07,105.76,-0.53,-0.50%,1639667
3/11/2021,106.52,107.26,106.13,107,1.24,1.17%,1835115
4/11/2021,107.25,108.5,107.2,108.5,1.5,1.40%,1890020
5/11/2021,108.5,109.95,108.49,109.71,1.21,1.12%,2419455
8/11/2021,110,110.19,109.27,110.13,0.42,0.38%,1515121
9/11/2021,109.85,109.85,108.73,108.81,-1.32,-1.20%,1589464
10/11/2021,109,109.94,108.67,108.91,0.1,0.09%,1474499
11/11/2021,109.01,109.18,106.43,107.17,-1.74,-1.60%,2093965
12/11/2021,107.31,108.4,106.7,108.12,0.95,0.89%,1646144
15/11/2021,108.03,108.11,107.4,108.01,-0.11,-0.10%,1515787
16/11/2021,107.5,107.97,107.06,107.68,-0.33,-0.31%,2426125
17/11/2021,103.3,103.3,98.63,98.99,-8.69,-8.07%,8337211
18/11/2021,99,99.13,97.46,97.46,-1.53,-1.55%,5120941
19/11/2021,97.73,98.71,97.5,97.81,0.35,0.36%,3532584
22/11/2021,97.82,97.99,95.65,95.8,-2.01,-2.06%,2513854
23/11/2021,96.15,97.365,96.15,96.82,1.02,1.06%,2387557
24/11/2021,97.2,98.33,96.51,97.18,0.36,0.37%,2809339
25/11/2021,96.87,97.06,95.67,95.77,-1.41,-1.45%,2580435
26/11/2021,95.8,96.36,94.22,94.81,-0.96,-1.00%,3048649
29/11/2021,93.2,94.58,92.96,93.78,-1.03,-1.09%,3307834
30/11/2021,94.56,94.99,93.16,93.18,-0.6,-0.64%,6085030
1/12/2021,92.6,94.04,92.38,93.88,0.7,0.75%,2498623
2/12/2021,93,96.04,93,95.9,2.02,2.15%,2980988
3/12/2021,96.51,96.93,95.64,96.61,0.71,0.74%,2664935
6/12/2021,96.62,97.69,96.19,97.24,0.63,0.65%,2142812
7/12/2021,98,98.23,96.76,97.63,0.39,0.40%,1866694
8/12/2021,98.26,98.92,97.01,97.95,0.32,0.33%,2474246
9/12/2021,98.12,98.57,97.53,98.16,0.21,0.21%,1745841
10/12/2021,97.8,98.56,97.56,97.9,-0.26,-0.26%,1710318
13/12/2021,98.3,99.28,97.74,98.03,0.13,0.13%,1772633
14/12/2021,97.03,98.39,96.85,97.54,-0.49,-0.50%,1888180
15/12/2021,97.38,98,96.51,96.93,-0.61,-0.63%,1829146
16/12/2021,96.68,97.365,96.29,96.79,-0.14,-0.14%,2773830
17/12/2021,97.17,99.48,97.05,99.12,2.33,2.41%,7120915
20/12/2021,98.65,99.2,98.03,99.2,0.08,0.08%,1714077
21/12/2021,99.54,100,99,99.59,0.39,0.39%,1828187
22/12/2021,99.8,99.915,99.21,99.78,0.19,0.19%,1653355
23/12/2021,100,100.59,99.76,100.11,0.33,0.33%,992730
24/12/2021,100.58,101.14,100.58,100.63,0.52,0.52%,888168
29/12/2021,101.42,102.37,101.37,101.9,1.27,1.26%,1548336
30/12/2021,102,102.58,101.71,102.27,0.37,0.36%,1015385
31/12/2021,102.27,102.665,101,101,-1.27,-1.24%,1198104
4/01/2022,102,102.82,101.3,102.51,1.51,1.50%,2195465
5/01/2022,103.28,103.48,102.62,103.2,0.69,0.67%,2086996
6/01/2022,102.8,103.13,99.78,99.97,-3.23,-3.13%,2603548
7/01/2022,101.99,102.87,101.89,102.65,2.68,2.68%,2596039
10/01/2022,102.87,103.32,102.08,103.32,0.67,0.65%,1467407
11/01/2022,102.52,102.89,100.62,101.76,-1.56,-1.51%,2346000
12/01/2022,102.15,102.48,100.82,101.58,-0.18,-0.18%,1557284
13/01/2022,101.9,102.44,101.69,102.12,0.54,0.53%,1639007
14/01/2022,101.76,102.65,100.5,100.85,-1.27,-1.24%,2155504
17/01/2022,101.85,101.85,100.81,101.16,0.31,0.31%,1467142
18/01/2022,101,101.23,100.6,100.79,-0.37,-0.37%,1264465
19/01/2022,100.39,100.63,98.83,99.33,-1.46,-1.45%,2638102
20/01/2022,98.14,99.05,97.65,98.61,-0.72,-0.72%,2895501
21/01/2022,97.81,98.31,97.01,97.37,-1.24,-1.26%,3593016
24/01/2022,97,98.07,96.7,97.44,0.07,0.07%,1889354
25/01/2022,96.71,97.15,93.87,95.45,-1.99,-2.04%,5802823
27/01/2022,96.05,97.82,93.01,93.78,-1.67,-1.75%,5359270
28/01/2022,94.76,96.01,92.37,95.67,1.89,2.02%,13796397
31/01/2022,95.01,95.23,93.74,93.74,-1.93,-2.02%,3146452
1/02/2022,94.15,94.99,93.22,93.93,0.19,0.20%,2611835
2/02/2022,94.5,95.07,94.22,94.74,0.81,0.86%,2078320
3/02/2022,93.5,94.89,92.61,93.44,-1.3,-1.37%,3331673
4/02/2022,92.94,94.1,92.82,94.1,0.66,0.71%,3237852
7/02/2022,93.4,94.21,92.44,94,-0.1,-0.11%,3137168
8/02/2022,93.07,94.63,92.95,94.3,0.3,0.32%,2890934
9/02/2022,99.01,99.89,97.91,99.56,5.26,5.58%,5436704
10/02/2022,100,100.78,98.64,100.78,1.22,1.23%,4167883
11/02/2022,99.42,100.18,98.33,98.55,-2.23,-2.21%,3457229
14/02/2022,98.3,100.51,98.2,100.04,1.49,1.51%,2578374
15/02/2022,99.08,100.35,98.93,99.49,-0.55,-0.55%,2667416
16/02/2022,98.41,98.82,97.54,98.57,-0.92,-0.92%,3647780
17/02/2022,98.59,99.31,98.14,98.81,0.24,0.24%,2591681
18/02/2022,98,98.58,97.41,97.75,-1.06,-1.07%,2361575
21/02/2022,96.95,98.34,96.24,98.09,0.34,0.35%,1968627
22/02/2022,96.36,96.83,95.05,96.04,-2.05,-2.09%,2688137
23/02/2022,96.04,96.95,95.81,96.69,0.65,0.68%,2267917
24/02/2022,95.92,96.22,94.44,94.71,-1.98,-2.05%,3504427
25/02/2022,95.62,95.9,93.53,93.88,-0.83,-0.88%,4902678
28/02/2022,94.28,94.94,92.54,93.46,-0.42,-0.45%,10046963
1/03/2022,94.01,96.235,93.89,94.82,1.36,1.46%,2320712
2/03/2022,92.59,95.2,92.59,94.7,-0.12,-0.13%,3049670
3/03/2022,95.26,95.45,94.14,94.51,-0.19,-0.20%,4427098
4/03/2022,94.8,95.05,93.46,94.6,0.09,0.10%,3169612
7/03/2022,94.25,94.85,93.65,94.64,0.04,0.04%,3315111
8/03/2022,94.6,96.24,94.41,95.59,0.95,1.00%,3711886
9/03/2022,95.25,97.79,94.88,97.41,1.82,1.90%,2627749
10/03/2022,98.25,99.92,98.1,99.74,2.33,2.39%,3458497
11/03/2022,98.71,100.105,98.63,99.38,-0.36,-0.36%,3634352
14/03/2022,100.33,102.08,100.1,102,2.62,2.64%,3220955
15/03/2022,102.55,103.8,102.3,103.78,1.78,1.75%,3188234
16/03/2022,104.31,104.79,103.73,104.76,0.98,0.94%,2869840
17/03/2022,107,107,105.28,106.15,1.39,1.33%,3996962
18/03/2022,105.74,106.29,105.1,106.29,0.14,0.13%,6310578
21/03/2022,106.29,107.35,105.7,105.7,-0.59,-0.56%,2217058
22/03/2022,106.9,107.3,106.07,106.07,0.37,0.35%,1773598
23/03/2022,106.63,107.46,106.43,107.45,1.38,1.30%,1705322
24/03/2022,106.35,107.35,106.25,107.35,-0.1,-0.09%,1676029
25/03/2022,107.29,107.77,105.92,105.92,-1.43,-1.33%,2925283
28/03/2022,106.98,107.04,106,106.14,0.22,0.21%,1280146
29/03/2022,106.45,107.1,106.27,106.37,0.23,0.22%,1579916
30/03/2022,106.98,107.54,106.49,107.07,0.7,0.66%,1735594
31/03/2022,107.2,107.34,105.77,105.77,-1.3,-1.21%,3259035
1/04/2022,105.77,106.13,104.52,104.53,-1.24,-1.17%,2047994
4/04/2022,104.79,105.24,103.72,103.72,-0.81,-0.77%,1542723
5/04/2022,104.07,104.85,103.84,104.36,0.64,0.62%,1304088
6/04/2022,104.04,105.79,103.76,105.71,1.35,1.29%,1879653
7/04/2022,105.02,105.56,104.64,105.24,-0.47,-0.44%,1347251
8/04/2022,105.65,105.7,104.9,105.38,0.14,0.13%,1740982
11/04/2022,105.8,107.12,105.75,106.88,1.5,1.42%,1515505
12/04/2022,106.79,107.08,106,106.71,-0.17,-0.16%,1334658
13/04/2022,106.55,106.9,106.08,106.55,-0.16,-0.15%,1479813
14/04/2022,105.91,107.105,105.83,106.5,-0.05,-0.05%,1393778
19/04/2022,106.81,107.37,106.42,107.01,0.51,0.48%,1758577
20/04/2022,107.51,108.05,106.86,107.24,0.23,0.21%,1834918
21/04/2022,108,108.39,107.41,108.35,1.11,1.04%,1872803
22/04/2022,108,108.1,105.37,105.37,-2.98,-2.75%,3289367
26/04/2022,103.01,105.255,102.55,104.75,-0.62,-0.59%,2387922
27/04/2022,103.68,103.87,102.56,103,-1.75,-1.67%,1758440
28/04/2022,104.09,104.37,102.63,103.23,0.23,0.22%,1607790
29/04/2022,103.8,104.19,103.38,103.88,0.65,0.63%,2251074
2/05/2022,103.1,103.35,102.27,102.97,-0.91,-0.88%,1289117
3/05/2022,102.25,102.97,101.57,102.26,-0.71,-0.69%,1229690
4/05/2022,103.2,103.48,101.77,102.98,0.72,0.70%,1490166
5/05/2022,102.98,104.07,102.4,103.71,0.73,0.71%,1778171
6/05/2022,102.64,102.64,101.56,102.4,-1.31,-1.26%,2436089
9/05/2022,102.28,102.79,101.81,102.66,0.26,0.25%,1449093
10/05/2022,101.8,102.29,100.55,101.7,-0.96,-0.94%,2909325
11/05/2022,101.61,102.44,100.97,101.51,-0.19,-0.19%,1710116
12/05/2022,100.65,102.92,100.26,102.15,0.64,0.63%,2911126
13/05/2022,102.42,102.56,101.515,102.28,0.13,0.13%,2897483
16/05/2022,103,103.73,102.4,103.33,1.05,1.03%,1696160
17/05/2022,103.97,105.37,103.67,105.12,1.79,1.73%,2147425
18/05/2022,105.4,105.53,103.935,104.8,-0.32,-0.30%,2073911
19/05/2022,103.51,104.15,103.25,103.8,-1,-0.95%,3044524
20/05/2022,104,105.13,103.64,104.6,0.8,0.77%,2869553
23/05/2022,105.26,105.4,103.83,104.5,-0.1,-0.10%,1476420
24/05/2022,104.15,105.94,104.15,105.09,0.59,0.56%,1765212
25/05/2022,105.7,107.25,105.52,106.17,1.08,1.03%,2405961
26/05/2022,106.46,107.25,105.32,105.43,-0.74,-0.70%,1894406
27/05/2022,106.81,107,106.16,106.63,1.2,1.14%,1461568
30/05/2022,107,107.08,106.18,106.56,-0.07,-0.07%,1894069
31/05/2022,106.29,106.54,104.36,104.36,-2.2,-2.06%,4192211
1/06/2022,105,106.71,105,106.71,2.35,2.25%,2044084
2/06/2022,105.66,105.76,104.76,105.44,-1.27,-1.19%,1545595
3/06/2022,106.21,106.4,104.69,105.2,-0.24,-0.23%,1671897
6/06/2022,105.1,105.34,104.44,104.68,-0.52,-0.49%,1061366
7/06/2022,104.1,104.31,101.83,101.96,-2.72,-2.60%,2301490
8/06/2022,102.4,102.9,97.47,97.47,-4.49,-4.40%,4931040
9/06/2022,96,96.31,92.7,94.95,-2.52,-2.59%,6983162
10/06/2022,94.3,96.9,93.7,93.78,-1.17,-1.23%,4520476
14/06/2022,89.7,91.2,88.44,91.2,-2.58,-2.75%,6989032
15/06/2022,90.5,91.91,89.94,90.62,-0.58,-0.64%,4460665
16/06/2022,92.29,92.87,90,90.47,-0.15,-0.17%,5203139
17/06/2022,88.25,88.45,86.98,87.26,-3.21,-3.55%,9136594
20/06/2022,87.8,89.37,87.42,87.55,0.29,0.33%,3499314
21/06/2022,88.38,89.69,87.98,89.67,2.12,2.42%,2458551
22/06/2022,90.79,90.92,89.12,89.57,-0.1,-0.11%,3340800
23/06/2022,89.61,90.54,89.48,89.75,0.18,0.20%,3006090
24/06/2022,89.35,90.35,88.79,90.16,0.41,0.46%,2760719
27/06/2022,91.99,93.8,91.46,93.74,3.58,3.97%,2891382
28/06/2022,93.99,94.3,93.1,93.54,-0.2,-0.21%,2486253
29/06/2022,93.3,93.5,92.23,93,-0.54,-0.58%,2391929
30/06/2022,92.4,92.41,90.38,90.38,-2.62,-2.82%,3821949
1/07/2022,90.97,91.51,90.21,90.7,0.32,0.35%,2828357
4/07/2022,91.83,92.41,91.24,91.45,0.75,0.83%,2113007
5/07/2022,91.12,92.07,90.58,91.23,-0.22,-0.24%,1908049
6/07/2022,90.62,92.465,90.31,92,0.77,0.84%,2837673
7/07/2022,92.24,93.08,91.58,93.08,1.08,1.17%,2438758
8/07/2022,94,94,92.38,92.59,-0.49,-0.53%,2405606
11/07/2022,93,93.73,92.16,92.55,-0.04,-0.04%,1505516
12/07/2022,92.95,93.88,92.45,93.63,1.08,1.17%,2669294
13/07/2022,93.75,94.63,93.09,94.63,1,1.07%,3038458
14/07/2022,93.54,94.35,93.06,93.22,-1.41,-1.49%,2558730
15/07/2022,92.46,93.27,91.35,93.27,0.05,0.05%,2727568
18/07/2022,94.31,94.39,92.99,94.24,0.97,1.04%,1849349
19/07/2022,94.37,94.99,93.73,94.95,0.71,0.75%,1718090
20/07/2022,96,96.36,95.5,96.02,1.07,1.13%,1775377
21/07/2022,96.2,97.67,95.44,97.62,1.6,1.67%,2660268
22/07/2022,97.35,98.38,96.9,97.8,0.18,0.18%,4505354
25/07/2022,97.88,97.88,96.85,97.07,-0.73,-0.75%,1672440
26/07/2022,97.29,97.3,96.43,96.73,-0.34,-0.35%,1269447
27/07/2022,96.51,99.37,96.46,98.9,2.17,2.24%,2221207
28/07/2022,99.48,100.2,99.11,99.89,0.99,1.00%,3301364
29/07/2022,100.3,101.365,100.1,100.77,0.88,0.88%,3122636
1/08/2022,100.68,101.08,99.09,101.08,0.31,0.31%,2374671
2/08/2022,100.99,102.27,100.43,101.97,0.89,0.88%,1905527
3/08/2022,101.25,101.35,100.24,100.47,-1.5,-1.47%,2021471
4/08/2022,101.07,101.99,100.87,101.8,1.33,1.32%,1916972
5/08/2022,101.59,101.96,101.13,101.41,-0.39,-0.38%,1551472
8/08/2022,101.08,102.89,101.03,102.6,1.19,1.17%,1662514
9/08/2022,102.19,102.32,100.74,101.28,-1.32,-1.29%,2629041
10/08/2022,101.28,101.65,100.06,101,-0.28,-0.28%,2880434
11/08/2022,101.4,102.16,100.18,100.85,-0.15,-0.15%,2725288
12/08/2022,100.15,100.35,99.46,100.34,-0.51,-0.51%,2721743
15/08/2022,100.43,101.06,100.16,100.46,0.12,0.12%,1503959
16/08/2022,101.1,101.75,100.55,101.46,1,1.00%,1989122
17/08/2022,100.4,100.46,99.62,99.62,-1.84,-1.81%,3400334
18/08/2022,99.97,101.09,99.68,100.99,1.37,1.38%,2811590
19/08/2022,101.05,101.1,99.55,99.95,-1.04,-1.03%,3405681
22/08/2022,99.31,99.8,98.81,98.96,-0.99,-0.99%,1796830
23/08/2022,98.5,98.685,97.02,97.02,-1.94,-1.96%,2354382
24/08/2022,97.25,98.03,97.16,97.2,0.18,0.19%,2155170
25/08/2022,97.53,98.05,96.65,97.82,0.62,0.64%,1706595
26/08/2022,98.2,98.7,97.65,98.31,0.49,0.50%,1915332
29/08/2022,96.53,96.74,95.62,96.28,-2.03,-2.06%,2107747
30/08/2022,96.41,97.31,96.32,96.55,0.27,0.28%,1833997
31/08/2022,96.56,97.47,96.05,97.47,0.92,0.95%,2916918
1/09/2022,95.87,96.96,94.65,96.05,-1.42,-1.46%,3228601
2/09/2022,96.1,97.4,96.06,96.95,0.9,0.94%,2183269
5/09/2022,97.48,97.48,95.905,96.51,-0.44,-0.45%,1963119
6/09/2022,96.22,96.65,96.11,96.11,-0.4,-0.41%,1676568
7/09/2022,96.01,96.575,94.05,94.1,-2.01,-2.09%,2876328
8/09/2022,94.67,95.66,93.85,95.21,1.11,1.18%,2701707
9/09/2022,95.77,97.29,94.34,95.53,0.32,0.34%,3030132
12/09/2022,96,96.7,95.63,96.28,0.75,0.79%,1596321
13/09/2022,97,98.08,96.74,97.94,1.66,1.72%,2343197
14/09/2022,95.63,95.68,94.43,94.46,-3.48,-3.55%,2958659
15/09/2022,94.85,95.34,94.66,95.06,0.6,0.64%,3364419
16/09/2022,94.55,95.28,94.045,94.23,-0.83,-0.87%,5980478
19/09/2022,94.25,95.03,94.25,94.66,0.43,0.46%,1474030
20/09/2022,95.95,96.8,95.66,96.53,1.87,1.98%,2389248
21/09/2022,96.28,96.28,95.08,95.45,-1.08,-1.12%,1946963
23/09/2022,94.52,94.89,93.4,93.64,-1.81,-1.90%,2720087
26/09/2022,92.6,93.98,92.28,93.61,-0.03,-0.03%,2274251
27/09/2022,93.94,94.34,92.975,93.43,-0.18,-0.19%,2709362
28/09/2022,92.5,93,91.79,92.54,-0.89,-0.95%,2433767
29/09/2022,93.83,94.19,93.12,93.12,0.58,0.63%,2094138
30/09/2022,93.22,93.23,90.26,90.7,-2.42,-2.60%,3741428
3/10/2022,91.15,91.37,89.66,90.61,-0.09,-0.10%,2038034
4/10/2022,92,94.87,91.89,94.79,4.18,4.61%,3030551
5/10/2022,95.99,97.6,95.79,97.29,2.5,2.64%,3870008
6/10/2022,96.6,97.08,96.07,96.88,-0.41,-0.42%,2055834
7/10/2022,94.99,96.73,94.89,96.42,-0.46,-0.47%,2455127
10/10/2022,95.36,95.55,94.44,94.96,-1.46,-1.51%,1721714
11/10/2022,95.3,95.46,93.83,94,-0.96,-1.01%,1981852
12/10/2022,94.25,96.85,94.15,96.29,2.29,2.44%,2662711
13/10/2022,97.4,99.34,96.96,98.13,1.84,1.91%,3321019
14/10/2022,99.76,99.95,98.85,98.9,0.77,0.78%,2341611
17/10/2022,98.73,98.88,97.915,98.09,-0.81,-0.82%,1600452
18/10/2022,99.47,100,98.65,99.78,1.69,1.72%,2472383
19/10/2022,100.3,100.8,100,100.48,0.7,0.70%,2337497
20/10/2022,99.79,100.845,99.56,100.77,0.29,0.29%,2969685
21/10/2022,100,100.48,98.38,99.28,-1.49,-1.48%,3151996
24/10/2022,101.1,101.18,99.74,100.48,1.2,1.21%,1627347
25/10/2022,101.5,101.92,100.69,101.78,1.3,1.29%,1902730
26/10/2022,102,102.57,101.6,102,0.22,0.22%,1915194
27/10/2022,103.2,103.55,99.79,102.42,0.42,0.41%,2830132
28/10/2022,103.18,103.54,102.82,103.22,0.8,0.78%,2426561
31/10/2022,104.22,105,103.815,104.68,1.46,1.41%,3084095
1/11/2022,104.75,106.05,103.82,106.05,1.37,1.31%,2628163
2/11/2022,106.06,106.8,105.22,105.97,-0.08,-0.08%,2073713
3/11/2022,104.76,104.9,103.96,104.5,-1.47,-1.39%,2143283
4/11/2022,103.77,103.99,102.53,103.05,-1.45,-1.39%,2787631
7/11/2022,103.98,103.99,102.5,103.08,0.03,0.03%,1717044
8/11/2022,103.54,104.83,103.3,104.48,1.4,1.36%,1872728
9/11/2022,104.5,105.25,103.77,104.77,0.29,0.28%,1990001
10/11/2022,105.43,105.43,103.85,104.04,-0.73,-0.70%,2073110
11/11/2022,106.4,106.4,104.97,105.81,1.77,1.70%,3384469
14/11/2022,105.49,105.49,103.905,105.1,-0.71,-0.67%,1919104
15/11/2022,105.8,107.45,105.53,106.48,1.38,1.31%,2427583
16/11/2022,105.19,105.47,103.42,104.58,-1.9,-1.78%,2941625
17/11/2022,105.92,105.92,105,105.64,1.06,1.01%,2655083
18/11/2022,105.55,106.23,105.16,105.82,0.18,0.17%,3028383
21/11/2022,106.6,107.125,106.22,106.58,0.76,0.72%,2766456
22/11/2022,106.74,107.87,106.63,107.5,0.92,0.86%,2395517
23/11/2022,108,108.29,107.74,108.07,0.57,0.53%,1932908
24/11/2022,108.07,108.32,107.57,108.01,-0.06,-0.06%,1691775
25/11/2022,108.2,109.2,107.92,109.2,1.19,1.10%,2163400
28/11/2022,108.75,109.06,108.13,108.48,-0.72,-0.66%,1928931
29/11/2022,108.26,108.43,107.51,108.09,-0.39,-0.36%,1650824
30/11/2022,108.38,108.71,107.43,107.86,-0.23,-0.21%,5911776
1/12/2022,108.48,108.99,108.08,108.42,0.56,0.52%,1369948
2/12/2022,108.4,108.4,106.42,106.95,-1.47,-1.36%,3451688
5/12/2022,107.33,107.71,106.9,106.94,-0.01,-0.01%,1433376
6/12/2022,106.53,107.75,106.32,106.44,-0.5,-0.47%,2016506
7/12/2022,105.55,106.34,104.57,105.55,-0.89,-0.84%,2903191
8/12/2022,105.94,105.99,104.9,105.35,-0.2,-0.19%,1828854
9/12/2022,105.3,105.68,104.53,104.98,-0.37,-0.35%,2054672
12/12/2022,105,105.48,104.61,105.39,0.41,0.39%,1353473
13/12/2022,106.33,107.2,105.9,106.44,1.05,1.00%,2662642
14/12/2022,106.62,107.06,105.84,106.92,0.48,0.45%,1959240
15/12/2022,106.7,107.69,106.22,106.8,-0.12,-0.11%,2244376
16/12/2022,106.06,106.29,105.16,105.98,-0.82,-0.77%,5159674
19/12/2022,105,105.76,104.75,105.63,-0.35,-0.33%,1136661
20/12/2022,105.81,106.11,104.93,105.33,-0.3,-0.28%,1662006
21/12/2022,106.01,106.28,104.73,104.73,-0.6,-0.57%,2285186
22/12/2022,105.35,106.11,105.32,105.62,0.89,0.85%,1462993
23/12/2022,104.7,104.96,104.21,104.82,-0.8,-0.76%,1367754
28/12/2022,104.42,104.55,102.76,103.1,-1.72,-1.64%,1666602
29/12/2022,103.14,103.32,101.85,102.08,-1.02,-0.99%,1718922
30/12/2022,102.55,103.15,102.55,102.6,0.52,0.51%,1537609
3/01/2023,103.73,103.9,100.21,101.05,-1.55,-1.51%,1709983
4/01/2023,101.5,103.29,101.06,103.14,2.09,2.07%,2276220
5/01/2023,103.56,104.7,103.21,103.32,0.18,0.17%,1693577
6/01/2023,102.88,103.57,102.52,103.18,-0.14,-0.14%,2450188
9/01/2023,103.88,104.285,103.27,103.32,0.14,0.14%,1048736
10/01/2023,102.81,104.05,102.6,103.32,0,0.00%,1075679
11/01/2023,103.7,103.88,103,103.53,0.21,0.20%,1092327
12/01/2023,104.3,105.35,103.79,105.18,1.65,1.59%,2087584
13/01/2023,105.65,107.06,105.59,106.5,1.32,1.25%,1929496
16/01/2023,106.69,107.59,106.33,107.35,0.85,0.80%,1250653
17/01/2023,107.3,107.95,107.08,107.44,0.09,0.08%,2328626
18/01/2023,107.56,108,106.87,107.65,0.21,0.20%,1756089
19/01/2023,108.23,108.83,107.23,108.74,1.09,1.01%,2196287
20/01/2023,108.7,109.15,108.38,108.66,-0.08,-0.07%,3741095
23/01/2023,109,109.11,108.4,108.61,-0.05,-0.05%,2377559
24/01/2023,108.4,108.54,107.35,108.05,-0.56,-0.52%,1494747
25/01/2023,108.01,109.2,107.79,108.83,0.78,0.72%,1620732
27/01/2023,109.5,109.95,108.95,109.85,1.02,0.94%,2186238
30/01/2023,109.7,110.1,109.585,109.76,-0.09,-0.08%,1465480
31/01/2023,109.86,110.45,109.62,110.06,0.3,0.27%,1745314
1/02/2023,110.49,110.81,109.6,110.15,0.09,0.08%,2037070
2/02/2023,110.55,110.55,109.73,109.73,-0.42,-0.38%,2267124
3/02/2023,109.9,111.43,109.8,111.15,1.42,1.29%,2487251
6/02/2023,111.2,111.38,110.39,110.75,-0.4,-0.36%,1325884
7/02/2023,110.86,111.04,109.95,110.3,-0.45,-0.41%,1606239
8/02/2023,110.4,110.69,110.15,110.32,0.02,0.02%,1486405
9/02/2023,110.21,110.6,109.59,110.21,-0.11,-0.10%,1378411
10/02/2023,109.85,110.19,109.56,109.95,-0.26,-0.24%,1516258
13/02/2023,109.86,109.9,109.03,109.3,-0.65,-0.59%,1552187
14/02/2023,110.31,110.4,109.09,109.25,-0.05,-0.05%,1712454
15/02/2023,104.11,106.15,102.08,103,-6.25,-5.72%,7122390
16/02/2023,102.36,103.31,101.37,101.5,-1.5,-1.46%,4756659
17/02/2023,101.2,102.57,100.65,100.97,-0.53,-0.52%,4030572
20/02/2023,101,102.39,100.98,102.23,1.26,1.25%,1597651
21/02/2023,102.03,102.21,101.2,101.52,-0.71,-0.69%,1842679
22/02/2023,98.7,100.15,98.46,99.2,-2.32,-2.29%,3345735
23/02/2023,99.46,100.58,99.46,99.9,0.7,0.71%,2366921
24/02/2023,99.79,101.29,99.71,101.22,1.32,1.32%,2873586
27/02/2023,101.1,101.75,100.73,101.39,0.17,0.17%,1875413
28/02/2023,101.22,101.71,100.46,100.69,-0.7,-0.69%,4181654
1/03/2023,99.95,100.37,99.05,99.05,-1.64,-1.63%,2589393
2/03/2023,99.26,99.6,97.07,97.07,-1.98,-2.00%,3973674
3/03/2023,97.3,98.115,97.19,97.75,0.68,0.70%,2835253
6/03/2023,98.19,99.23,98.1,98.6,0.85,0.87%,1734529
7/03/2023,98.85,99.25,98.15,98.9,0.3,0.30%,2461272
8/03/2023,98.35,98.94,97.83,98.41,-0.49,-0.50%,1862278
9/03/2023,98.81,99.25,98.42,98.72,0.31,0.32%,2100981
10/03/2023,96.81,97.11,95.23,95.51,-3.21,-3.25%,3399512
13/03/2023,96,96.65,94.88,95.12,-0.39,-0.41%,2531902
14/03/2023,93.14,95.28,93.05,95.28,0.16,0.17%,4703866
15/03/2023,96.2,96.97,94.64,95.4,0.12,0.13%,3162252
16/03/2023,94,96.15,93.35,95.3,-0.1,-0.10%,6488332
17/03/2023,96.23,96.63,95.34,96.45,1.15,1.21%,6451777
20/03/2023,95.2,97.13,95.06,96.08,-0.37,-0.38%,2079792
21/03/2023,96.9,97.52,96.25,96.52,0.44,0.46%,2225019
22/03/2023,97.9,98.76,97.14,97.14,0.62,0.64%,2889674
23/03/2023,96.77,97.4,96.45,97.03,-0.11,-0.11%,1900925
24/03/2023,96.04,96.79,95.35,95.84,-1.19,-1.23%,2765386
27/03/2023,96.42,96.5,95.04,95.07,-0.77,-0.80%,2040884
28/03/2023,95.6,96.58,95.5,96.06,0.99,1.04%,1915223
29/03/2023,95.31,96.34,94.85,96.34,0.28,0.29%,2120814
30/03/2023,97.56,97.95,97.01,97.75,1.41,1.46%,2611402
31/03/2023,98.35,98.78,97.91,98.32,0.57,0.58%,2549472
3/04/2023,98.59,100,98.55,99.27,0.95,0.97%,2174951
4/04/2023,99.75,99.86,98.5,98.98,-0.29,-0.29%,1577845
5/04/2023,98.69,99.59,98.67,99.06,0.08,0.08%,1535460
6/04/2023,99.4,99.48,98.325,99.01,-0.05,-0.05%,1780447
11/04/2023,99.71,100.1,99.43,99.76,0.75,0.76%,1821000
12/04/2023,100.35,100.36,98.68,99.23,-0.53,-0.53%,1656007
13/04/2023,99.24,99.49,98.2,98.22,-1.01,-1.02%,1668839
14/04/2023,98.22,99.28,98.2,99.11,0.89,0.91%,1352457
17/04/2023,100,100.48,99.57,99.74,0.63,0.64%,2059296
18/04/2023,99.12,99.62,99.12,99.4,-0.34,-0.34%,1848784
19/04/2023,99.38,99.67,99.07,99.37,-0.03,-0.03%,982903
20/04/2023,99.96,101.31,99.75,100.92,1.55,1.56%,2447545
21/04/2023,100.5,100.61,98.7,99.8,-1.12,-1.11%,3084544
24/04/2023,100.45,100.78,100.04,100.11,0.31,0.31%,1002073
26/04/2023,100,100.3,99.22,99.89,-0.22,-0.22%,2063264
27/04/2023,99.96,100,98.79,99.1,-0.79,-0.79%,1423491
28/04/2023,99.58,100.24,99.17,99.36,0.26,0.26%,2869131
1/05/2023,99.96,100.6,99.58,100.44,1.08,1.09%,1471474
2/05/2023,100.79,100.95,99.61,100.1,-0.34,-0.34%,2179624
3/05/2023,98.8,98.89,97.93,98.29,-1.81,-1.81%,2145783
4/05/2023,95.94,97.24,94.82,95.76,-2.53,-2.57%,2992222
5/05/2023,95.6,96.48,94.37,96.13,0.37,0.39%,2799731
8/05/2023,97,97.54,96.31,97.12,0.99,1.03%,2193033
9/05/2023,96.6,97.78,95.45,97.34,0.22,0.23%,2406124
10/05/2023,96.94,97.85,96.69,97.85,0.51,0.52%,2373018
11/05/2023,98.83,98.86,97.885,98.35,0.5,0.51%,2072546
12/05/2023,98.85,99.18,98.36,98.96,0.61,0.62%,1916311
15/05/2023,98.53,98.75,98.17,98.5,-0.46,-0.46%,1288706
16/05/2023,98.3,98.94,97.59,97.59,-0.91,-0.92%,2441266
17/05/2023,97.11,97.3,96.01,97.14,-0.45,-0.46%,2147154
18/05/2023,98.37,98.42,97.76,98,0.86,0.89%,2118783
19/05/2023,98.8,99.87,98.67,99.8,1.8,1.84%,3056096
22/05/2023,99.69,99.8,98.6,98.9,-0.9,-0.90%,1376062
23/05/2023,98.9,99.93,98.68,99.44,0.54,0.55%,2886469
24/05/2023,99.2,99.98,98.84,99.93,0.49,0.49%,1818274
25/05/2023,99.4,99.67,97.695,97.72,-2.21,-2.21%,2862243
26/05/2023,97.8,98.68,97.79,98.16,0.44,0.45%,1923403
29/05/2023,99.36,99.69,98.85,99.57,1.41,1.44%,1530222
30/05/2023,99.2,99.7,98.73,99.18,-0.39,-0.39%,1617947
31/05/2023,98.89,99,96.78,96.78,-2.4,-2.42%,12128743
1/06/2023,96.52,97.62,96.3,96.8,0.02,0.02%,2109961
2/06/2023,97.2,97.59,96.26,96.91,0.11,0.11%,2569521
5/06/2023,97.56,98.01,97.22,97.5,0.59,0.61%,2085675
6/06/2023,96.88,97.19,96.4,96.56,-0.94,-0.96%,2041599
7/06/2023,96.75,97,95.69,95.69,-0.87,-0.90%,2178339
8/06/2023,95.61,95.98,95.32,95.89,0.2,0.21%,2346149
9/06/2023,95.74,96.12,95.6,95.8,-0.09,-0.09%,1579114
13/06/2023,95.98,96.6,95.9,96.52,0.72,0.75%,1973419
14/06/2023,97,97.55,96.6,97.37,0.85,0.88%,2971378
15/06/2023,97.65,98.25,97.41,97.99,0.62,0.64%,2837488
16/06/2023,98.3,99.35,98.06,99.35,1.36,1.39%,6702838
19/06/2023,99.66,100.82,99.45,100.51,1.16,1.17%,2771173
20/06/2023,100.8,101.97,100.36,101.62,1.11,1.10%,2698905
21/06/2023,102.2,102.49,101.585,101.68,0.06,0.06%,2594424
22/06/2023,101.51,101.59,99.97,100.08,-1.6,-1.57%,2313609
23/06/2023,99.6,99.8,98,98.51,-1.57,-1.57%,2750925
26/06/2023,98.38,98.5,97.49,97.93,-0.58,-0.59%,2559460
27/06/2023,98.55,99.27,98.43,98.43,0.5,0.51%,2139922
28/06/2023,98.7,99.94,98.63,99.54,1.11,1.13%,2391541
29/06/2023,99.9,100.69,99.8,100.07,0.53,0.53%,1593529
30/06/2023,100.16,100.3,99.555,100.27,0.2,0.20%,2603014
3/07/2023,100.3,100.97,99.78,100.94,0.67,0.67%,2147940
4/07/2023,101.05,102.4,100.42,102.28,1.34,1.33%,2188463
5/07/2023,102.11,102.39,101.4,101.78,-0.5,-0.49%,2156097
6/07/2023,101.06,101.46,100.13,100.43,-1.35,-1.33%,2182248
7/07/2023,99.23,99.42,98.41,98.73,-1.7,-1.69%,2017705
10/07/2023,99.14,99.47,98.32,98.52,-0.21,-0.21%,1152141
11/07/2023,98.97,99.62,98.73,99.62,1.1,1.12%,1793004
12/07/2023,100.01,100.15,99.15,99.15,-0.47,-0.47%,1765254
13/07/2023,100.14,100.855,99.71,100.62,1.47,1.48%,3171603
14/07/2023,100.88,101.59,100.59,101.33,0.71,0.71%,2083622
17/07/2023,101.45,101.91,101.2,101.87,0.54,0.53%,1608226
18/07/2023,102.3,103.1,102.11,102.57,0.7,0.69%,2084918
19/07/2023,103.84,104.65,103.24,104.65,2.08,2.03%,3567951
20/07/2023,105.5,106.23,104.7,105.25,0.6,0.57%,3465003
21/07/2023,104.85,105.07,104.17,104.55,-0.7,-0.67%,3354092
24/07/2023,105.3,105.3,104.33,104.43,-0.12,-0.11%,1554919
25/07/2023,104.4,104.4,103.51,104.2,-0.23,-0.22%,1520910
26/07/2023,103.93,105.77,103.67,105,0.8,0.77%,1631244
27/07/2023,105.4,107.09,105.3,106.53,1.53,1.46%,2544987
28/07/2023,105.51,106.09,104.82,105.5,-1.03,-0.97%,1880770
31/07/2023,105.76,105.98,104.93,105.71,0.21,0.20%,1265049
1/08/2023,105.22,106.2,104.84,105.85,0.14,0.13%,1440788
2/08/2023,105.23,105.35,103.09,103.46,-2.39,-2.26%,2074443
3/08/2023,102.96,103.34,102.06,102.46,-1,-0.97%,2890772
4/08/2023,102.7,103.15,101.7,101.87,-0.59,-0.58%,2687798
7/08/2023,102.09,102.22,101.49,101.85,-0.02,-0.02%,2771020
8/08/2023,102.4,102.58,101.93,102.21,0.36,0.35%,3241229
9/08/2023,104.81,105.22,103.55,104.85,2.64,2.58%,2635786
10/08/2023,103.82,104.69,103.12,104.47,-0.38,-0.36%,2461857
11/08/2023,104.31,105,104.02,104.4,-0.07,-0.07%,1734661
14/08/2023,103.63,104.13,103.41,103.7,-0.7,-0.67%,2624230
15/08/2023,104,104.19,103.35,103.51,-0.19,-0.18%,1631886
16/08/2023,100.02,100.48,99.48,99.79,-3.72,-3.59%,4423573
17/08/2023,99.9,99.9,98.67,99.65,-0.14,-0.14%,3049916
18/08/2023,99.21,99.46,98.55,99.05,-0.6,-0.60%,2430138
21/08/2023,98.92,99.58,98.32,98.45,-0.6,-0.61%,2651338
22/08/2023,98.09,98.67,97.69,98.67,0.22,0.22%,3070402
23/08/2023,98.2,99.84,98,99.45,0.78,0.79%,3375196
24/08/2023,100.1,100.84,99.6,100.61,1.16,1.17%,2630712
25/08/2023,100.24,100.27,99.37,99.57,-1.04,-1.03%,2301999
28/08/2023,99.8,100.81,99.74,100.78,1.21,1.22%,1652565
29/08/2023,101.39,101.45,100.48,101.03,0.25,0.25%,1519428
30/08/2023,101.63,102.465,101.5,101.84,0.81,0.80%,1810483
31/08/2023,101.83,102.45,101.61,102.18,0.34,0.33%,3576801
1/09/2023,101.7,102,101.2,101.35,-0.83,-0.81%,1596631
4/09/2023,101.69,102.27,101.57,102.01,0.66,0.65%,1425483
5/09/2023,102.1,102.29,101.75,102.22,0.21,0.21%,1274211
6/09/2023,102.75,103.18,101.295,101.51,-0.71,-0.69%,2000414
7/09/2023,101,101.38,100.31,100.9,-0.61,-0.60%,1721897
8/09/2023,101.23,101.47,100.15,100.81,-0.09,-0.09%,1271405
11/09/2023,100.8,102.18,100.55,102.04,1.23,1.22%,1707461
12/09/2023,102.4,102.59,101.12,102.11,0.07,0.07%,1303827
13/09/2023,102.15,102.15,101.01,101.7,-0.41,-0.40%,1281734
14/09/2023,101.17,102.46,101.15,102.13,0.43,0.42%,2242700
15/09/2023,103,103.57,102.68,103.16,1.03,1.01%,4199986
18/09/2023,102.6,102.8,101.93,102.63,-0.53,-0.51%,886664
19/09/2023,102.32,102.39,101.44,102.13,-0.5,-0.49%,1806193
20/09/2023,102.27,102.49,101.44,101.84,-0.29,-0.28%,2498953
21/09/2023,101.67,101.88,99.75,100.08,-1.76,-1.73%,2447271
22/09/2023,98.5,100.06,98.1,100.06,-0.02,-0.02%,3396755
25/09/2023,100,100,99.02,99.88,-0.18,-0.18%,1014251
26/09/2023,99.7,100.37,99.26,100.08,0.2,0.20%,1292290
27/09/2023,100,100.58,99.86,100.53,0.45,0.45%,1346621
28/09/2023,100.49,100.74,99.56,99.95,-0.58,-0.58%,1422062
29/09/2023,99.98,100.08,99.56,99.97,0.02,0.02%,2444569
2/10/2023,99.36,99.97,98.91,99.85,-0.12,-0.12%,1131578
3/10/2023,98.66,99.85,98.5,99.69,-0.16,-0.16%,2702099
4/10/2023,99,99.14,97.6,98.09,-1.6,-1.60%,2543630
5/10/2023,98.3,99.38,98.2,98.98,0.89,0.91%,1726498
6/10/2023,99.05,100.655,98.9,100.04,1.06,1.07%,2408410
9/10/2023,99.97,100.56,99.7,100.03,-0.01,-0.01%,1108229
10/10/2023,100.99,101.19,100.29,100.7,0.67,0.67%,2252750
11/10/2023,100.89,101,100.32,100.64,-0.06,-0.06%,1577672
12/10/2023,101.17,102.22,100.61,101.6,0.96,0.95%,2162969
13/10/2023,100.6,101.23,100.51,100.97,-0.63,-0.62%,1473078
16/10/2023,100.5,100.83,100.25,100.67,-0.3,-0.30%,1448174
17/10/2023,101.35,101.51,100.92,101.2,0.53,0.53%,1210306
18/10/2023,101.18,101.74,101,101.42,0.22,0.22%,1652838
19/10/2023,100.09,100.58,99.33,99.78,-1.64,-1.62%,2642789
20/10/2023,99.09,99.78,98.32,98.75,-1.03,-1.03%,2641664
23/10/2023,98.3,98.6,97.63,97.82,-0.93,-0.94%,1348775
24/10/2023,98.38,98.64,98.02,98.07,0.25,0.26%,1686722
25/10/2023,98.2,98.55,97.12,97.35,-0.72,-0.73%,1662864
26/10/2023,96.99,97.25,96.4,97,-0.35,-0.36%,2289128
27/10/2023,97.55,98.28,97.55,97.8,0.8,0.82%,2273929
30/10/2023,96.72,96.785,96.15,96.22,-1.58,-1.62%,2033713
31/10/2023,97.09,97.21,96.25,96.56,0.34,0.35%,2533920
1/11/2023,96.9,96.97,96.3,96.87,0.31,0.32%,2162550
2/11/2023,98.27,99.01,98.06,98.43,1.56,1.61%,2307420
3/11/2023,99.6,99.99,99.2,99.93,1.5,1.52%,2507791
6/11/2023,99.84,101.26,99.75,100.42,0.49,0.49%,2282526
7/11/2023,100.63,100.64,99.49,100.01,-0.41,-0.41%,1806507
8/11/2023,100.58,101.06,100.21,100.69,0.68,0.68%,1432581
9/11/2023,101.3,103,101.1,102.11,1.42,1.41%,3152761
10/11/2023,101.75,101.88,101.01,101.32,-0.79,-0.77%,1407582
13/11/2023,101.23,101.84,100.87,101.31,-0.01,-0.01%,1472779
14/11/2023,102.35,102.64,101.62,102.28,0.97,0.96%,2049690
15/11/2023,103.3,103.64,101.92,102.15,-0.13,-0.13%,3169156
16/11/2023,102.8,102.88,101.85,102.29,0.14,0.14%,1993737
17/11/2023,102.38,102.69,101.87,102.47,0.18,0.18%,2729262
20/11/2023,102.8,103.32,102.7,103.17,0.7,0.68%,1627761
21/11/2023,103.52,103.86,103.25,103.7,0.53,0.51%,1970123
22/11/2023,103.4,104.31,103.38,103.8,0.1,0.10%,1292108
23/11/2023,103.54,103.79,102.82,102.96,-0.84,-0.81%,2421800
24/11/2023,103.1,104.05,103,103.69,0.73,0.71%,1275404
27/11/2023,104.02,104.02,102.61,102.61,-1.08,-1.04%,1288697
28/11/2023,102.5,103.86,102.35,103.34,0.73,0.71%,1397249
29/11/2023,103.79,104.05,103.2,103.33,-0.01,-0.01%,1277217
30/11/2023,103.55,104.66,103.25,104.66,1.33,1.29%,5016298
1/12/2023,104.65,104.66,103.75,104.19,-0.47,-0.45%,1781950
4/12/2023,104.95,105.58,104.59,105.12,0.93,0.89%,2121950
5/12/2023,104.99,104.99,104.41,104.71,-0.41,-0.39%,1417376
6/12/2023,105.49,106.72,105.24,106.34,1.63,1.56%,3135300
7/12/2023,105.98,106.54,105.7,106.27,-0.07,-0.07%,1747083
8/12/2023,105.77,106.44,105.22,106.44,0.17,0.16%,1434178
11/12/2023,106.67,107.455,106.64,106.94,0.5,0.47%,1395078
12/12/2023,106.73,107.64,106.65,107.41,0.47,0.44%,1406122
13/12/2023,107.8,108.39,107.605,108.15,0.74,0.69%,1727766
14/12/2023,108.92,109.52,108.63,109.52,1.37,1.27%,2593767
15/12/2023,110,110.5,109.52,110.07,0.55,0.50%,7159356
18/12/2023,109.5,110.13,109.14,110,-0.07,-0.06%,1300270
19/12/2023,110.35,110.89,109.65,110.6,0.6,0.55%,1966065
20/12/2023,110.8,111.15,110.65,110.97,0.37,0.33%,2090455
21/12/2023,110.73,110.86,110.01,110.56,-0.41,-0.37%,2830850
22/12/2023,110.19,110.83,110.16,110.5,-0.06,-0.05%,3097447
27/12/2023,111.12,111.85,110.76,111.19,0.69,0.62%,1017160
28/12/2023,111.81,112.29,111.56,112.29,1.1,0.99%,1735707
29/12/2023,112.15,112.37,111.43,111.8,-0.49,-0.44%,2170375
2/01/2024,111.85,113.61,111.79,113.61,1.81,1.62%,1628690
3/01/2024,112.6,112.98,112.02,112.13,-1.48,-1.30%,1207784
4/01/2024,112.3,112.325,110.94,111.49,-0.64,-0.57%,1380616
5/01/2024,112,113.24,111.9,112.99,1.5,1.35%,1502441
8/01/2024,112.76,113.22,111.87,111.98,-1.01,-0.89%,1784232
9/01/2024,113.28,113.3,112.64,113.02,1.04,0.93%,1510571
10/01/2024,112.97,113.3,112.04,112.04,-0.98,-0.87%,1415900
11/01/2024,112.5,113.66,112.24,113.6,1.56,1.39%,1667803
12/01/2024,113,113.8,112.8,113.63,0.03,0.03%,1678657
15/01/2024,113.5,114,113.15,113.66,0.03,0.03%,1062194
16/01/2024,113.5,113.66,112.8,113,-0.66,-0.58%,1896379
17/01/2024,112.82,112.99,111.71,112.33,-0.67,-0.59%,2189913
18/01/2024,111.37,112.91,111.37,112.48,0.15,0.13%,2131509
19/01/2024,113.12,113.9,112.71,113.28,0.8,0.71%,4107588
22/01/2024,114,114.85,113.55,114.8,1.52,1.34%,2353571
23/01/2024,114.9,115.98,114.71,115.66,0.86,0.75%,2197384
24/01/2024,116,116,114.53,114.7,-0.96,-0.83%,1509853
25/01/2024,115,115.14,114,114.86,0.16,0.14%,1967920
29/01/2024,116,116,115,115.92,1.06,0.92%,2017654
30/01/2024,116.12,116.94,115.77,116.05,0.13,0.11%,1982285
31/01/2024,116,118.24,115.205,117.53,1.48,1.28%,4128431
1/02/2024,116.65,116.8,114.1,114.1,-3.43,-2.92%,2593915
2/02/2024,114.81,116.12,114.43,115.81,1.71,1.50%,2545023
5/02/2024,115.02,115.48,113.97,115.48,-0.33,-0.28%,1142496
6/02/2024,115.32,115.64,114.15,114.37,-1.11,-0.96%,1997385
7/02/2024,114.92,115.64,114.22,114.55,0.18,0.16%,1737069
8/02/2024,115.14,116,114.44,115.87,1.32,1.15%,1366549
9/02/2024,116.27,116.75,116.01,116.24,0.37,0.32%,2086972
12/02/2024,116.5,116.78,115.55,115.73,-0.51,-0.44%,1005660
13/02/2024,117.26,117.75,116,116,0.27,0.23%,1758908
14/02/2024,113.16,114.07,111.56,114.07,-1.93,-1.66%,2740465
15/02/2024,113.5,115.17,113.26,114.16,0.09,0.08%,2315896
16/02/2024,115.75,116.28,114.78,116.28,2.12,1.86%,3844462
19/02/2024,115.86,117.29,115.62,117.13,0.85,0.73%,1386827
20/02/2024,117.4,117.8,116.06,116.95,-0.18,-0.15%,1772794
21/02/2024,114.31,115.96,114.1,114.62,-2.33,-1.99%,3281940
22/02/2024,115,115,113.31,114.45,-0.17,-0.15%,1691941
23/02/2024,115.33,115.88,114.57,114.83,0.38,0.33%,1576082
26/02/2024,115.32,115.99,115.07,115.92,1.09,0.95%,1623264
27/02/2024,116.2,117.12,115.535,117.12,1.2,1.04%,2199043
28/02/2024,117.25,117.3,115.67,115.96,-1.16,-0.99%,1605950
29/02/2024,116.18,116.76,115.23,116.41,0.45,0.39%,4036090
1/03/2024,116.75,117.36,116.2,117.36,0.95,0.82%,1547236
4/03/2024,117.55,118.55,117.36,118.12,0.76,0.65%,1657258
5/03/2024,118.6,118.7,116.77,116.94,-1.18,-1.00%,1985735
6/03/2024,117,118.41,116.68,118.31,1.37,1.17%,1499396
7/03/2024,118.5,119.37,118.39,119.25,0.94,0.79%,2404787
8/03/2024,119.54,121.54,119.02,121.45,2.2,1.84%,3693739
11/03/2024,119.99,120.23,117.93,118.13,-3.32,-2.73%,1771965
12/03/2024,119.02,120.08,117.51,117.74,-0.39,-0.33%,1912342
13/03/2024,118.01,118.22,116.82,117.55,-0.19,-0.16%,1749751
14/03/2024,117.54,117.56,115.34,116.22,-1.33,-1.13%,1972503
15/03/2024,115,115.54,114,115.54,-0.68,-0.59%,5370902
18/03/2024,115.4,116.56,115.27,116.46,0.92,0.80%,1471598
19/03/2024,116.43,116.44,115.33,115.78,-0.68,-0.58%,1817662
20/03/2024,116.3,116.87,115.65,115.65,-0.13,-0.11%,2011037
21/03/2024,117.1,118.05,116.54,118,2.35,2.03%,3579903
22/03/2024,118.3,118.35,116.56,117.48,-0.52,-0.44%,3825604
25/03/2024,118.25,118.99,117.49,118.79,1.31,1.12%,1974708
26/03/2024,118.9,119.485,118.57,118.6,-0.19,-0.16%,1676353
27/03/2024,118.77,120.19,118.51,120,1.4,1.18%,2340622
28/03/2024,120.56,120.56,119.4,120.34,0.34,0.28%,2679602
2/04/2024,119.4,120.6,119.3,120.07,-0.27,-0.22%,2314881
3/04/2024,119.63,119.93,117.64,117.81,-2.26,-1.88%,2016061
4/04/2024,118.6,119.07,117.97,118.35,0.54,0.46%,1282364
5/04/2024,117.07,118.17,116.63,118.04,-0.31,-0.26%,1387617
8/04/2024,118.78,119.02,117.7,118.19,0.15,0.13%,1171497
9/04/2024,118.72,119.15,118.48,119.15,0.96,0.81%,1013230
10/04/2024,119.15,119.21,117.98,118.21,-0.94,-0.79%,1720573
11/04/2024,116.34,116.99,116.1,116.81,-1.4,-1.18%,1787099
12/04/2024,116.37,116.69,116.01,116.24,-0.57,-0.49%,1381123
15/04/2024,115.2,115.3,114.295,114.64,-1.6,-1.38%,2434316
16/04/2024,113.58,113.74,111.63,112.2,-2.44,-2.13%,3226640
17/04/2024,112.16,112.8,111.94,111.94,-0.26,-0.23%,1405392
18/04/2024,111.73,113.16,111.73,112.73,0.79,0.71%,1590709
19/04/2024,111.65,112.51,109.94,111.86,-0.87,-0.77%,3489190
22/04/2024,113.09,113.68,112.39,112.88,1.02,0.91%,1946178
23/04/2024,114,114.58,113.7,114.58,1.7,1.51%,1197831
24/04/2024,115.5,115.85,115,115,0.42,0.37%,1600191
26/04/2024,114.45,114.56,112.77,112.99,-2.01,-1.75%,1672386
29/04/2024,114,114.2,113.66,113.84,0.85,0.75%,1374832
30/04/2024,113.65,114.54,113.42,114.54,0.7,0.61%,1315376
1/05/2024,113.6,114.11,113,113.92,-0.62,-0.54%,1187570
2/05/2024,114.69,115.84,114.02,115,1.08,0.95%,1617735
3/05/2024,115.76,115.76,114.74,115.23,0.23,0.20%,1800802
6/05/2024,116.01,116.59,115.78,116.59,1.36,1.18%,1503067
7/05/2024,117.57,119,116.89,119,2.41,2.07%,2718495
8/05/2024,119.5,119.9,118.46,119.74,0.74,0.62%,2104415
9/05/2024,119.7,119.7,117.09,117.09,-2.65,-2.21%,1838458
10/05/2024,117.71,118.35,117.25,117.54,0.45,0.38%,1483110
13/05/2024,117.54,119.12,117.06,119.12,1.58,1.34%,1751999
14/05/2024,118.7,119.33,118.535,119.33,0.21,0.18%,1500344
15/05/2024,119.5,120.07,119.28,119.93,0.6,0.50%,1820801
16/05/2024,121,122.55,120.2,122.26,2.33,1.94%,3212284
17/05/2024,121.5,121.79,120.34,121.04,-1.22,-1.00%,3747916
20/05/2024,121,121.86,120.95,121.77,0.73,0.60%,1231703
21/05/2024,121.69,121.79,120.92,121.79,0.02,0.02%,1557576
22/05/2024,122.07,122.35,121.3,121.5,-0.29,-0.24%,1428336
23/05/2024,120.72,121,120.23,120.73,-0.77,-0.63%,1595049
24/05/2024,119.02,119.5,118.08,118.87,-1.86,-1.54%,1902826
27/05/2024,119.73,120.33,119.73,120.1,1.23,1.03%,1111552
28/05/2024,120.09,120.33,119.51,120.31,0.21,0.17%,1699877
29/05/2024,119.38,119.49,117.89,118.34,-1.97,-1.64%,1768394
30/05/2024,117.1,118.42,116.64,117.99,-0.35,-0.30%,1338969
31/05/2024,118.8,119.54,118.53,119.54,1.55,1.31%,3510828
3/06/2024,120.34,121.29,120.22,121.29,1.75,1.46%,1686338
4/06/2024,121.15,122.49,121.05,122.46,1.17,0.96%,2233217
5/06/2024,123.17,123.95,122.82,123.47,1.01,0.82%,2393056
6/06/2024,124.5,125.97,124.21,124.85,1.38,1.12%,2636640
7/06/2024,125,125.55,124.08,125.55,0.7,0.56%,1414714
11/06/2024,124.05,125.03,123.72,124.93,-0.62,-0.49%,2514626
12/06/2024,124.35,124.595,123.4,124.1,-0.83,-0.66%,2115977
13/06/2024,125.33,125.69,124.9,125.48,1.38,1.11%,2611093
14/06/2024,125.36,125.6,124.85,125.31,-0.17,-0.14%,1642962
17/06/2024,124.99,125.6,124.76,125.49,0.18,0.14%,1535986
18/06/2024,126.58,127.99,126.2,127.98,2.49,1.98%,2256695
19/06/2024,127.79,127.88,126.77,126.94,-1.04,-0.81%,2137151
20/06/2024,126.65,127.84,126.53,127.75,0.81,0.64%,3551199
21/06/2024,128,128.25,125.9,127.68,-0.07,-0.05%,7188308
24/06/2024,127.6,127.99,126.8,126.8,-0.88,-0.69%,1774664
25/06/2024,128.11,128.68,127.51,128.63,1.83,1.44%,2092832
26/06/2024,127.64,128.09,126.635,126.9,-1.73,-1.34%,1908027
27/06/2024,125,126.2,124.35,126.2,-0.7,-0.55%,2119011
28/06/2024,127,127.61,126.27,127.38,1.18,0.94%,2303383
1/07/2024,126.44,126.53,125.43,126.2,-1.18,-0.93%,1608121
2/07/2024,125.8,126.2,125.4,125.66,-0.54,-0.43%,1534926
3/07/2024,126.23,126.44,124.8,125.38,-0.28,-0.22%,1441307
4/07/2024,126.51,127.86,126.19,127.86,2.48,1.98%,1394064
5/07/2024,127.58,127.85,126.65,127.1,-0.76,-0.59%,1104669
8/07/2024,126.9,127.17,126.09,126.47,-0.63,-0.50%,1027669
9/07/2024,127.5,128.97,126.98,128.69,2.22,1.76%,1784311
10/07/2024,128,128.54,127.26,128.54,-0.15,-0.12%,1257112
11/07/2024,130.17,130.3,129.3,129.92,1.38,1.07%,1598054
12/07/2024,130.8,131.84,129.89,131.66,1.74,1.34%,1977025
15/07/2024,132.75,133.3,131.9,132.69,1.03,0.78%,1364623
16/07/2024,132.43,133.08,132.02,132.44,-0.25,-0.19%,1732649
17/07/2024,132.5,134.25,132,133.5,1.06,0.80%,1983965
18/07/2024,133.24,134,131.91,132.66,-0.84,-0.63%,2073779
19/07/2024,130.86,131.63,130.4,131.63,-1.03,-0.78%,4022762
22/07/2024,130.51,131.68,130.18,131.68,0.05,0.04%,1233216
23/07/2024,132.59,133.31,132.1,133.14,1.46,1.11%,1351942
24/07/2024,132.6,133.1,132.27,132.78,-0.36,-0.27%,1175867
25/07/2024,131.35,132.6,131.2,132.6,-0.18,-0.14%,1916200
26/07/2024,133.36,133.46,132.53,133.14,0.54,0.41%,1901929
29/07/2024,133.83,134.9,133.8,134.9,1.76,1.32%,1418165
30/07/2024,133.51,135.95,133.29,135.95,1.05,0.78%,1937077
31/07/2024,136.34,137.53,135.6,137.49,1.54,1.13%,2239782
1/08/2024,138.21,138.24,136.27,136.27,-1.22,-0.89%,1628154
2/08/2024,133.5,134.25,131.66,132.46,-3.81,-2.80%,3856423
5/08/2024,130.6,130.78,124.89,124.89,-7.57,-5.71%,3665974
6/08/2024,125.5,128.42,125.5,127.69,2.8,2.24%,2570052
7/08/2024,126.88,128.21,126.73,127.34,-0.35,-0.27%,1843515
8/08/2024,127.35,129.11,126.96,129.11,1.77,1.39%,1664806
9/08/2024,130,130.23,128.88,129.55,0.44,0.34%,1941651
12/08/2024,130.7,131.04,130.15,130.53,0.98,0.76%,886756
13/08/2024,130.43,132.52,130.23,132.52,1.99,1.52%,1466798
14/08/2024,134.5,134.59,132.71,134.21,1.69,1.28%,1734568
15/08/2024,134,136.09,133.94,134.9,0.69,0.51%,2248327
16/08/2024,137.04,138.13,136.54,138.13,3.23,2.39%,4487867
19/08/2024,137.72,139.25,137.37,139.25,1.12,0.81%,1937287
20/08/2024,140.25,141.34,139.025,139.6,0.35,0.25%,1651316
21/08/2024,138.22,138.37,135.65,136.03,-3.57,-2.56%,3623240
22/08/2024,136.95,136.99,135.98,136.46,0.43,0.32%,1565951
23/08/2024,136.4,136.8,135.85,136.8,0.34,0.25%,1745817
26/08/2024,137.51,139.29,137.18,138.81,2.01,1.47%,1888745
27/08/2024,138.34,138.49,136.8,137.43,-1.38,-0.99%,2163558
28/08/2024,136.95,138.57,136.2,138.57,1.14,0.83%,2608279
29/08/2024,138.35,139.33,138.03,138.8,0.23,0.17%,2115830
30/08/2024,139.45,139.88,139,139.5,0.7,0.50%,4471077
2/09/2024,139.35,141.87,138.67,141.77,2.27,1.63%,1918778
3/09/2024,141.64,143.38,141.45,143.38,1.61,1.14%,1892624
4/09/2024,141.5,141.57,139.045,139.94,-3.44,-2.40%,2239798
5/09/2024,140.63,141.85,140.34,141.35,1.41,1.01%,1593873
6/09/2024,141.78,144.25,141.4,143.47,2.12,1.50%,2812987
9/09/2024,140.87,143,140.5,142.95,-0.52,-0.36%,1988596
10/09/2024,144.06,145.24,143.19,143.77,0.82,0.57%,2044486
11/09/2024,143.4,143.49,140.79,141.05,-2.72,-1.89%,2651684
12/09/2024,141.96,143.07,141.66,142.96,1.91,1.35%,2511911
13/09/2024,143.4,143.58,140.94,141.65,-1.31,-0.92%,2005424
16/09/2024,142.05,143.12,141.85,142.99,1.34,0.95%,1769457
17/09/2024,144,144,143.03,143.04,0.05,0.03%,1692853
18/09/2024,142.65,143.75,142.36,143.32,0.28,0.20%,1728991
19/09/2024,144.5,145,143.18,144.02,0.7,0.49%,3454739
20/09/2024,144.5,144.83,143.57,144.5,0.48,0.33%,6419518
23/09/2024,143.55,143.79,142.31,142.39,-2.11,-1.46%,1459099
24/09/2024,142.51,142.89,138.06,138.06,-4.33,-3.04%,3339377
25/09/2024,138,138.44,134.5,134.89,-3.17,-2.30%,3813862
26/09/2024,135.99,136.49,133.42,134.35,-0.54,-0.40%,2993957
27/09/2024,134.3,134.5,133,134.16,-0.19,-0.14%,2166185
30/09/2024,134.5,136.11,134.32,135.39,1.23,0.92%,3416736
1/10/2024,135,135,132.68,133.34,-2.05,-1.51%,1861579
2/10/2024,132.16,134.19,132.1,134.19,0.85,0.64%,2366533
3/10/2024,135.4,135.4,134.25,134.61,0.42,0.31%,1851459
4/10/2024,133.1,133.5,132.52,132.74,-1.87,-1.39%,1502412
7/10/2024,133.82,135.08,133.13,134.77,2.03,1.53%,934904
8/10/2024,134.37,136.03,133.51,134.97,0.2,0.15%,1587040
9/10/2024,136.48,136.575,135.6,135.63,0.66,0.49%,1218703
10/10/2024,136.66,136.95,135.82,136.19,0.56,0.41%,1622621
11/10/2024,135.88,136.07,134.88,135.64,-0.55,-0.40%,1423248
14/10/2024,136.9,137.2,136.03,136.82,1.18,0.87%,1020864
15/10/2024,138.41,139.69,137.95,139.29,2.47,1.81%,1849572
16/10/2024,138.9,140.27,138.4,139.8,0.51,0.37%,1708261
17/10/2024,141.3,142,140.35,142,2.2,1.57%,3271793
18/10/2024,141.9,142.85,141.46,142.85,0.85,0.60%,3075255
21/10/2024,143.5,144.45,143.1,144.45,1.6,1.12%,1753172
22/10/2024,143.11,143.92,141.01,141.23,-3.22,-2.23%,1577016
23/10/2024,140.66,141.93,140.57,141.78,0.55,0.39%,741238
24/10/2024,141.76,144,141.36,143.43,1.65,1.16%,1337219
25/10/2024,143.77,144.17,142.83,144.02,0.59,0.41%,1271615
28/10/2024,144,144.12,142.23,142.86,-1.16,-0.81%,1013407
29/10/2024,143.4,144.48,142.99,144.17,1.31,0.92%,1941541
30/10/2024,144,144,141.8,142.93,-1.24,-0.86%,1231647
31/10/2024,142.23,143.65,141.65,142.75,-0.18,-0.13%,2175927
1/11/2024,141.65,142.22,140.4,142.09,-0.66,-0.46%,1495906
4/11/2024,142.89,144.44,141.03,144.35,2.26,1.59%,1396336
5/11/2024,144.35,144.4,142.8,143.85,-0.5,-0.35%,1165546
6/11/2024,144.5,145.6,144.32,145.46,1.61,1.12%,1384689
7/11/2024,145.99,147.26,143.9,147.26,1.8,1.24%,1775473
8/11/2024,148.41,149.73,147.41,149.32,2.06,1.40%,1953987
11/11/2024,149.3,150.345,148.86,149.79,0.47,0.31%,2056899
12/11/2024,150.6,150.85,148.75,150.25,0.46,0.31%,1574831
13/11/2024,148.05,149.62,147.65,149.62,-0.63,-0.42%,1812592
14/11/2024,150.89,152.84,150.43,152.84,3.22,2.15%,1822727
15/11/2024,154,155.13,152.53,155.13,2.29,1.50%,2493400
18/11/2024,153.38,153.89,152.05,153.02,-2.11,-1.36%,2012422
19/11/2024,153,157.28,152.42,155.61,2.59,1.69%,2361297
20/11/2024,155.61,156.89,155.14,156.38,0.77,0.49%,1749644
21/11/2024,156.67,157.05,154.88,156.24,-0.14,-0.09%,1859501
22/11/2024,157.01,159.16,156.64,159.03,2.79,1.79%,3988790
25/11/2024,160,160.27,158.34,160.14,1.11,0.70%,3945712
26/11/2024,160,160,154.1,154.46,-5.68,-3.55%,2006021
27/11/2024,156,157.8,155.895,157.57,3.11,2.01%,1932684
28/11/2024,158.53,159.45,158.04,158.58,1.01,0.64%,1379244
29/11/2024,157,158.58,156.51,158.58,0,0.00%,2141565
2/12/2024,159.5,159.5,157.58,158.19,-0.39,-0.25%,1160349
3/12/2024,158.51,159.19,157.78,157.78,-0.41,-0.26%,1926463
4/12/2024,156.78,157.32,156.14,156.93,-0.85,-0.54%,1233214
5/12/2024,158.25,158.4,157.68,157.99,1.06,0.68%,1357790
6/12/2024,158.68,158.98,157.06,157.06,-0.93,-0.59%,1645382
9/12/2024,157,159.38,155.92,159.38,2.32,1.48%,1679852
10/12/2024,158.3,158.35,155.45,157.63,-1.75,-1.10%,2413796
11/12/2024,157.92,158.12,156.41,157.52,-0.11,-0.07%,1478648
12/12/2024,157.69,158.53,157.12,157.52,0,0.00%,1065886
13/12/2024,157,158.28,156.3,158.21,0.69,0.44%,1347793
16/12/2024,158.3,158.93,157.63,158.64,0.43,0.27%,1709323
17/12/2024,158.61,161.295,158,161.13,2.49,1.57%,2381043
18/12/2024,161.1,161.37,159.03,159.73,-1.4,-0.87%,1827986
19/12/2024,157,157.445,155.5,155.99,-3.74,-2.34%,3458022
20/12/2024,155.57,155.73,150.26,150.26,-5.73,-3.67%,7340421
23/12/2024,151.99,154.68,151.51,154.68,4.42,2.94%,1324530
24/12/2024,154.38,155.47,153.87,155.12,0.44,0.28%,679055
27/12/2024,155.65,156.21,154.72,156.21,1.09,0.70%,1175643
30/12/2024,155.42,155.73,154.07,155.08,-1.13,-0.72%,817557
31/12/2024,154.09,154.43,153.25,153.25,-1.83,-1.18%,853239
2/01/2025,153.25,153.98,152.5,153.57,0.32,0.21%,878386
3/01/2025,154.53,155.655,153.6,155.03,1.46,0.95%,888021
6/01/2025,156,156.755,155.24,156.02,0.99,0.64%,1032059
7/01/2025,156.5,157.66,155.97,157.11,1.09,0.70%,1035090
8/01/2025,156.5,161.7,155.84,159.75,2.64,1.68%,2260821
9/01/2025,158.13,159.29,157.97,158.79,-0.96,-0.60%,1243612
10/01/2025,159.5,159.8,155.57,156.05,-2.74,-1.73%,1887834
13/01/2025,153.63,154.42,151.24,152.76,-3.29,-2.11%,1493414
14/01/2025,154.36,154.5,151,151.96,-0.8,-0.52%,1203687
15/01/2025,154.33,154.33,151.27,151.27,-0.69,-0.45%,1189652
16/01/2025,154.3,155.8,153.88,155.75,4.48,2.96%,2662759
17/01/2025,155.15,155.6,153.39,153.9,-1.85,-1.19%,3930360
20/01/2025,154.69,155.48,153.35,155.06,1.16,0.75%,887899
21/01/2025,155,157.96,154.73,156.2,1.14,0.74%,1191280
22/01/2025,157.25,158.45,156.7,157.75,1.55,0.99%,1263536
23/01/2025,157.97,158,156.4,157.85,0.1,0.06%,1088333
24/01/2025,158.7,159.46,158.5,158.65,0.8,0.51%,1821566
28/01/2025,159.67,160.37,159.18,159.28,0.63,0.40%,1619685
29/01/2025,160.68,160.78,159.09,159.09,-0.19,-0.12%,1318566
30/01/2025,159.35,160.61,158.82,160.61,1.52,0.96%,1206445
31/01/2025,160.61,161.425,159.84,160.56,-0.05,-0.03%,2896059
3/02/2025,156.5,159.29,156.17,158.13,-2.43,-1.51%,1299935
4/02/2025,159.6,159.69,157.7,157.7,-0.43,-0.27%,1174484
5/02/2025,158.31,159.07,157.65,158.57,0.87,0.55%,1594857
6/02/2025,159.98,162.64,159.82,162.64,4.07,2.57%,2051681
7/02/2025,161.64,162.975,161.13,162.67,0.03,0.02%,1676158
10/02/2025,160.91,162.84,160.33,162.83,0.16,0.10%,1431527
11/02/2025,162.02,163.03,161.61,162.16,-0.67,-0.41%,1530120
12/02/2025,161.24,165.98,159.81,165.98,3.82,2.36%,2199814
13/02/2025,165.77,167.61,164.61,166.72,0.74,0.45%,1843099
14/02/2025,167.92,167.92,165,165.44,-1.28,-0.77%,2390053
17/02/2025,164.99,165.14,162.02,164.97,-0.47,-0.28%,1976104
18/02/2025,165,165.45,162.2,162.6,-2.37,-1.44%,2577577
19/02/2025,158.75,160.73,156.59,158.94,-3.66,-2.25%,3262757
20/02/2025,159.04,159.37,155.73,155.73,-3.21,-2.02%,2747437
21/02/2025,156,156.12,151.42,151.73,-4,-2.57%,3845525
24/02/2025,149.9,156.23,148.98,156.23,4.5,2.97%,2875480
25/02/2025,155.94,156.455,152.99,154.27,-1.96,-1.25%,1762476
26/02/2025,154.5,156.6,153.45,156.26,1.99,1.29%,1504902
27/02/2025,155.9,156.29,154.8,156.29,0.03,0.02%,1580374
28/02/2025,155.9,157.68,154.66,156.74,0.45,0.29%,5342538
3/03/2025,158.4,158.4,155.29,157.13,0.39,0.25%,1846285
4/03/2025,157.32,157.76,155.685,157.76,0.63,0.40%,1467357
5/03/2025,156.36,156.98,154.4,156.39,-1.37,-0.87%,1730411
6/03/2025,156.44,156.88,153.59,153.59,-2.8,-1.79%,2374229
7/03/2025,150.88,150.96,147.22,148.5,-5.09,-3.31%,2627604
10/03/2025,149.2,149.58,147.41,148.14,-0.36,-0.24%,1456710
11/03/2025,145.69,148.13,144.4,146.92,-1.22,-0.82%,2523185
12/03/2025,145.75,145.84,142.98,144.8,-2.12,-1.44%,2922633
13/03/2025,145.01,145.57,143.67,144,-0.8,-0.55%,2669521
14/03/2025,142.57,144.03,141.41,142.36,-1.64,-1.14%,2741381
17/03/2025,143.89,144.66,143.285,144.66,2.3,1.62%,1734195
18/03/2025,145.39,146.5,143.54,144.2,-0.46,-0.32%,1552183
19/03/2025,142.89,144.47,142.54,142.77,-1.43,-0.99%,1612901
20/03/2025,143.91,146,143.68,145.93,3.16,2.21%,3402826
21/03/2025,145.7,146.95,145.2,145.6,-0.33,-0.23%,6482426
24/03/2025,146.75,147.85,146.29,147.63,2.03,1.39%,1308316
25/03/2025,148.45,149.77,147.9,148.63,1,0.68%,1599602
26/03/2025,149.9,151.17,149.39,150.23,1.6,1.08%,2043159
27/03/2025,149.23,150.04,148.38,150.04,-0.19,-0.13%,1722640
28/03/2025,149.6,150.43,148.61,150.43,0.39,0.26%,1796660
31/03/2025,149.5,151.1,147.94,150.93,0.5,0.33%,2709628
1/04/2025,151.01,153.23,150.41,153.23,2.3,1.52%,2083216
2/04/2025,154.54,154.84,153.22,154.82,1.59,1.04%,2165184
3/04/2025,151.82,156.37,151.51,156.37,1.55,1.00%,2343479
4/04/2025,153.69,156.2,153.26,154,-2.37,-1.52%,3504025
7/04/2025,144.08,146.81,140.21,144.41,-9.59,-6.23%,3875755
8/04/2025,146.52,148.46,144.23,148.46,4.05,2.80%,3194841
9/04/2025,145.01,150.22,145.01,149.14,0.68,0.46%,2796441
10/04/2025,157.02,157.44,153.45,154.53,5.39,3.61%,2785178
11/04/2025,150.75,155.5,149.28,154.68,0.15,0.10%,4265891
14/04/2025,155.39,157.63,154.9,157.29,2.61,1.69%,2071894
15/04/2025,157.89,160.47,157.39,158.04,0.75,0.48%,1901913
16/04/2025,158.08,160,157.79,159.32,1.28,0.81%,2008112
17/04/2025,159.72,161.25,159.05,161.25,1.93,1.21%,1964171
22/04/2025,159.8,168,159.31,168,6.75,4.19%,5974009
23/04/2025,168.42,168.7,163.77,163.77,-4.23,-2.52%,2891637
24/04/2025,165.02,165.98,163.4,164.72,0.95,0.58%,1863637
28/04/2025,166.52,166.54,162.5,162.85,-1.87,-1.14%,2730886
29/04/2025,162.75,163.95,162.47,162.98,0.13,0.08%,1617274
30/04/2025,163.67,166.6,163.25,166.6,3.62,2.22%,3925047
1/05/2025,166.57,168.28,165.94,167.25,0.65,0.39%,1809325
2/05/2025,167.63,169.75,167.52,169.66,2.41,1.44%,2436302
5/05/2025,169.28,169.49,165.47,166.93,-2.73,-1.61%,1826786
6/05/2025,166.08,167,165.65,166.74,-0.19,-0.11%,1208101
7/05/2025,167.1,168.12,165.96,165.96,-0.78,-0.47%,3183649
8/05/2025,164.9,166,164.1,165.51,-0.45,-0.27%,2728312
9/05/2025,165.59,167.64,165.09,167.04,1.53,0.92%,1823621
12/05/2025,168.3,168.81,166.99,167.18,0.14,0.08%,1165001
13/05/2025,167.59,168,165.25,166.14,-1.04,-0.62%,1415682
14/05/2025,167.27,167.81,166.35,167.5,1.36,0.82%,1954555
15/05/2025,168.97,169.74,166.62,169.74,2.24,1.34%,2752729
16/05/2025,172.71,172.92,168.78,169.66,-0.08,-0.05%,3762751
19/05/2025,169.66,171.64,169.49,171.36,1.7,1.00%,1535720
20/05/2025,173,173.54,171.32,172.43,1.07,0.62%,1796398
21/05/2025,173.1,176.46,172.77,174.98,2.55,1.48%,2582355
22/05/2025,173.48,173.94,171.98,172.72,-2.26,-1.29%,1853995
23/05/2025,172.72,174.75,172.29,173.84,1.12,0.65%,1672870
26/05/2025,173.5,174.12,172.65,173.88,0.04,0.02%,765883
27/05/2025,174.4,175.5,173.38,175.34,1.46,0.84%,1236086
28/05/2025,175.94,176.64,173.79,173.79,-1.55,-0.88%,1440731
29/05/2025,174.49,175.27,172.565,174.44,0.65,0.37%,1156865
30/05/2025,174.25,176.46,173.96,175.95,1.51,0.87%,5011347
2/06/2025,175.9,176.42,175.2,176.42,0.47,0.27%,1055676
3/06/2025,177.82,178.64,176.72,178.64,2.22,1.26%,1701236
4/06/2025,179.04,181.39,178.3,181.1,2.46,1.38%,2142069
5/06/2025,181.2,182,179.61,181.34,0.24,0.13%,1689652
6/06/2025,180.7,181,179,179.9,-1.44,-0.79%,1820710
10/06/2025,180,182.25,178.55,182,2.1,1.17%,2839373
11/06/2025,182.65,183.19,181.11,181.4,-0.6,-0.33%,1412451
12/06/2025,182.01,182.8,180.53,180.53,-0.87,-0.48%,1817457
13/06/2025,180.53,181.48,178.82,179.35,-1.18,-0.65%,1725793
16/06/2025,178.5,179.68,178.23,179.41,0.06,0.03%,1159837
17/06/2025,179,179.49,178.02,179.14,-0.27,-0.15%,1402425
18/06/2025,178.92,181.3,178.3,180.18,1.04,0.58%,1798143
19/06/2025,180.88,183.31,180.16,182.85,2.67,1.48%,2085226
20/06/2025,182.51,183,180.13,182.53,-0.32,-0.18%,6388012
23/06/2025,182,184.41,180.83,184.35,1.82,1.00%,1407371
24/06/2025,185.19,188.6,184.95,188.13,3.78,2.05%,2243842
25/06/2025,189.84,192,189.02,191.4,3.27,1.74%,2247175
26/06/2025,190.49,191.88,190.26,190.71,-0.69,-0.36%,1926397
27/06/2025,190.5,191.06,185.36,185.36,-5.35,-2.81%,2059721
30/06/2025,185.36,186.83,183.41,184.75,-0.61,-0.33%,2762322
1/07/2025,184.21,184.31,181.4,182.58,-2.17,-1.17%,2968299
2/07/2025,183,183.85,180.51,183.67,1.09,0.60%,3202955
3/07/2025,182.41,182.41,179.58,179.69,-3.98,-2.17%,1989031
4/07/2025,179.51,180.49,176.44,178,-1.69,-0.94%,2022811
7/07/2025,177.57,179.015,176.98,177.81,-0.19,-0.11%,1233379
8/07/2025,177.08,179.9,176.84,179.28,1.47,0.83%,2169151
9/07/2025,178.3,180,177.03,178.9,-0.38,-0.21%,1361633
10/07/2025,179.48,181.59,179,180.37,1.47,0.82%,1506974
11/07/2025,180.57,180.74,178.41,179.42,-0.95,-0.53%,37530
14/07/2025,179.1,180.32,178.12,178.72,-0.7,-0.39%,897592
15/07/2025,179.5,180.4,178.85,179.76,1.04,0.58%,1012788
16/07/2025,178,178.8,177.165,177.57,-2.19,-1.22%,1592632
17/07/2025,178.5,180.8,178,180.8,3.23,1.82%,2856557
18/07/2025,180.48,183.47,180,182.46,1.66,0.92%,3632614
21/07/2025,181.5,181.6,176.9,177.87,-4.59,-2.52%,1341894
22/07/2025,177.89,177.99,171.55,172.42,-5.45,-3.06%,2384136
23/07/2025,172.59,173.85,170.67,173.3,0.88,0.51%,2172774
24/07/2025,173.97,174.74,172.26,173.47,0.17,0.10%,1622393
25/07/2025,173.4,173.61,170.97,172.87,-0.6,-0.35%,1626092
28/07/2025,172.5,174.9,171.6,174.9,2.03,1.17%,1249203
29/07/2025,173.88,174.64,172.53,174.29,-0.61,-0.35%,1313893
30/07/2025,173.97,177.6,173.25,176.99,2.7,1.55%,1817808
31/07/2025,177.11,178.19,176.11,177.91,0.92,0.52%,1918660
1/08/2025,176,176.86,174.62,175.06,-2.85,-1.60%,1725512
4/08/2025,174,174.93,173.43,174.93,-0.13,-0.07%,1178894
5/08/2025,175.68,177.635,175.06,177.34,2.41,1.38%,1356835
6/08/2025,177.6,179.86,177.45,179.08,1.74,0.98%,1244593
7/08/2025,179.3,179.54,177.63,178.13,-0.95,-0.53%,1188987
8/08/2025,176.93,177.98,176.2,176.61,-1.52,-0.85%,1239266
11/08/2025,177.1,178.6,176.65,178.6,1.99,1.13%,1129524
12/08/2025,178.6,180,178.055,178.8,0.2,0.11%,1888777
13/08/2025,176.88,177.7,167.43,169.12,-9.68,-5.41%,4412606
14/08/2025,167.12,168.97,166.55,167.21,-1.91,-1.13%,2943953
15/08/2025,166.75,168.73,165.24,168.17,0.96,0.57%,3133677
18/08/2025,168.33,170.31,168.12,170.19,2.02,1.20%,1664555
19/08/2025,171.2,171.83,170.22,171.05,0.86,0.51%,2161338
20/08/2025,169.01,174.14,168.96,172.4,1.35,0.79%,3195377
21/08/2025,174.23,174.4,172.03,173.8,1.4,0.81%,2274857
22/08/2025,173.67,174.5,172.5,172.84,-0.96,-0.55%,3023915
25/08/2025,173.95,174.1,169.3,170.3,-2.54,-1.47%,2121993
26/08/2025,170.3,171.76,168.8,169.08,-1.22,-0.72%,2527097
27/08/2025,170.24,171.49,169.275,169.83,0.75,0.44%,1134394
28/08/2025,170.37,173.35,170.16,173.35,3.52,2.07%,1558387
29/08/2025,172.06,172.78,170.3,170.3,-3.05,-1.76%,2230286
1/09/2025,170.58,171.59,168.08,168.95,-1.35,-0.79%,1183192
2/09/2025,168.75,171.7,168.67,170.46,1.51,0.89%,1294405
3/09/2025,169,169.28,164.3,164.55,-5.91,-3.47%,2536459
4/09/2025,166.05,168.215,165.01,168,3.45,2.10%,1657956
5/09/2025,169.27,169.6,167.25,168.14,0.14,0.08%,1407522
8/09/2025,168,168.24,166.59,168.24,0.1,0.06%,1221001
9/09/2025,168.24,168.24,165.38,166.08,-2.16,-1.28%,1967975
10/09/2025,167,169.17,166.91,168.54,2.46,1.48%,1448532
11/09/2025,168.59,168.59,166.82,167.77,-0.77,-0.46%,1257595
12/09/2025,167.41,170,167.36,169.97,2.2,1.31%,1236459
15/09/2025,168.69,168.98,167.74,168.9,-1.07,-0.63%,1867293
16/09/2025,169.1,169.13,167.78,168.33,-0.57,-0.34%,1390961
17/09/2025,168.42,169.165,167.895,168.15,-0.18,-0.11%,1613610
18/09/2025,167.7,168.35,164.33,164.33,-3.82,-2.27%,2379309
19/09/2025,166.52,166.95,165.43,166.17,1.84,1.12%,4607592
22/09/2025,166.45,167.4,164.93,165.57,-0.6,-0.36%,1272323
23/09/2025,166,168.675,164.96,166.87,1.3,0.79%,1375851
24/09/2025,165.95,166.8,163.19,164.53,-2.34,-1.40%,2009907
25/09/2025,163.69,164.88,162.54,163.74,-0.79,-0.48%,1607175
26/09/2025,164.14,165.21,163.19,164.88,1.14,0.70%,1546068
29/09/2025,165,169.38,164.76,168.43,3.55,2.15%,1809099
30/09/2025,167.15,168.23,165.81,166.9,-1.53,-0.91%,1882707
1/10/2025,166.52,167.835,165.125,167.06,0.16,0.10%,1720182
2/10/2025,167.64,170.95,167.4,169.82,2.76,1.65%,1995544
3/10/2025,168.75,171,168.5,170.38,0.56,0.33%,1492004
6/10/2025,170.94,171.86,169.31,169.96,-0.42,-0.25%,793906
7/10/2025,168.82,170.1,167.55,169.34,-0.62,-0.36%,1359513
8/10/2025,169.25,170.63,169.04,169.42,0.08,0.05%,1242369
9/10/2025,168.77,169.18,167.22,167.31,-2.11,-1.25%,2169123
10/10/2025,167.67,169.2,167.35,168.34,1.03,0.62%,1481754
13/10/2025,167.8,168.33,164.84,165.19,-3.15,-1.87%,1294090
14/10/2025,164.9,165,161.82,164.4,-0.79,-0.48%,1900819
15/10/2025,166.32,167.7,165.51,166.78,2.38,1.45%,1632380
16/10/2025,169.22,170.95,167.07,168.1,1.32,0.79%,2206440
17/10/2025,167.5,168.96,167.25,168.32,0.22,0.13%,2260083
20/10/2025,168.53,172.73,167.51,172.7,4.38,2.60%,2145323
21/10/2025,173,174.36,171.865,173.56,0.86,0.50%,2192193
22/10/2025,173.49,174.88,173.4,174.15,0.59,0.34%,1801032
23/10/2025,172.8,173.35,170.22,171.66,-2.49,-1.43%,1428388
24/10/2025,171.78,172.4,170.02,170.37,-1.29,-0.75%,1358579
27/10/2025,171.34,172.8,170.87,171.67,1.3,0.76%,1080850
28/10/2025,173.61,175.86,173.6,174.02,2.35,1.37%,1815291
29/10/2025,174.04,174.8,169.88,170.4,-3.62,-2.08%,1604192
30/10/2025,169.23,172.04,169.16,170.53,0.13,0.08%,1330626
31/10/2025,171.91,173.74,171.17,171.64,1.11,0.65%,2043532
3/11/2025,170.95,175.64,170.16,175.54,3.9,2.27%,1974438
4/11/2025,174,175.37,172.42,174.11,-1.43,-0.81%,1571243
5/11/2025,175.5,177.36,174.26,176.35,2.24,1.29%,2254770
6/11/2025,177.3,179.15,176.73,178.57,2.22,1.26%,2040104
7/11/2025,177,177.785,175.55,175.91,-2.66,-1.49%,2471564
10/11/2025,175.9,176.03,174.88,174.92,-0.99,-0.56%,1888039
11/11/2025,174.6,174.84,163.39,163.4,-11.52,-6.59%,4465748
12/11/2025,163.5,164.12,158.38,158.38,-5.02,-3.07%,4397031
13/11/2025,158.32,160.34,158.07,160.19,1.81,1.14%,3300653
14/11/2025,157.78,158.08,155.91,157.3,-2.89,-1.80%,2261514
17/11/2025,156.88,158.38,154.63,155.79,-1.51,-0.96%,1715618
18/11/2025,154,154,152.16,153.22,-2.57,-1.65%,2442731
19/11/2025,152.1,152.71,150.475,151.3,-1.92,-1.25%,1878675
20/11/2025,151.8,153.89,151.63,153,1.7,1.12%,2008837
21/11/2025,152,153.72,150.92,153.06,0.06,0.04%,2856997
24/11/2025,153.5,156,153.49,154.96,1.9,1.24%,5520380
25/11/2025,154.96,154.96,152.37,153.14,-1.82,-1.17%,1690417
26/11/2025,154.5,154.93,153.14,153.52,0.38,0.25%,1673387
27/11/2025,153.04,155.4,153,154.24,0.72,0.47%,938539
28/11/2025,153.57,154.1,152.07,152.51,-1.73,-1.12%,1783139
1/12/2025,152.2,153.27,151.53,151.64,-0.87,-0.57%,1103917
2/12/2025,151.6,153.08,151.56,152.24,0.6,0.40%,1674717
3/12/2025,151.9,153.38,151.84,152.05,-0.19,-0.12%,1590886
4/12/2025,152.09,153.22,150.38,153.22,1.17,0.77%,1447667
5/12/2025,151.65,154.54,151.6,154.21,0.99,0.65%,1447667
8/12/2025,152.7,155.42,152.7,155.42,1.21,0.78%,1410145
9/12/2025,155.3,155.3,153.5,154.53,-0.89,-0.57%,1592640
10/12/2025,154.29,154.92,153.24,153.82,-0.71,-0.46%,1296242
11/12/2025,153.2,154,152.63,152.74,-1.08,-0.70%,2198502
12/12/2025,153.49,156.38,153.02,155.96,3.22,2.11%,1728685
15/12/2025,154.1,155.43,154,155.08,-0.88,-0.56%,1048391
16/12/2025,156.77,157.51,154.22,155.13,0.05,0.03%,1721004
17/12/2025,152.94,154.78,152.76,153.86,-1.27,-0.82%,1835147
18/12/2025,154,155,153.11,155,1.14,0.74%,2309599
19/12/2025,155.97,157.75,155.52,157.75,2.75,1.77%,5814764
22/12/2025,158,159.68,157.24,158.26,0.51,0.32%,1396340
23/12/2025,158.55,161.8,158.55,161.73,3.47,2.19%,1520620
24/12/2025,161.33,161.5,160.33,161.39,-0.34,-0.21%,653329
