Time,Open,High,Low,Latest,Change,%Change,Volume
3/01/2000,1.0085,1.028,1.0055,1.0256,0.0168,1.67%,0
4/01/2000,1.0255,1.034,1.0217,1.0301,0.0045,0.44%,0
5/01/2000,1.0304,1.04,1.0289,1.0315,0.0014,0.14%,0
6/01/2000,1.032,1.0413,1.0283,1.0315,0,0.00%,0
7/01/2000,1.0317,1.0333,1.0263,1.0296,-0.0019,-0.18%,0
10/01/2000,1.0284,1.03,1.0217,1.0254,-0.0042,-0.41%,0
11/01/2000,1.0256,1.0339,1.025,1.0331,0.0077,0.75%,0
12/01/2000,1.0333,1.0365,1.0265,1.0308,-0.0023,-0.22%,0
13/01/2000,1.0307,1.0317,1.024,1.0252,-0.0056,-0.54%,0
14/01/2000,1.0256,1.0273,1.0117,1.0142,-0.011,-1.07%,0
17/01/2000,1.0151,1.0151,1.0072,1.0112,-0.003,-0.30%,0
18/01/2000,1.0113,1.0139,1.0076,1.0135,0.0023,0.23%,0
19/01/2000,1.013,1.016,1.0088,1.0125,-0.001,-0.10%,0
20/01/2000,1.0122,1.0186,1.008,1.0175,0.005,0.49%,0
21/01/2000,1.0173,1.0191,1.0054,1.0085,-0.009,-0.88%,0
24/01/2000,1.0095,1.0095,1.0004,1.007,-0.0015,-0.15%,0
25/01/2000,1.0064,1.0095,0.9997,1.0009,-0.0061,-0.61%,0
26/01/2000,1.0009,1.0051,0.9997,1.0014,0.0005,0.05%,0
27/01/2000,1.0016,1.0025,0.9875,0.9882,-0.0132,-1.32%,0
28/01/2000,0.9881,0.9895,0.9739,0.9769,-0.0113,-1.14%,0
31/01/2000,0.978,0.9826,0.9675,0.9688,-0.0081,-0.83%,0
1/02/2000,0.9696,0.9777,0.9671,0.9721,0.0033,0.34%,0
2/02/2000,0.9716,0.9806,0.9697,0.9765,0.0044,0.45%,0
3/02/2000,0.9755,0.9945,0.9717,0.99,0.0135,1.38%,0
4/02/2000,0.9904,0.9937,0.9754,0.9821,-0.0079,-0.80%,0
7/02/2000,0.9817,0.9824,0.9758,0.98,-0.0021,-0.21%,0
8/02/2000,0.9801,0.9912,0.979,0.986,0.006,0.61%,0
9/02/2000,0.9863,0.9963,0.9854,0.9927,0.0067,0.68%,0
10/02/2000,0.993,0.996,0.9835,0.9851,-0.0076,-0.77%,0
11/02/2000,0.9845,0.9875,0.9793,0.9866,0.0015,0.15%,0
14/02/2000,0.9875,0.9914,0.9781,0.98,-0.0066,-0.67%,0
15/02/2000,0.9796,0.9858,0.9768,0.981,0.001,0.10%,0
16/02/2000,0.9813,0.9874,0.9793,0.9865,0.0055,0.56%,0
17/02/2000,0.9861,0.9951,0.9843,0.988,0.0015,0.15%,0
18/02/2000,0.9881,0.99,0.9809,0.9848,-0.0032,-0.32%,0
21/02/2000,0.9845,0.9887,0.9845,0.9872,0.0024,0.24%,0
22/02/2000,0.9873,1.0079,0.9873,1.0037,0.0165,1.67%,0
23/02/2000,1.0037,1.0085,1.0012,1.0034,-0.0003,-0.03%,0
24/02/2000,1.0034,1.0041,0.9892,0.9924,-0.011,-1.10%,0
25/02/2000,0.9915,0.9924,0.9731,0.9744,-0.018,-1.81%,0
28/02/2000,0.9738,0.9745,0.9406,0.9714,-0.003,-0.31%,0
29/02/2000,0.9708,0.983,0.9625,0.9645,-0.0069,-0.71%,0
1/03/2000,0.964,0.9765,0.9629,0.9732,0.0087,0.90%,0
2/03/2000,0.9733,0.979,0.9618,0.9651,-0.0081,-0.83%,0
3/03/2000,0.9653,0.9674,0.958,0.9582,-0.0069,-0.71%,0
6/03/2000,0.9598,0.967,0.9562,0.9586,0.0004,0.04%,0
7/03/2000,0.9583,0.9623,0.9532,0.9581,-0.0005,-0.05%,0
8/03/2000,0.9581,0.963,0.9524,0.9607,0.0026,0.27%,0
9/03/2000,0.9607,0.9695,0.9605,0.9667,0.006,0.62%,0
10/03/2000,0.9668,0.9688,0.9602,0.9632,-0.0035,-0.36%,0
13/03/2000,0.9633,0.9727,0.9619,0.9633,0.0001,0.01%,0
14/03/2000,0.9635,0.9691,0.9599,0.9681,0.0048,0.50%,0
15/03/2000,0.9682,0.9711,0.9643,0.9668,-0.0013,-0.13%,0
16/03/2000,0.9663,0.9737,0.965,0.969,0.0022,0.23%,0
17/03/2000,0.9693,0.9728,0.9662,0.9718,0.0028,0.29%,0
20/03/2000,0.9723,0.9743,0.9687,0.9729,0.0011,0.11%,0
21/03/2000,0.9724,0.9736,0.9625,0.9625,-0.0104,-1.07%,0
22/03/2000,0.9615,0.9627,0.9582,0.9606,-0.0019,-0.20%,0
23/03/2000,0.9609,0.9725,0.9602,0.9715,0.0109,1.13%,0
24/03/2000,0.9713,0.9775,0.9678,0.9753,0.0038,0.39%,0
27/03/2000,0.9748,0.9788,0.9636,0.9671,-0.0082,-0.84%,0
28/03/2000,0.9672,0.97,0.9603,0.9603,-0.0068,-0.70%,0
29/03/2000,0.9596,0.9601,0.9481,0.9512,-0.0091,-0.95%,0
30/03/2000,0.9516,0.9621,0.9515,0.9615,0.0103,1.08%,0
31/03/2000,0.9613,0.9627,0.9533,0.9554,-0.0061,-0.63%,0
3/04/2000,0.956,0.9603,0.9503,0.9555,0.0001,0.01%,0
4/04/2000,0.9551,0.9751,0.9513,0.9592,0.0037,0.39%,0
5/04/2000,0.9592,0.9708,0.9592,0.9623,0.0031,0.32%,0
6/04/2000,0.9617,0.9639,0.9568,0.9583,-0.004,-0.42%,0
7/04/2000,0.9579,0.9614,0.9541,0.9545,-0.0038,-0.40%,0
10/04/2000,0.9551,0.9627,0.9538,0.9623,0.0078,0.82%,0
11/04/2000,0.9625,0.9646,0.9565,0.959,-0.0033,-0.34%,0
12/04/2000,0.9589,0.9599,0.9525,0.9587,-0.0003,-0.03%,0
13/04/2000,0.9591,0.9594,0.9513,0.9528,-0.0059,-0.62%,0
14/04/2000,0.9524,0.9622,0.9513,0.962,0.0092,0.97%,0
17/04/2000,0.961,0.9669,0.9517,0.9523,-0.0097,-1.01%,0
18/04/2000,0.9525,0.9525,0.9442,0.9453,-0.007,-0.74%,0
19/04/2000,0.9451,0.9484,0.9358,0.9401,-0.0052,-0.55%,0
20/04/2000,0.9399,0.9421,0.9354,0.9383,-0.0018,-0.19%,0
21/04/2000,0.9372,0.9396,0.9367,0.9378,-0.0005,-0.05%,0
24/04/2000,0.9374,0.9447,0.9374,0.9378,0,0.00%,0
25/04/2000,0.9375,0.9393,0.9169,0.9203,-0.0175,-1.87%,0
26/04/2000,0.9205,0.9247,0.9178,0.923,0.0027,0.29%,0
27/04/2000,0.9232,0.9242,0.9066,0.9093,-0.0137,-1.48%,0
28/04/2000,0.9097,0.913,0.9034,0.9113,0.002,0.22%,0
1/05/2000,0.9106,0.9173,0.9075,0.9154,0.0041,0.45%,0
2/05/2000,0.9155,0.9178,0.9034,0.9093,-0.0061,-0.67%,0
3/05/2000,0.9095,0.9106,0.8889,0.8941,-0.0152,-1.67%,0
4/05/2000,0.8944,0.8959,0.8852,0.8896,-0.0045,-0.50%,0
5/05/2000,0.8893,0.9008,0.8893,0.8971,0.0075,0.84%,0
8/05/2000,0.8972,0.9043,0.8918,0.8974,0.0003,0.03%,0
9/05/2000,0.8975,0.908,0.8949,0.9073,0.0099,1.10%,0
10/05/2000,0.9072,0.9125,0.9053,0.9065,-0.0008,-0.09%,0
11/05/2000,0.906,0.9107,0.8993,0.9014,-0.0051,-0.56%,0
12/05/2000,0.9015,0.92,0.8984,0.918,0.0166,1.84%,0
15/05/2000,0.9196,0.9196,0.9112,0.9112,-0.0068,-0.74%,0
16/05/2000,0.9113,0.9117,0.8999,0.9003,-0.0109,-1.20%,0
17/05/2000,0.9001,0.903,0.8893,0.8948,-0.0055,-0.61%,0
18/05/2000,0.8955,0.8969,0.8909,0.8945,-0.0003,-0.03%,0
19/05/2000,0.8945,0.8996,0.8847,0.897,0.0025,0.28%,0
22/05/2000,0.8993,0.9071,0.8957,0.9028,0.0058,0.65%,0
23/05/2000,0.9026,0.9154,0.902,0.9066,0.0038,0.42%,0
24/05/2000,0.907,0.9127,0.9036,0.9038,-0.0028,-0.31%,0
25/05/2000,0.9042,0.9131,0.8981,0.9113,0.0075,0.83%,0
26/05/2000,0.9121,0.934,0.9113,0.9307,0.0194,2.13%,0
29/05/2000,0.9334,0.9334,0.9241,0.9264,-0.0043,-0.46%,0
30/05/2000,0.9264,0.941,0.925,0.9301,0.0037,0.40%,0
31/05/2000,0.93,0.938,0.927,0.9373,0.0072,0.77%,0
1/06/2000,0.9375,0.938,0.9285,0.9309,-0.0064,-0.68%,0
2/06/2000,0.9312,0.9498,0.9299,0.9458,0.0149,1.60%,0
5/06/2000,0.9455,0.9492,0.9414,0.9477,0.0019,0.20%,0
6/06/2000,0.9477,0.9598,0.9453,0.9542,0.0065,0.69%,0
7/06/2000,0.954,0.9631,0.9533,0.9613,0.0071,0.74%,0
8/06/2000,0.962,0.9696,0.9514,0.9559,-0.0054,-0.56%,0
9/06/2000,0.9555,0.9568,0.9462,0.953,-0.0029,-0.30%,0
12/06/2000,0.9535,0.9562,0.9493,0.9532,0.0002,0.02%,0
13/06/2000,0.9532,0.9625,0.9523,0.9594,0.0062,0.65%,0
14/06/2000,0.9592,0.9649,0.9574,0.9577,-0.0017,-0.18%,0
15/06/2000,0.9575,0.9601,0.9505,0.9544,-0.0033,-0.34%,0
16/06/2000,0.9543,0.9656,0.9502,0.9645,0.0101,1.06%,0
19/06/2000,0.9655,0.9691,0.9564,0.9564,-0.0081,-0.84%,0
20/06/2000,0.9564,0.9615,0.9532,0.9545,-0.0019,-0.20%,0
21/06/2000,0.9547,0.9547,0.9433,0.9443,-0.0102,-1.07%,0
22/06/2000,0.944,0.9473,0.9348,0.9354,-0.0089,-0.94%,0
23/06/2000,0.9354,0.9425,0.9343,0.9351,-0.0003,-0.03%,0
26/06/2000,0.9367,0.9394,0.93,0.9365,0.0014,0.15%,0
27/06/2000,0.9366,0.9469,0.9355,0.9452,0.0087,0.93%,0
28/06/2000,0.9456,0.9473,0.9404,0.941,-0.0042,-0.44%,0
29/06/2000,0.94,0.9535,0.94,0.9515,0.0105,1.12%,0
30/06/2000,0.9518,0.9599,0.9507,0.9525,0.001,0.11%,0
3/07/2000,0.952,0.9545,0.9484,0.95,-0.0025,-0.26%,0
4/07/2000,0.95,0.9521,0.9466,0.9513,0.0013,0.14%,0
5/07/2000,0.9515,0.957,0.9509,0.9527,0.0014,0.15%,0
6/07/2000,0.9525,0.9595,0.9499,0.9507,-0.002,-0.21%,0
7/07/2000,0.9505,0.9525,0.9465,0.9481,-0.0026,-0.27%,0
10/07/2000,0.9472,0.9553,0.9472,0.9549,0.0068,0.72%,0
11/07/2000,0.9551,0.9563,0.9494,0.9524,-0.0025,-0.26%,0
12/07/2000,0.9524,0.9526,0.9394,0.9423,-0.0101,-1.06%,0
13/07/2000,0.9423,0.9424,0.9329,0.9371,-0.0052,-0.55%,0
14/07/2000,0.937,0.9388,0.9325,0.938,0.0009,0.10%,0
17/07/2000,0.9371,0.9399,0.9343,0.9361,-0.0019,-0.20%,0
18/07/2000,0.9367,0.9373,0.9231,0.9251,-0.011,-1.18%,0
19/07/2000,0.9245,0.9261,0.9196,0.9244,-0.0007,-0.08%,0
20/07/2000,0.9244,0.9343,0.9204,0.933,0.0086,0.93%,0
21/07/2000,0.933,0.938,0.9318,0.9369,0.0039,0.42%,0
24/07/2000,0.9368,0.9375,0.9313,0.9332,-0.0037,-0.39%,0
25/07/2000,0.9336,0.9429,0.932,0.9382,0.005,0.54%,0
26/07/2000,0.9383,0.9448,0.9379,0.9429,0.0047,0.50%,0
27/07/2000,0.9431,0.9441,0.9314,0.9314,-0.0115,-1.22%,0
28/07/2000,0.9317,0.9338,0.9224,0.9231,-0.0083,-0.89%,0
31/07/2000,0.9231,0.9296,0.9222,0.926,0.0029,0.31%,0
1/08/2000,0.926,0.9289,0.9134,0.9141,-0.0119,-1.29%,0
2/08/2000,0.9143,0.919,0.9116,0.9135,-0.0006,-0.07%,0
3/08/2000,0.913,0.9173,0.9005,0.9065,-0.007,-0.77%,0
4/08/2000,0.906,0.9099,0.9017,0.9079,0.0014,0.15%,0
7/08/2000,0.9073,0.9111,0.9055,0.9069,-0.001,-0.11%,0
8/08/2000,0.907,0.9087,0.8988,0.902,-0.0049,-0.54%,0
9/08/2000,0.9022,0.9032,0.8966,0.9006,-0.0014,-0.16%,0
10/08/2000,0.9004,0.9094,0.9004,0.9083,0.0077,0.85%,0
11/08/2000,0.9089,0.9141,0.9027,0.9034,-0.0049,-0.54%,0
14/08/2000,0.9033,0.9069,0.9004,0.9056,0.0022,0.24%,0
15/08/2000,0.9055,0.9145,0.9055,0.913,0.0074,0.82%,0
16/08/2000,0.9131,0.9176,0.9065,0.9158,0.0028,0.31%,0
17/08/2000,0.916,0.9173,0.9113,0.9162,0.0004,0.04%,0
18/08/2000,0.916,0.9178,0.906,0.9063,-0.0099,-1.08%,0
21/08/2000,0.9072,0.908,0.9011,0.9016,-0.0047,-0.52%,0
22/08/2000,0.9012,0.9036,0.8949,0.8963,-0.0053,-0.59%,0
23/08/2000,0.8962,0.9016,0.8914,0.9016,0.0053,0.59%,0
24/08/2000,0.9015,0.9049,0.8995,0.9024,0.0008,0.09%,0
25/08/2000,0.902,0.9072,0.8977,0.902,-0.0004,-0.04%,0
28/08/2000,0.9023,0.9044,0.8989,0.8997,-0.0023,-0.25%,0
29/08/2000,0.8997,0.9019,0.8917,0.8921,-0.0076,-0.84%,0
30/08/2000,0.8918,0.8943,0.8872,0.8938,0.0017,0.19%,0
31/08/2000,0.8939,0.8966,0.8843,0.8877,-0.0061,-0.68%,0
1/09/2000,0.8878,0.9014,0.8878,0.8996,0.0119,1.34%,0
4/09/2000,0.9005,0.9037,0.8967,0.8972,-0.0024,-0.27%,0
5/09/2000,0.8972,0.899,0.8852,0.8895,-0.0077,-0.86%,0
6/09/2000,0.8893,0.8906,0.869,0.8701,-0.0194,-2.18%,0
7/09/2000,0.87,0.8761,0.8638,0.8712,0.0011,0.13%,0
8/09/2000,0.8713,0.8745,0.864,0.8666,-0.0046,-0.53%,0
11/09/2000,0.8646,0.8722,0.857,0.8574,-0.0092,-1.06%,0
12/09/2000,0.8572,0.8687,0.8558,0.8637,0.0063,0.73%,0
13/09/2000,0.864,0.8703,0.8584,0.8592,-0.0045,-0.52%,0
14/09/2000,0.859,0.8715,0.8566,0.8643,0.0051,0.59%,0
15/09/2000,0.8644,0.8695,0.8528,0.8538,-0.0105,-1.21%,0
18/09/2000,0.853,0.8573,0.8516,0.8534,-0.0004,-0.05%,0
19/09/2000,0.8535,0.8563,0.848,0.8505,-0.0029,-0.34%,0
20/09/2000,0.8511,0.8518,0.8443,0.8488,-0.0017,-0.20%,0
21/09/2000,0.8488,0.8596,0.8463,0.8595,0.0107,1.26%,0
22/09/2000,0.8598,0.9025,0.8575,0.8764,0.0169,1.97%,0
25/09/2000,0.8777,0.8827,0.8711,0.8743,-0.0021,-0.24%,0
26/09/2000,0.8751,0.8837,0.873,0.883,0.0087,1.00%,0
27/09/2000,0.8827,0.8883,0.8786,0.8831,0.0001,0.01%,0
28/09/2000,0.8833,0.8861,0.8774,0.8785,-0.0046,-0.52%,0
29/09/2000,0.879,0.8849,0.8751,0.8831,0.0046,0.52%,0
2/10/2000,0.8837,0.8856,0.8765,0.8765,-0.0066,-0.75%,0
3/10/2000,0.877,0.8787,0.8733,0.8755,-0.001,-0.11%,0
4/10/2000,0.8757,0.8777,0.8715,0.8748,-0.0007,-0.08%,0
5/10/2000,0.875,0.8785,0.8682,0.869,-0.0058,-0.66%,0
6/10/2000,0.869,0.8739,0.8668,0.8683,-0.0007,-0.08%,0
9/10/2000,0.8688,0.8708,0.8663,0.8683,0,0.00%,0
10/10/2000,0.8685,0.8743,0.8662,0.8717,0.0034,0.39%,0
11/10/2000,0.8713,0.8764,0.8676,0.8682,-0.0035,-0.40%,0
12/10/2000,0.8681,0.8684,0.8612,0.863,-0.0052,-0.60%,0
13/10/2000,0.8625,0.8658,0.8531,0.855,-0.008,-0.93%,0
16/10/2000,0.8554,0.8558,0.8462,0.8495,-0.0055,-0.64%,0
17/10/2000,0.8496,0.856,0.8479,0.854,0.0045,0.53%,0
18/10/2000,0.8542,0.8571,0.833,0.8389,-0.0151,-1.77%,0
19/10/2000,0.8385,0.8444,0.8383,0.8432,0.0043,0.51%,0
20/10/2000,0.843,0.8481,0.8353,0.8414,-0.0018,-0.21%,0
23/10/2000,0.842,0.8422,0.835,0.8357,-0.0057,-0.68%,0
24/10/2000,0.8356,0.8395,0.8349,0.8355,-0.0002,-0.02%,0
25/10/2000,0.8359,0.8385,0.8251,0.8271,-0.0084,-1.01%,0
26/10/2000,0.8266,0.8322,0.823,0.8295,0.0024,0.29%,0
27/10/2000,0.8296,0.8441,0.8288,0.8389,0.0094,1.13%,0
30/10/2000,0.8393,0.8527,0.8392,0.8405,0.0016,0.19%,0
31/10/2000,0.8406,0.8498,0.8387,0.8485,0.008,0.95%,0
1/11/2000,0.8486,0.8616,0.8473,0.8613,0.0128,1.51%,0
2/11/2000,0.8614,0.8664,0.8557,0.858,-0.0033,-0.38%,0
3/11/2000,0.8583,0.8793,0.8577,0.8668,0.0088,1.03%,0
6/11/2000,0.8669,0.8725,0.856,0.8619,-0.0049,-0.57%,0
7/11/2000,0.8617,0.8656,0.858,0.8603,-0.0016,-0.19%,0
8/11/2000,0.8597,0.8688,0.8518,0.8552,-0.0051,-0.59%,0
9/11/2000,0.8548,0.8674,0.8522,0.8672,0.012,1.40%,0
10/11/2000,0.8671,0.8703,0.8594,0.8596,-0.0076,-0.88%,0
13/11/2000,0.8596,0.8663,0.8563,0.8568,-0.0028,-0.33%,0
14/11/2000,0.8566,0.8615,0.8553,0.8582,0.0014,0.16%,0
15/11/2000,0.8577,0.8629,0.8555,0.8576,-0.0006,-0.07%,0
16/11/2000,0.857,0.8597,0.8513,0.8533,-0.0043,-0.50%,0
17/11/2000,0.8533,0.8575,0.8477,0.8481,-0.0052,-0.61%,0
20/11/2000,0.8495,0.8519,0.8464,0.8508,0.0027,0.32%,0
21/11/2000,0.8506,0.8533,0.8419,0.8432,-0.0076,-0.89%,0
22/11/2000,0.8431,0.8483,0.8411,0.8448,0.0016,0.19%,0
23/11/2000,0.8451,0.8456,0.8375,0.8388,-0.006,-0.71%,0
24/11/2000,0.839,0.845,0.8377,0.8383,-0.0005,-0.06%,0
27/11/2000,0.8388,0.8524,0.8388,0.8523,0.014,1.67%,0
28/11/2000,0.8522,0.8577,0.8508,0.8561,0.0038,0.45%,0
29/11/2000,0.8561,0.8657,0.8558,0.8569,0.0008,0.09%,0
30/11/2000,0.8576,0.8734,0.857,0.8726,0.0157,1.83%,0
1/12/2000,0.8727,0.8794,0.8705,0.8793,0.0067,0.77%,0
4/12/2000,0.8788,0.892,0.8758,0.887,0.0077,0.88%,0
5/12/2000,0.8871,0.8905,0.8786,0.8797,-0.0073,-0.82%,0
6/12/2000,0.8795,0.8921,0.8773,0.8921,0.0124,1.41%,0
7/12/2000,0.8918,0.8973,0.8858,0.8899,-0.0022,-0.25%,0
8/12/2000,0.8892,0.8912,0.881,0.8879,-0.002,-0.22%,0
11/12/2000,0.8825,0.8863,0.8751,0.8775,-0.0104,-1.17%,0
12/12/2000,0.8773,0.8838,0.8755,0.8794,0.0019,0.22%,0
13/12/2000,0.8794,0.8819,0.8719,0.8767,-0.0027,-0.31%,0
14/12/2000,0.8769,0.893,0.876,0.8921,0.0154,1.76%,0
15/12/2000,0.8926,0.8996,0.8907,0.8943,0.0022,0.25%,0
18/12/2000,0.8941,0.9012,0.8926,0.8948,0.0005,0.06%,0
19/12/2000,0.8948,0.8966,0.8883,0.8952,0.0004,0.04%,0
20/12/2000,0.8954,0.91,0.8952,0.9094,0.0142,1.59%,0
21/12/2000,0.9096,0.9166,0.9063,0.9166,0.0072,0.79%,0
22/12/2000,0.9163,0.9257,0.9147,0.9231,0.0065,0.71%,0
25/12/2000,0.9236,0.9278,0.92,0.926,0.0029,0.31%,0
26/12/2000,0.9261,0.9324,0.9237,0.9307,0.0047,0.51%,0
27/12/2000,0.9305,0.934,0.9276,0.9304,-0.0003,-0.03%,0
28/12/2000,0.9308,0.9318,0.925,0.9295,-0.0009,-0.10%,0
29/12/2000,0.9295,0.9425,0.928,0.9422,0.0127,1.37%,0
2/01/2001,0.9426,0.9513,0.937,0.951,0.0088,0.93%,0
3/01/2001,0.9509,0.9568,0.927,0.927,-0.024,-2.52%,0
4/01/2001,0.9266,0.9515,0.9265,0.9494,0.0224,2.42%,0
5/01/2001,0.9496,0.9592,0.9467,0.9573,0.0079,0.83%,0
8/01/2001,0.9572,0.9588,0.9469,0.9469,-0.0104,-1.09%,0
9/01/2001,0.9466,0.9476,0.9388,0.9438,-0.0031,-0.33%,0
10/01/2001,0.9436,0.9462,0.9363,0.9363,-0.0075,-0.79%,0
11/01/2001,0.9365,0.9551,0.9365,0.9523,0.016,1.71%,0
12/01/2001,0.9519,0.9578,0.9473,0.9515,-0.0008,-0.08%,0
15/01/2001,0.9526,0.9526,0.9407,0.9418,-0.0097,-1.02%,0
16/01/2001,0.9419,0.9443,0.9375,0.942,0.0002,0.02%,0
17/01/2001,0.9421,0.9445,0.929,0.9356,-0.0064,-0.68%,0
18/01/2001,0.9362,0.9462,0.9355,0.9429,0.0073,0.78%,0
19/01/2001,0.9422,0.9499,0.9337,0.9338,-0.0091,-0.97%,0
22/01/2001,0.9345,0.9403,0.9273,0.9384,0.0046,0.49%,0
23/01/2001,0.9387,0.945,0.9364,0.9364,-0.002,-0.21%,0
24/01/2001,0.9362,0.9369,0.9213,0.9215,-0.0149,-1.59%,0
25/01/2001,0.9217,0.925,0.9117,0.9239,0.0024,0.26%,0
26/01/2001,0.9234,0.9315,0.92,0.9238,-0.0001,-0.01%,0
29/01/2001,0.9237,0.9258,0.9165,0.9165,-0.0073,-0.79%,0
30/01/2001,0.9168,0.9278,0.9148,0.9263,0.0098,1.07%,0
31/01/2001,0.9264,0.9376,0.9255,0.9368,0.0105,1.13%,0
1/02/2001,0.9365,0.9444,0.936,0.938,0.0012,0.13%,0
2/02/2001,0.9379,0.9418,0.932,0.9358,-0.0022,-0.23%,0
5/02/2001,0.9357,0.944,0.9343,0.9373,0.0015,0.16%,0
6/02/2001,0.9375,0.9388,0.9283,0.9311,-0.0062,-0.66%,0
7/02/2001,0.9313,0.9348,0.9261,0.9283,-0.0028,-0.30%,0
8/02/2001,0.9281,0.9298,0.9154,0.9178,-0.0105,-1.13%,0
9/02/2001,0.9178,0.9275,0.9139,0.9244,0.0066,0.72%,0
12/02/2001,0.9253,0.9328,0.925,0.9316,0.0072,0.78%,0
13/02/2001,0.9311,0.933,0.9175,0.9195,-0.0121,-1.30%,0
14/02/2001,0.9204,0.9218,0.9169,0.9176,-0.0019,-0.21%,0
15/02/2001,0.9176,0.9198,0.903,0.9047,-0.0129,-1.41%,0
16/02/2001,0.9047,0.9176,0.9047,0.9141,0.0094,1.04%,0
19/02/2001,0.9137,0.9233,0.9116,0.9213,0.0072,0.79%,0
20/02/2001,0.9214,0.9238,0.9052,0.9121,-0.0092,-1.00%,0
21/02/2001,0.9121,0.9178,0.9059,0.9087,-0.0034,-0.37%,0
22/02/2001,0.9089,0.9129,0.902,0.9048,-0.0039,-0.43%,0
23/02/2001,0.9039,0.9207,0.903,0.9173,0.0125,1.38%,0
26/02/2001,0.919,0.919,0.9081,0.9104,-0.0069,-0.75%,0
27/02/2001,0.91,0.9205,0.9085,0.9186,0.0082,0.90%,0
28/02/2001,0.9183,0.9254,0.9163,0.9232,0.0046,0.50%,0
1/03/2001,0.9238,0.932,0.9227,0.9298,0.0066,0.71%,0
2/03/2001,0.9298,0.938,0.929,0.9354,0.0056,0.60%,0
5/03/2001,0.9347,0.9366,0.9284,0.9284,-0.007,-0.75%,0
6/03/2001,0.9282,0.9347,0.9253,0.934,0.0056,0.60%,0
7/03/2001,0.934,0.9371,0.9267,0.9294,-0.0046,-0.49%,0
8/03/2001,0.9293,0.9339,0.9275,0.9324,0.003,0.32%,0
9/03/2001,0.9322,0.9371,0.9296,0.933,0.0006,0.06%,0
12/03/2001,0.9324,0.9341,0.9262,0.9279,-0.0051,-0.55%,0
13/03/2001,0.9281,0.93,0.9133,0.9149,-0.013,-1.40%,0
14/03/2001,0.915,0.9208,0.9082,0.9116,-0.0033,-0.36%,0
15/03/2001,0.9116,0.9126,0.8955,0.8965,-0.0151,-1.66%,0
16/03/2001,0.8969,0.9001,0.8916,0.8972,0.0007,0.08%,0
19/03/2001,0.8972,0.9017,0.8937,0.899,0.0018,0.20%,0
20/03/2001,0.8989,0.9098,0.8989,0.9093,0.0103,1.15%,0
21/03/2001,0.9094,0.9122,0.8933,0.8956,-0.0137,-1.51%,0
22/03/2001,0.8958,0.8971,0.8836,0.8886,-0.007,-0.78%,0
23/03/2001,0.889,0.8967,0.8856,0.8901,0.0015,0.17%,0
26/03/2001,0.8903,0.897,0.8886,0.896,0.0059,0.66%,0
27/03/2001,0.896,0.899,0.8901,0.893,-0.003,-0.33%,0
28/03/2001,0.893,0.8945,0.8849,0.886,-0.007,-0.78%,0
29/03/2001,0.8859,0.8882,0.8799,0.883,-0.003,-0.34%,0
30/03/2001,0.883,0.8856,0.8759,0.8759,-0.0071,-0.80%,0
2/04/2001,0.8772,0.8834,0.8727,0.8794,0.0035,0.40%,0
3/04/2001,0.8794,0.8996,0.8785,0.8976,0.0182,2.07%,0
4/04/2001,0.8978,0.9049,0.8938,0.901,0.0034,0.38%,0
5/04/2001,0.9014,0.9087,0.8943,0.8961,-0.0049,-0.54%,0
6/04/2001,0.8964,0.9049,0.8926,0.9042,0.0081,0.90%,0
9/04/2001,0.904,0.9045,0.8965,0.8968,-0.0074,-0.82%,0
10/04/2001,0.8969,0.8992,0.887,0.8888,-0.008,-0.89%,0
11/04/2001,0.8887,0.8915,0.8813,0.888,-0.0008,-0.09%,0
12/04/2001,0.8887,0.8941,0.8841,0.8915,0.0035,0.39%,0
13/04/2001,0.8916,0.8938,0.8883,0.8885,-0.003,-0.34%,0
16/04/2001,0.8882,0.8902,0.883,0.888,-0.0005,-0.06%,0
17/04/2001,0.8886,0.8907,0.8778,0.8834,-0.0046,-0.52%,0
18/04/2001,0.8834,0.89,0.8704,0.8824,-0.001,-0.11%,0
19/04/2001,0.8815,0.8985,0.881,0.898,0.0156,1.77%,0
20/04/2001,0.8976,0.9046,0.8953,0.9018,0.0038,0.42%,0
23/04/2001,0.9027,0.9078,0.895,0.8976,-0.0042,-0.47%,0
24/04/2001,0.8975,0.9017,0.8935,0.8939,-0.0037,-0.41%,0
25/04/2001,0.8939,0.8999,0.8909,0.8968,0.0029,0.32%,0
26/04/2001,0.8971,0.9041,0.895,0.9029,0.0061,0.68%,0
27/04/2001,0.9032,0.9053,0.8889,0.8918,-0.0111,-1.23%,0
30/04/2001,0.8907,0.8923,0.8854,0.8868,-0.005,-0.56%,0
1/05/2001,0.8868,0.894,0.8859,0.8933,0.0065,0.73%,0
2/05/2001,0.8931,0.8951,0.8889,0.8939,0.0006,0.07%,0
3/05/2001,0.8945,0.8976,0.8885,0.8896,-0.0043,-0.48%,0
4/05/2001,0.8896,0.9005,0.8893,0.8924,0.0028,0.31%,0
7/05/2001,0.8927,0.8937,0.8901,0.8905,-0.0019,-0.21%,0
8/05/2001,0.8902,0.8913,0.8826,0.8846,-0.0059,-0.66%,0
9/05/2001,0.885,0.8858,0.8814,0.8853,0.0007,0.08%,0
10/05/2001,0.8858,0.8917,0.8784,0.8813,-0.004,-0.45%,0
11/05/2001,0.8811,0.8818,0.874,0.8752,-0.0061,-0.69%,0
14/05/2001,0.876,0.8767,0.873,0.8742,-0.001,-0.11%,0
15/05/2001,0.8738,0.8801,0.8733,0.8785,0.0043,0.49%,0
16/05/2001,0.8779,0.8864,0.8746,0.8833,0.0048,0.55%,0
17/05/2001,0.8829,0.8879,0.8794,0.8828,-0.0005,-0.06%,0
18/05/2001,0.8825,0.8829,0.8757,0.8804,-0.0024,-0.27%,0
21/05/2001,0.8799,0.8817,0.8744,0.8772,-0.0032,-0.36%,0
22/05/2001,0.8768,0.8774,0.863,0.8647,-0.0125,-1.42%,0
23/05/2001,0.8647,0.8661,0.8549,0.8568,-0.0079,-0.91%,0
24/05/2001,0.8568,0.8609,0.8504,0.856,-0.0008,-0.09%,0
25/05/2001,0.8558,0.8625,0.8543,0.8604,0.0044,0.51%,0
28/05/2001,0.8605,0.8607,0.858,0.8605,0.0001,0.01%,0
29/05/2001,0.86,0.8614,0.8531,0.8552,-0.0053,-0.62%,0
30/05/2001,0.8551,0.859,0.8537,0.8568,0.0016,0.19%,0
31/05/2001,0.8567,0.8567,0.8442,0.8458,-0.011,-1.28%,0
1/06/2001,0.8453,0.8494,0.8436,0.846,0.0002,0.02%,0
4/06/2001,0.8467,0.8536,0.8443,0.8462,0.0002,0.02%,0
5/06/2001,0.8462,0.8548,0.8428,0.8542,0.008,0.95%,0
6/06/2001,0.8538,0.8566,0.845,0.8482,-0.006,-0.70%,0
7/06/2001,0.8482,0.8514,0.846,0.8502,0.002,0.24%,0
8/06/2001,0.8506,0.8518,0.8461,0.8504,0.0002,0.02%,0
11/06/2001,0.8502,0.8538,0.8414,0.843,-0.0074,-0.87%,0
12/06/2001,0.8432,0.8537,0.8418,0.8536,0.0106,1.26%,0
13/06/2001,0.8533,0.8566,0.8513,0.8545,0.0009,0.11%,0
14/06/2001,0.8546,0.8633,0.849,0.8625,0.008,0.94%,0
15/06/2001,0.8625,0.8669,0.8603,0.861,-0.0015,-0.17%,0
18/06/2001,0.8612,0.8645,0.8578,0.8612,0.0002,0.02%,0
19/06/2001,0.8608,0.8618,0.8529,0.8535,-0.0077,-0.89%,0
20/06/2001,0.8532,0.8556,0.8499,0.8547,0.0012,0.14%,0
21/06/2001,0.8544,0.8584,0.8519,0.8548,0.0001,0.01%,0
22/06/2001,0.8543,0.8575,0.8513,0.8571,0.0023,0.27%,0
25/06/2001,0.8564,0.8624,0.8564,0.8591,0.002,0.23%,0
26/06/2001,0.8592,0.865,0.8587,0.8631,0.004,0.47%,0
27/06/2001,0.8631,0.8659,0.8589,0.8593,-0.0038,-0.44%,0
28/06/2001,0.8594,0.8616,0.8433,0.8439,-0.0154,-1.79%,0
29/06/2001,0.8434,0.8493,0.8434,0.8493,0.0054,0.64%,0
2/07/2001,0.8491,0.8514,0.8442,0.8471,-0.0022,-0.26%,0
3/07/2001,0.8467,0.8508,0.8457,0.8477,0.0006,0.07%,0
4/07/2001,0.8481,0.8508,0.8436,0.8465,-0.0012,-0.14%,0
5/07/2001,0.8476,0.848,0.8359,0.8369,-0.0096,-1.13%,0
6/07/2001,0.8365,0.8478,0.8352,0.8469,0.01,1.19%,0
9/07/2001,0.8471,0.8516,0.8448,0.8512,0.0043,0.51%,0
10/07/2001,0.8504,0.8572,0.849,0.855,0.0038,0.45%,0
11/07/2001,0.8548,0.8642,0.8535,0.8598,0.0048,0.56%,0
12/07/2001,0.8594,0.8596,0.8507,0.8536,-0.0062,-0.72%,0
13/07/2001,0.8535,0.856,0.8512,0.8547,0.0011,0.13%,0
16/07/2001,0.8542,0.8595,0.8529,0.8529,-0.0018,-0.21%,0
17/07/2001,0.8527,0.8607,0.8494,0.8588,0.0059,0.69%,0
18/07/2001,0.8587,0.8741,0.8572,0.8731,0.0143,1.67%,0
19/07/2001,0.8741,0.8785,0.8679,0.8704,-0.0027,-0.31%,0
20/07/2001,0.8704,0.8785,0.8704,0.8714,0.001,0.11%,0
23/07/2001,0.8717,0.8722,0.8652,0.8685,-0.0029,-0.33%,0
24/07/2001,0.8688,0.877,0.8688,0.8746,0.0061,0.70%,0
25/07/2001,0.8741,0.8811,0.8714,0.8803,0.0057,0.65%,0
26/07/2001,0.8805,0.8821,0.8751,0.878,-0.0023,-0.26%,0
27/07/2001,0.8778,0.8804,0.8727,0.8777,-0.0003,-0.03%,0
30/07/2001,0.8772,0.8772,0.8726,0.8742,-0.0035,-0.40%,0
31/07/2001,0.874,0.8777,0.8723,0.8756,0.0014,0.16%,0
1/08/2001,0.8755,0.883,0.8755,0.881,0.0054,0.62%,0
2/08/2001,0.8812,0.884,0.8788,0.8834,0.0024,0.27%,0
3/08/2001,0.8834,0.8876,0.8786,0.8839,0.0005,0.06%,0
6/08/2001,0.8843,0.8843,0.8789,0.8816,-0.0023,-0.26%,0
7/08/2001,0.8817,0.8818,0.8754,0.8774,-0.0042,-0.48%,0
8/08/2001,0.8772,0.8807,0.874,0.8802,0.0028,0.32%,0
9/08/2001,0.8803,0.894,0.8803,0.8921,0.0119,1.35%,0
10/08/2001,0.8921,0.8957,0.8912,0.893,0.0009,0.10%,0
13/08/2001,0.8936,0.9007,0.8925,0.8959,0.0029,0.32%,0
14/08/2001,0.8963,0.9034,0.8941,0.9029,0.007,0.78%,0
15/08/2001,0.903,0.915,0.9019,0.9148,0.0119,1.32%,0
16/08/2001,0.9144,0.9198,0.9098,0.9119,-0.0029,-0.32%,0
17/08/2001,0.9121,0.9182,0.9104,0.918,0.0061,0.67%,0
20/08/2001,0.9198,0.9199,0.9113,0.9143,-0.0037,-0.40%,0
21/08/2001,0.9143,0.9181,0.9082,0.9176,0.0033,0.36%,0
22/08/2001,0.9177,0.9237,0.9139,0.9148,-0.0028,-0.31%,0
23/08/2001,0.9146,0.9166,0.9101,0.9151,0.0003,0.03%,0
24/08/2001,0.9151,0.9165,0.9081,0.9137,-0.0014,-0.15%,0
27/08/2001,0.9132,0.9144,0.9087,0.9112,-0.0025,-0.27%,0
28/08/2001,0.9114,0.9129,0.9029,0.9122,0.001,0.11%,0
29/08/2001,0.912,0.915,0.9088,0.909,-0.0032,-0.35%,0
30/08/2001,0.9092,0.9183,0.906,0.9161,0.0071,0.78%,0
31/08/2001,0.9163,0.9196,0.9069,0.9125,-0.0036,-0.39%,0
3/09/2001,0.9102,0.9102,0.9058,0.9071,-0.0054,-0.59%,0
4/09/2001,0.9072,0.9087,0.8852,0.888,-0.0191,-2.11%,0
5/09/2001,0.888,0.8911,0.885,0.885,-0.003,-0.34%,0
6/09/2001,0.8849,0.8967,0.8827,0.8964,0.0114,1.29%,0
7/09/2001,0.8961,0.9074,0.8933,0.9071,0.0107,1.19%,0
10/09/2001,0.9063,0.9079,0.8974,0.8977,-0.0094,-1.04%,0
11/09/2001,0.8979,0.9167,0.8952,0.9146,0.0169,1.88%,0
12/09/2001,0.9146,0.9149,0.9015,0.9069,-0.0077,-0.84%,0
13/09/2001,0.9069,0.9123,0.9049,0.9113,0.0044,0.49%,0
14/09/2001,0.9115,0.9246,0.9083,0.921,0.0097,1.06%,0
17/09/2001,0.921,0.933,0.9176,0.9235,0.0025,0.27%,0
18/09/2001,0.9241,0.9281,0.9191,0.9273,0.0038,0.41%,0
19/09/2001,0.927,0.9323,0.9234,0.9275,0.0002,0.02%,0
20/09/2001,0.9275,0.9293,0.923,0.9269,-0.0006,-0.06%,0
21/09/2001,0.9276,0.928,0.9094,0.9147,-0.0122,-1.32%,0
24/09/2001,0.9144,0.9197,0.9109,0.9167,0.002,0.22%,0
25/09/2001,0.9166,0.9247,0.9149,0.9223,0.0056,0.61%,0
26/09/2001,0.9228,0.9243,0.9198,0.923,0.0007,0.08%,0
27/09/2001,0.9227,0.9233,0.9163,0.9178,-0.0052,-0.56%,0
28/09/2001,0.9179,0.9182,0.9084,0.9112,-0.0066,-0.72%,0
1/10/2001,0.91,0.9177,0.9057,0.9176,0.0064,0.70%,0
2/10/2001,0.9169,0.9197,0.9129,0.9191,0.0015,0.16%,0
3/10/2001,0.9181,0.9235,0.9124,0.9147,-0.0044,-0.48%,0
4/10/2001,0.9141,0.9185,0.9107,0.9181,0.0034,0.37%,0
5/10/2001,0.9177,0.9207,0.9153,0.9186,0.0005,0.05%,0
8/10/2001,0.918,0.9244,0.9161,0.9213,0.0027,0.29%,0
9/10/2001,0.9206,0.9226,0.9123,0.9132,-0.0081,-0.88%,0
10/10/2001,0.9128,0.9158,0.9098,0.9112,-0.002,-0.22%,0
11/10/2001,0.9106,0.9122,0.8984,0.9025,-0.0087,-0.95%,0
12/10/2001,0.9025,0.9125,0.901,0.9116,0.0091,1.01%,0
15/10/2001,0.9115,0.9137,0.9063,0.9095,-0.0021,-0.23%,0
16/10/2001,0.9083,0.9112,0.9034,0.9083,-0.0012,-0.13%,0
17/10/2001,0.9084,0.9092,0.9009,0.9038,-0.0045,-0.50%,0
18/10/2001,0.9028,0.9056,0.9,0.9029,-0.0009,-0.10%,0
19/10/2001,0.9031,0.9034,0.8962,0.8992,-0.0037,-0.41%,0
22/10/2001,0.8981,0.9002,0.8893,0.8923,-0.0069,-0.77%,0
23/10/2001,0.8909,0.8927,0.8865,0.8903,-0.002,-0.22%,0
24/10/2001,0.8903,0.8944,0.8892,0.8941,0.0038,0.43%,0
25/10/2001,0.8938,0.8979,0.8876,0.8925,-0.0016,-0.18%,0
26/10/2001,0.8922,0.895,0.89,0.8933,0.0008,0.09%,0
29/10/2001,0.8925,0.905,0.892,0.9048,0.0115,1.29%,0
30/10/2001,0.9046,0.9101,0.9028,0.9046,-0.0002,-0.02%,0
31/10/2001,0.9044,0.9077,0.8983,0.8998,-0.0048,-0.53%,0
1/11/2001,0.9005,0.912,0.899,0.9027,0.0029,0.32%,0
2/11/2001,0.9017,0.9074,0.9004,0.9024,-0.0003,-0.03%,0
5/11/2001,0.9017,0.9017,0.894,0.8981,-0.0043,-0.48%,0
6/11/2001,0.8976,0.8993,0.8939,0.8951,-0.003,-0.33%,0
7/11/2001,0.8944,0.9047,0.8935,0.8985,0.0034,0.38%,0
8/11/2001,0.8978,0.8996,0.8902,0.8928,-0.0057,-0.63%,0
9/11/2001,0.8923,0.895,0.8884,0.8943,0.0015,0.17%,0
12/11/2001,0.8946,0.9016,0.8909,0.8945,0.0002,0.02%,0
13/11/2001,0.8942,0.8942,0.8787,0.881,-0.0135,-1.51%,0
14/11/2001,0.88,0.8842,0.8768,0.8832,0.0022,0.25%,0
15/11/2001,0.8825,0.8854,0.8798,0.8822,-0.001,-0.11%,0
16/11/2001,0.8817,0.8865,0.8802,0.8842,0.002,0.23%,0
19/11/2001,0.884,0.8851,0.8762,0.8787,-0.0055,-0.62%,0
20/11/2001,0.8786,0.8842,0.8776,0.883,0.0043,0.49%,0
21/11/2001,0.8831,0.8835,0.875,0.8791,-0.0039,-0.44%,0
22/11/2001,0.8785,0.8794,0.8763,0.8779,-0.0012,-0.14%,0
23/11/2001,0.8776,0.8812,0.8737,0.8781,0.0002,0.02%,0
26/11/2001,0.8781,0.8829,0.877,0.8806,0.0025,0.28%,0
27/11/2001,0.8805,0.8835,0.8772,0.882,0.0014,0.16%,0
28/11/2001,0.8835,0.8879,0.8819,0.8874,0.0054,0.61%,0
29/11/2001,0.8877,0.892,0.8859,0.8886,0.0012,0.14%,0
30/11/2001,0.8868,0.8981,0.885,0.8958,0.0072,0.81%,0
3/12/2001,0.8957,0.8967,0.8892,0.8921,-0.0037,-0.41%,0
4/12/2001,0.8907,0.8922,0.8889,0.89,-0.0021,-0.24%,0
5/12/2001,0.8901,0.8939,0.8846,0.8874,-0.0026,-0.29%,0
6/12/2001,0.8884,0.8953,0.8866,0.8948,0.0074,0.83%,0
7/12/2001,0.8953,0.8953,0.8884,0.8894,-0.0054,-0.60%,0
10/12/2001,0.8898,0.8917,0.8843,0.8897,0.0003,0.03%,0
11/12/2001,0.8909,0.8923,0.8885,0.8916,0.0019,0.21%,0
12/12/2001,0.8927,0.8988,0.892,0.8984,0.0068,0.76%,0
13/12/2001,0.8984,0.8991,0.8921,0.8935,-0.0049,-0.55%,0
14/12/2001,0.8938,0.9055,0.8923,0.9043,0.0108,1.21%,0
17/12/2001,0.9036,0.9081,0.9017,0.9026,-0.0017,-0.19%,0
18/12/2001,0.9022,0.9043,0.8996,0.9028,0.0002,0.02%,0
19/12/2001,0.9038,0.9038,0.8953,0.9,-0.0028,-0.31%,0
20/12/2001,0.9004,0.9015,0.8961,0.9001,0.0001,0.01%,0
21/12/2001,0.8991,0.9016,0.8856,0.8868,-0.0133,-1.48%,0
24/12/2001,0.8888,0.8905,0.8743,0.8772,-0.0096,-1.08%,0
25/12/2001,0.8778,0.8824,0.8767,0.8787,0.0015,0.17%,0
26/12/2001,0.879,0.882,0.8765,0.8799,0.0012,0.14%,0
27/12/2001,0.8806,0.8869,0.8776,0.8831,0.0032,0.36%,0
28/12/2001,0.8832,0.8845,0.8793,0.8835,0.0004,0.05%,0
31/12/2001,0.8843,0.8918,0.8826,0.8912,0.0077,0.87%,0
2/01/2002,0.8898,0.9063,0.8884,0.9039,0.0127,1.43%,0
3/01/2002,0.9035,0.9061,0.8974,0.8994,-0.0045,-0.50%,0
4/01/2002,0.8989,0.9001,0.8942,0.895,-0.0044,-0.49%,0
7/01/2002,0.8948,0.8995,0.8886,0.8932,-0.0018,-0.20%,0
8/01/2002,0.8932,0.8938,0.8886,0.8927,-0.0005,-0.06%,0
9/01/2002,0.8933,0.8951,0.8869,0.8905,-0.0022,-0.25%,0
10/01/2002,0.8913,0.8937,0.8903,0.8918,0.0013,0.15%,0
11/01/2002,0.8916,0.893,0.8895,0.8925,0.0007,0.08%,0
14/01/2002,0.8945,0.8953,0.8916,0.894,0.0015,0.17%,0
15/01/2002,0.8939,0.8945,0.8841,0.8845,-0.0095,-1.06%,0
16/01/2002,0.8834,0.8845,0.8805,0.8825,-0.002,-0.23%,0
17/01/2002,0.8831,0.8849,0.8795,0.8811,-0.0014,-0.16%,0
18/01/2002,0.8808,0.8859,0.8798,0.8848,0.0037,0.42%,0
21/01/2002,0.8838,0.8869,0.8827,0.8837,-0.0011,-0.12%,0
22/01/2002,0.8837,0.8862,0.8813,0.8858,0.0021,0.24%,0
23/01/2002,0.8871,0.8891,0.8767,0.8779,-0.0079,-0.89%,0
24/01/2002,0.8784,0.879,0.8756,0.8764,-0.0015,-0.17%,0
25/01/2002,0.8781,0.8787,0.8625,0.8654,-0.011,-1.26%,0
28/01/2002,0.8651,0.8666,0.8574,0.8613,-0.0041,-0.47%,0
29/01/2002,0.8616,0.8658,0.8594,0.8643,0.003,0.35%,0
30/01/2002,0.8656,0.867,0.8602,0.862,-0.0023,-0.27%,0
31/01/2002,0.8614,0.8645,0.8576,0.858,-0.004,-0.46%,0
1/02/2002,0.8588,0.8642,0.8565,0.862,0.004,0.47%,0
4/02/2002,0.8614,0.871,0.8607,0.8702,0.0082,0.95%,0
5/02/2002,0.8699,0.8729,0.8651,0.8674,-0.0028,-0.32%,0
6/02/2002,0.8679,0.8708,0.8637,0.8683,0.0009,0.10%,0
7/02/2002,0.8672,0.8717,0.8647,0.8709,0.0026,0.30%,0
8/02/2002,0.8701,0.8752,0.8698,0.873,0.0021,0.24%,0
11/02/2002,0.8705,0.8799,0.8704,0.8766,0.0036,0.41%,0
12/02/2002,0.8767,0.8797,0.8742,0.8767,0.0001,0.01%,0
13/02/2002,0.8767,0.8772,0.8703,0.8713,-0.0054,-0.62%,0
14/02/2002,0.8714,0.8748,0.8682,0.8742,0.0029,0.33%,0
15/02/2002,0.8738,0.8745,0.8695,0.8717,-0.0025,-0.29%,0
18/02/2002,0.8732,0.8744,0.8702,0.8708,-0.0009,-0.10%,0
19/02/2002,0.8706,0.8784,0.8666,0.8762,0.0054,0.62%,0
20/02/2002,0.8763,0.8782,0.87,0.8704,-0.0058,-0.66%,0
21/02/2002,0.8695,0.8718,0.868,0.8696,-0.0008,-0.09%,0
22/02/2002,0.8705,0.8778,0.868,0.8758,0.0062,0.71%,0
25/02/2002,0.8752,0.8759,0.8687,0.8692,-0.0066,-0.75%,0
26/02/2002,0.869,0.872,0.8615,0.8639,-0.0053,-0.61%,0
27/02/2002,0.8639,0.8667,0.8627,0.8657,0.0018,0.21%,0
28/02/2002,0.8656,0.8698,0.8631,0.8687,0.003,0.35%,0
1/03/2002,0.8695,0.8698,0.8635,0.8652,-0.0035,-0.40%,0
4/03/2002,0.865,0.8714,0.8633,0.87,0.0048,0.55%,0
5/03/2002,0.8695,0.8722,0.8652,0.8718,0.0018,0.21%,0
6/03/2002,0.8717,0.8777,0.8696,0.8761,0.0043,0.49%,0
7/03/2002,0.8764,0.8843,0.8741,0.883,0.0069,0.79%,0
8/03/2002,0.882,0.882,0.8721,0.874,-0.009,-1.02%,0
11/03/2002,0.8737,0.8773,0.873,0.8753,0.0013,0.15%,0
12/03/2002,0.8749,0.8766,0.8706,0.8759,0.0006,0.07%,0
13/03/2002,0.8756,0.8784,0.8726,0.8758,-0.0001,-0.01%,0
14/03/2002,0.8756,0.8844,0.8754,0.8819,0.0061,0.70%,0
15/03/2002,0.8823,0.8869,0.8809,0.8826,0.0007,0.08%,0
18/03/2002,0.8813,0.8833,0.8783,0.8825,-0.0001,-0.01%,0
19/03/2002,0.8828,0.8843,0.8798,0.8826,0.0001,0.01%,0
20/03/2002,0.8823,0.8858,0.8787,0.8843,0.0017,0.19%,0
21/03/2002,0.8856,0.8862,0.8808,0.8821,-0.0022,-0.25%,0
22/03/2002,0.8824,0.883,0.875,0.8767,-0.0054,-0.61%,0
25/03/2002,0.8772,0.8782,0.8754,0.8778,0.0011,0.13%,0
26/03/2002,0.8769,0.8795,0.8734,0.8771,-0.0007,-0.08%,0
27/03/2002,0.8767,0.8772,0.872,0.8729,-0.0042,-0.48%,0
28/03/2002,0.8724,0.8744,0.87,0.8712,-0.0017,-0.19%,0
29/03/2002,0.8712,0.8729,0.8707,0.8718,0.0006,0.07%,0
1/04/2002,0.8717,0.8823,0.8713,0.8806,0.0088,1.01%,0
2/04/2002,0.8806,0.8815,0.8774,0.8794,-0.0012,-0.14%,0
3/04/2002,0.8788,0.8829,0.8774,0.8812,0.0018,0.20%,0
4/04/2002,0.8809,0.8857,0.8766,0.8778,-0.0034,-0.39%,0
5/04/2002,0.8785,0.8814,0.8772,0.8792,0.0014,0.16%,0
8/04/2002,0.879,0.8796,0.8735,0.8742,-0.005,-0.57%,0
9/04/2002,0.8751,0.8814,0.8737,0.8806,0.0064,0.73%,0
10/04/2002,0.8805,0.8823,0.8784,0.8805,-0.0001,-0.01%,0
11/04/2002,0.8805,0.885,0.8791,0.8832,0.0027,0.31%,0
12/04/2002,0.8825,0.8828,0.8775,0.8801,-0.0031,-0.35%,0
15/04/2002,0.8794,0.8823,0.879,0.8808,0.0007,0.08%,0
16/04/2002,0.8788,0.8838,0.8788,0.8818,0.001,0.11%,0
17/04/2002,0.8828,0.8898,0.8817,0.8894,0.0076,0.86%,0
18/04/2002,0.8903,0.892,0.8856,0.8907,0.0013,0.15%,0
19/04/2002,0.8912,0.8925,0.8878,0.8916,0.0009,0.10%,0
22/04/2002,0.89,0.8907,0.8869,0.8896,-0.002,-0.22%,0
23/04/2002,0.8895,0.8903,0.8863,0.8887,-0.0009,-0.10%,0
24/04/2002,0.8885,0.893,0.8874,0.8927,0.004,0.45%,0
25/04/2002,0.8926,0.8992,0.8916,0.8984,0.0057,0.64%,0
26/04/2002,0.8979,0.902,0.8962,0.9013,0.0029,0.32%,0
29/04/2002,0.9015,0.9044,0.9009,0.9036,0.0023,0.26%,0
30/04/2002,0.9037,0.9043,0.8992,0.9005,-0.0031,-0.34%,0
1/05/2002,0.9003,0.9088,0.8989,0.9052,0.0047,0.52%,0
2/05/2002,0.906,0.9078,0.9012,0.9029,-0.0023,-0.25%,0
3/05/2002,0.9025,0.9176,0.9025,0.9166,0.0137,1.52%,0
6/05/2002,0.9161,0.9172,0.9134,0.9167,0.0001,0.01%,0
7/05/2002,0.9183,0.919,0.9117,0.915,-0.0017,-0.19%,0
8/05/2002,0.9147,0.915,0.9037,0.9049,-0.0101,-1.10%,0
9/05/2002,0.9048,0.9115,0.904,0.9092,0.0043,0.48%,0
10/05/2002,0.9095,0.9148,0.9086,0.914,0.0048,0.53%,0
13/05/2002,0.9131,0.9165,0.9097,0.9115,-0.0025,-0.27%,0
14/05/2002,0.912,0.9129,0.9011,0.9025,-0.009,-0.99%,0
15/05/2002,0.9026,0.912,0.8996,0.9114,0.0089,0.99%,0
16/05/2002,0.912,0.9141,0.9088,0.9121,0.0007,0.08%,0
17/05/2002,0.9111,0.9224,0.911,0.9216,0.0095,1.04%,0
20/05/2002,0.9202,0.923,0.918,0.9223,0.0007,0.08%,0
21/05/2002,0.9212,0.9218,0.9164,0.92,-0.0023,-0.25%,0
22/05/2002,0.9199,0.9276,0.9178,0.9263,0.0063,0.68%,0
23/05/2002,0.926,0.9268,0.9182,0.9215,-0.0048,-0.52%,0
24/05/2002,0.9211,0.9231,0.9165,0.9206,-0.0009,-0.10%,0
27/05/2002,0.9204,0.922,0.9183,0.9212,0.0006,0.07%,0
28/05/2002,0.9208,0.9304,0.92,0.9293,0.0081,0.88%,0
29/05/2002,0.9283,0.937,0.9273,0.9365,0.0072,0.77%,0
30/05/2002,0.935,0.9416,0.9343,0.9382,0.0017,0.18%,0
31/05/2002,0.9369,0.9401,0.9283,0.9326,-0.0056,-0.60%,0
3/06/2002,0.9327,0.9393,0.9304,0.9379,0.0053,0.57%,0
4/06/2002,0.9417,0.9452,0.9394,0.9415,0.0036,0.38%,0
5/06/2002,0.9392,0.9418,0.9354,0.9393,-0.0022,-0.23%,0
6/06/2002,0.9391,0.9471,0.934,0.9457,0.0064,0.68%,0
7/06/2002,0.9475,0.9485,0.9427,0.9442,-0.0015,-0.16%,0
10/06/2002,0.9431,0.9482,0.939,0.9436,-0.0006,-0.06%,0
11/06/2002,0.9442,0.9476,0.9407,0.9473,0.0037,0.39%,0
12/06/2002,0.9482,0.9503,0.9438,0.9449,-0.0024,-0.25%,0
13/06/2002,0.9435,0.9473,0.9397,0.9426,-0.0023,-0.24%,0
14/06/2002,0.9437,0.9522,0.9416,0.9456,0.003,0.32%,0
17/06/2002,0.9448,0.9467,0.9413,0.9442,-0.0014,-0.15%,0
18/06/2002,0.9448,0.9519,0.9437,0.9512,0.007,0.74%,0
19/06/2002,0.9516,0.9577,0.9516,0.9568,0.0056,0.59%,0
20/06/2002,0.9579,0.9647,0.9558,0.9645,0.0077,0.80%,0
21/06/2002,0.9649,0.9716,0.9631,0.9701,0.0056,0.58%,0
24/06/2002,0.9699,0.9811,0.9686,0.9706,0.0005,0.05%,0
25/06/2002,0.9707,0.9814,0.9665,0.9776,0.007,0.72%,0
26/06/2002,0.9797,0.9942,0.9792,0.9863,0.0087,0.89%,0
27/06/2002,0.9826,0.9899,0.9811,0.988,0.0017,0.17%,0
28/06/2002,0.9884,0.9988,0.9839,0.9913,0.0033,0.33%,0
1/07/2002,0.9914,0.9971,0.9864,0.9874,-0.0039,-0.39%,0
2/07/2002,0.9916,0.9918,0.9799,0.9837,-0.0037,-0.37%,0
3/07/2002,0.9866,0.9871,0.9769,0.9817,-0.002,-0.20%,0
4/07/2002,0.9805,0.982,0.9751,0.9803,-0.0014,-0.14%,0
5/07/2002,0.9786,0.979,0.9716,0.9734,-0.0069,-0.70%,0
8/07/2002,0.975,0.9879,0.9741,0.9873,0.0139,1.43%,0
9/07/2002,0.9907,0.9949,0.9874,0.9941,0.0068,0.69%,0
10/07/2002,0.9932,0.9969,0.987,0.9886,-0.0055,-0.55%,0
11/07/2002,0.9897,0.9943,0.9839,0.9908,0.0022,0.22%,0
12/07/2002,0.9879,0.9922,0.9854,0.991,0.0002,0.02%,0
15/07/2002,0.9912,1.0087,0.9912,1.0037,0.0127,1.28%,0
16/07/2002,1.0027,1.0145,1.0027,1.0081,0.0044,0.44%,0
17/07/2002,1.0118,1.0157,1.0034,1.0077,-0.0004,-0.04%,0
18/07/2002,1.0074,1.0099,1.0043,1.0099,0.0022,0.22%,0
19/07/2002,1.0116,1.0212,1.0106,1.0151,0.0052,0.51%,0
22/07/2002,1.0123,1.0131,1.0056,1.0077,-0.0074,-0.73%,0
23/07/2002,1.0085,1.0089,0.9849,0.9868,-0.0209,-2.07%,0
24/07/2002,0.9887,0.9978,0.9877,0.9945,0.0077,0.78%,0
25/07/2002,0.996,1.0045,0.9943,1.0039,0.0094,0.95%,0
26/07/2002,1.0047,1.0066,0.9865,0.9873,-0.0166,-1.65%,0
29/07/2002,0.9866,0.9887,0.9772,0.9806,-0.0067,-0.68%,0
30/07/2002,0.9815,0.9889,0.9782,0.9836,0.003,0.31%,0
31/07/2002,0.983,0.9853,0.9761,0.9782,-0.0054,-0.55%,0
1/08/2002,0.9775,0.9856,0.9728,0.9846,0.0064,0.65%,0
2/08/2002,0.9846,0.9915,0.9835,0.9872,0.0026,0.26%,0
5/08/2002,0.9869,0.9873,0.98,0.9801,-0.0071,-0.72%,0
6/08/2002,0.9802,0.9811,0.9624,0.9668,-0.0133,-1.36%,0
7/08/2002,0.9659,0.9757,0.9643,0.9747,0.0079,0.82%,0
8/08/2002,0.9746,0.9772,0.9642,0.9666,-0.0081,-0.83%,0
9/08/2002,0.9671,0.974,0.9653,0.9703,0.0037,0.38%,0
12/08/2002,0.9704,0.9842,0.9689,0.9792,0.0089,0.92%,0
13/08/2002,0.9787,0.9832,0.9757,0.9828,0.0036,0.37%,0
14/08/2002,0.9837,0.989,0.9782,0.979,-0.0038,-0.39%,0
15/08/2002,0.9783,0.9847,0.975,0.9814,0.0024,0.25%,0
16/08/2002,0.981,0.9864,0.9786,0.9845,0.0031,0.32%,0
19/08/2002,0.9842,0.9932,0.9752,0.9765,-0.008,-0.81%,0
20/08/2002,0.9759,0.9807,0.9733,0.9787,0.0022,0.23%,0
21/08/2002,0.9785,0.9847,0.9754,0.9811,0.0024,0.25%,0
22/08/2002,0.9809,0.982,0.9676,0.9687,-0.0124,-1.26%,0
23/08/2002,0.9688,0.9733,0.9665,0.9731,0.0044,0.45%,0
26/08/2002,0.9731,0.974,0.9687,0.9721,-0.001,-0.10%,0
27/08/2002,0.9718,0.9837,0.9705,0.9831,0.011,1.13%,0
28/08/2002,0.9829,0.9836,0.9793,0.9796,-0.0035,-0.36%,0
29/08/2002,0.9786,0.9884,0.9777,0.9844,0.0048,0.49%,0
30/08/2002,0.984,0.9863,0.9799,0.9826,-0.0018,-0.18%,0
2/09/2002,0.9818,0.9857,0.98,0.9841,0.0015,0.15%,0
3/09/2002,0.9843,1.0006,0.9832,0.9972,0.0131,1.33%,0
4/09/2002,0.9974,0.9974,0.9905,0.9915,-0.0057,-0.57%,0
5/09/2002,0.992,0.9988,0.9891,0.992,0.0005,0.05%,0
6/09/2002,0.9916,0.9953,0.9805,0.9819,-0.0101,-1.02%,0
9/09/2002,0.9817,0.9828,0.9783,0.9792,-0.0027,-0.27%,0
10/09/2002,0.9797,0.9836,0.9725,0.9757,-0.0035,-0.36%,0
11/09/2002,0.9749,0.9768,0.9704,0.9764,0.0007,0.07%,0
12/09/2002,0.9762,0.9822,0.9742,0.9819,0.0055,0.56%,0
13/09/2002,0.9817,0.9837,0.9707,0.971,-0.0109,-1.11%,0
16/09/2002,0.9707,0.9726,0.9668,0.9697,-0.0013,-0.13%,0
17/09/2002,0.969,0.9726,0.961,0.9725,0.0028,0.29%,0
18/09/2002,0.974,0.9794,0.9691,0.9771,0.0046,0.47%,0
19/09/2002,0.9776,0.9871,0.9764,0.9868,0.0097,0.99%,0
20/09/2002,0.9872,0.9876,0.9784,0.9819,-0.0049,-0.50%,0
23/09/2002,0.9797,0.9859,0.9752,0.9782,-0.0037,-0.38%,0
24/09/2002,0.9784,0.9836,0.9761,0.9816,0.0034,0.35%,0
25/09/2002,0.9818,0.9851,0.9758,0.9771,-0.0045,-0.46%,0
26/09/2002,0.9763,0.9822,0.973,0.9766,-0.0005,-0.05%,0
27/09/2002,0.9772,0.9813,0.975,0.9804,0.0038,0.39%,0
30/09/2002,0.981,0.9898,0.9804,0.9875,0.0071,0.72%,0
1/10/2002,0.9867,0.9891,0.9827,0.983,-0.0045,-0.46%,0
2/10/2002,0.9826,0.9871,0.981,0.9869,0.0039,0.40%,0
3/10/2002,0.9865,0.9907,0.9859,0.9878,0.0009,0.09%,0
4/10/2002,0.988,0.9884,0.9785,0.9792,-0.0086,-0.87%,0
7/10/2002,0.9788,0.9838,0.978,0.9835,0.0043,0.44%,0
8/10/2002,0.9827,0.9843,0.9765,0.9787,-0.0048,-0.49%,0
9/10/2002,0.9792,0.9913,0.978,0.9901,0.0114,1.16%,0
10/10/2002,0.9902,0.9926,0.9849,0.9858,-0.0043,-0.43%,0
11/10/2002,0.9863,0.9876,0.9836,0.9875,0.0017,0.17%,0
14/10/2002,0.9874,0.989,0.9856,0.9872,-0.0003,-0.03%,0
15/10/2002,0.987,0.9887,0.9792,0.9816,-0.0056,-0.57%,0
16/10/2002,0.9817,0.9835,0.9803,0.9816,0,0.00%,0
17/10/2002,0.981,0.9814,0.9701,0.9716,-0.01,-1.02%,0
18/10/2002,0.9708,0.974,0.9699,0.9719,0.0003,0.03%,0
21/10/2002,0.9725,0.9763,0.9688,0.974,0.0021,0.22%,0
22/10/2002,0.9734,0.98,0.9721,0.978,0.004,0.41%,0
23/10/2002,0.9775,0.9797,0.9748,0.9764,-0.0016,-0.16%,0
24/10/2002,0.9754,0.9782,0.9725,0.978,0.0016,0.16%,0
25/10/2002,0.9779,0.9794,0.9758,0.9762,-0.0018,-0.18%,0
28/10/2002,0.9762,0.985,0.9729,0.9844,0.0082,0.84%,0
29/10/2002,0.9836,0.9893,0.9809,0.9832,-0.0012,-0.12%,0
30/10/2002,0.9833,0.9852,0.9816,0.9837,0.0005,0.05%,0
31/10/2002,0.9839,0.9911,0.9836,0.9906,0.0069,0.70%,0
1/11/2002,0.9905,1.0003,0.9891,0.9971,0.0065,0.66%,0
4/11/2002,0.9965,0.9981,0.9935,0.9979,0.0008,0.08%,0
5/11/2002,0.998,1.0042,0.9973,0.9998,0.0019,0.19%,0
6/11/2002,0.9997,1.0048,0.994,1.0028,0.003,0.30%,0
7/11/2002,1.004,1.0099,0.9987,1.0094,0.0066,0.66%,0
8/11/2002,1.0096,1.0148,1.0076,1.0132,0.0038,0.38%,0
11/11/2002,1.0123,1.0171,1.0095,1.0106,-0.0026,-0.26%,0
12/11/2002,1.0108,1.0136,1.0067,1.0123,0.0017,0.17%,0
13/11/2002,1.0129,1.0132,1.0047,1.0082,-0.0041,-0.41%,0
14/11/2002,1.0086,1.01,1.0031,1.0046,-0.0036,-0.36%,0
15/11/2002,1.0042,1.0096,1.0014,1.0094,0.0048,0.48%,0
18/11/2002,1.0096,1.012,1.0062,1.0089,-0.0005,-0.05%,0
19/11/2002,1.0092,1.014,1.0011,1.004,-0.0049,-0.49%,0
20/11/2002,1.0027,1.0043,0.9992,1.0017,-0.0023,-0.23%,0
21/11/2002,1.0013,1.0038,0.9981,1.002,0.0003,0.03%,0
22/11/2002,1.0026,1.0036,0.9963,0.9969,-0.0051,-0.51%,0
25/11/2002,0.9968,0.997,0.9894,0.9918,-0.0051,-0.51%,0
26/11/2002,0.9918,0.9937,0.9901,0.9933,0.0015,0.15%,0
27/11/2002,0.9938,0.9941,0.9881,0.9903,-0.003,-0.30%,0
28/11/2002,0.9902,0.9957,0.9894,0.9937,0.0034,0.34%,0
29/11/2002,0.9939,0.9953,0.9919,0.9943,0.0006,0.06%,0
2/12/2002,0.9946,0.9982,0.9863,0.9967,0.0024,0.24%,0
3/12/2002,0.9968,1.0001,0.9952,0.9966,-0.0001,-0.01%,0
4/12/2002,0.9974,1.0029,0.9964,1.001,0.0044,0.44%,0
5/12/2002,1.0013,1.0019,0.997,1.0006,-0.0004,-0.04%,0
6/12/2002,1.0001,1.0119,1.0001,1.0099,0.0093,0.93%,0
9/12/2002,1.0099,1.0117,1.007,1.0106,0.0007,0.07%,0
10/12/2002,1.011,1.0139,1.0072,1.0084,-0.0022,-0.22%,0
11/12/2002,1.0085,1.0099,1.0062,1.0084,0,0.00%,0
12/12/2002,1.0089,1.0194,1.0076,1.0187,0.0103,1.02%,0
13/12/2002,1.0183,1.0257,1.0173,1.0234,0.0047,0.46%,0
16/12/2002,1.0234,1.0248,1.0196,1.0223,-0.0011,-0.11%,0
17/12/2002,1.0226,1.0332,1.021,1.0284,0.0061,0.60%,0
18/12/2002,1.0277,1.0286,1.0227,1.027,-0.0014,-0.14%,0
19/12/2002,1.0274,1.0287,1.0209,1.0271,0.0001,0.01%,0
20/12/2002,1.027,1.0276,1.0243,1.0269,-0.0002,-0.02%,0
23/12/2002,1.0268,1.0317,1.0217,1.0262,-0.0007,-0.07%,0
24/12/2002,1.0267,1.0324,1.0255,1.03,0.0038,0.37%,0
26/12/2002,1.0321,1.0377,1.0315,1.0375,0.0075,0.73%,0
27/12/2002,1.0375,1.0443,1.036,1.044,0.0065,0.63%,0
30/12/2002,1.0425,1.0488,1.0411,1.0486,0.0046,0.44%,0
31/12/2002,1.048,1.0505,1.0456,1.0493,0.0007,0.07%,0
2/01/2003,1.049,1.0496,1.0336,1.036,-0.0133,-1.27%,0
3/01/2003,1.0358,1.0436,1.0342,1.0418,0.0058,0.56%,0
6/01/2003,1.042,1.0491,1.0416,1.0469,0.0051,0.49%,0
7/01/2003,1.045,1.0456,1.0401,1.0417,-0.0052,-0.50%,0
8/01/2003,1.0405,1.0534,1.0363,1.0498,0.0081,0.78%,0
9/01/2003,1.05,1.0538,1.0462,1.0487,-0.0011,-0.10%,0
10/01/2003,1.0487,1.0583,1.0475,1.0579,0.0092,0.88%,0
13/01/2003,1.0576,1.0583,1.0532,1.054,-0.0039,-0.37%,0
14/01/2003,1.0538,1.0596,1.0537,1.0554,0.0014,0.13%,0
15/01/2003,1.0551,1.0591,1.0508,1.0552,-0.0002,-0.02%,0
16/01/2003,1.0554,1.0626,1.0547,1.0615,0.0063,0.60%,0
17/01/2003,1.0618,1.0679,1.0605,1.0667,0.0052,0.49%,0
20/01/2003,1.0656,1.0689,1.0633,1.068,0.0013,0.12%,0
21/01/2003,1.0684,1.0732,1.0635,1.0725,0.0045,0.42%,0
22/01/2003,1.0715,1.0742,1.0686,1.0728,0.0003,0.03%,0
23/01/2003,1.0732,1.0775,1.0707,1.0756,0.0028,0.26%,0
24/01/2003,1.074,1.0855,1.074,1.0832,0.0076,0.71%,0
27/01/2003,1.0837,1.0905,1.0783,1.0855,0.0023,0.21%,0
28/01/2003,1.0846,1.085,1.0789,1.0824,-0.0031,-0.29%,0
29/01/2003,1.0813,1.0898,1.0811,1.0838,0.0014,0.13%,0
30/01/2003,1.0833,1.084,1.0733,1.0817,-0.0021,-0.19%,0
31/01/2003,1.0822,1.0831,1.0727,1.0773,-0.0044,-0.41%,0
3/02/2003,1.0781,1.0792,1.0694,1.0781,0.0008,0.07%,0
4/02/2003,1.0786,1.0905,1.0771,1.0891,0.011,1.02%,0
5/02/2003,1.0884,1.0935,1.0742,1.0786,-0.0105,-0.96%,0
6/02/2003,1.0786,1.0863,1.0767,1.083,0.0044,0.41%,0
7/02/2003,1.0832,1.0838,1.0725,1.0825,-0.0005,-0.05%,0
10/02/2003,1.0817,1.0828,1.0728,1.074,-0.0085,-0.79%,0
11/02/2003,1.0718,1.0762,1.0667,1.0738,-0.0002,-0.02%,0
12/02/2003,1.0733,1.0768,1.0707,1.0717,-0.0021,-0.20%,0
13/02/2003,1.0709,1.0863,1.0705,1.0827,0.011,1.03%,0
14/02/2003,1.0831,1.0853,1.0765,1.0787,-0.004,-0.37%,0
17/02/2003,1.0773,1.0777,1.0677,1.0734,-0.0053,-0.49%,0
18/02/2003,1.0721,1.0756,1.0682,1.0688,-0.0046,-0.43%,0
19/02/2003,1.0685,1.0765,1.0668,1.0747,0.0059,0.55%,0
20/02/2003,1.0748,1.0833,1.0742,1.0816,0.0069,0.64%,0
21/02/2003,1.0821,1.0846,1.0752,1.0773,-0.0043,-0.40%,0
24/02/2003,1.0735,1.0804,1.0708,1.0792,0.0019,0.18%,0
25/02/2003,1.0796,1.082,1.0747,1.0759,-0.0033,-0.31%,0
26/02/2003,1.0759,1.0809,1.0732,1.0783,0.0024,0.22%,0
27/02/2003,1.0791,1.0836,1.0738,1.0747,-0.0036,-0.33%,0
28/02/2003,1.0745,1.0807,1.0737,1.0804,0.0057,0.53%,0
3/03/2003,1.0778,1.09,1.077,1.0898,0.0094,0.87%,0
4/03/2003,1.0887,1.0934,1.0879,1.0887,-0.0011,-0.10%,0
5/03/2003,1.0922,1.1001,1.0922,1.0956,0.0069,0.63%,0
6/03/2003,1.0965,1.1007,1.0927,1.0969,0.0013,0.12%,0
7/03/2003,1.0968,1.1066,1.0967,1.1008,0.0039,0.36%,0
10/03/2003,1.1009,1.1066,1.1005,1.1057,0.0049,0.45%,0
11/03/2003,1.1057,1.1083,1.1007,1.1044,-0.0013,-0.12%,0
12/03/2003,1.1047,1.1056,1.0984,1.0989,-0.0055,-0.50%,0
13/03/2003,1.0992,1.0997,1.0787,1.0788,-0.0201,-1.83%,0
14/03/2003,1.0779,1.0819,1.0692,1.0742,-0.0046,-0.43%,0
17/03/2003,1.0786,1.0843,1.0591,1.0626,-0.0116,-1.08%,0
18/03/2003,1.0622,1.0654,1.0543,1.0638,0.0012,0.11%,0
19/03/2003,1.0636,1.0654,1.0554,1.0565,-0.0073,-0.69%,0
20/03/2003,1.0568,1.0671,1.0536,1.0613,0.0048,0.45%,0
21/03/2003,1.0613,1.0618,1.0504,1.052,-0.0093,-0.88%,0
24/03/2003,1.0586,1.0672,1.0568,1.0639,0.0119,1.13%,0
25/03/2003,1.0642,1.0721,1.0632,1.0649,0.001,0.09%,0
26/03/2003,1.0653,1.0702,1.0625,1.0695,0.0046,0.43%,0
27/03/2003,1.0695,1.0741,1.0677,1.0694,-0.0001,-0.01%,0
28/03/2003,1.0687,1.0815,1.0671,1.0785,0.0091,0.85%,0
31/03/2003,1.0797,1.0931,1.0781,1.0931,0.0146,1.35%,0
1/04/2003,1.0912,1.0924,1.0866,1.0912,-0.0019,-0.17%,0
2/04/2003,1.092,1.0958,1.0752,1.0769,-0.0143,-1.31%,0
3/04/2003,1.0765,1.079,1.0687,1.0756,-0.0013,-0.12%,0
4/04/2003,1.0759,1.0769,1.0688,1.0735,-0.0021,-0.20%,0
7/04/2003,1.0675,1.0699,1.0562,1.0699,-0.0036,-0.34%,0
8/04/2003,1.0695,1.0721,1.0644,1.0708,0.0009,0.08%,0
9/04/2003,1.0709,1.0782,1.0677,1.077,0.0062,0.58%,0
10/04/2003,1.0776,1.0829,1.0762,1.0782,0.0012,0.11%,0
11/04/2003,1.0782,1.079,1.0694,1.0753,-0.0029,-0.27%,0
14/04/2003,1.0746,1.081,1.0718,1.0773,0.002,0.19%,0
15/04/2003,1.0773,1.082,1.0738,1.0796,0.0023,0.21%,0
16/04/2003,1.08,1.0919,1.0785,1.0915,0.0119,1.10%,0
17/04/2003,1.0908,1.0972,1.0869,1.0874,-0.0041,-0.38%,0
18/04/2003,1.0875,1.0897,1.0874,1.0883,0.0009,0.08%,0
21/04/2003,1.0891,1.0904,1.0823,1.0869,-0.0014,-0.13%,0
22/04/2003,1.0872,1.1002,1.0849,1.0968,0.0099,0.91%,0
23/04/2003,1.0972,1.0982,1.0924,1.0966,-0.0002,-0.02%,0
24/04/2003,1.0968,1.1046,1.0947,1.1038,0.0072,0.66%,0
25/04/2003,1.1037,1.1044,1.0961,1.1037,-0.0001,-0.01%,0
28/04/2003,1.1037,1.1075,1.0977,1.0981,-0.0056,-0.51%,0
29/04/2003,1.0988,1.1076,1.0934,1.1075,0.0094,0.86%,0
30/04/2003,1.1082,1.1187,1.1063,1.1183,0.0108,0.98%,0
1/05/2003,1.118,1.1284,1.1158,1.1239,0.0056,0.50%,0
2/05/2003,1.1233,1.1272,1.1191,1.1228,-0.0011,-0.10%,0
5/05/2003,1.1234,1.13,1.1205,1.1288,0.006,0.53%,0
6/05/2003,1.1293,1.1449,1.1277,1.1427,0.0139,1.23%,0
7/05/2003,1.1434,1.1443,1.1331,1.1364,-0.0063,-0.55%,0
8/05/2003,1.1358,1.1507,1.131,1.1496,0.0132,1.16%,0
9/05/2003,1.1488,1.1537,1.144,1.1491,-0.0005,-0.04%,0
12/05/2003,1.1533,1.1624,1.1527,1.1546,0.0055,0.48%,0
13/05/2003,1.1562,1.1568,1.1466,1.1529,-0.0017,-0.15%,0
14/05/2003,1.1534,1.154,1.1471,1.1494,-0.0035,-0.30%,0
15/05/2003,1.1482,1.1488,1.1379,1.1383,-0.0111,-0.97%,0
16/05/2003,1.1387,1.159,1.1372,1.1576,0.0193,1.70%,0
19/05/2003,1.1676,1.1737,1.1625,1.1653,0.0077,0.67%,0
20/05/2003,1.1654,1.1716,1.1607,1.1703,0.005,0.43%,0
21/05/2003,1.1714,1.1744,1.1666,1.1675,-0.0028,-0.24%,0
22/05/2003,1.1635,1.1729,1.1621,1.1703,0.0028,0.24%,0
23/05/2003,1.1692,1.1837,1.1669,1.183,0.0127,1.09%,0
26/05/2003,1.1836,1.1876,1.1802,1.1872,0.0042,0.36%,0
27/05/2003,1.1876,1.1933,1.1812,1.1818,-0.0054,-0.45%,0
28/05/2003,1.182,1.1846,1.1709,1.1768,-0.005,-0.42%,0
29/05/2003,1.1757,1.1904,1.1695,1.1901,0.0133,1.13%,0
30/05/2003,1.1913,1.1917,1.1744,1.1775,-0.0126,-1.06%,0
2/06/2003,1.1716,1.1769,1.1654,1.1764,-0.0011,-0.09%,0
3/06/2003,1.1765,1.1781,1.1683,1.1736,-0.0028,-0.24%,0
4/06/2003,1.1729,1.1749,1.1637,1.1649,-0.0087,-0.74%,0
5/06/2003,1.1643,1.1889,1.1632,1.1838,0.0189,1.62%,0
6/06/2003,1.1846,1.188,1.1686,1.1704,-0.0134,-1.13%,0
9/06/2003,1.1705,1.1788,1.1661,1.1716,0.0012,0.10%,0
10/06/2003,1.1717,1.1744,1.1671,1.1674,-0.0042,-0.36%,0
11/06/2003,1.1673,1.1781,1.166,1.1752,0.0078,0.67%,0
12/06/2003,1.175,1.1807,1.1705,1.1762,0.001,0.09%,0
13/06/2003,1.1767,1.1877,1.1737,1.1863,0.0101,0.86%,0
16/06/2003,1.1877,1.193,1.1822,1.1822,-0.0041,-0.35%,0
17/06/2003,1.1825,1.1867,1.177,1.1787,-0.0035,-0.30%,0
18/06/2003,1.1786,1.1803,1.1667,1.1694,-0.0093,-0.79%,0
19/06/2003,1.1693,1.1739,1.1586,1.1725,0.0031,0.27%,0
20/06/2003,1.1722,1.1735,1.1555,1.1602,-0.0123,-1.05%,0
23/06/2003,1.1576,1.1606,1.1509,1.1556,-0.0046,-0.40%,0
24/06/2003,1.156,1.1583,1.1479,1.1511,-0.0045,-0.39%,0
25/06/2003,1.151,1.1623,1.1494,1.1542,0.0031,0.27%,0
26/06/2003,1.1528,1.1544,1.1416,1.1421,-0.0121,-1.05%,0
27/06/2003,1.1425,1.147,1.14,1.1435,0.0014,0.12%,0
30/06/2003,1.1431,1.1518,1.1402,1.1514,0.0079,0.69%,0
1/07/2003,1.1516,1.1611,1.1511,1.1563,0.0049,0.43%,0
2/07/2003,1.1569,1.1572,1.1506,1.1543,-0.002,-0.17%,0
3/07/2003,1.1537,1.1544,1.1435,1.1495,-0.0048,-0.42%,0
4/07/2003,1.15,1.1503,1.1451,1.1488,-0.0007,-0.06%,0
7/07/2003,1.1478,1.1485,1.1316,1.1324,-0.0164,-1.43%,0
8/07/2003,1.1316,1.1355,1.1261,1.1319,-0.0005,-0.04%,0
9/07/2003,1.1321,1.137,1.1308,1.1348,0.0029,0.26%,0
10/07/2003,1.1351,1.1395,1.1312,1.1378,0.003,0.26%,0
11/07/2003,1.1379,1.1388,1.1275,1.1296,-0.0082,-0.72%,0
14/07/2003,1.1298,1.1309,1.1243,1.1281,-0.0015,-0.13%,0
15/07/2003,1.128,1.134,1.1158,1.1169,-0.0112,-0.99%,0
16/07/2003,1.1179,1.1233,1.1116,1.1218,0.0049,0.44%,0
17/07/2003,1.1219,1.1251,1.1157,1.1211,-0.0007,-0.06%,0
18/07/2003,1.1215,1.1307,1.1175,1.1276,0.0065,0.58%,0
21/07/2003,1.1263,1.136,1.1244,1.1355,0.0079,0.70%,0
22/07/2003,1.1353,1.1374,1.1309,1.1331,-0.0024,-0.21%,0
23/07/2003,1.1327,1.1491,1.1317,1.1485,0.0154,1.36%,0
24/07/2003,1.1486,1.1513,1.1425,1.1474,-0.0011,-0.10%,0
25/07/2003,1.1477,1.1551,1.1445,1.151,0.0036,0.31%,0
28/07/2003,1.1472,1.1521,1.1453,1.1495,-0.0015,-0.13%,0
29/07/2003,1.1495,1.154,1.1437,1.1452,-0.0043,-0.37%,0
30/07/2003,1.1442,1.1451,1.1337,1.1345,-0.0107,-0.93%,0
31/07/2003,1.1343,1.1369,1.1227,1.1238,-0.0107,-0.94%,0
1/08/2003,1.1231,1.1275,1.1135,1.1269,0.0031,0.28%,0
4/08/2003,1.1284,1.1377,1.1262,1.1362,0.0093,0.83%,0
5/08/2003,1.136,1.14,1.1307,1.1388,0.0026,0.23%,0
6/08/2003,1.1389,1.1426,1.1328,1.1336,-0.0052,-0.46%,0
7/08/2003,1.1336,1.1416,1.1321,1.1375,0.0039,0.34%,0
8/08/2003,1.1373,1.1384,1.1289,1.1306,-0.0069,-0.61%,0
11/08/2003,1.1303,1.1379,1.1264,1.1363,0.0057,0.50%,0
12/08/2003,1.1359,1.1375,1.1278,1.1285,-0.0078,-0.69%,0
13/08/2003,1.1284,1.1334,1.1221,1.1321,0.0036,0.32%,0
14/08/2003,1.1323,1.1338,1.1227,1.1287,-0.0034,-0.30%,0
15/08/2003,1.1263,1.1297,1.1243,1.1255,-0.0032,-0.28%,0
18/08/2003,1.1255,1.1271,1.1125,1.1148,-0.0107,-0.95%,0
19/08/2003,1.1148,1.1152,1.1056,1.114,-0.0008,-0.07%,0
20/08/2003,1.1138,1.1148,1.1082,1.1119,-0.0021,-0.19%,0
21/08/2003,1.112,1.1123,1.0886,1.0928,-0.0191,-1.72%,0
22/08/2003,1.0922,1.0947,1.0836,1.0885,-0.0043,-0.39%,0
25/08/2003,1.0854,1.0919,1.0849,1.0865,-0.002,-0.18%,0
26/08/2003,1.0875,1.091,1.0794,1.087,0.0005,0.05%,0
27/08/2003,1.0856,1.0933,1.0833,1.0879,0.0009,0.08%,0
28/08/2003,1.0888,1.0914,1.0812,1.0882,0.0003,0.03%,0
29/08/2003,1.0883,1.1,1.0873,1.0978,0.0096,0.88%,0
1/09/2003,1.0993,1.1016,1.0955,1.0973,-0.0005,-0.05%,0
2/09/2003,1.0969,1.097,1.0833,1.0846,-0.0127,-1.16%,0
3/09/2003,1.081,1.0872,1.0764,1.0845,-0.0001,-0.01%,0
4/09/2003,1.0848,1.0949,1.081,1.0948,0.0103,0.95%,0
5/09/2003,1.0946,1.1112,1.0917,1.1102,0.0154,1.41%,0
8/09/2003,1.1103,1.113,1.1048,1.1071,-0.0031,-0.28%,0
9/09/2003,1.1068,1.124,1.1056,1.1226,0.0155,1.40%,0
10/09/2003,1.1225,1.1237,1.1165,1.1213,-0.0013,-0.12%,0
11/09/2003,1.1208,1.1272,1.1156,1.1201,-0.0012,-0.11%,0
12/09/2003,1.1212,1.133,1.1137,1.1289,0.0088,0.79%,0
15/09/2003,1.1272,1.1309,1.1247,1.1281,-0.0008,-0.07%,0
16/09/2003,1.1284,1.1319,1.1156,1.1169,-0.0112,-0.99%,0
17/09/2003,1.1177,1.1301,1.114,1.1288,0.0119,1.07%,0
18/09/2003,1.1285,1.1344,1.1228,1.1248,-0.004,-0.35%,0
19/09/2003,1.1255,1.1382,1.124,1.1363,0.0115,1.02%,0
22/09/2003,1.1436,1.1504,1.1415,1.1473,0.011,0.97%,0
23/09/2003,1.146,1.153,1.1439,1.1443,-0.003,-0.26%,0
24/09/2003,1.1444,1.1502,1.1429,1.1499,0.0056,0.49%,0
25/09/2003,1.1496,1.1535,1.146,1.15,0.0001,0.01%,0
26/09/2003,1.1493,1.15,1.144,1.1479,-0.0021,-0.18%,0
29/09/2003,1.1459,1.1601,1.1398,1.1597,0.0118,1.03%,0
30/09/2003,1.1599,1.1739,1.1574,1.1661,0.0064,0.55%,0
1/10/2003,1.1658,1.1729,1.1644,1.1726,0.0065,0.56%,0
2/10/2003,1.1718,1.1767,1.1663,1.169,-0.0036,-0.31%,0
3/10/2003,1.1695,1.1722,1.1553,1.1577,-0.0113,-0.97%,0
6/10/2003,1.1563,1.1723,1.1535,1.1716,0.0139,1.20%,0
7/10/2003,1.1709,1.1813,1.17,1.176,0.0044,0.38%,0
8/10/2003,1.176,1.1839,1.176,1.1811,0.0051,0.43%,0
9/10/2003,1.1811,1.186,1.1686,1.1742,-0.0069,-0.58%,0
10/10/2003,1.1748,1.1853,1.1704,1.1804,0.0062,0.53%,0
13/10/2003,1.1811,1.1816,1.1654,1.1705,-0.0099,-0.84%,0
14/10/2003,1.1705,1.1765,1.1585,1.1723,0.0018,0.15%,0
15/10/2003,1.1722,1.1746,1.159,1.1635,-0.0088,-0.75%,0
16/10/2003,1.1635,1.1697,1.1571,1.1589,-0.0046,-0.40%,0
17/10/2003,1.1587,1.1685,1.1547,1.1676,0.0087,0.75%,0
20/10/2003,1.1708,1.1729,1.1604,1.1635,-0.0041,-0.35%,0
21/10/2003,1.1635,1.1702,1.1619,1.1665,0.003,0.26%,0
22/10/2003,1.1667,1.1826,1.1651,1.1802,0.0137,1.17%,0
23/10/2003,1.1804,1.1848,1.1757,1.1785,-0.0017,-0.14%,0
24/10/2003,1.179,1.1858,1.1762,1.1783,-0.0002,-0.02%,0
27/10/2003,1.1775,1.1785,1.1723,1.1749,-0.0034,-0.29%,0
28/10/2003,1.1744,1.1751,1.1659,1.1664,-0.0085,-0.72%,0
29/10/2003,1.167,1.172,1.1661,1.1664,0,0.00%,0
30/10/2003,1.1662,1.1757,1.1621,1.1629,-0.0035,-0.30%,0
31/10/2003,1.1625,1.1656,1.1566,1.1595,-0.0034,-0.29%,0
3/11/2003,1.1581,1.1618,1.1427,1.1457,-0.0138,-1.19%,0
4/11/2003,1.1457,1.1517,1.143,1.1501,0.0044,0.38%,0
5/11/2003,1.1493,1.1499,1.1414,1.1437,-0.0064,-0.56%,0
6/11/2003,1.1438,1.1465,1.1389,1.1414,-0.0023,-0.20%,0
7/11/2003,1.1417,1.1543,1.1377,1.152,0.0106,0.93%,0
10/11/2003,1.1506,1.1535,1.1467,1.1484,-0.0036,-0.31%,0
11/11/2003,1.1483,1.153,1.1446,1.1505,0.0021,0.18%,0
12/11/2003,1.1524,1.1661,1.1507,1.164,0.0135,1.17%,0
13/11/2003,1.1633,1.174,1.1629,1.1733,0.0093,0.80%,0
14/11/2003,1.1734,1.1806,1.1729,1.1769,0.0036,0.31%,0
17/11/2003,1.1793,1.1848,1.1728,1.1763,-0.0006,-0.05%,0
18/11/2003,1.1748,1.1962,1.1735,1.1955,0.0192,1.63%,0
19/11/2003,1.1972,1.1978,1.1875,1.1884,-0.0071,-0.59%,0
20/11/2003,1.1876,1.1969,1.1875,1.1919,0.0035,0.29%,0
21/11/2003,1.1911,1.1939,1.186,1.1915,-0.0004,-0.03%,0
24/11/2003,1.1912,1.1918,1.1763,1.1765,-0.015,-1.26%,0
25/11/2003,1.177,1.182,1.1755,1.1781,0.0016,0.14%,0
26/11/2003,1.1791,1.1949,1.1772,1.1936,0.0155,1.32%,0
27/11/2003,1.1941,1.1942,1.1887,1.1908,-0.0028,-0.23%,0
28/11/2003,1.1906,1.2019,1.1901,1.1985,0.0077,0.65%,0
1/12/2003,1.1973,1.2043,1.1938,1.1976,-0.0009,-0.08%,0
2/12/2003,1.198,1.2092,1.1944,1.2074,0.0098,0.82%,0
3/12/2003,1.2081,1.2131,1.2066,1.2111,0.0037,0.31%,0
4/12/2003,1.2111,1.2161,1.203,1.2087,-0.0024,-0.20%,0
5/12/2003,1.2083,1.2178,1.2064,1.217,0.0083,0.69%,0
8/12/2003,1.2173,1.2242,1.2153,1.2227,0.0057,0.47%,0
9/12/2003,1.2224,1.2276,1.2189,1.2247,0.002,0.16%,0
10/12/2003,1.2252,1.2268,1.2153,1.2218,-0.0029,-0.24%,0
11/12/2003,1.2219,1.2237,1.2114,1.2218,0,0.00%,0
12/12/2003,1.2224,1.2306,1.221,1.2296,0.0078,0.64%,0
15/12/2003,1.2143,1.2326,1.2133,1.2306,0.001,0.08%,0
16/12/2003,1.2323,1.2362,1.2301,1.233,0.0024,0.20%,0
17/12/2003,1.2329,1.2423,1.2297,1.2399,0.0069,0.56%,0
18/12/2003,1.2411,1.2438,1.2362,1.2431,0.0032,0.26%,0
19/12/2003,1.2423,1.2433,1.2343,1.2371,-0.006,-0.48%,0
22/12/2003,1.2406,1.2449,1.2351,1.2418,0.0047,0.38%,0
23/12/2003,1.2399,1.2427,1.2387,1.2392,-0.0026,-0.21%,0
24/12/2003,1.2395,1.2469,1.2393,1.245,0.0058,0.47%,0
25/12/2003,1.2449,1.2463,1.2436,1.2448,-0.0002,-0.02%,0
26/12/2003,1.2452,1.2469,1.2426,1.2429,-0.0019,-0.15%,0
29/12/2003,1.2439,1.2511,1.2427,1.2484,0.0055,0.44%,0
30/12/2003,1.2492,1.2563,1.2479,1.2554,0.007,0.56%,0
31/12/2003,1.255,1.2649,1.2513,1.2588,0.0034,0.27%,0
2/01/2004,1.2547,1.2629,1.2526,1.2591,0.0003,0.02%,0
5/01/2004,1.2586,1.2697,1.2586,1.2668,0.0077,0.61%,0
6/01/2004,1.2676,1.2812,1.2668,1.2729,0.0061,0.48%,0
7/01/2004,1.2728,1.2743,1.2635,1.2639,-0.009,-0.71%,0
8/01/2004,1.263,1.2781,1.2563,1.2764,0.0125,0.99%,0
9/01/2004,1.2768,1.2872,1.2702,1.2845,0.0081,0.63%,0
12/01/2004,1.2858,1.2898,1.2735,1.2741,-0.0104,-0.81%,0
13/01/2004,1.2749,1.2797,1.2712,1.2752,0.0011,0.09%,0
14/01/2004,1.2774,1.279,1.2632,1.2653,-0.0099,-0.78%,0
15/01/2004,1.2647,1.2674,1.2571,1.2574,-0.0079,-0.62%,0
16/01/2004,1.2578,1.2608,1.2352,1.2378,-0.0196,-1.56%,0
19/01/2004,1.2372,1.2423,1.2335,1.2352,-0.0026,-0.21%,0
20/01/2004,1.2349,1.2597,1.2346,1.2576,0.0224,1.81%,0
21/01/2004,1.2581,1.2674,1.2551,1.2634,0.0058,0.46%,0
22/01/2004,1.2645,1.2752,1.2636,1.2711,0.0077,0.61%,0
23/01/2004,1.2719,1.2776,1.2564,1.2594,-0.0117,-0.92%,0
26/01/2004,1.2579,1.2612,1.2462,1.2474,-0.012,-0.95%,0
27/01/2004,1.2457,1.2653,1.2439,1.2631,0.0157,1.26%,0
28/01/2004,1.2645,1.2663,1.2464,1.25,-0.0131,-1.04%,0
29/01/2004,1.247,1.2529,1.2365,1.2402,-0.0098,-0.78%,0
30/01/2004,1.2409,1.2495,1.2352,1.2474,0.0072,0.58%,0
2/02/2004,1.2472,1.2485,1.2392,1.2424,-0.005,-0.40%,0
3/02/2004,1.2425,1.2598,1.2418,1.2533,0.0109,0.88%,0
4/02/2004,1.2543,1.2561,1.2492,1.2532,-0.0001,-0.01%,0
5/02/2004,1.2536,1.2636,1.2522,1.2542,0.001,0.08%,0
6/02/2004,1.255,1.2726,1.2512,1.27,0.0158,1.26%,0
9/02/2004,1.2608,1.2763,1.2602,1.2684,-0.0016,-0.13%,0
10/02/2004,1.2697,1.2789,1.2681,1.27,0.0016,0.13%,0
11/02/2004,1.2672,1.2836,1.2649,1.2819,0.0119,0.94%,0
12/02/2004,1.2832,1.2847,1.2788,1.2803,-0.0016,-0.12%,0
13/02/2004,1.281,1.2895,1.2718,1.2741,-0.0062,-0.48%,0
16/02/2004,1.2747,1.2789,1.2719,1.277,0.0029,0.23%,0
17/02/2004,1.2772,1.2876,1.276,1.2835,0.0065,0.51%,0
18/02/2004,1.2842,1.2929,1.2663,1.2673,-0.0162,-1.26%,0
19/02/2004,1.2688,1.2735,1.2648,1.2708,0.0035,0.28%,0
20/02/2004,1.2714,1.2769,1.2496,1.2539,-0.0169,-1.33%,0
23/02/2004,1.2523,1.2595,1.2451,1.2555,0.0016,0.13%,0
24/02/2004,1.2553,1.2713,1.2525,1.2681,0.0126,1.00%,0
25/02/2004,1.2686,1.2708,1.2476,1.249,-0.0191,-1.51%,0
26/02/2004,1.2502,1.2514,1.2383,1.2431,-0.0059,-0.47%,0
27/02/2004,1.2441,1.2509,1.2372,1.2492,0.0061,0.49%,0
1/03/2004,1.2484,1.2541,1.2427,1.2443,-0.0049,-0.39%,0
2/03/2004,1.2456,1.247,1.2197,1.2219,-0.0224,-1.80%,0
3/03/2004,1.2216,1.2225,1.2059,1.2186,-0.0033,-0.27%,0
4/03/2004,1.2206,1.2243,1.215,1.2181,-0.0005,-0.04%,0
5/03/2004,1.2203,1.2429,1.2174,1.2375,0.0194,1.59%,0
8/03/2004,1.239,1.2419,1.2339,1.2404,0.0029,0.23%,0
9/03/2004,1.2406,1.2459,1.2276,1.2317,-0.0087,-0.70%,0
10/03/2004,1.2326,1.2343,1.2197,1.2239,-0.0078,-0.63%,0
11/03/2004,1.2228,1.235,1.2164,1.2338,0.0099,0.81%,0
12/03/2004,1.2356,1.2374,1.2175,1.2221,-0.0117,-0.95%,0
15/03/2004,1.2196,1.2319,1.219,1.2271,0.005,0.41%,0
16/03/2004,1.2265,1.2372,1.2231,1.2263,-0.0008,-0.07%,0
17/03/2004,1.2276,1.2289,1.2178,1.2235,-0.0028,-0.23%,0
18/03/2004,1.2235,1.2436,1.2222,1.2382,0.0147,1.20%,0
19/03/2004,1.239,1.2408,1.2257,1.228,-0.0102,-0.82%,0
22/03/2004,1.2281,1.2402,1.2223,1.2331,0.0051,0.42%,0
23/03/2004,1.2328,1.237,1.2265,1.2323,-0.0008,-0.06%,0
24/03/2004,1.234,1.2369,1.212,1.2126,-0.0197,-1.60%,0
25/03/2004,1.2136,1.22,1.2098,1.2143,0.0017,0.14%,0
26/03/2004,1.2128,1.2211,1.2073,1.2125,-0.0018,-0.15%,0
29/03/2004,1.2116,1.217,1.2046,1.2157,0.0032,0.26%,0
30/03/2004,1.2156,1.2228,1.2138,1.2177,0.002,0.16%,0
31/03/2004,1.2174,1.2323,1.217,1.2307,0.013,1.07%,0
1/04/2004,1.2318,1.2389,1.2254,1.2369,0.0062,0.50%,0
2/04/2004,1.2365,1.2372,1.2101,1.2128,-0.0241,-1.95%,0
5/04/2004,1.2119,1.213,1.1984,1.2014,-0.0114,-0.94%,0
6/04/2004,1.2018,1.2117,1.1986,1.2094,0.008,0.67%,0
7/04/2004,1.2117,1.2198,1.2052,1.2173,0.0079,0.65%,0
8/04/2004,1.2172,1.2219,1.2064,1.2081,-0.0092,-0.76%,0
9/04/2004,1.2088,1.2109,1.2066,1.2097,0.0016,0.13%,0
12/04/2004,1.2091,1.2099,1.2055,1.2075,-0.0022,-0.18%,0
13/04/2004,1.2078,1.2082,1.1904,1.1936,-0.0139,-1.15%,0
14/04/2004,1.1943,1.1969,1.1868,1.1969,0.0033,0.28%,0
15/04/2004,1.1961,1.1993,1.1894,1.1978,0.0009,0.08%,0
16/04/2004,1.1983,1.2046,1.1925,1.1995,0.0017,0.14%,0
19/04/2004,1.2018,1.208,1.2001,1.2013,0.0018,0.15%,0
20/04/2004,1.2023,1.2026,1.1882,1.1897,-0.0116,-0.97%,0
21/04/2004,1.1868,1.1916,1.1816,1.1844,-0.0053,-0.45%,0
22/04/2004,1.1841,1.1907,1.1782,1.1892,0.0048,0.41%,0
23/04/2004,1.1903,1.1945,1.1798,1.1835,-0.0057,-0.48%,0
26/04/2004,1.1823,1.1886,1.176,1.1874,0.0039,0.33%,0
27/04/2004,1.1867,1.1948,1.1834,1.1927,0.0053,0.45%,0
28/04/2004,1.1924,1.1956,1.1823,1.184,-0.0087,-0.73%,0
29/04/2004,1.1839,1.1984,1.1805,1.1972,0.0132,1.11%,0
30/04/2004,1.196,1.2014,1.192,1.1984,0.0012,0.10%,0
3/05/2004,1.1983,1.2001,1.1921,1.1935,-0.0049,-0.41%,0
4/05/2004,1.1945,1.2119,1.1929,1.2085,0.015,1.26%,0
5/05/2004,1.2102,1.218,1.2096,1.2166,0.0081,0.67%,0
6/05/2004,1.2179,1.218,1.2063,1.2069,-0.0097,-0.80%,0
7/05/2004,1.2085,1.214,1.1878,1.1894,-0.0175,-1.45%,0
10/05/2004,1.1881,1.1895,1.1813,1.186,-0.0034,-0.29%,0
11/05/2004,1.185,1.1892,1.179,1.1867,0.0007,0.06%,0
12/05/2004,1.187,1.1943,1.1836,1.1902,0.0035,0.29%,0
13/05/2004,1.1903,1.193,1.1773,1.182,-0.0082,-0.69%,0
14/05/2004,1.1825,1.1904,1.178,1.1881,0.0061,0.52%,0
17/05/2004,1.1888,1.2064,1.1879,1.2027,0.0146,1.23%,0
18/05/2004,1.2027,1.2039,1.1933,1.1943,-0.0084,-0.70%,0
19/05/2004,1.1951,1.2046,1.1938,1.2011,0.0068,0.57%,0
20/05/2004,1.2011,1.202,1.1896,1.1931,-0.008,-0.67%,0
21/05/2004,1.1966,1.2072,1.1954,1.2004,0.0073,0.61%,0
24/05/2004,1.1986,1.2026,1.1933,1.201,0.0006,0.05%,0
25/05/2004,1.2004,1.2126,1.1987,1.2097,0.0087,0.72%,0
26/05/2004,1.2107,1.2145,1.2077,1.211,0.0013,0.11%,0
27/05/2004,1.2105,1.2289,1.2091,1.2266,0.0156,1.29%,0
28/05/2004,1.2266,1.2297,1.2202,1.2211,-0.0055,-0.45%,0
31/05/2004,1.2246,1.2254,1.218,1.2189,-0.0022,-0.18%,0
1/06/2004,1.2188,1.2266,1.2157,1.2228,0.0039,0.32%,0
2/06/2004,1.2249,1.2307,1.2206,1.2212,-0.0016,-0.13%,0
3/06/2004,1.2215,1.2252,1.217,1.2228,0.0016,0.13%,0
4/06/2004,1.2228,1.23,1.2138,1.2282,0.0054,0.44%,0
7/06/2004,1.2293,1.2339,1.2271,1.2314,0.0032,0.26%,0
8/06/2004,1.232,1.2354,1.2246,1.2264,-0.005,-0.41%,0
9/06/2004,1.2271,1.2273,1.2036,1.2042,-0.0222,-1.81%,0
10/06/2004,1.2048,1.2117,1.2023,1.2104,0.0062,0.51%,0
11/06/2004,1.2107,1.2115,1.1966,1.2016,-0.0088,-0.73%,0
14/06/2004,1.2006,1.2087,1.1954,1.2069,0.0053,0.44%,0
15/06/2004,1.2061,1.217,1.203,1.2165,0.0096,0.80%,0
16/06/2004,1.2161,1.2171,1.1982,1.2006,-0.0159,-1.31%,0
17/06/2004,1.2012,1.208,1.1994,1.2062,0.0056,0.47%,0
18/06/2004,1.2053,1.2148,1.1975,1.2141,0.0079,0.65%,0
21/06/2004,1.2136,1.2146,1.2077,1.2109,-0.0032,-0.26%,0
22/06/2004,1.2116,1.2131,1.2067,1.2101,-0.0008,-0.07%,0
23/06/2004,1.2107,1.2193,1.2066,1.2087,-0.0014,-0.12%,0
24/06/2004,1.2092,1.219,1.2043,1.2176,0.0089,0.74%,0
25/06/2004,1.217,1.2188,1.2109,1.2158,-0.0018,-0.15%,0
28/06/2004,1.2175,1.2228,1.2123,1.2189,0.0031,0.25%,0
29/06/2004,1.2186,1.2193,1.2071,1.208,-0.0109,-0.89%,0
30/06/2004,1.2082,1.2204,1.2069,1.2196,0.0116,0.96%,0
1/07/2004,1.2197,1.221,1.2134,1.217,-0.0026,-0.21%,0
2/07/2004,1.2159,1.2328,1.2145,1.2317,0.0147,1.21%,0
5/07/2004,1.2325,1.2336,1.2271,1.2287,-0.003,-0.24%,0
6/07/2004,1.229,1.233,1.2265,1.2297,0.001,0.08%,0
7/07/2004,1.2283,1.2389,1.2275,1.237,0.0073,0.59%,0
8/07/2004,1.2372,1.2407,1.2341,1.2389,0.0019,0.15%,0
9/07/2004,1.2383,1.2424,1.2372,1.2409,0.002,0.16%,0
12/07/2004,1.2414,1.2437,1.2384,1.2405,-0.0004,-0.03%,0
13/07/2004,1.2409,1.2414,1.2301,1.2322,-0.0083,-0.67%,0
14/07/2004,1.2328,1.2422,1.232,1.239,0.0068,0.55%,0
15/07/2004,1.238,1.239,1.2329,1.2347,-0.0043,-0.35%,0
16/07/2004,1.2355,1.2462,1.2328,1.245,0.0103,0.83%,0
19/07/2004,1.2441,1.2461,1.24,1.2438,-0.0012,-0.10%,0
20/07/2004,1.2445,1.2455,1.2303,1.2323,-0.0115,-0.92%,0
21/07/2004,1.2331,1.235,1.2211,1.2249,-0.0074,-0.60%,0
22/07/2004,1.2258,1.2293,1.2234,1.2244,-0.0005,-0.04%,0
23/07/2004,1.2265,1.2265,1.2089,1.2102,-0.0142,-1.16%,0
26/07/2004,1.2105,1.2172,1.2091,1.2154,0.0052,0.43%,0
27/07/2004,1.2142,1.2189,1.2037,1.2058,-0.0096,-0.79%,0
28/07/2004,1.2058,1.2078,1.2,1.2042,-0.0016,-0.13%,0
29/07/2004,1.2056,1.2096,1.1992,1.2032,-0.001,-0.08%,0
30/07/2004,1.2047,1.212,1.2004,1.2025,-0.0007,-0.06%,0
2/08/2004,1.2064,1.2094,1.2027,1.2032,0.0007,0.06%,0
3/08/2004,1.2027,1.2076,1.1994,1.2057,0.0025,0.21%,0
4/08/2004,1.2061,1.2069,1.197,1.204,-0.0017,-0.14%,0
5/08/2004,1.2052,1.2073,1.2021,1.2063,0.0023,0.19%,0
6/08/2004,1.2055,1.2284,1.2042,1.2284,0.0221,1.83%,0
9/08/2004,1.2286,1.229,1.2246,1.2272,-0.0012,-0.10%,0
10/08/2004,1.2272,1.2318,1.2231,1.2242,-0.003,-0.24%,0
11/08/2004,1.2237,1.2249,1.2196,1.2213,-0.0029,-0.24%,0
12/08/2004,1.2219,1.2301,1.2217,1.2259,0.0046,0.38%,0
13/08/2004,1.2253,1.2376,1.2177,1.2374,0.0115,0.94%,0
16/08/2004,1.2372,1.2384,1.2317,1.2359,-0.0015,-0.12%,0
17/08/2004,1.2362,1.2389,1.231,1.2346,-0.0013,-0.11%,0
18/08/2004,1.2357,1.2366,1.2285,1.2339,-0.0007,-0.06%,0
19/08/2004,1.2337,1.2379,1.2326,1.2368,0.0029,0.24%,0
20/08/2004,1.2365,1.238,1.2279,1.2307,-0.0061,-0.49%,0
23/08/2004,1.2319,1.2322,1.2132,1.2142,-0.0165,-1.34%,0
24/08/2004,1.214,1.2167,1.2063,1.208,-0.0062,-0.51%,0
25/08/2004,1.2083,1.2116,1.2053,1.2089,0.0009,0.07%,0
26/08/2004,1.2083,1.2121,1.2043,1.2106,0.0017,0.14%,0
27/08/2004,1.2104,1.2136,1.2006,1.2008,-0.0098,-0.81%,0
30/08/2004,1.2018,1.207,1.1989,1.2055,0.0047,0.39%,0
31/08/2004,1.2051,1.2195,1.2044,1.2178,0.0123,1.02%,0
1/09/2004,1.2184,1.222,1.2147,1.2186,0.0008,0.07%,0
2/09/2004,1.2189,1.22,1.2142,1.2165,-0.0021,-0.17%,0
3/09/2004,1.2176,1.2195,1.2042,1.2066,-0.0099,-0.81%,0
6/09/2004,1.2059,1.208,1.2049,1.2067,0.0001,0.01%,0
7/09/2004,1.2065,1.2111,1.2055,1.2104,0.0037,0.31%,0
8/09/2004,1.2109,1.2192,1.2027,1.2191,0.0087,0.72%,0
9/09/2004,1.2184,1.2208,1.216,1.2191,0,0.00%,0
10/09/2004,1.2213,1.231,1.2198,1.227,0.0079,0.65%,0
13/09/2004,1.2265,1.2288,1.2223,1.226,-0.001,-0.08%,0
14/09/2004,1.2263,1.2297,1.2226,1.2259,-0.0001,-0.01%,0
15/09/2004,1.2252,1.226,1.2136,1.2156,-0.0103,-0.84%,0
16/09/2004,1.2153,1.2198,1.2121,1.2198,0.0042,0.35%,0
17/09/2004,1.2184,1.2224,1.2158,1.2179,-0.0019,-0.16%,0
20/09/2004,1.2176,1.218,1.2126,1.217,-0.0009,-0.07%,0
21/09/2004,1.2176,1.2346,1.2168,1.2342,0.0172,1.41%,0
22/09/2004,1.2338,1.2338,1.2225,1.2261,-0.0081,-0.66%,0
23/09/2004,1.2268,1.2335,1.2254,1.2272,0.0011,0.09%,0
24/09/2004,1.2272,1.2364,1.2239,1.226,-0.0012,-0.10%,0
27/09/2004,1.2284,1.2315,1.225,1.2288,0.0028,0.23%,0
28/09/2004,1.2294,1.2348,1.2281,1.2318,0.003,0.24%,0
29/09/2004,1.2328,1.2343,1.2289,1.2329,0.0011,0.09%,0
30/09/2004,1.2333,1.2442,1.2314,1.2439,0.011,0.89%,0
1/10/2004,1.2437,1.2439,1.2386,1.241,-0.0029,-0.23%,0
4/10/2004,1.2394,1.2402,1.2258,1.2286,-0.0124,-1.00%,0
5/10/2004,1.2289,1.233,1.2264,1.2319,0.0033,0.27%,0
6/10/2004,1.2311,1.2323,1.2248,1.2279,-0.004,-0.32%,0
7/10/2004,1.2286,1.2316,1.2272,1.2291,0.0012,0.10%,0
8/10/2004,1.2284,1.2435,1.2284,1.2409,0.0118,0.96%,0
11/10/2004,1.2421,1.2423,1.2372,1.238,-0.0029,-0.23%,0
12/10/2004,1.2386,1.2391,1.2289,1.2325,-0.0055,-0.44%,0
13/10/2004,1.2329,1.2357,1.2225,1.2339,0.0014,0.11%,0
14/10/2004,1.2347,1.2421,1.2322,1.2395,0.0056,0.45%,0
15/10/2004,1.2386,1.2508,1.2369,1.2478,0.0083,0.67%,0
18/10/2004,1.2473,1.2534,1.2463,1.2506,0.0028,0.22%,0
19/10/2004,1.2493,1.2528,1.2454,1.2519,0.0013,0.10%,0
20/10/2004,1.2514,1.2629,1.2499,1.2576,0.0057,0.46%,0
21/10/2004,1.259,1.2652,1.2573,1.2617,0.0041,0.33%,0
22/10/2004,1.2616,1.266,1.2599,1.2651,0.0034,0.27%,0
25/10/2004,1.2695,1.283,1.2693,1.2801,0.015,1.19%,0
26/10/2004,1.2808,1.2842,1.2726,1.2768,-0.0033,-0.26%,0
27/10/2004,1.2768,1.2815,1.2698,1.2704,-0.0064,-0.50%,0
28/10/2004,1.2714,1.2768,1.2632,1.2739,0.0035,0.28%,0
29/10/2004,1.2744,1.2794,1.2707,1.2792,0.0053,0.42%,0
1/11/2004,1.2804,1.2833,1.2718,1.2745,-0.0047,-0.37%,0
2/11/2004,1.2752,1.2756,1.2666,1.2722,-0.0023,-0.18%,0
3/11/2004,1.2744,1.2829,1.2658,1.2823,0.0101,0.79%,0
4/11/2004,1.2821,1.2898,1.2792,1.2867,0.0044,0.34%,0
5/11/2004,1.287,1.296,1.276,1.2956,0.0089,0.69%,0
8/11/2004,1.2972,1.2987,1.2907,1.2911,-0.0045,-0.35%,0
9/11/2004,1.2921,1.294,1.2883,1.2898,-0.0013,-0.10%,0
10/11/2004,1.2901,1.3007,1.285,1.2893,-0.0005,-0.04%,0
11/11/2004,1.289,1.292,1.2859,1.291,0.0017,0.13%,0
12/11/2004,1.2907,1.2988,1.2876,1.2979,0.0069,0.53%,0
15/11/2004,1.2978,1.2998,1.2918,1.2941,-0.0038,-0.29%,0
16/11/2004,1.295,1.2996,1.292,1.2958,0.0017,0.13%,0
17/11/2004,1.2955,1.3049,1.2952,1.3037,0.0079,0.61%,0
18/11/2004,1.3034,1.3075,1.2942,1.2967,-0.007,-0.54%,0
19/11/2004,1.2962,1.3068,1.294,1.3019,0.0052,0.40%,0
22/11/2004,1.3038,1.3053,1.3013,1.3039,0.002,0.15%,0
23/11/2004,1.3048,1.3105,1.2977,1.3078,0.0039,0.30%,0
24/11/2004,1.3086,1.3182,1.3082,1.3181,0.0103,0.79%,0
25/11/2004,1.3187,1.3249,1.3165,1.3244,0.0063,0.48%,0
26/11/2004,1.327,1.3331,1.3185,1.3298,0.0054,0.41%,0
29/11/2004,1.327,1.3304,1.3229,1.3274,-0.0024,-0.18%,0
30/11/2004,1.328,1.3336,1.3233,1.3287,0.0013,0.10%,0
1/12/2004,1.328,1.3337,1.3278,1.3323,0.0036,0.27%,0
2/12/2004,1.3344,1.3384,1.3239,1.3268,-0.0055,-0.41%,0
3/12/2004,1.3267,1.3461,1.3258,1.3458,0.019,1.43%,0
6/12/2004,1.3444,1.3456,1.3402,1.3402,-0.0056,-0.42%,0
7/12/2004,1.3408,1.3469,1.3391,1.343,0.0028,0.21%,0
8/12/2004,1.342,1.3432,1.319,1.3326,-0.0104,-0.77%,0
9/12/2004,1.334,1.3364,1.3253,1.3326,0,0.00%,0
10/12/2004,1.3311,1.3318,1.3139,1.3234,-0.0092,-0.69%,0
13/12/2004,1.3195,1.3328,1.319,1.3314,0.008,0.60%,0
14/12/2004,1.3313,1.3337,1.3261,1.3307,-0.0007,-0.05%,0
15/12/2004,1.3297,1.3443,1.3261,1.3407,0.01,0.75%,0
16/12/2004,1.3394,1.343,1.3205,1.3241,-0.0166,-1.24%,0
17/12/2004,1.3244,1.3316,1.3227,1.3281,0.004,0.30%,0
20/12/2004,1.3329,1.341,1.33,1.3396,0.0115,0.87%,0
21/12/2004,1.3396,1.3409,1.3353,1.3369,-0.0027,-0.20%,0
22/12/2004,1.3372,1.3406,1.3344,1.3393,0.0024,0.18%,0
23/12/2004,1.3388,1.3516,1.3383,1.3514,0.0121,0.90%,0
24/12/2004,1.3517,1.3549,1.3486,1.3531,0.0017,0.13%,0
27/12/2004,1.3531,1.364,1.3517,1.3616,0.0085,0.63%,0
28/12/2004,1.3616,1.3644,1.3588,1.3607,-0.0009,-0.07%,0
29/12/2004,1.3613,1.3647,1.3557,1.3594,-0.0013,-0.10%,0
30/12/2004,1.3608,1.3666,1.3575,1.3636,0.0042,0.31%,0
31/12/2004,1.3635,1.366,1.3516,1.3567,-0.0069,-0.51%,0
3/01/2005,1.355,1.3581,1.3387,1.3471,-0.0096,-0.71%,0
4/01/2005,1.3467,1.3494,1.3252,1.3272,-0.0199,-1.48%,0
5/01/2005,1.3279,1.3303,1.3214,1.3263,-0.0009,-0.07%,0
6/01/2005,1.3261,1.3281,1.3155,1.3171,-0.0092,-0.69%,0
7/01/2005,1.3174,1.325,1.3026,1.3049,-0.0122,-0.93%,0
10/01/2005,1.3061,1.3124,1.3052,1.3083,0.0034,0.26%,0
11/01/2005,1.3075,1.3171,1.3065,1.311,0.0027,0.21%,0
12/01/2005,1.3108,1.3292,1.3082,1.3263,0.0153,1.17%,0
13/01/2005,1.3255,1.3267,1.3192,1.3207,-0.0056,-0.42%,0
14/01/2005,1.3223,1.3225,1.3057,1.3103,-0.0104,-0.79%,0
17/01/2005,1.3105,1.3128,1.3065,1.3069,-0.0034,-0.26%,0
18/01/2005,1.3065,1.3075,1.2995,1.3031,-0.0038,-0.29%,0
19/01/2005,1.3019,1.312,1.2964,1.2992,-0.0039,-0.30%,0
20/01/2005,1.3013,1.3023,1.2922,1.2963,-0.0029,-0.22%,0
21/01/2005,1.2964,1.3067,1.2934,1.3044,0.0081,0.62%,0
24/01/2005,1.3041,1.31,1.303,1.3063,0.0019,0.15%,0
25/01/2005,1.3062,1.3076,1.2944,1.2972,-0.0091,-0.70%,0
26/01/2005,1.2974,1.311,1.2967,1.307,0.0098,0.76%,0
27/01/2005,1.3074,1.3125,1.301,1.3039,-0.0031,-0.24%,0
28/01/2005,1.3044,1.3081,1.2987,1.304,0.0001,0.01%,0
31/01/2005,1.3032,1.3059,1.2976,1.303,-0.001,-0.08%,0
1/02/2005,1.3038,1.3067,1.3001,1.3046,0.0016,0.12%,0
2/02/2005,1.3047,1.3094,1.301,1.3034,-0.0012,-0.09%,0
3/02/2005,1.3027,1.3038,1.2939,1.2974,-0.006,-0.46%,0
4/02/2005,1.2976,1.3044,1.2867,1.2877,-0.0097,-0.75%,0
7/02/2005,1.286,1.2865,1.2732,1.2773,-0.0104,-0.81%,0
8/02/2005,1.2758,1.2798,1.2733,1.2775,0.0002,0.02%,0
9/02/2005,1.2762,1.2815,1.2738,1.2801,0.0026,0.20%,0
10/02/2005,1.2806,1.2907,1.2738,1.2877,0.0076,0.59%,0
11/02/2005,1.2874,1.2897,1.2846,1.2865,-0.0012,-0.09%,0
14/02/2005,1.2881,1.299,1.2878,1.2963,0.0098,0.76%,0
15/02/2005,1.2977,1.3054,1.2954,1.302,0.0057,0.44%,0
16/02/2005,1.3025,1.3065,1.296,1.3034,0.0014,0.11%,0
17/02/2005,1.3029,1.3091,1.3015,1.3075,0.0041,0.31%,0
18/02/2005,1.307,1.3083,1.3013,1.3064,-0.0011,-0.08%,0
21/02/2005,1.3045,1.308,1.3032,1.3065,0.0001,0.01%,0
22/02/2005,1.3069,1.3263,1.3055,1.3257,0.0192,1.47%,0
23/02/2005,1.326,1.3274,1.3185,1.3222,-0.0035,-0.26%,0
24/02/2005,1.3216,1.327,1.3176,1.3203,-0.0019,-0.14%,0
25/02/2005,1.32,1.3246,1.3146,1.3246,0.0043,0.33%,0
28/02/2005,1.3244,1.328,1.3231,1.3236,-0.001,-0.08%,0
1/03/2005,1.3228,1.3233,1.3168,1.3182,-0.0054,-0.41%,0
2/03/2005,1.3188,1.3189,1.3088,1.3129,-0.0053,-0.40%,0
3/03/2005,1.3143,1.3165,1.3097,1.311,-0.0019,-0.14%,0
4/03/2005,1.311,1.3255,1.3085,1.3235,0.0125,0.95%,0
7/03/2005,1.3239,1.3248,1.3178,1.3205,-0.003,-0.23%,0
8/03/2005,1.3214,1.3362,1.3209,1.3344,0.0139,1.05%,0
9/03/2005,1.3345,1.3424,1.3331,1.3399,0.0055,0.41%,0
10/03/2005,1.3391,1.3456,1.337,1.3431,0.0032,0.24%,0
11/03/2005,1.3417,1.3482,1.339,1.3453,0.0022,0.16%,0
14/03/2005,1.3461,1.3477,1.3336,1.3371,-0.0082,-0.61%,0
15/03/2005,1.337,1.3413,1.3296,1.3317,-0.0054,-0.40%,0
16/03/2005,1.3307,1.344,1.3292,1.3418,0.0101,0.76%,0
17/03/2005,1.3416,1.3423,1.3344,1.3375,-0.0043,-0.32%,0
18/03/2005,1.3376,1.3386,1.3263,1.3313,-0.0062,-0.46%,0
21/03/2005,1.3316,1.3317,1.314,1.3173,-0.014,-1.05%,0
22/03/2005,1.3157,1.3225,1.3054,1.3078,-0.0095,-0.72%,0
23/03/2005,1.3087,1.3087,1.2959,1.2974,-0.0104,-0.80%,0
24/03/2005,1.2987,1.3034,1.2935,1.2937,-0.0037,-0.29%,0
25/03/2005,1.294,1.2971,1.2929,1.2959,0.0022,0.17%,0
28/03/2005,1.2963,1.2963,1.2858,1.2885,-0.0074,-0.57%,0
29/03/2005,1.2896,1.2957,1.2877,1.2921,0.0036,0.28%,0
30/03/2005,1.2922,1.2985,1.292,1.2929,0.0008,0.06%,0
31/03/2005,1.2917,1.3019,1.2911,1.2958,0.0029,0.22%,0
1/04/2005,1.2962,1.3061,1.2869,1.2904,-0.0054,-0.42%,0
4/04/2005,1.2892,1.2905,1.2818,1.2854,-0.005,-0.39%,0
5/04/2005,1.2847,1.2874,1.28,1.2862,0.0008,0.06%,0
6/04/2005,1.2869,1.2911,1.284,1.2867,0.0005,0.04%,0
7/04/2005,1.2872,1.2941,1.2845,1.2852,-0.0015,-0.12%,0
8/04/2005,1.2856,1.2932,1.2808,1.2928,0.0076,0.59%,0
11/04/2005,1.2932,1.3004,1.2908,1.2973,0.0045,0.35%,0
12/04/2005,1.2973,1.3018,1.2864,1.2918,-0.0055,-0.42%,0
13/04/2005,1.2924,1.2955,1.285,1.291,-0.0008,-0.06%,0
14/04/2005,1.2916,1.2922,1.2765,1.2825,-0.0085,-0.66%,0
15/04/2005,1.281,1.2941,1.2778,1.2909,0.0084,0.65%,0
18/04/2005,1.2912,1.3044,1.2877,1.3011,0.0102,0.79%,0
19/04/2005,1.3024,1.3074,1.2982,1.3066,0.0055,0.42%,0
20/04/2005,1.3065,1.3102,1.2992,1.3095,0.0029,0.22%,0
21/04/2005,1.3087,1.3125,1.3025,1.3057,-0.0038,-0.29%,0
22/04/2005,1.3047,1.3094,1.3021,1.3067,0.001,0.08%,0
25/04/2005,1.307,1.307,1.2955,1.2992,-0.0075,-0.57%,0
26/04/2005,1.3008,1.3015,1.2945,1.2974,-0.0018,-0.14%,0
27/04/2005,1.2985,1.2994,1.2905,1.2932,-0.0042,-0.32%,0
28/04/2005,1.2931,1.2943,1.2882,1.2892,-0.004,-0.31%,0
29/04/2005,1.2893,1.2979,1.2858,1.2858,-0.0034,-0.26%,0
2/05/2005,1.2862,1.2875,1.2837,1.286,0.0002,0.02%,0
3/05/2005,1.2864,1.2916,1.283,1.2874,0.0014,0.11%,0
4/05/2005,1.2872,1.2974,1.2868,1.2948,0.0074,0.57%,0
5/05/2005,1.2947,1.299,1.2926,1.2953,0.0005,0.04%,0
6/05/2005,1.2959,1.2965,1.2811,1.2826,-0.0127,-0.98%,0
9/05/2005,1.2819,1.2846,1.279,1.2838,0.0012,0.09%,0
10/05/2005,1.2843,1.2891,1.2816,1.2872,0.0034,0.26%,0
11/05/2005,1.288,1.2914,1.2776,1.2805,-0.0067,-0.52%,0
12/05/2005,1.2816,1.2817,1.2692,1.2701,-0.0104,-0.81%,0
13/05/2005,1.2694,1.2696,1.261,1.2625,-0.0076,-0.60%,0
16/05/2005,1.2628,1.2648,1.2582,1.2636,0.0011,0.09%,0
17/05/2005,1.2642,1.2663,1.2606,1.2619,-0.0017,-0.13%,0
18/05/2005,1.2607,1.269,1.2586,1.2678,0.0059,0.47%,0
19/05/2005,1.2681,1.2691,1.2603,1.2638,-0.004,-0.32%,0
20/05/2005,1.2644,1.2656,1.2536,1.2555,-0.0083,-0.66%,0
23/05/2005,1.2549,1.2598,1.2535,1.2582,0.0027,0.22%,0
24/05/2005,1.2578,1.2629,1.2557,1.2584,0.0002,0.02%,0
25/05/2005,1.2584,1.2619,1.2552,1.2603,0.0019,0.15%,0
26/05/2005,1.2601,1.2613,1.2494,1.2514,-0.0089,-0.71%,0
27/05/2005,1.2513,1.2589,1.2508,1.2571,0.0057,0.46%,0
30/05/2005,1.2526,1.2545,1.2465,1.2469,-0.0102,-0.81%,0
31/05/2005,1.2477,1.2485,1.2296,1.2309,-0.016,-1.28%,0
1/06/2005,1.2303,1.234,1.2211,1.2214,-0.0095,-0.77%,0
2/06/2005,1.2179,1.2298,1.2178,1.2272,0.0058,0.47%,0
3/06/2005,1.2267,1.2345,1.2205,1.2221,-0.0051,-0.42%,0
6/06/2005,1.2229,1.2295,1.222,1.2265,0.0044,0.36%,0
7/06/2005,1.226,1.2315,1.2239,1.2282,0.0017,0.14%,0
8/06/2005,1.2286,1.2354,1.2208,1.2229,-0.0053,-0.43%,0
9/06/2005,1.2232,1.2257,1.2176,1.2222,-0.0007,-0.06%,0
10/06/2005,1.2229,1.2251,1.2106,1.2116,-0.0106,-0.87%,0
13/06/2005,1.2113,1.2122,1.2027,1.2114,-0.0002,-0.02%,0
14/06/2005,1.2109,1.2155,1.2023,1.2032,-0.0082,-0.68%,0
15/06/2005,1.2035,1.2134,1.2016,1.2109,0.0077,0.64%,0
16/06/2005,1.2114,1.2169,1.2056,1.2096,-0.0013,-0.11%,0
17/06/2005,1.2109,1.2283,1.2092,1.2278,0.0182,1.50%,0
20/06/2005,1.2218,1.2241,1.2124,1.2144,-0.0134,-1.09%,0
21/06/2005,1.2156,1.2181,1.207,1.2173,0.0029,0.24%,0
22/06/2005,1.2184,1.2206,1.2099,1.2128,-0.0045,-0.37%,0
23/06/2005,1.2128,1.2145,1.2017,1.2038,-0.009,-0.74%,0
24/06/2005,1.2038,1.2108,1.1981,1.2094,0.0056,0.47%,0
27/06/2005,1.2093,1.2186,1.2092,1.2157,0.0063,0.52%,0
28/06/2005,1.2166,1.2175,1.2062,1.2071,-0.0086,-0.71%,0
29/06/2005,1.2054,1.2112,1.2015,1.2075,0.0004,0.03%,0
30/06/2005,1.207,1.212,1.2043,1.2102,0.0027,0.22%,0
1/07/2005,1.2107,1.2107,1.1941,1.1948,-0.0154,-1.27%,0
4/07/2005,1.1944,1.195,1.1889,1.1901,-0.0047,-0.39%,0
5/07/2005,1.1903,1.194,1.1868,1.1916,0.0015,0.13%,0
6/07/2005,1.1911,1.1953,1.1893,1.1927,0.0011,0.09%,0
7/07/2005,1.1934,1.2042,1.191,1.1944,0.0017,0.14%,0
8/07/2005,1.1951,1.1988,1.1872,1.1953,0.0009,0.08%,0
11/07/2005,1.1971,1.2085,1.1958,1.2074,0.0121,1.01%,0
12/07/2005,1.2074,1.2256,1.2054,1.2236,0.0162,1.34%,0
13/07/2005,1.2239,1.2245,1.2073,1.2088,-0.0148,-1.21%,0
14/07/2005,1.2094,1.2125,1.2058,1.2093,0.0005,0.04%,0
15/07/2005,1.2083,1.2137,1.2021,1.2042,-0.0051,-0.42%,0
18/07/2005,1.2029,1.2089,1.2022,1.2052,0.001,0.08%,0
19/07/2005,1.205,1.2067,1.1953,1.2038,-0.0014,-0.12%,0
20/07/2005,1.203,1.2186,1.1998,1.2153,0.0115,0.96%,0
21/07/2005,1.2138,1.2255,1.21,1.2167,0.0014,0.12%,0
22/07/2005,1.2174,1.2191,1.2055,1.2065,-0.0102,-0.84%,0
25/07/2005,1.2058,1.2088,1.2028,1.2073,0.0008,0.07%,0
26/07/2005,1.2058,1.2071,1.1982,1.2015,-0.0058,-0.48%,0
27/07/2005,1.2016,1.2085,1.1966,1.2077,0.0062,0.52%,0
28/07/2005,1.2071,1.215,1.2037,1.2136,0.0059,0.49%,0
29/07/2005,1.2138,1.216,1.2076,1.2123,-0.0013,-0.11%,0
1/08/2005,1.2123,1.2249,1.2119,1.219,0.0067,0.55%,0
2/08/2005,1.218,1.2253,1.2172,1.2197,0.0007,0.06%,0
3/08/2005,1.2191,1.2346,1.2149,1.2333,0.0136,1.12%,0
4/08/2005,1.2338,1.2404,1.23,1.2379,0.0046,0.37%,0
5/08/2005,1.2385,1.2395,1.2312,1.2343,-0.0036,-0.29%,0
8/08/2005,1.2348,1.239,1.2316,1.2352,0.0009,0.07%,0
9/08/2005,1.2351,1.2415,1.2331,1.2371,0.0019,0.15%,0
10/08/2005,1.2372,1.2426,1.2336,1.2373,0.0002,0.02%,0
11/08/2005,1.2381,1.2452,1.2377,1.2447,0.0074,0.60%,0
12/08/2005,1.2472,1.2486,1.2386,1.2441,-0.0006,-0.05%,0
15/08/2005,1.246,1.2465,1.2346,1.2368,-0.0073,-0.59%,0
16/08/2005,1.2368,1.2374,1.2295,1.2359,-0.0009,-0.07%,0
17/08/2005,1.2362,1.2369,1.2261,1.2273,-0.0086,-0.70%,0
18/08/2005,1.227,1.2296,1.2159,1.218,-0.0093,-0.76%,0
19/08/2005,1.2176,1.2195,1.2127,1.2165,-0.0015,-0.12%,0
22/08/2005,1.2167,1.2244,1.2157,1.2232,0.0067,0.55%,0
23/08/2005,1.2226,1.2255,1.2191,1.2227,-0.0005,-0.04%,0
24/08/2005,1.2237,1.2279,1.2163,1.2271,0.0044,0.36%,0
25/08/2005,1.2274,1.2328,1.2257,1.2303,0.0032,0.26%,0
26/08/2005,1.2301,1.2342,1.2272,1.2285,-0.0018,-0.15%,0
29/08/2005,1.2297,1.2346,1.2218,1.2227,-0.0058,-0.47%,0
30/08/2005,1.2235,1.2239,1.2172,1.2219,-0.0008,-0.07%,0
31/08/2005,1.2218,1.2358,1.219,1.2332,0.0113,0.92%,0
1/09/2005,1.2345,1.2528,1.2325,1.2497,0.0165,1.34%,0
2/09/2005,1.2501,1.2589,1.2467,1.2543,0.0046,0.37%,0
5/09/2005,1.2538,1.2585,1.2514,1.2528,-0.0015,-0.12%,0
6/09/2005,1.2537,1.2546,1.2445,1.2476,-0.0052,-0.42%,0
7/09/2005,1.2466,1.2538,1.2407,1.2418,-0.0058,-0.46%,0
8/09/2005,1.2416,1.2452,1.2384,1.2406,-0.0012,-0.10%,0
9/09/2005,1.2397,1.2459,1.2376,1.2408,0.0002,0.02%,0
12/09/2005,1.2407,1.2415,1.2271,1.228,-0.0128,-1.03%,0
13/09/2005,1.2288,1.2318,1.2247,1.2267,-0.0013,-0.11%,0
14/09/2005,1.2265,1.2328,1.2257,1.228,0.0013,0.11%,0
15/09/2005,1.2284,1.2291,1.2194,1.2219,-0.0061,-0.50%,0
16/09/2005,1.2224,1.231,1.2202,1.224,0.0021,0.17%,0
19/09/2005,1.2168,1.2178,1.2101,1.2149,-0.0091,-0.74%,0
20/09/2005,1.2142,1.219,1.2119,1.2125,-0.0024,-0.20%,0
21/09/2005,1.2116,1.2241,1.2112,1.2208,0.0083,0.68%,0
22/09/2005,1.2212,1.227,1.2132,1.2155,-0.0053,-0.43%,0
23/09/2005,1.2154,1.2169,1.2042,1.2046,-0.0109,-0.90%,0
26/09/2005,1.2038,1.2077,1.2012,1.2068,0.0022,0.18%,0
27/09/2005,1.2073,1.2084,1.1979,1.201,-0.0058,-0.48%,0
28/09/2005,1.2014,1.2056,1.1993,1.2026,0.0016,0.13%,0
29/09/2005,1.2035,1.2076,1.2007,1.2043,0.0017,0.14%,0
30/09/2005,1.2032,1.209,1.1997,1.2029,-0.0014,-0.12%,0
3/10/2005,1.2026,1.2032,1.1904,1.1916,-0.0113,-0.94%,0
4/10/2005,1.1919,1.1948,1.1902,1.1924,0.0008,0.07%,0
5/10/2005,1.1918,1.1987,1.1915,1.1954,0.003,0.25%,0
6/10/2005,1.1976,1.2205,1.1973,1.2188,0.0234,1.96%,0
7/10/2005,1.218,1.2191,1.2093,1.2123,-0.0065,-0.53%,0
10/10/2005,1.2115,1.2154,1.2041,1.2067,-0.0056,-0.46%,0
11/10/2005,1.2067,1.2074,1.1977,1.1997,-0.007,-0.58%,0
12/10/2005,1.1994,1.2054,1.1954,1.2028,0.0031,0.26%,0
13/10/2005,1.2027,1.2037,1.1915,1.2034,0.0006,0.05%,0
14/10/2005,1.2026,1.2109,1.1979,1.2086,0.0052,0.43%,0
17/10/2005,1.2083,1.2121,1.2012,1.203,-0.0056,-0.46%,0
18/10/2005,1.2027,1.2029,1.1916,1.1959,-0.0071,-0.59%,0
19/10/2005,1.1957,1.2002,1.1876,1.1994,0.0035,0.29%,0
20/10/2005,1.1992,1.202,1.1949,1.2014,0.002,0.17%,0
21/10/2005,1.2024,1.2076,1.1931,1.1953,-0.0061,-0.51%,0
24/10/2005,1.1937,1.2022,1.1924,1.1984,0.0031,0.26%,0
25/10/2005,1.1987,1.2118,1.1936,1.2106,0.0122,1.02%,0
26/10/2005,1.2108,1.2137,1.2049,1.2071,-0.0035,-0.29%,0
27/10/2005,1.207,1.2173,1.2043,1.2143,0.0072,0.60%,0
28/10/2005,1.2142,1.217,1.2049,1.2066,-0.0077,-0.63%,0
31/10/2005,1.2062,1.209,1.1969,1.1989,-0.0077,-0.64%,0
1/11/2005,1.1993,1.2027,1.1973,1.201,0.0021,0.18%,0
2/11/2005,1.202,1.2084,1.1989,1.2066,0.0056,0.47%,0
3/11/2005,1.2073,1.2083,1.1936,1.1944,-0.0122,-1.01%,0
4/11/2005,1.1946,1.1993,1.1805,1.1819,-0.0125,-1.05%,0
7/11/2005,1.1812,1.1833,1.1776,1.1813,-0.0006,-0.05%,0
8/11/2005,1.1803,1.1804,1.1711,1.1782,-0.0031,-0.26%,0
9/11/2005,1.1781,1.1789,1.1723,1.1764,-0.0018,-0.15%,0
10/11/2005,1.1765,1.1796,1.1678,1.1684,-0.008,-0.68%,0
11/11/2005,1.1687,1.1714,1.1671,1.1713,0.0029,0.25%,0
14/11/2005,1.1722,1.1774,1.1661,1.1693,-0.002,-0.17%,0
15/11/2005,1.1688,1.1724,1.1641,1.1721,0.0028,0.24%,0
16/11/2005,1.1716,1.1738,1.1647,1.1678,-0.0043,-0.37%,0
17/11/2005,1.1672,1.1763,1.1643,1.175,0.0072,0.62%,0
18/11/2005,1.1749,1.1795,1.1665,1.1765,0.0015,0.13%,0
21/11/2005,1.1773,1.1837,1.172,1.1726,-0.0039,-0.33%,0
22/11/2005,1.1728,1.1824,1.1686,1.1814,0.0088,0.75%,0
23/11/2005,1.1814,1.1867,1.1764,1.1812,-0.0002,-0.02%,0
24/11/2005,1.1821,1.1825,1.1771,1.1787,-0.0025,-0.21%,0
25/11/2005,1.1788,1.1789,1.1709,1.1727,-0.006,-0.51%,0
28/11/2005,1.1715,1.1902,1.1684,1.1856,0.0129,1.10%,0
29/11/2005,1.185,1.1863,1.174,1.1786,-0.007,-0.59%,0
30/11/2005,1.1779,1.1803,1.1755,1.1792,0.0006,0.05%,0
1/12/2005,1.1789,1.1804,1.169,1.1737,-0.0055,-0.47%,0
2/12/2005,1.1738,1.175,1.1662,1.1714,-0.0023,-0.20%,0
5/12/2005,1.1702,1.1821,1.1689,1.1793,0.0079,0.67%,0
6/12/2005,1.1788,1.1808,1.1757,1.1787,-0.0006,-0.05%,0
7/12/2005,1.1779,1.1804,1.1704,1.1726,-0.0061,-0.52%,0
8/12/2005,1.1726,1.1851,1.1704,1.1817,0.0091,0.78%,0
9/12/2005,1.182,1.1839,1.1767,1.1818,0.0001,0.01%,0
12/12/2005,1.1786,1.1984,1.1778,1.1952,0.0134,1.13%,0
13/12/2005,1.1953,1.1986,1.1907,1.1942,-0.001,-0.08%,0
14/12/2005,1.1947,1.2062,1.1932,1.2005,0.0063,0.53%,0
15/12/2005,1.2001,1.204,1.1936,1.1973,-0.0032,-0.27%,0
16/12/2005,1.1978,1.2028,1.1937,1.2013,0.004,0.33%,0
19/12/2005,1.2028,1.2039,1.1975,1.2008,-0.0005,-0.04%,0
20/12/2005,1.2008,1.2013,1.1842,1.1865,-0.0143,-1.19%,0
21/12/2005,1.1862,1.1912,1.1802,1.1837,-0.0028,-0.24%,0
22/12/2005,1.1836,1.1898,1.1811,1.1875,0.0038,0.32%,0
23/12/2005,1.1869,1.1886,1.1829,1.1869,-0.0006,-0.05%,0
26/12/2005,1.1863,1.1897,1.1832,1.1854,-0.0015,-0.13%,0
27/12/2005,1.1846,1.1878,1.1829,1.1832,-0.0022,-0.19%,0
28/12/2005,1.1827,1.1932,1.1813,1.1835,0.0003,0.03%,0
29/12/2005,1.183,1.1883,1.182,1.1848,0.0013,0.11%,0
30/12/2005,1.1839,1.1889,1.1778,1.1837,-0.0011,-0.09%,0
2/01/2006,1.1845,1.1868,1.1802,1.1825,-0.0012,-0.10%,0
3/01/2006,1.1821,1.2032,1.181,1.2027,0.0202,1.71%,0
4/01/2006,1.2018,1.2144,1.2005,1.2131,0.0104,0.86%,0
5/01/2006,1.212,1.2121,1.2067,1.2104,-0.0027,-0.22%,0
6/01/2006,1.211,1.2186,1.208,1.2155,0.0051,0.42%,0
9/01/2006,1.2152,1.2156,1.2054,1.2083,-0.0072,-0.59%,0
10/01/2006,1.2088,1.2111,1.2037,1.2069,-0.0014,-0.12%,0
11/01/2006,1.2065,1.2146,1.2047,1.2127,0.0058,0.48%,0
12/01/2006,1.2128,1.2163,1.2008,1.2034,-0.0093,-0.77%,0
13/01/2006,1.2037,1.2143,1.2028,1.2135,0.0101,0.84%,0
16/01/2006,1.2147,1.2175,1.2106,1.2123,-0.0012,-0.10%,0
17/01/2006,1.2128,1.2143,1.2052,1.2106,-0.0017,-0.14%,0
18/01/2006,1.2106,1.2159,1.207,1.2108,0.0002,0.02%,0
19/01/2006,1.2112,1.2125,1.2055,1.2095,-0.0013,-0.11%,0
20/01/2006,1.2098,1.2142,1.2042,1.2138,0.0043,0.36%,0
23/01/2006,1.2144,1.2307,1.2139,1.2306,0.0168,1.38%,0
24/01/2006,1.2306,1.2322,1.2258,1.2288,-0.0018,-0.15%,0
25/01/2006,1.2281,1.2324,1.2236,1.2246,-0.0042,-0.34%,0
26/01/2006,1.2242,1.227,1.22,1.2214,-0.0032,-0.26%,0
27/01/2006,1.2208,1.2234,1.2087,1.2105,-0.0109,-0.89%,0
30/01/2006,1.2104,1.2116,1.2065,1.2085,-0.002,-0.17%,0
31/01/2006,1.2089,1.219,1.2079,1.2151,0.0066,0.55%,0
1/02/2006,1.2157,1.2166,1.205,1.2063,-0.0088,-0.72%,0
2/02/2006,1.2065,1.2108,1.2032,1.2098,0.0035,0.29%,0
3/02/2006,1.2092,1.2113,1.197,1.2022,-0.0076,-0.63%,0
6/02/2006,1.2038,1.2046,1.1946,1.1957,-0.0065,-0.54%,0
7/02/2006,1.1967,1.2015,1.1943,1.197,0.0013,0.11%,0
8/02/2006,1.1981,1.1994,1.1924,1.1954,-0.0016,-0.13%,0
9/02/2006,1.1965,1.1996,1.1946,1.1976,0.0022,0.18%,0
10/02/2006,1.1981,1.2027,1.1893,1.19,-0.0076,-0.63%,0
13/02/2006,1.1903,1.1921,1.1878,1.191,0.001,0.08%,0
14/02/2006,1.1893,1.1926,1.1861,1.1916,0.0006,0.05%,0
15/02/2006,1.1916,1.1956,1.1871,1.1884,-0.0032,-0.27%,0
16/02/2006,1.1891,1.1898,1.185,1.1893,0.0009,0.08%,0
17/02/2006,1.1907,1.1944,1.1858,1.1933,0.004,0.34%,0
20/02/2006,1.193,1.1977,1.1924,1.1942,0.0009,0.08%,0
21/02/2006,1.1938,1.1943,1.189,1.1917,-0.0025,-0.21%,0
22/02/2006,1.1912,1.1932,1.1863,1.1904,-0.0013,-0.11%,0
23/02/2006,1.1915,1.1971,1.1892,1.1917,0.0013,0.11%,0
24/02/2006,1.1918,1.1935,1.1865,1.1872,-0.0045,-0.38%,0
27/02/2006,1.1874,1.1878,1.1826,1.1852,-0.002,-0.17%,0
28/02/2006,1.1846,1.1944,1.1834,1.1923,0.0071,0.60%,0
1/03/2006,1.1921,1.1974,1.189,1.1916,-0.0007,-0.06%,0
2/03/2006,1.1923,1.2044,1.1912,1.2042,0.0126,1.06%,0
3/03/2006,1.2038,1.2052,1.1996,1.2039,-0.0003,-0.02%,0
6/03/2006,1.2047,1.2094,1.1992,1.2022,-0.0017,-0.14%,0
7/03/2006,1.2018,1.2022,1.1868,1.1884,-0.0138,-1.15%,0
8/03/2006,1.1889,1.1942,1.1874,1.192,0.0036,0.30%,0
9/03/2006,1.1925,1.1953,1.1904,1.1912,-0.0008,-0.07%,0
10/03/2006,1.1912,1.1928,1.186,1.1913,0.0001,0.01%,0
13/03/2006,1.1914,1.1969,1.191,1.1963,0.005,0.42%,0
14/03/2006,1.1964,1.2033,1.1942,1.2023,0.006,0.50%,0
15/03/2006,1.2012,1.2075,1.2007,1.2072,0.0049,0.41%,0
16/03/2006,1.207,1.219,1.2038,1.2174,0.0102,0.84%,0
17/03/2006,1.2183,1.2209,1.2141,1.2199,0.0025,0.21%,0
20/03/2006,1.2183,1.2197,1.2147,1.2168,-0.0031,-0.25%,0
21/03/2006,1.2165,1.2165,1.2078,1.2093,-0.0075,-0.62%,0
22/03/2006,1.2096,1.2116,1.2066,1.2079,-0.0014,-0.12%,0
23/03/2006,1.2078,1.2082,1.1955,1.1974,-0.0105,-0.87%,0
24/03/2006,1.1973,1.2048,1.1953,1.2031,0.0057,0.48%,0
27/03/2006,1.2038,1.206,1.2006,1.201,-0.0021,-0.17%,0
28/03/2006,1.2015,1.2107,1.1994,1.2018,0.0008,0.07%,0
29/03/2006,1.2,1.2049,1.1981,1.2032,0.0014,0.12%,0
30/03/2006,1.2025,1.2167,1.2021,1.2161,0.0129,1.07%,0
31/03/2006,1.2167,1.2177,1.2086,1.2116,-0.0045,-0.37%,0
3/04/2006,1.2112,1.215,1.2035,1.2141,0.0025,0.21%,0
4/04/2006,1.2139,1.2276,1.2122,1.2258,0.0117,0.96%,0
5/04/2006,1.2255,1.2308,1.2244,1.2293,0.0035,0.29%,0
6/04/2006,1.2289,1.2333,1.2198,1.2228,-0.0065,-0.53%,0
7/04/2006,1.2229,1.2234,1.2091,1.2104,-0.0124,-1.01%,0
10/04/2006,1.2104,1.213,1.2076,1.2104,0,0.00%,0
11/04/2006,1.211,1.2144,1.209,1.2142,0.0038,0.31%,0
12/04/2006,1.2145,1.2169,1.2067,1.2105,-0.0037,-0.30%,0
13/04/2006,1.2103,1.2133,1.207,1.2114,0.0009,0.07%,0
14/04/2006,1.2108,1.212,1.2094,1.211,-0.0004,-0.03%,0
17/04/2006,1.2124,1.2289,1.212,1.2253,0.0143,1.18%,0
18/04/2006,1.2251,1.2323,1.2224,1.2314,0.0061,0.50%,0
19/04/2006,1.2348,1.2397,1.2286,1.2391,0.0077,0.63%,0
20/04/2006,1.2383,1.2383,1.2288,1.2315,-0.0076,-0.61%,0
21/04/2006,1.2318,1.2359,1.2266,1.2337,0.0022,0.18%,0
24/04/2006,1.236,1.2416,1.2334,1.2405,0.0068,0.55%,0
25/04/2006,1.239,1.244,1.2366,1.2432,0.0027,0.22%,0
26/04/2006,1.2431,1.2472,1.2386,1.245,0.0018,0.14%,0
27/04/2006,1.2454,1.2547,1.2406,1.2535,0.0085,0.68%,0
28/04/2006,1.2535,1.2635,1.2521,1.2615,0.008,0.64%,0
1/05/2006,1.2632,1.2691,1.257,1.257,-0.0045,-0.36%,0
2/05/2006,1.2588,1.2668,1.2559,1.2624,0.0054,0.43%,0
3/05/2006,1.2614,1.267,1.2591,1.2627,0.0003,0.02%,0
4/05/2006,1.2632,1.2725,1.2572,1.2714,0.0087,0.69%,0
5/05/2006,1.2693,1.2766,1.2675,1.2735,0.0021,0.17%,0
8/05/2006,1.2737,1.2787,1.2693,1.2704,-0.0031,-0.24%,0
9/05/2006,1.2714,1.2784,1.2662,1.2754,0.005,0.39%,0
10/05/2006,1.2758,1.2833,1.2752,1.2812,0.0058,0.45%,0
11/05/2006,1.2783,1.2872,1.2686,1.2848,0.0036,0.28%,0
12/05/2006,1.2837,1.2957,1.2831,1.2915,0.0067,0.52%,0
15/05/2006,1.2943,1.2974,1.2786,1.2797,-0.0118,-0.91%,0
16/05/2006,1.2798,1.2868,1.277,1.2861,0.0064,0.50%,0
17/05/2006,1.2859,1.2919,1.2704,1.2737,-0.0124,-0.96%,0
18/05/2006,1.2744,1.2838,1.2723,1.2828,0.0091,0.71%,0
19/05/2006,1.2845,1.2872,1.2694,1.2774,-0.0054,-0.42%,0
22/05/2006,1.2762,1.2888,1.2694,1.2868,0.0094,0.74%,0
23/05/2006,1.2867,1.288,1.2808,1.2867,-0.0001,-0.01%,0
24/05/2006,1.2812,1.289,1.2731,1.2773,-0.0094,-0.73%,0
25/05/2006,1.2755,1.2818,1.2748,1.2794,0.0021,0.16%,0
26/05/2006,1.2799,1.2834,1.2702,1.274,-0.0054,-0.42%,0
29/05/2006,1.2736,1.2769,1.272,1.2751,0.0011,0.09%,0
30/05/2006,1.275,1.291,1.2741,1.2872,0.0121,0.95%,0
31/05/2006,1.2869,1.2902,1.2808,1.2815,-0.0057,-0.44%,0
1/06/2006,1.2811,1.2825,1.2724,1.2793,-0.0022,-0.17%,0
2/06/2006,1.2807,1.2941,1.2797,1.2921,0.0128,1.00%,0
5/06/2006,1.2936,1.298,1.2915,1.2919,-0.0002,-0.02%,0
6/06/2006,1.2907,1.2935,1.281,1.2837,-0.0082,-0.63%,0
7/06/2006,1.2833,1.2837,1.2762,1.2797,-0.004,-0.31%,0
8/06/2006,1.2786,1.2809,1.2628,1.2651,-0.0146,-1.14%,0
9/06/2006,1.2652,1.2683,1.2598,1.2643,-0.0008,-0.06%,0
12/06/2006,1.262,1.2651,1.2566,1.2604,-0.0039,-0.31%,0
13/06/2006,1.2586,1.2616,1.253,1.2545,-0.0059,-0.47%,0
14/06/2006,1.2535,1.2648,1.2533,1.2605,0.006,0.48%,0
15/06/2006,1.2598,1.2658,1.2581,1.2614,0.0009,0.07%,0
16/06/2006,1.2638,1.2673,1.2619,1.2641,0.0027,0.21%,0
19/06/2006,1.2648,1.2652,1.2552,1.2576,-0.0065,-0.51%,0
20/06/2006,1.2577,1.2617,1.2539,1.2585,0.0009,0.07%,0
21/06/2006,1.2578,1.2678,1.2576,1.2663,0.0078,0.62%,0
22/06/2006,1.2661,1.2679,1.2552,1.2578,-0.0085,-0.67%,0
23/06/2006,1.2578,1.2587,1.2479,1.2513,-0.0065,-0.52%,0
26/06/2006,1.2515,1.2604,1.2502,1.2579,0.0066,0.53%,0
27/06/2006,1.2581,1.262,1.2563,1.2586,0.0007,0.06%,0
28/06/2006,1.2576,1.2587,1.2517,1.2553,-0.0033,-0.26%,0
29/06/2006,1.2557,1.2667,1.2521,1.2647,0.0094,0.75%,0
30/06/2006,1.2666,1.2792,1.2657,1.2788,0.0141,1.11%,0
3/07/2006,1.2783,1.2822,1.2761,1.2804,0.0016,0.13%,0
4/07/2006,1.2804,1.2823,1.2788,1.2804,0,0.00%,0
5/07/2006,1.28,1.2838,1.2709,1.2732,-0.0072,-0.56%,0
6/07/2006,1.2726,1.2783,1.2717,1.2779,0.0047,0.37%,0
7/07/2006,1.2781,1.2862,1.2767,1.2816,0.0037,0.29%,0
10/07/2006,1.2814,1.2819,1.2721,1.274,-0.0076,-0.59%,0
11/07/2006,1.2731,1.2778,1.2706,1.2773,0.0033,0.26%,0
12/07/2006,1.2775,1.2778,1.2676,1.27,-0.0073,-0.57%,0
13/07/2006,1.2705,1.2731,1.2666,1.269,-0.001,-0.08%,0
14/07/2006,1.269,1.2698,1.2626,1.2649,-0.0041,-0.32%,0
17/07/2006,1.2651,1.2657,1.2512,1.252,-0.0129,-1.02%,0
18/07/2006,1.2519,1.2559,1.2474,1.2506,-0.0014,-0.11%,0
19/07/2006,1.2506,1.261,1.2457,1.2597,0.0091,0.73%,0
20/07/2006,1.2588,1.2654,1.2585,1.2632,0.0035,0.28%,0
21/07/2006,1.2628,1.2696,1.2624,1.2692,0.006,0.47%,0
24/07/2006,1.271,1.2711,1.2612,1.2631,-0.0061,-0.48%,0
25/07/2006,1.2636,1.2672,1.2563,1.2579,-0.0052,-0.41%,0
26/07/2006,1.2579,1.2702,1.2561,1.2698,0.0119,0.95%,0
27/07/2006,1.2718,1.2771,1.2681,1.2697,-0.0001,-0.01%,0
28/07/2006,1.2697,1.2769,1.266,1.2752,0.0055,0.43%,0
31/07/2006,1.2767,1.2784,1.2742,1.277,0.0018,0.14%,0
1/08/2006,1.2766,1.2823,1.2721,1.2823,0.0053,0.42%,0
2/08/2006,1.2827,1.2836,1.2776,1.2791,-0.0032,-0.25%,0
3/08/2006,1.2786,1.2834,1.2742,1.2808,0.0017,0.13%,0
4/08/2006,1.2802,1.2909,1.2778,1.288,0.0072,0.56%,0
7/08/2006,1.2873,1.2894,1.283,1.2847,-0.0033,-0.26%,0
8/08/2006,1.2841,1.2892,1.2807,1.285,0.0003,0.02%,0
9/08/2006,1.2835,1.2902,1.2765,1.2865,0.0015,0.12%,0
10/08/2006,1.2862,1.2913,1.2747,1.2795,-0.007,-0.54%,0
11/08/2006,1.2794,1.2801,1.2717,1.273,-0.0065,-0.51%,0
14/08/2006,1.2723,1.2764,1.271,1.271,-0.002,-0.16%,0
15/08/2006,1.2714,1.2803,1.2697,1.2786,0.0076,0.60%,0
16/08/2006,1.2783,1.2865,1.2772,1.2838,0.0052,0.41%,0
17/08/2006,1.2839,1.2887,1.2813,1.2829,-0.0009,-0.07%,0
18/08/2006,1.2828,1.2845,1.2781,1.2828,-0.0001,-0.01%,0
21/08/2006,1.2829,1.2939,1.2826,1.2895,0.0067,0.52%,0
22/08/2006,1.2893,1.2898,1.2786,1.2801,-0.0094,-0.73%,0
23/08/2006,1.2801,1.2852,1.2776,1.279,-0.0011,-0.09%,0
24/08/2006,1.2788,1.2842,1.2751,1.2761,-0.0029,-0.23%,0
25/08/2006,1.2765,1.2785,1.2726,1.2758,-0.0003,-0.02%,0
28/08/2006,1.2765,1.2822,1.2755,1.2787,0.0029,0.23%,0
29/08/2006,1.278,1.2839,1.275,1.2831,0.0044,0.34%,0
30/08/2006,1.2823,1.2854,1.2812,1.2834,0.0003,0.02%,0
31/08/2006,1.2834,1.288,1.2787,1.281,-0.0024,-0.19%,0
1/09/2006,1.2815,1.2847,1.2756,1.2833,0.0023,0.18%,0
4/09/2006,1.2841,1.2872,1.284,1.2871,0.0038,0.30%,0
5/09/2006,1.2873,1.2876,1.2797,1.2819,-0.0052,-0.40%,0
6/09/2006,1.2817,1.2834,1.2771,1.281,-0.0009,-0.07%,0
7/09/2006,1.2805,1.2831,1.2707,1.2729,-0.0081,-0.63%,0
8/09/2006,1.2729,1.274,1.2653,1.2678,-0.0051,-0.40%,0
11/09/2006,1.267,1.274,1.2649,1.2705,0.0027,0.21%,0
12/09/2006,1.2701,1.2734,1.2672,1.2693,-0.0012,-0.09%,0
13/09/2006,1.2688,1.2718,1.2666,1.2697,0.0004,0.03%,0
14/09/2006,1.2689,1.2753,1.2678,1.273,0.0033,0.26%,0
15/09/2006,1.2723,1.2736,1.2631,1.2664,-0.0066,-0.52%,0
18/09/2006,1.2643,1.271,1.2631,1.2706,0.0042,0.33%,0
19/09/2006,1.2705,1.2728,1.2652,1.2679,-0.0027,-0.21%,0
20/09/2006,1.2678,1.2729,1.2666,1.2687,0.0008,0.06%,0
21/09/2006,1.2687,1.28,1.2683,1.2795,0.0108,0.85%,0
22/09/2006,1.278,1.2831,1.2777,1.2785,-0.001,-0.08%,0
25/09/2006,1.2786,1.282,1.2731,1.2759,-0.0026,-0.20%,0
26/09/2006,1.2747,1.2762,1.2663,1.2692,-0.0067,-0.53%,0
27/09/2006,1.2691,1.2718,1.2671,1.2701,0.0009,0.07%,0
28/09/2006,1.2703,1.2734,1.2679,1.2704,0.0003,0.02%,0
29/09/2006,1.2705,1.2714,1.264,1.2681,-0.0023,-0.18%,0
2/10/2006,1.2685,1.2758,1.2663,1.2739,0.0058,0.46%,0
3/10/2006,1.2737,1.2765,1.272,1.2728,-0.0011,-0.09%,0
4/10/2006,1.2732,1.2739,1.2668,1.2715,-0.0013,-0.10%,0
5/10/2006,1.2715,1.2726,1.2672,1.2692,-0.0023,-0.18%,0
6/10/2006,1.2696,1.2715,1.2573,1.2596,-0.0096,-0.76%,0
9/10/2006,1.2592,1.2614,1.2585,1.2601,0.0005,0.04%,0
10/10/2006,1.2595,1.2614,1.2518,1.2535,-0.0066,-0.52%,0
11/10/2006,1.2538,1.2559,1.2503,1.2523,-0.0012,-0.10%,0
12/10/2006,1.2516,1.2566,1.2513,1.2553,0.003,0.24%,0
13/10/2006,1.2556,1.2579,1.2484,1.2507,-0.0046,-0.37%,0
16/10/2006,1.2507,1.2537,1.249,1.2527,0.002,0.16%,0
17/10/2006,1.2533,1.2566,1.2509,1.2552,0.0025,0.20%,0
18/10/2006,1.2546,1.256,1.2502,1.2536,-0.0016,-0.13%,0
19/10/2006,1.2534,1.2642,1.2528,1.2627,0.0091,0.73%,0
20/10/2006,1.2625,1.2641,1.2598,1.2619,-0.0008,-0.06%,0
23/10/2006,1.2618,1.2622,1.2537,1.2551,-0.0068,-0.54%,0
24/10/2006,1.2552,1.2577,1.2525,1.2563,0.0012,0.10%,0
25/10/2006,1.2559,1.2624,1.2551,1.261,0.0047,0.37%,0
26/10/2006,1.2602,1.2703,1.2601,1.2693,0.0083,0.66%,0
27/10/2006,1.2692,1.275,1.2666,1.274,0.0047,0.37%,0
30/10/2006,1.2731,1.2736,1.27,1.2729,-0.0011,-0.09%,0
31/10/2006,1.2725,1.2783,1.2678,1.2764,0.0035,0.27%,0
1/11/2006,1.2763,1.2799,1.2743,1.2754,-0.001,-0.08%,0
2/11/2006,1.2757,1.2785,1.2737,1.2776,0.0022,0.17%,0
3/11/2006,1.2779,1.2791,1.2683,1.2715,-0.0061,-0.48%,0
6/11/2006,1.2719,1.2725,1.269,1.2723,0.0008,0.06%,0
7/11/2006,1.2723,1.2819,1.2723,1.2773,0.005,0.39%,0
8/11/2006,1.2777,1.2808,1.2747,1.2768,-0.0005,-0.04%,0
9/11/2006,1.2757,1.2847,1.2751,1.2827,0.0059,0.46%,0
10/11/2006,1.2828,1.2901,1.2828,1.2851,0.0024,0.19%,0
13/11/2006,1.2846,1.2877,1.2798,1.2805,-0.0046,-0.36%,0
14/11/2006,1.2806,1.2872,1.2791,1.2825,0.002,0.16%,0
15/11/2006,1.2811,1.2835,1.2773,1.2825,0,0.00%,0
16/11/2006,1.2828,1.2841,1.2784,1.2794,-0.0031,-0.24%,0
17/11/2006,1.2796,1.2846,1.2763,1.2819,0.0025,0.20%,0
20/11/2006,1.283,1.2852,1.2805,1.2816,-0.0003,-0.02%,0
21/11/2006,1.2816,1.2854,1.2798,1.2847,0.0031,0.24%,0
22/11/2006,1.2845,1.2957,1.2841,1.2941,0.0094,0.73%,0
23/11/2006,1.2942,1.2976,1.2927,1.2947,0.0006,0.05%,0
24/11/2006,1.2946,1.3109,1.2945,1.3095,0.0148,1.14%,0
27/11/2006,1.3161,1.3165,1.3087,1.3133,0.0038,0.29%,0
28/11/2006,1.3134,1.3205,1.312,1.3202,0.0069,0.53%,0
29/11/2006,1.32,1.3219,1.3133,1.3153,-0.0049,-0.37%,0
30/11/2006,1.3156,1.3275,1.3142,1.3248,0.0095,0.72%,0
1/12/2006,1.3243,1.3349,1.3221,1.3338,0.009,0.68%,0
4/12/2006,1.3333,1.3367,1.3282,1.3327,-0.0011,-0.08%,0
5/12/2006,1.3342,1.3364,1.3287,1.3324,-0.0003,-0.02%,0
6/12/2006,1.3317,1.3343,1.3256,1.3287,-0.0037,-0.28%,0
7/12/2006,1.3288,1.3325,1.3275,1.3283,-0.0004,-0.03%,0
8/12/2006,1.329,1.3362,1.3192,1.321,-0.0073,-0.55%,0
11/12/2006,1.3184,1.3263,1.3131,1.3241,0.0031,0.23%,0
12/12/2006,1.3237,1.3293,1.3215,1.3281,0.004,0.30%,0
13/12/2006,1.3286,1.3289,1.3193,1.3209,-0.0072,-0.54%,0
14/12/2006,1.3215,1.3255,1.3142,1.3149,-0.006,-0.45%,0
15/12/2006,1.3143,1.3184,1.306,1.3078,-0.0071,-0.54%,0
18/12/2006,1.3083,1.312,1.3053,1.3102,0.0024,0.18%,0
19/12/2006,1.3098,1.3216,1.3084,1.3192,0.009,0.69%,0
20/12/2006,1.3196,1.3244,1.3161,1.3174,-0.0018,-0.14%,0
21/12/2006,1.3171,1.3214,1.3141,1.3168,-0.0006,-0.05%,0
22/12/2006,1.3177,1.3213,1.311,1.314,-0.0028,-0.21%,0
25/12/2006,1.3119,1.3166,1.3101,1.3131,-0.0009,-0.07%,0
26/12/2006,1.3123,1.3143,1.309,1.3098,-0.0033,-0.25%,0
27/12/2006,1.31,1.3178,1.3096,1.3124,0.0026,0.20%,0
28/12/2006,1.3113,1.3201,1.3107,1.3147,0.0023,0.18%,0
29/12/2006,1.3148,1.3206,1.3138,1.3197,0.005,0.38%,0
2/01/2007,1.3199,1.3298,1.3199,1.3277,0.008,0.61%,0
3/01/2007,1.3273,1.329,1.3147,1.3161,-0.0116,-0.87%,0
4/01/2007,1.3171,1.3181,1.3077,1.308,-0.0081,-0.62%,0
5/01/2007,1.3087,1.3105,1.2983,1.3009,-0.0071,-0.54%,0
8/01/2007,1.3015,1.3036,1.2972,1.302,0.0011,0.08%,0
9/01/2007,1.3021,1.3055,1.2987,1.3003,-0.0017,-0.13%,0
10/01/2007,1.3003,1.3004,1.2931,1.2939,-0.0064,-0.49%,0
11/01/2007,1.2937,1.3016,1.2882,1.2888,-0.0051,-0.39%,0
12/01/2007,1.2894,1.2945,1.2868,1.2918,0.003,0.23%,0
15/01/2007,1.2925,1.2957,1.2915,1.2937,0.0019,0.15%,0
16/01/2007,1.2938,1.299,1.2908,1.2921,-0.0016,-0.12%,0
17/01/2007,1.292,1.2951,1.2897,1.2934,0.0013,0.10%,0
18/01/2007,1.2939,1.2979,1.2897,1.2965,0.0031,0.24%,0
19/01/2007,1.2964,1.3002,1.2914,1.2965,0,0.00%,0
22/01/2007,1.2962,1.2979,1.2924,1.2948,-0.0017,-0.13%,0
23/01/2007,1.2952,1.3045,1.293,1.3027,0.0079,0.61%,0
24/01/2007,1.3026,1.3039,1.295,1.2958,-0.0069,-0.53%,0
25/01/2007,1.2972,1.3003,1.2916,1.2936,-0.0022,-0.17%,0
26/01/2007,1.2932,1.2945,1.2878,1.2914,-0.0022,-0.17%,0
29/01/2007,1.2918,1.2968,1.2899,1.2951,0.0037,0.29%,0
30/01/2007,1.2957,1.2983,1.2945,1.2963,0.0012,0.09%,0
31/01/2007,1.2972,1.3037,1.2925,1.3033,0.007,0.54%,0
1/02/2007,1.3032,1.3052,1.3003,1.3022,-0.0011,-0.08%,0
2/02/2007,1.302,1.3069,1.2952,1.2969,-0.0053,-0.41%,0
5/02/2007,1.2962,1.2967,1.2914,1.2927,-0.0042,-0.32%,0
6/02/2007,1.2929,1.2991,1.2914,1.2983,0.0056,0.43%,0
7/02/2007,1.2982,1.3024,1.2968,1.3008,0.0025,0.19%,0
8/02/2007,1.3012,1.3043,1.2977,1.3039,0.0031,0.24%,0
9/02/2007,1.3042,1.3045,1.2985,1.3004,-0.0035,-0.27%,0
12/02/2007,1.2992,1.3038,1.2942,1.2963,-0.0041,-0.32%,0
13/02/2007,1.2965,1.3045,1.2955,1.3033,0.007,0.54%,0
14/02/2007,1.3041,1.3152,1.3024,1.3128,0.0095,0.73%,0
15/02/2007,1.3132,1.3173,1.3118,1.3145,0.0017,0.13%,0
16/02/2007,1.3142,1.3146,1.3094,1.3137,-0.0008,-0.06%,0
19/02/2007,1.3155,1.3164,1.3123,1.3156,0.0019,0.14%,0
20/02/2007,1.3156,1.3191,1.3131,1.3139,-0.0017,-0.13%,0
21/02/2007,1.3137,1.3166,1.3112,1.3138,-0.0001,-0.01%,0
22/02/2007,1.3139,1.3146,1.3082,1.3122,-0.0016,-0.12%,0
23/02/2007,1.3126,1.3189,1.3103,1.3164,0.0042,0.32%,0
26/02/2007,1.3169,1.3201,1.3152,1.3183,0.0019,0.14%,0
27/02/2007,1.3188,1.326,1.316,1.3248,0.0065,0.49%,0
28/02/2007,1.3242,1.3243,1.3181,1.323,-0.0018,-0.14%,0
1/03/2007,1.3229,1.324,1.3155,1.319,-0.004,-0.30%,0
2/03/2007,1.3188,1.3202,1.3143,1.3192,0.0002,0.02%,0
5/03/2007,1.3202,1.3211,1.3072,1.3095,-0.0097,-0.74%,0
6/03/2007,1.3091,1.3131,1.308,1.3124,0.0029,0.22%,0
7/03/2007,1.3127,1.3186,1.311,1.3178,0.0054,0.41%,0
8/03/2007,1.3178,1.3183,1.3116,1.3133,-0.0045,-0.34%,0
9/03/2007,1.3133,1.3159,1.3087,1.3114,-0.0019,-0.14%,0
12/03/2007,1.3137,1.3195,1.3109,1.3178,0.0064,0.49%,0
13/03/2007,1.3191,1.3222,1.3155,1.3196,0.0018,0.14%,0
14/03/2007,1.3197,1.3246,1.3177,1.3226,0.003,0.23%,0
15/03/2007,1.3223,1.3253,1.3194,1.3236,0.001,0.08%,0
16/03/2007,1.3237,1.334,1.323,1.3314,0.0078,0.59%,0
19/03/2007,1.3318,1.3327,1.3281,1.33,-0.0014,-0.11%,0
20/03/2007,1.3304,1.3321,1.3272,1.332,0.002,0.15%,0
21/03/2007,1.3318,1.3386,1.3289,1.3378,0.0058,0.44%,0
22/03/2007,1.3384,1.3411,1.3312,1.3334,-0.0044,-0.33%,0
23/03/2007,1.3331,1.3343,1.3286,1.3289,-0.0045,-0.34%,0
26/03/2007,1.3282,1.3348,1.3255,1.3332,0.0043,0.32%,0
27/03/2007,1.3329,1.3364,1.3322,1.3347,0.0015,0.11%,0
28/03/2007,1.3352,1.3375,1.3311,1.3314,-0.0033,-0.25%,0
29/03/2007,1.3314,1.3354,1.3302,1.3335,0.0021,0.16%,0
30/03/2007,1.333,1.3402,1.3289,1.3356,0.0021,0.16%,0
2/04/2007,1.3375,1.3383,1.3332,1.3368,0.0012,0.09%,0
3/04/2007,1.3366,1.3382,1.3319,1.3327,-0.0041,-0.31%,0
4/04/2007,1.333,1.3381,1.3318,1.3365,0.0038,0.29%,0
5/04/2007,1.3367,1.3441,1.3353,1.3428,0.0063,0.47%,0
6/04/2007,1.3429,1.3432,1.3365,1.3378,-0.005,-0.37%,0
9/04/2007,1.3376,1.338,1.334,1.3359,-0.0019,-0.14%,0
10/04/2007,1.3354,1.3457,1.335,1.3432,0.0073,0.55%,0
11/04/2007,1.3439,1.3441,1.3407,1.3429,-0.0003,-0.02%,0
12/04/2007,1.3431,1.3504,1.343,1.3489,0.006,0.45%,0
13/04/2007,1.3481,1.3554,1.3481,1.3531,0.0042,0.31%,0
16/04/2007,1.35576,1.35771,1.35398,1.35441,0.00131,0.10%,0
17/04/2007,1.35335,1.35935,1.35235,1.3572,0.00279,0.21%,0
18/04/2007,1.35685,1.36165,1.35435,1.3587,0.0015,0.11%,0
19/04/2007,1.36095,1.36195,1.35615,1.36075,0.00205,0.15%,0
20/04/2007,1.36112,1.36372,1.35871,1.35949,-0.00126,-0.09%,0
23/04/2007,1.35993,1.36079,1.3541,1.35732,-0.00217,-0.16%,0
24/04/2007,1.35777,1.36345,1.35488,1.363,0.00568,0.42%,0
25/04/2007,1.36406,1.36649,1.36197,1.3642,0.0012,0.09%,0
26/04/2007,1.36372,1.36546,1.35846,1.36019,-0.00401,-0.29%,0
27/04/2007,1.36005,1.368,1.35858,1.36462,0.00443,0.33%,0
30/04/2007,1.36366,1.36789,1.35895,1.36488,0.00026,0.02%,0
1/05/2007,1.3647,1.36735,1.3591,1.3613,-0.00358,-0.26%,0
2/05/2007,1.3606,1.3612,1.35615,1.3594,-0.0019,-0.14%,0
3/05/2007,1.3592,1.36218,1.35466,1.35536,-0.00404,-0.30%,0
4/05/2007,1.35505,1.36095,1.35335,1.35945,0.00409,0.30%,0
7/05/2007,1.36033,1.36272,1.3591,1.36048,0.00103,0.08%,0
8/05/2007,1.36018,1.36207,1.35159,1.35433,-0.00615,-0.45%,0
9/05/2007,1.3541,1.3566,1.3523,1.3525,-0.00183,-0.14%,0
10/05/2007,1.3528,1.3564,1.347,1.3487,-0.0038,-0.28%,0
11/05/2007,1.349,1.35289,1.3458,1.3528,0.0041,0.30%,0
14/05/2007,1.3526,1.35582,1.3522,1.3543,0.0015,0.11%,0
15/05/2007,1.3542,1.36091,1.3525,1.35911,0.00481,0.36%,0
16/05/2007,1.3591,1.36095,1.3502,1.35178,-0.00733,-0.54%,0
17/05/2007,1.35169,1.3544,1.3475,1.34926,-0.00252,-0.19%,0
18/05/2007,1.3494,1.35213,1.3463,1.351,0.00174,0.13%,0
21/05/2007,1.3508,1.3523,1.3434,1.34658,-0.00442,-0.33%,0
22/05/2007,1.347,1.3477,1.3436,1.34519,-0.00139,-0.10%,0
23/05/2007,1.3453,1.35015,1.3409,1.34595,0.00076,0.06%,0
24/05/2007,1.34587,1.34619,1.3413,1.3429,-0.00305,-0.23%,0
25/05/2007,1.3428,1.3473,1.3409,1.3444,0.0015,0.11%,0
28/05/2007,1.3445,1.3462,1.3443,1.3454,0.001,0.07%,0
29/05/2007,1.3452,1.352,1.3417,1.3448,-0.0006,-0.04%,0
30/05/2007,1.34475,1.3457,1.3404,1.3432,-0.0016,-0.12%,0
31/05/2007,1.34315,1.3477,1.3416,1.3455,0.0023,0.17%,0
1/06/2007,1.3455,1.3465,1.339,1.3444,-0.0011,-0.08%,0
4/06/2007,1.3447,1.3499,1.343,1.3489,0.0045,0.33%,0
5/06/2007,1.3486,1.35542,1.3484,1.35228,0.00338,0.25%,0
6/06/2007,1.3522,1.354,1.3483,1.3505,-0.00178,-0.13%,0
7/06/2007,1.3506,1.3512,1.342,1.34295,-0.00755,-0.56%,0
8/06/2007,1.3429,1.3429,1.3318,1.33683,-0.00612,-0.46%,0
11/06/2007,1.33612,1.33612,1.333,1.3354,-0.00143,-0.11%,0
12/06/2007,1.3356,1.3372,1.331,1.3315,-0.0039,-0.29%,0
13/06/2007,1.3312,1.3322,1.3261,1.3314,-0.0001,-0.01%,0
14/06/2007,1.3313,1.3324,1.3277,1.33096,-0.00044,-0.03%,0
15/06/2007,1.3312,1.33856,1.3303,1.338,0.00704,0.53%,0
18/06/2007,1.3378,1.34181,1.3377,1.3412,0.0032,0.24%,0
19/06/2007,1.3412,1.34368,1.3382,1.3426,0.0014,0.10%,0
20/06/2007,1.3425,1.34372,1.3407,1.34081,-0.00179,-0.13%,0
21/06/2007,1.34063,1.34063,1.3369,1.33891,-0.0019,-0.14%,0
22/06/2007,1.339,1.34683,1.338,1.3465,0.00759,0.57%,0
25/06/2007,1.3462,1.3473,1.3437,1.3468,0.0003,0.02%,0
26/06/2007,1.34646,1.34782,1.343,1.3465,-0.0003,-0.02%,0
27/06/2007,1.346,1.346,1.3413,1.34431,-0.00219,-0.16%,0
28/06/2007,1.3445,1.3482,1.3426,1.3434,-0.00091,-0.07%,0
29/06/2007,1.3436,1.3539,1.3428,1.35343,0.01003,0.75%,0
2/07/2007,1.35425,1.3639,1.35285,1.36215,0.00872,0.64%,0
3/07/2007,1.36233,1.36348,1.35846,1.36089,-0.00126,-0.09%,0
4/07/2007,1.3608,1.36311,1.36055,1.36125,0.00036,0.03%,0
5/07/2007,1.36135,1.36595,1.358,1.3598,-0.00145,-0.11%,0
6/07/2007,1.35994,1.36411,1.3569,1.36246,0.00266,0.20%,0
9/07/2007,1.3636,1.3638,1.36109,1.36215,-0.00031,-0.02%,0
10/07/2007,1.3626,1.3739,1.35935,1.373,0.01085,0.80%,0
11/07/2007,1.3747,1.3787,1.3732,1.3754,0.0024,0.17%,0
12/07/2007,1.37455,1.37975,1.37415,1.37825,0.00285,0.21%,0
13/07/2007,1.37905,1.3814,1.37635,1.3787,0.00045,0.03%,0
16/07/2007,1.37857,1.38031,1.37602,1.37811,-0.00059,-0.04%,0
17/07/2007,1.37725,1.3799,1.3758,1.3784,0.00029,0.02%,0
18/07/2007,1.3781,1.38335,1.3753,1.3793,0.0009,0.07%,0
19/07/2007,1.38019,1.38309,1.37872,1.37942,0.00012,0.01%,0
20/07/2007,1.38035,1.38435,1.37805,1.38235,0.00293,0.21%,0
23/07/2007,1.3836,1.38445,1.3795,1.3803,-0.00205,-0.15%,0
24/07/2007,1.3807,1.38521,1.3799,1.382,0.0017,0.12%,0
25/07/2007,1.38236,1.3832,1.36979,1.37169,-0.01031,-0.75%,0
26/07/2007,1.37227,1.37709,1.36921,1.3744,0.00271,0.20%,0
27/07/2007,1.37479,1.37527,1.36297,1.36447,-0.00993,-0.72%,0
30/07/2007,1.36193,1.37049,1.36102,1.36955,0.00508,0.37%,0
31/07/2007,1.36965,1.3727,1.36815,1.36875,-0.0008,-0.06%,0
1/08/2007,1.3689,1.371,1.3635,1.3659,-0.00285,-0.21%,0
2/08/2007,1.3663,1.37053,1.3649,1.3698,0.0039,0.29%,0
3/08/2007,1.3697,1.3815,1.3681,1.3805,0.0107,0.78%,0
6/08/2007,1.38007,1.3839,1.3784,1.379,-0.0015,-0.11%,0
7/08/2007,1.379,1.3816,1.3733,1.3749,-0.0041,-0.30%,0
8/08/2007,1.3748,1.3826,1.372,1.38029,0.00539,0.39%,0
9/08/2007,1.3798,1.3818,1.3652,1.3677,-0.01259,-0.91%,0
10/08/2007,1.3678,1.3705,1.364,1.3699,0.0022,0.16%,0
13/08/2007,1.3698,1.3709,1.3604,1.3615,-0.0084,-0.61%,0
14/08/2007,1.3613,1.3627,1.3533,1.354,-0.0075,-0.55%,0
15/08/2007,1.3535,1.3535,1.34495,1.3451,-0.0089,-0.66%,0
16/08/2007,1.3447,1.3447,1.3358,1.3413,-0.0038,-0.28%,0
17/08/2007,1.341,1.3547,1.3368,1.3485,0.0072,0.54%,0
20/08/2007,1.349,1.3508,1.3458,1.3481,-0.0004,-0.03%,0
21/08/2007,1.3487,1.352,1.3454,1.347,-0.0011,-0.08%,0
22/08/2007,1.3471,1.3551,1.3448,1.3542,0.0072,0.53%,0
23/08/2007,1.3536,1.3588,1.3531,1.3562,0.002,0.15%,0
24/08/2007,1.3562,1.3682,1.3552,1.3671,0.0109,0.80%,0
27/08/2007,1.3668,1.3685,1.3632,1.36495,-0.00215,-0.16%,0
28/08/2007,1.3653,1.368,1.3609,1.3609,-0.00405,-0.30%,0
29/08/2007,1.3607,1.3676,1.3561,1.3662,0.0053,0.39%,0
30/08/2007,1.3663,1.3676,1.359,1.3626,-0.0036,-0.26%,0
31/08/2007,1.3624,1.37191,1.3624,1.363,0.0004,0.03%,0
3/09/2007,1.3628,1.3654,1.3602,1.3628,-0.0002,-0.01%,0
4/09/2007,1.3627,1.3635,1.355,1.3613,-0.0015,-0.11%,0
5/09/2007,1.3612,1.3671,1.3567,1.3657,0.0044,0.32%,0
6/09/2007,1.36577,1.371,1.3632,1.3687,0.003,0.22%,0
7/09/2007,1.3686,1.3798,1.3661,1.3768,0.0081,0.59%,0
10/09/2007,1.3767,1.3816,1.3765,1.3798,0.003,0.22%,0
11/09/2007,1.3797,1.3848,1.3776,1.3834,0.0036,0.26%,0
12/09/2007,1.3833,1.39126,1.3822,1.3904,0.007,0.51%,0
13/09/2007,1.3891,1.3929,1.3861,1.388,-0.0024,-0.17%,0
14/09/2007,1.3882,1.3895,1.3842,1.3878,-0.0002,-0.01%,0
17/09/2007,1.3878,1.38886,1.3847,1.3868,-0.001,-0.07%,0
18/09/2007,1.3869,1.3973,1.3826,1.3971,0.0103,0.74%,0
19/09/2007,1.3968,1.39875,1.3933,1.39622,-0.00088,-0.06%,0
20/09/2007,1.3965,1.4099,1.396,1.4073,0.01108,0.79%,0
21/09/2007,1.4072,1.4121,1.4041,1.4087,0.0014,0.10%,0
24/09/2007,1.4086,1.413,1.4065,1.4084,-0.0003,-0.02%,0
25/09/2007,1.4086,1.4148,1.4059,1.4146,0.0062,0.44%,0
26/09/2007,1.4144,1.4164,1.411,1.4124,-0.0022,-0.16%,0
27/09/2007,1.4128,1.419,1.4122,1.4146,0.0022,0.16%,0
28/09/2007,1.4145,1.4274,1.4135,1.4261,0.0115,0.81%,0
1/10/2007,1.426,1.4277,1.4209,1.4235,-0.0026,-0.18%,0
2/10/2007,1.4235,1.4237,1.4137,1.4156,-0.0079,-0.55%,0
3/10/2007,1.4156,1.42001,1.4093,1.4093,-0.0063,-0.45%,0
4/10/2007,1.4092,1.415,1.4066,1.4133,0.004,0.28%,0
5/10/2007,1.4133,1.4158,1.4029,1.41371,0.00041,0.03%,0
8/10/2007,1.4135,1.41511,1.4036,1.4044,-0.00931,-0.66%,0
9/10/2007,1.4045,1.4111,1.4013,1.4106,0.0062,0.44%,0
10/10/2007,1.4105,1.4172,1.4087,1.4142,0.0036,0.26%,0
11/10/2007,1.4143,1.4241,1.413,1.41925,0.00505,0.36%,0
12/10/2007,1.4188,1.42136,1.4151,1.4177,-0.00155,-0.11%,0
15/10/2007,1.418,1.4243,1.4159,1.4206,0.0029,0.20%,0
16/10/2007,1.4205,1.4226,1.4142,1.4173,-0.0033,-0.23%,0
17/10/2007,1.4166,1.4231,1.4155,1.4188,0.0015,0.11%,0
18/10/2007,1.4194,1.431,1.4194,1.4293,0.0105,0.74%,0
19/10/2007,1.4294,1.4319,1.42485,1.4302,0.0009,0.06%,0
22/10/2007,1.43,1.4349,1.4122,1.4181,-0.0121,-0.85%,0
23/10/2007,1.4183,1.428,1.4168,1.4263,0.0082,0.58%,0
24/10/2007,1.4263,1.4268,1.4187,1.4268,0.0005,0.04%,0
25/10/2007,1.4266,1.43441,1.4234,1.4322,0.0054,0.38%,0
26/10/2007,1.4323,1.4393,1.4311,1.4393,0.0071,0.50%,0
29/10/2007,1.4392,1.44381,1.4375,1.44275,0.00345,0.24%,0
30/10/2007,1.4423,1.444,1.4364,1.4434,0.00065,0.05%,0
31/10/2007,1.4431,1.4498,1.4417,1.44863,0.00523,0.36%,0
1/11/2007,1.4477,1.4477,1.4402,1.4426,-0.00603,-0.42%,0
2/11/2007,1.4427,1.4525,1.4419,1.4504,0.0078,0.54%,0
5/11/2007,1.4503,1.45101,1.4442,1.4468,-0.0036,-0.25%,0
6/11/2007,1.4472,1.457,1.4467,1.4557,0.0089,0.62%,0
7/11/2007,1.4554,1.473,1.4551,1.4637,0.008,0.55%,0
8/11/2007,1.4636,1.4701,1.4618,1.4676,0.0039,0.27%,0
9/11/2007,1.4673,1.4753,1.463,1.4677,0.0001,0.01%,0
12/11/2007,1.46645,1.46645,1.4524,1.4532,-0.0145,-0.99%,0
13/11/2007,1.4532,1.4633,1.4519,1.4603,0.0071,0.49%,0
14/11/2007,1.4611,1.47255,1.4611,1.465,0.0047,0.32%,0
15/11/2007,1.4648,1.4704,1.4603,1.4612,-0.0038,-0.26%,0
16/11/2007,1.4614,1.46722,1.4579,1.4663,0.0051,0.35%,0
19/11/2007,1.4661,1.4688,1.4619,1.4665,0.0002,0.01%,0
20/11/2007,1.4664,1.4848,1.4633,1.4837,0.0172,1.17%,0
21/11/2007,1.4839,1.4869,1.4773,1.4859,0.0022,0.15%,0
22/11/2007,1.4859,1.48731,1.4819,1.4849,-0.001,-0.07%,0
23/11/2007,1.485,1.497,1.4782,1.4836,-0.0013,-0.09%,0
26/11/2007,1.4839,1.4887,1.4802,1.4874,0.0038,0.26%,0
27/11/2007,1.487,1.4908,1.4807,1.4829,-0.0045,-0.30%,0
28/11/2007,1.4832,1.4856,1.471,1.4842,0.0013,0.09%,0
29/11/2007,1.484,1.4844,1.472,1.47435,-0.00985,-0.66%,0
30/11/2007,1.4744,1.4785,1.463,1.4635,-0.01085,-0.74%,0
3/12/2007,1.4636,1.47082,1.4618,1.4668,0.0033,0.23%,0
4/12/2007,1.4665,1.47669,1.4633,1.4764,0.0096,0.65%,0
5/12/2007,1.4758,1.477,1.4595,1.4611,-0.0153,-1.04%,0
6/12/2007,1.4614,1.4652,1.4523,1.4637,0.0026,0.18%,0
7/12/2007,1.4636,1.4673,1.4598,1.46571,0.00201,0.14%,0
10/12/2007,1.4655,1.4737,1.4638,1.4714,0.00569,0.39%,0
11/12/2007,1.4709,1.4751,1.4641,1.4657,-0.0057,-0.39%,0
12/12/2007,1.4659,1.4749,1.4649,1.4705,0.0048,0.33%,0
13/12/2007,1.4704,1.4737,1.4575,1.46353,-0.00697,-0.47%,0
14/12/2007,1.4636,1.4658,1.441,1.4431,-0.02043,-1.40%,0
17/12/2007,1.4432,1.4453,1.4329,1.43996,-0.00314,-0.22%,0
18/12/2007,1.4401,1.4436,1.4379,1.4415,0.00154,0.11%,0
19/12/2007,1.4413,1.4424,1.4324,1.4384,-0.0031,-0.22%,0
20/12/2007,1.4385,1.4392,1.4308,1.4329,-0.0055,-0.38%,0
21/12/2007,1.4331,1.441,1.4325,1.43785,0.00495,0.35%,0
24/12/2007,1.4381,1.4413,1.4372,1.4396,0.00175,0.12%,0
26/12/2007,1.4395,1.4506,1.4389,1.449,0.0094,0.65%,0
27/12/2007,1.4488,1.464,1.4467,1.46251,0.01351,0.93%,0
28/12/2007,1.4624,1.47275,1.459,1.4727,0.01019,0.70%,0
31/12/2007,1.4721,1.4748,1.4567,1.45892,-0.01378,-0.94%,0
2/01/2008,1.4594,1.475,1.4594,1.4718,0.01288,0.88%,0
3/01/2008,1.4711,1.4781,1.4685,1.4749,0.0031,0.21%,0
4/01/2008,1.4751,1.4825,1.4693,1.4743,-0.0006,-0.04%,0
7/01/2008,1.4744,1.475,1.4657,1.4695,-0.0048,-0.33%,0
8/01/2008,1.4697,1.4736,1.4678,1.4706,0.0011,0.07%,0
9/01/2008,1.4705,1.4743,1.4642,1.4659,-0.0047,-0.32%,0
10/01/2008,1.466,1.4808,1.46445,1.4805,0.0146,1.00%,0
11/01/2008,1.4803,1.4817,1.4759,1.4775,-0.003,-0.20%,0
14/01/2008,1.4792,1.4915,1.4792,1.4868,0.0093,0.63%,0
15/01/2008,1.4869,1.4922,1.4802,1.4802,-0.0066,-0.44%,0
16/01/2008,1.4805,1.4859,1.4593,1.4652,-0.015,-1.01%,0
17/01/2008,1.4654,1.4716,1.4587,1.4642,-0.001,-0.07%,0
18/01/2008,1.4643,1.4695,1.4602,1.46192,-0.00228,-0.16%,0
21/01/2008,1.4598,1.4598,1.4418,1.4452,-0.01672,-1.14%,0
22/01/2008,1.4456,1.4644,1.4363,1.4629,0.0177,1.22%,0
23/01/2008,1.4631,1.4649,1.4509,1.463,0.0001,0.01%,0
24/01/2008,1.4628,1.4778,1.4588,1.4756,0.0126,0.86%,0
25/01/2008,1.4754,1.4776,1.4658,1.4682,-0.0074,-0.50%,0
28/01/2008,1.4684,1.4798,1.4659,1.4782,0.01,0.68%,0
29/01/2008,1.4781,1.47875,1.4734,1.4776,-0.0006,-0.04%,0
30/01/2008,1.4779,1.4881,1.4753,1.4862,0.0086,0.58%,0
31/01/2008,1.486,1.4914,1.48,1.4859,-0.0003,-0.02%,0
1/02/2008,1.4863,1.4951,1.4785,1.4801,-0.0058,-0.39%,0
4/02/2008,1.48,1.4849,1.4792,1.483,0.0029,0.20%,0
5/02/2008,1.4829,1.4832,1.462,1.4648,-0.0182,-1.23%,0
6/02/2008,1.4649,1.4672,1.4588,1.4632,-0.0016,-0.11%,0
7/02/2008,1.4632,1.4652,1.4438,1.4484,-0.0148,-1.01%,0
8/02/2008,1.4489,1.4548,1.4449,1.4506,0.0022,0.15%,0
11/02/2008,1.4505,1.4578,1.448,1.452,0.0014,0.10%,0
12/02/2008,1.4519,1.4615,1.4495,1.4583,0.0063,0.43%,0
13/02/2008,1.4583,1.4599,1.453,1.4575,-0.0008,-0.05%,0
14/02/2008,1.4575,1.4648,1.4547,1.4642,0.0067,0.46%,0
15/02/2008,1.4641,1.4709,1.4623,1.4682,0.004,0.27%,0
18/02/2008,1.468,1.469,1.4609,1.4655,-0.0027,-0.18%,0
19/02/2008,1.466,1.4757,1.4639,1.4727,0.0072,0.49%,0
20/02/2008,1.4727,1.4739,1.4612,1.4714,-0.0013,-0.09%,0
21/02/2008,1.4715,1.4837,1.47,1.4814,0.01,0.68%,0
22/02/2008,1.4812,1.4863,1.4787,1.4829,0.0015,0.10%,0
25/02/2008,1.4827,1.4845,1.4792,1.483,0.0001,0.01%,0
26/02/2008,1.483,1.4984,1.4773,1.4974,0.0144,0.97%,0
27/02/2008,1.4979,1.5144,1.4979,1.5123,0.0149,1.00%,0
28/02/2008,1.5119,1.5226,1.507,1.5198,0.0075,0.50%,0
29/02/2008,1.5194,1.524,1.5142,1.518,-0.0018,-0.12%,0
3/03/2008,1.5181,1.5275,1.5156,1.5205,0.0025,0.16%,0
4/03/2008,1.5203,1.5249,1.5171,1.5217,0.0012,0.08%,0
5/03/2008,1.5215,1.5302,1.5144,1.5265,0.0048,0.32%,0
6/03/2008,1.5264,1.5393,1.5264,1.5383,0.0118,0.77%,0
7/03/2008,1.5379,1.5464,1.5312,1.5356,-0.0027,-0.18%,0
10/03/2008,1.5358,1.5401,1.5311,1.5344,-0.0012,-0.08%,0
11/03/2008,1.5343,1.5495,1.5281,1.5337,-0.0007,-0.05%,0
12/03/2008,1.5339,1.5566,1.5335,1.5549,0.0212,1.38%,0
13/03/2008,1.555,1.5638,1.5521,1.5633,0.0084,0.54%,0
14/03/2008,1.5637,1.5689,1.553,1.5672,0.0039,0.25%,0
17/03/2008,1.5687,1.5791,1.5687,1.5728,0.0056,0.36%,0
18/03/2008,1.5728,1.5832,1.5625,1.5625,-0.0103,-0.65%,0
19/03/2008,1.5628,1.5782,1.5587,1.5625,0,0.00%,0
20/03/2008,1.5624,1.5638,1.5395,1.5428,-0.0197,-1.26%,0
21/03/2008,1.5431,1.5472,1.5401,1.5432,0.0004,0.03%,0
24/03/2008,1.5432,1.5456,1.5338,1.5424,-0.0008,-0.05%,0
25/03/2008,1.5424,1.5656,1.5409,1.5649,0.0225,1.46%,0
26/03/2008,1.5647,1.5858,1.5581,1.5845,0.0196,1.25%,0
27/03/2008,1.5844,1.5846,1.5724,1.5778,-0.0067,-0.42%,0
28/03/2008,1.578,1.5838,1.574,1.5796,0.0018,0.11%,0
31/03/2008,1.5795,1.5896,1.5758,1.5787,-0.0009,-0.06%,0
1/04/2008,1.5786,1.5786,1.5561,1.5611,-0.0176,-1.11%,0
2/04/2008,1.5616,1.5698,1.5532,1.5685,0.0074,0.47%,0
3/04/2008,1.5684,1.5684,1.5507,1.5678,-0.0007,-0.04%,0
4/04/2008,1.5683,1.5774,1.5636,1.5737,0.0059,0.38%,0
7/04/2008,1.5736,1.5736,1.5622,1.571,-0.0027,-0.17%,0
8/04/2008,1.5712,1.5798,1.5673,1.5712,0.0002,0.01%,0
9/04/2008,1.5709,1.586,1.5686,1.5833,0.0121,0.77%,0
10/04/2008,1.5829,1.5913,1.5723,1.5743,-0.009,-0.57%,0
11/04/2008,1.5743,1.5856,1.5737,1.5815,0.0072,0.46%,0
14/04/2008,1.5795,1.5886,1.5667,1.5831,0.0016,0.10%,0
15/04/2008,1.5826,1.5874,1.5756,1.5788,-0.0043,-0.27%,0
16/04/2008,1.5793,1.5979,1.5769,1.5947,0.0159,1.01%,0
17/04/2008,1.5947,1.5983,1.5845,1.5909,-0.0038,-0.24%,0
18/04/2008,1.591,1.5956,1.5709,1.5815,-0.0094,-0.59%,0
21/04/2008,1.5819,1.5948,1.5789,1.59092,0.00942,0.60%,0
22/04/2008,1.5911,1.6019,1.5832,1.599,0.00808,0.51%,0
23/04/2008,1.5991,1.5998,1.5857,1.5886,-0.0104,-0.65%,0
24/04/2008,1.589,1.5893,1.5635,1.5688,-0.0198,-1.25%,0
25/04/2008,1.568,1.5707,1.5553,1.5628,-0.006,-0.38%,0
28/04/2008,1.5631,1.5693,1.5593,1.56582,0.00302,0.19%,0
29/04/2008,1.5655,1.566,1.5538,1.5574,-0.00842,-0.54%,0
30/04/2008,1.5575,1.564,1.5514,1.5624,0.005,0.32%,0
1/05/2008,1.5621,1.5643,1.5432,1.5475,-0.0149,-0.95%,0
2/05/2008,1.5476,1.5498,1.5356,1.5423,-0.0052,-0.34%,0
5/05/2008,1.5476,1.5517,1.5424,1.5497,0.0074,0.48%,0
6/05/2008,1.545,1.5594,1.545,1.5534,0.0037,0.24%,0
7/05/2008,1.553,1.5594,1.5363,1.5394,-0.014,-0.90%,0
8/05/2008,1.5394,1.5442,1.5283,1.5394,0,0.00%,0
9/05/2008,1.5399,1.5489,1.5391,1.548,0.0086,0.56%,0
12/05/2008,1.5481,1.557,1.5364,1.5553,0.0073,0.47%,0
13/05/2008,1.5551,1.5566,1.5429,1.5474,-0.0079,-0.51%,0
14/05/2008,1.54757,1.5486,1.5394,1.5472,-0.0002,-0.01%,0
15/05/2008,1.5475,1.5548,1.5425,1.5447,-0.0025,-0.16%,0
16/05/2008,1.545,1.5602,1.5436,1.558,0.0133,0.86%,0
19/05/2008,1.5575,1.5633,1.5484,1.551,-0.007,-0.45%,0
20/05/2008,1.5513,1.5681,1.5502,1.5647,0.0137,0.88%,0
21/05/2008,1.5644,1.5794,1.5626,1.5794,0.0147,0.94%,0
22/05/2008,1.5793,1.5815,1.569,1.5729,-0.0065,-0.41%,0
23/05/2008,1.5734,1.5794,1.5695,1.5763,0.0034,0.22%,0
26/05/2008,1.5761,1.5792,1.574,1.577,0.0007,0.04%,0
27/05/2008,1.5767,1.5818,1.5685,1.5691,-0.0079,-0.50%,0
28/05/2008,1.5685,1.576,1.5606,1.5641,-0.005,-0.32%,0
29/05/2008,1.5642,1.5664,1.5484,1.5518,-0.0123,-0.79%,0
30/05/2008,1.55203,1.5569,1.546,1.5554,0.0036,0.23%,0
2/06/2008,1.5552,1.559,1.5483,1.5536,-0.0018,-0.12%,0
3/06/2008,1.554,1.5631,1.5409,1.5446,-0.009,-0.58%,0
4/06/2008,1.5445,1.5483,1.5418,1.544,-0.0006,-0.04%,0
5/06/2008,1.5442,1.5598,1.5362,1.5592,0.0152,0.98%,0
6/06/2008,1.5591,1.5776,1.557,1.5776,0.0184,1.18%,0
9/06/2008,1.5777,1.5843,1.5618,1.5646,-0.013,-0.82%,0
10/06/2008,1.5648,1.5654,1.54431,1.5468,-0.0178,-1.14%,0
11/06/2008,1.5469,1.5587,1.544,1.5549,0.0081,0.52%,0
12/06/2008,1.5549,1.5567,1.5374,1.5436,-0.0113,-0.73%,0
13/06/2008,1.5439,1.5463,1.53,1.5381,-0.0055,-0.36%,0
16/06/2008,1.5381,1.552,1.5343,1.5476,0.0095,0.62%,0
17/06/2008,1.5476,1.5552,1.5459,1.5509,0.0033,0.21%,0
18/06/2008,1.5513,1.5538,1.5461,1.5534,0.0025,0.16%,0
19/06/2008,1.5534,1.5586,1.5465,1.5505,-0.0029,-0.19%,0
20/06/2008,1.5506,1.5651,1.549,1.5605,0.01,0.64%,0
23/06/2008,1.5604,1.5629,1.5466,1.5517,-0.0088,-0.56%,0
24/06/2008,1.5519,1.5621,1.5485,1.5566,0.0049,0.32%,0
25/06/2008,1.5567,1.5684,1.5535,1.56668,0.01008,0.65%,0
26/06/2008,1.5663,1.5764,1.5625,1.5758,0.00912,0.58%,0
27/06/2008,1.5756,1.5792,1.5717,1.5792,0.0034,0.22%,0
30/06/2008,1.5792,1.5836,1.573,1.5754,-0.0038,-0.24%,0
1/07/2008,1.5757,1.5827,1.5722,1.5793,0.0039,0.25%,0
2/07/2008,1.5791,1.5889,1.5775,1.5884,0.0091,0.58%,0
3/07/2008,1.5882,1.591,1.5678,1.5704,-0.018,-1.13%,0
4/07/2008,1.5705,1.5727,1.5652,1.5708,0.0004,0.03%,0
7/07/2008,1.5707,1.5753,1.5609,1.5727,0.0019,0.12%,0
8/07/2008,1.5727,1.5739,1.5633,1.567,-0.0057,-0.36%,0
9/07/2008,1.56713,1.575,1.5648,1.5743,0.0073,0.47%,0
10/07/2008,1.5742,1.5802,1.569,1.5788,0.0045,0.29%,0
11/07/2008,1.5788,1.5947,1.5763,1.5939,0.0151,0.96%,0
14/07/2008,1.5934,1.5934,1.5839,1.5909,-0.003,-0.19%,0
15/07/2008,1.5911,1.6038,1.5866,1.5913,0.0004,0.03%,0
16/07/2008,1.5911,1.5948,1.5799,1.5827,-0.0086,-0.54%,0
17/07/2008,1.5829,1.5851,1.5812,1.5844,0.0017,0.11%,0
18/07/2008,1.5848,1.5887,1.5804,1.5848,0.0004,0.03%,0
21/07/2008,1.5846,1.593,1.5828,1.5922,0.0074,0.47%,0
22/07/2008,1.5922,1.5945,1.5754,1.5785,-0.0137,-0.86%,0
23/07/2008,1.5787,1.5809,1.5667,1.5698,-0.0087,-0.55%,0
24/07/2008,1.5698,1.5714,1.5625,1.5678,-0.002,-0.13%,0
25/07/2008,1.568,1.5753,1.5656,1.5708,0.003,0.19%,0
28/07/2008,1.5707,1.5768,1.5681,1.574,0.0032,0.20%,0
29/07/2008,1.574,1.5758,1.5551,1.5589,-0.0151,-0.96%,0
30/07/2008,1.5589,1.5616,1.5519,1.5575,-0.0014,-0.09%,0
31/07/2008,1.5577,1.57,1.5554,1.5603,0.0028,0.18%,0
1/08/2008,1.5603,1.5604,1.5515,1.5563,-0.004,-0.26%,0
4/08/2008,1.5568,1.5631,1.5551,1.5578,0.0015,0.10%,0
5/08/2008,1.5575,1.5575,1.545,1.5455,-0.0123,-0.79%,0
6/08/2008,1.5455,1.5516,1.5395,1.5408,-0.0047,-0.30%,0
7/08/2008,1.5408,1.5503,1.5312,1.5322,-0.0086,-0.56%,0
8/08/2008,1.5324,1.5334,1.5001,1.5012,-0.031,-2.02%,0
11/08/2008,1.5012,1.509,1.4883,1.4909,-0.0103,-0.69%,0
12/08/2008,1.4912,1.4964,1.4813,1.4925,0.0016,0.11%,0
13/08/2008,1.4925,1.498,1.4839,1.4916,-0.0009,-0.06%,0
14/08/2008,1.492,1.4952,1.4775,1.4825,-0.0091,-0.61%,0
15/08/2008,1.4792,1.4792,1.4657,1.4689,-0.0136,-0.92%,0
18/08/2008,1.469,1.4763,1.4687,1.4696,0.0007,0.05%,0
19/08/2008,1.4694,1.4792,1.4628,1.4776,0.008,0.54%,0
20/08/2008,1.4774,1.4806,1.4671,1.4746,-0.003,-0.20%,0
21/08/2008,1.47491,1.4901,1.4735,1.49,0.0154,1.04%,0
22/08/2008,1.4894,1.4894,1.4756,1.4792,-0.0108,-0.72%,0
25/08/2008,1.4796,1.4808,1.4695,1.4754,-0.0038,-0.26%,0
26/08/2008,1.47554,1.476,1.4569,1.4655,-0.0099,-0.67%,0
27/08/2008,1.4657,1.4776,1.4635,1.4725,0.007,0.48%,0
28/08/2008,1.4725,1.4811,1.467,1.471,-0.0015,-0.10%,0
29/08/2008,1.47081,1.4767,1.4637,1.4674,-0.0036,-0.24%,0
1/09/2008,1.4676,1.472,1.4618,1.464,-0.0034,-0.23%,0
2/09/2008,1.4548,1.4603,1.4465,1.452,-0.012,-0.82%,0
3/09/2008,1.4522,1.4531,1.4383,1.4496,-0.0024,-0.17%,0
4/09/2008,1.4495,1.4544,1.4318,1.4326,-0.017,-1.17%,0
5/09/2008,1.4326,1.4349,1.4194,1.4265,-0.0061,-0.43%,0
8/09/2008,1.4271,1.4429,1.4051,1.4129,-0.0136,-0.95%,0
9/09/2008,1.4132,1.4227,1.4045,1.4136,0.0007,0.05%,0
10/09/2008,1.4131,1.4179,1.39968,1.4,-0.0136,-0.96%,0
11/09/2008,1.3997,1.3997,1.3881,1.3996,-0.0004,-0.03%,0
12/09/2008,1.4012,1.4231,1.3971,1.4218,0.0222,1.59%,0
15/09/2008,1.4229,1.448,1.4081,1.4246,0.0028,0.20%,0
16/09/2008,1.4241,1.4282,1.4089,1.4137,-0.0109,-0.77%,0
17/09/2008,1.4143,1.4379,1.4097,1.43257,0.01887,1.33%,0
18/09/2008,1.4324,1.4542,1.4277,1.4346,0.00203,0.14%,0
19/09/2008,1.4349,1.4495,1.4148,1.4468,0.0122,0.85%,0
22/09/2008,1.4461,1.4861,1.4446,1.4779,0.0311,2.15%,0
23/09/2008,1.4773,1.4826,1.4621,1.4653,-0.0126,-0.85%,0
24/09/2008,1.4652,1.4746,1.46148,1.4622,-0.0031,-0.21%,0
25/09/2008,1.46236,1.4768,1.4557,1.4608,-0.0014,-0.10%,0
26/09/2008,1.4609,1.4678,1.4553,1.4615,0.0007,0.05%,0
29/09/2008,1.4575,1.4575,1.4301,1.4442,-0.0173,-1.18%,0
30/09/2008,1.4425,1.4425,1.4006,1.4094,-0.0348,-2.41%,0
1/10/2008,1.4094,1.4173,1.3974,1.4007,-0.0087,-0.62%,0
2/10/2008,1.4013,1.4017,1.3743,1.38178,-0.01892,-1.35%,0
3/10/2008,1.3821,1.391,1.37,1.3775,-0.00428,-0.31%,0
6/10/2008,1.3675,1.3675,1.34467,1.35091,-0.02659,-1.93%,0
7/10/2008,1.34998,1.3743,1.3481,1.3589,0.00799,0.59%,0
8/10/2008,1.3586,1.3752,1.3543,1.3654,0.0065,0.48%,0
9/10/2008,1.3652,1.3785,1.3579,1.3603,-0.0051,-0.37%,0
10/10/2008,1.36062,1.3652,1.3276,1.3414,-0.0189,-1.39%,0
13/10/2008,1.3495,1.3683,1.3416,1.3577,0.0163,1.22%,0
14/10/2008,1.3606,1.377,1.3606,1.3622,0.0045,0.33%,0
15/10/2008,1.3617,1.369,1.3486,1.3499,-0.0123,-0.90%,0
16/10/2008,1.3505,1.3536,1.3343,1.3457,-0.0042,-0.31%,0
17/10/2008,1.3459,1.3519,1.3383,1.341,-0.0047,-0.35%,0
20/10/2008,1.3408,1.353,1.329,1.3343,-0.0067,-0.50%,0
21/10/2008,1.3344,1.3353,1.3053,1.3064,-0.0279,-2.09%,0
22/10/2008,1.30641,1.3068,1.2736,1.2859,-0.0205,-1.57%,0
23/10/2008,1.2859,1.2926,1.2726,1.2926,0.0067,0.52%,0
24/10/2008,1.2933,1.2943,1.2492,1.2622,-0.0304,-2.35%,0
27/10/2008,1.2626,1.2685,1.233,1.2495,-0.0127,-1.01%,0
28/10/2008,1.2495,1.2739,1.2327,1.26853,0.01903,1.52%,0
29/10/2008,1.268,1.2993,1.2622,1.2953,0.02677,2.11%,0
30/10/2008,1.2961,1.3298,1.28,1.2919,-0.0034,-0.26%,0
31/10/2008,1.2885,1.2885,1.2666,1.27372,-0.01818,-1.41%,0
3/11/2008,1.27378,1.2898,1.2599,1.2644,-0.00932,-0.73%,0
4/11/2008,1.26449,1.3049,1.2524,1.2981,0.0337,2.67%,0
5/11/2008,1.2986,1.3116,1.2791,1.2956,-0.0025,-0.19%,0
6/11/2008,1.2931,1.2931,1.2683,1.2715,-0.0241,-1.86%,0
7/11/2008,1.2719,1.2851,1.265,1.2719,0.0004,0.03%,0
10/11/2008,1.2721,1.293,1.2721,1.275,0.0031,0.24%,0
11/11/2008,1.2748,1.28,1.25108,1.25263,-0.02237,-1.75%,0
12/11/2008,1.2521,1.2633,1.2464,1.25057,-0.00206,-0.16%,0
13/11/2008,1.2508,1.2849,1.2385,1.27824,0.02767,2.21%,0
14/11/2008,1.2772,1.2796,1.2581,1.2602,-0.01804,-1.41%,0
17/11/2008,1.2606,1.2742,1.2511,1.265,0.0048,0.38%,0
18/11/2008,1.265,1.27,1.257,1.2617,-0.0033,-0.26%,0
19/11/2008,1.2621,1.2814,1.24913,1.24913,-0.01257,-1.00%,0
20/11/2008,1.2491,1.259,1.24417,1.2454,-0.00373,-0.30%,0
21/11/2008,1.2453,1.264,1.2428,1.2581,0.0127,1.02%,0
24/11/2008,1.2588,1.2947,1.2561,1.2947,0.0366,2.91%,0
25/11/2008,1.2955,1.3073,1.2809,1.3064,0.0117,0.90%,0
26/11/2008,1.3032,1.3032,1.2816,1.288,-0.0184,-1.41%,0
27/11/2008,1.2878,1.2968,1.2855,1.2906,0.0026,0.20%,0
28/11/2008,1.2904,1.2956,1.2642,1.2696,-0.021,-1.63%,0
1/12/2008,1.2695,1.2703,1.258,1.2605,-0.0091,-0.72%,0
2/12/2008,1.261,1.2767,1.2561,1.2717,0.0112,0.89%,0
3/12/2008,1.2712,1.2741,1.26,1.2715,-0.0002,-0.02%,0
4/12/2008,1.2715,1.2848,1.2547,1.2783,0.0068,0.53%,0
5/12/2008,1.2779,1.28,1.2624,1.2721,-0.0062,-0.49%,0
8/12/2008,1.2725,1.2964,1.2725,1.29632,0.02422,1.90%,0
9/12/2008,1.2957,1.3001,1.2797,1.2924,-0.00392,-0.30%,0
10/12/2008,1.29273,1.307,1.29,1.3018,0.0094,0.73%,0
11/12/2008,1.3021,1.3406,1.2999,1.3355,0.0337,2.59%,0
12/12/2008,1.3351,1.3416,1.3249,1.3375,0.002,0.15%,0
15/12/2008,1.3428,1.3718,1.3428,1.3691,0.0316,2.36%,0
16/12/2008,1.3686,1.4146,1.3628,1.4016,0.0325,2.37%,0
17/12/2008,1.4006,1.4439,1.4006,1.4422,0.0406,2.90%,0
18/12/2008,1.442,1.4722,1.4177,1.4251,-0.0171,-1.19%,0
19/12/2008,1.4252,1.4309,1.3819,1.3913,-0.0338,-2.37%,0
22/12/2008,1.3917,1.4126,1.3899,1.3943,0.003,0.22%,0
23/12/2008,1.394,1.4021,1.3918,1.3928,-0.0015,-0.11%,0
24/12/2008,1.3932,1.4019,1.3932,1.4012,0.0084,0.60%,0
26/12/2008,1.4008,1.412,1.3986,1.403,0.0018,0.13%,0
29/12/2008,1.4029,1.4362,1.3924,1.3926,-0.0104,-0.74%,0
30/12/2008,1.3984,1.4221,1.3984,1.4059,0.0133,0.96%,0
31/12/2008,1.4056,1.4144,1.3848,1.3972,-0.0087,-0.62%,0
2/01/2009,1.4028,1.4028,1.3835,1.3922,-0.005,-0.36%,0
5/01/2009,1.3921,1.3963,1.3542,1.3632,-0.029,-2.08%,0
6/01/2009,1.363,1.363,1.331,1.3532,-0.01,-0.73%,0
7/01/2009,1.3538,1.3747,1.3429,1.3644,0.0112,0.83%,0
8/01/2009,1.3644,1.3798,1.3533,1.3705,0.0061,0.45%,0
9/01/2009,1.3702,1.3754,1.3411,1.3465,-0.024,-1.75%,0
12/01/2009,1.3445,1.3445,1.3286,1.3364,-0.0101,-0.75%,0
13/01/2009,1.3357,1.3357,1.3149,1.31854,-0.01786,-1.34%,0
14/01/2009,1.31827,1.3338,1.309,1.3192,0.00066,0.05%,0
15/01/2009,1.3187,1.3242,1.3024,1.31248,-0.00672,-0.51%,0
16/01/2009,1.3142,1.3343,1.3142,1.327,0.01452,1.11%,0
19/01/2009,1.3259,1.3383,1.307,1.307,-0.02,-1.51%,0
20/01/2009,1.30732,1.3101,1.2861,1.2909,-0.0161,-1.23%,0
21/01/2009,1.2906,1.3078,1.2836,1.30297,0.01207,0.94%,0
22/01/2009,1.3022,1.3083,1.2907,1.3004,-0.00257,-0.20%,0
23/01/2009,1.30031,1.3022,1.2763,1.297,-0.0034,-0.26%,0
27/01/2009,1.3182,1.333,1.3117,1.31616,0.01916,1.48%,0
28/01/2009,1.31617,1.3327,1.3107,1.3165,0.00034,0.03%,0
29/01/2009,1.3164,1.329,1.2938,1.2954,-0.0211,-1.60%,0
30/01/2009,1.2942,1.2942,1.2771,1.2815,-0.0139,-1.07%,0
2/02/2009,1.2815,1.2895,1.2704,1.2844,0.0029,0.23%,0
3/02/2009,1.2843,1.3056,1.2798,1.3037,0.0193,1.50%,0
4/02/2009,1.3039,1.3071,1.2811,1.2849,-0.0188,-1.44%,0
5/02/2009,1.2854,1.2905,1.2766,1.279,-0.0059,-0.46%,0
6/02/2009,1.2793,1.299,1.2744,1.2939,0.0149,1.16%,0
9/02/2009,1.2942,1.3094,1.287,1.3004,0.0065,0.50%,0
10/02/2009,1.3007,1.3076,1.2808,1.2913,-0.0091,-0.70%,0
11/02/2009,1.2909,1.2998,1.283,1.2906,-0.0007,-0.05%,0
12/02/2009,1.2909,1.2944,1.2718,1.28633,-0.00427,-0.33%,0
13/02/2009,1.2865,1.2943,1.2814,1.2863,-0.00003,0.00%,0
16/02/2009,1.2826,1.2826,1.2725,1.2808,-0.0055,-0.43%,0
17/02/2009,1.2793,1.2793,1.256,1.2582,-0.0226,-1.76%,0
18/02/2009,1.2584,1.264,1.251,1.253,-0.0052,-0.41%,0
19/02/2009,1.2555,1.276,1.2555,1.2673,0.0143,1.14%,0
20/02/2009,1.2672,1.2876,1.2554,1.2827,0.0154,1.22%,0
23/02/2009,1.2811,1.2992,1.268,1.2694,-0.0133,-1.04%,0
24/02/2009,1.2694,1.2875,1.2659,1.2843,0.0149,1.17%,0
25/02/2009,1.2841,1.29,1.2688,1.2722,-0.0121,-0.94%,0
26/02/2009,1.2724,1.281,1.2681,1.2742,0.002,0.16%,0
27/02/2009,1.2734,1.275,1.26,1.267,-0.0072,-0.57%,0
2/03/2009,1.2632,1.2632,1.2543,1.258,-0.009,-0.71%,0
3/03/2009,1.2575,1.2678,1.2519,1.2559,-0.0021,-0.17%,0
4/03/2009,1.2564,1.266,1.2454,1.2659,0.01,0.80%,0
5/03/2009,1.2641,1.2641,1.2479,1.2542,-0.0117,-0.92%,0
6/03/2009,1.25412,1.2753,1.2536,1.2654,0.0112,0.89%,0
9/03/2009,1.2644,1.2727,1.255,1.2608,-0.0046,-0.36%,0
10/03/2009,1.2614,1.2822,1.2614,1.2681,0.0073,0.58%,0
11/03/2009,1.2681,1.2861,1.2613,1.2836,0.0155,1.22%,0
12/03/2009,1.2832,1.2942,1.2729,1.2906,0.007,0.55%,0
13/03/2009,1.2909,1.2957,1.286,1.2927,0.0021,0.16%,0
16/03/2009,1.2926,1.3072,1.2865,1.2968,0.0041,0.32%,0
17/03/2009,1.2968,1.3033,1.2929,1.3017,0.0049,0.38%,0
18/03/2009,1.3015,1.3494,1.2984,1.3484,0.0467,3.59%,0
19/03/2009,1.3475,1.3738,1.3414,1.3664,0.018,1.33%,0
20/03/2009,1.3665,1.3727,1.3514,1.3581,-0.0083,-0.61%,0
23/03/2009,1.35849,1.3736,1.3484,1.3633,0.0052,0.38%,0
24/03/2009,1.363,1.3678,1.3437,1.3468,-0.0165,-1.21%,0
25/03/2009,1.34693,1.3651,1.3417,1.3584,0.0116,0.86%,0
26/03/2009,1.3581,1.364,1.3496,1.3524,-0.006,-0.44%,0
27/03/2009,1.3526,1.3591,1.3254,1.32874,-0.02366,-1.75%,0
30/03/2009,1.3287,1.3287,1.3112,1.31992,-0.00882,-0.66%,0
31/03/2009,1.32,1.3343,1.3172,1.325,0.00508,0.38%,0
1/04/2009,1.3248,1.3288,1.3164,1.3246,-0.0004,-0.03%,0
2/04/2009,1.32481,1.3517,1.3235,1.346,0.0214,1.62%,0
3/04/2009,1.3457,1.3497,1.3363,1.3484,0.0024,0.18%,0
6/04/2009,1.3469,1.3582,1.3355,1.3419,-0.0065,-0.48%,0
7/04/2009,1.3408,1.3408,1.3225,1.32729,-0.01461,-1.09%,0
8/04/2009,1.3275,1.3309,1.3145,1.3278,0.00051,0.04%,0
9/04/2009,1.3279,1.3336,1.3124,1.3167,-0.0111,-0.84%,0
13/04/2009,1.3173,1.339,1.3124,1.3371,0.0204,1.55%,0
14/04/2009,1.3365,1.3381,1.3224,1.3258,-0.0113,-0.85%,0
15/04/2009,1.3261,1.3297,1.3145,1.3224,-0.0034,-0.26%,0
16/04/2009,1.323,1.3268,1.3126,1.31831,-0.00409,-0.31%,0
17/04/2009,1.3187,1.3197,1.3022,1.3043,-0.01401,-1.06%,0
20/04/2009,1.3045,1.3049,1.2886,1.2923,-0.012,-0.92%,0
21/04/2009,1.29227,1.2993,1.2895,1.29456,0.00226,0.17%,0
22/04/2009,1.2946,1.3037,1.2884,1.3005,0.00594,0.46%,0
23/04/2009,1.3004,1.3155,1.2977,1.3144,0.0139,1.07%,0
24/04/2009,1.3142,1.3301,1.3111,1.3243,0.0099,0.75%,0
27/04/2009,1.3231,1.3231,1.3002,1.3031,-0.0212,-1.60%,0
28/04/2009,1.3035,1.3165,1.2962,1.3149,0.0118,0.91%,0
29/04/2009,1.3146,1.3339,1.3118,1.327,0.0121,0.92%,0
30/04/2009,1.3273,1.3386,1.3189,1.323,-0.004,-0.30%,0
1/05/2009,1.32293,1.3328,1.3226,1.3267,0.0037,0.28%,0
4/05/2009,1.327,1.3418,1.3212,1.3406,0.0139,1.05%,0
5/05/2009,1.3404,1.3432,1.3285,1.333,-0.0076,-0.57%,0
6/05/2009,1.33297,1.337,1.3246,1.3331,0.0001,0.01%,0
7/05/2009,1.3332,1.347,1.3254,1.3385,0.0054,0.41%,0
8/05/2009,1.3389,1.3648,1.3342,1.3645,0.026,1.94%,0
11/05/2009,1.3557,1.3665,1.3557,1.3583,-0.0062,-0.45%,0
12/05/2009,1.3583,1.37,1.3564,1.3648,0.0065,0.48%,0
13/05/2009,1.3648,1.3721,1.3568,1.3596,-0.0052,-0.38%,0
14/05/2009,1.3602,1.3661,1.3528,1.364,0.0044,0.32%,0
15/05/2009,1.3638,1.3647,1.3462,1.3494,-0.0146,-1.07%,0
18/05/2009,1.3505,1.3561,1.3425,1.3561,0.0067,0.50%,0
19/05/2009,1.3559,1.3665,1.353,1.3636,0.0075,0.55%,0
20/05/2009,1.3631,1.3828,1.3585,1.378,0.0144,1.06%,0
21/05/2009,1.3779,1.3922,1.3732,1.3891,0.0111,0.81%,0
22/05/2009,1.39,1.4049,1.39,1.4,0.0109,0.78%,0
25/05/2009,1.3995,1.4032,1.396,1.4013,0.0013,0.09%,0
26/05/2009,1.4013,1.4022,1.3863,1.3985,-0.0028,-0.20%,0
27/05/2009,1.3986,1.3999,1.38362,1.38362,-0.01488,-1.06%,0
28/05/2009,1.38277,1.3978,1.3793,1.3946,0.01098,0.79%,0
29/05/2009,1.3941,1.4162,1.3924,1.4161,0.0215,1.54%,0
1/06/2009,1.4154,1.4246,1.4099,1.4157,-0.0004,-0.03%,0
2/06/2009,1.416,1.433,1.4102,1.4307,0.015,1.06%,0
3/06/2009,1.43,1.4335,1.4109,1.4158,-0.0149,-1.04%,0
4/06/2009,1.41612,1.4237,1.407,1.4179,0.0021,0.15%,0
5/06/2009,1.4178,1.4256,1.3935,1.3969,-0.021,-1.48%,0
8/06/2009,1.3979,1.3998,1.3805,1.3898,-0.0071,-0.51%,0
9/06/2009,1.3902,1.4094,1.3852,1.4064,0.0166,1.19%,0
10/06/2009,1.4064,1.414,1.3916,1.3984,-0.008,-0.57%,0
11/06/2009,1.3986,1.4177,1.3943,1.4107,0.0123,0.88%,0
12/06/2009,1.4107,1.4127,1.394,1.4016,-0.0091,-0.65%,0
15/06/2009,1.4,1.4,1.3756,1.3802,-0.0214,-1.53%,0
16/06/2009,1.3804,1.3924,1.3747,1.3836,0.0034,0.25%,0
17/06/2009,1.3836,1.3977,1.3807,1.3944,0.0108,0.78%,0
18/06/2009,1.3941,1.3998,1.3871,1.3901,-0.0043,-0.31%,0
19/06/2009,1.3903,1.4004,1.3884,1.3941,0.004,0.29%,0
22/06/2009,1.3938,1.3938,1.3826,1.3864,-0.0077,-0.55%,0
23/06/2009,1.3864,1.4109,1.3828,1.4078,0.0214,1.54%,0
24/06/2009,1.4076,1.4133,1.3889,1.393,-0.0148,-1.05%,0
25/06/2009,1.3931,1.4014,1.3892,1.3986,0.0056,0.40%,0
26/06/2009,1.3986,1.4118,1.3983,1.406,0.0074,0.53%,0
29/06/2009,1.4053,1.4102,1.3983,1.4082,0.0022,0.16%,0
30/06/2009,1.4079,1.4147,1.4003,1.4033,-0.0049,-0.35%,0
1/07/2009,1.4034,1.4196,1.4001,1.41419,0.01089,0.78%,0
2/07/2009,1.414,1.4146,1.3993,1.4003,-0.01389,-0.98%,0
3/07/2009,1.4005,1.4026,1.3944,1.3982,-0.0021,-0.15%,0
6/07/2009,1.3983,1.3996,1.3878,1.3984,0.0002,0.01%,0
7/07/2009,1.3983,1.405,1.3902,1.3922,-0.0062,-0.44%,0
8/07/2009,1.3925,1.3937,1.3832,1.3884,-0.0038,-0.27%,0
9/07/2009,1.3885,1.407,1.3858,1.4019,0.0135,0.97%,0
10/07/2009,1.4018,1.4023,1.388,1.3937,-0.0082,-0.58%,0
13/07/2009,1.3939,1.4001,1.3898,1.3978,0.0041,0.29%,0
14/07/2009,1.3978,1.4012,1.3912,1.3968,-0.001,-0.07%,0
15/07/2009,1.39682,1.4133,1.3963,1.4106,0.0138,0.99%,0
16/07/2009,1.4105,1.4166,1.4056,1.4148,0.0042,0.30%,0
17/07/2009,1.4147,1.415,1.4064,1.4102,-0.0046,-0.33%,0
20/07/2009,1.4104,1.4249,1.4091,1.4232,0.013,0.92%,0
21/07/2009,1.4229,1.4277,1.4164,1.4225,-0.0007,-0.05%,0
22/07/2009,1.4228,1.4257,1.4157,1.4218,-0.0007,-0.05%,0
23/07/2009,1.42196,1.4291,1.412,1.4145,-0.0073,-0.51%,0
24/07/2009,1.41462,1.4263,1.4136,1.4204,0.0059,0.42%,0
27/07/2009,1.4201,1.4298,1.4173,1.4233,0.0029,0.20%,0
28/07/2009,1.4232,1.4304,1.4131,1.4167,-0.0066,-0.46%,0
29/07/2009,1.417,1.4195,1.4008,1.4049,-0.0118,-0.83%,0
30/07/2009,1.4052,1.4095,1.4009,1.40738,0.00248,0.18%,0
31/07/2009,1.4072,1.4279,1.4065,1.4257,0.01832,1.30%,0
3/08/2009,1.4256,1.4445,1.4207,1.4412,0.0155,1.09%,0
4/08/2009,1.4412,1.4431,1.4368,1.4408,-0.0004,-0.03%,0
5/08/2009,1.44089,1.4447,1.4356,1.4404,-0.0004,-0.03%,0
6/08/2009,1.4406,1.4431,1.433,1.4346,-0.0058,-0.40%,0
7/08/2009,1.43473,1.4413,1.4155,1.4183,-0.0163,-1.14%,0
10/08/2009,1.4186,1.4294,1.4105,1.4138,-0.0045,-0.32%,0
11/08/2009,1.41407,1.4185,1.4111,1.415,0.0012,0.08%,0
12/08/2009,1.4149,1.4247,1.4087,1.4192,0.0042,0.30%,0
13/08/2009,1.4187,1.4327,1.4182,1.4292,0.01,0.70%,0
14/08/2009,1.4291,1.4307,1.416,1.4203,-0.0089,-0.62%,0
17/08/2009,1.4205,1.4205,1.4046,1.4082,-0.0121,-0.85%,0
18/08/2009,1.4084,1.4155,1.4068,1.41357,0.00537,0.38%,0
19/08/2009,1.4134,1.4267,1.4085,1.4223,0.00873,0.62%,0
20/08/2009,1.4221,1.4275,1.4201,1.42549,0.00319,0.22%,0
21/08/2009,1.4252,1.4376,1.4209,1.4327,0.00721,0.51%,0
24/08/2009,1.4324,1.4359,1.4281,1.4304,-0.0023,-0.16%,0
25/08/2009,1.4306,1.4362,1.4253,1.4296,-0.0008,-0.06%,0
26/08/2009,1.4298,1.4351,1.4207,1.4254,-0.0042,-0.29%,0
27/08/2009,1.42544,1.4406,1.422,1.4343,0.0089,0.62%,0
28/08/2009,1.4343,1.4388,1.4282,1.4303,-0.004,-0.28%,0
31/08/2009,1.4307,1.4367,1.4257,1.4334,0.0031,0.22%,0
1/09/2009,1.4332,1.4377,1.4178,1.4224,-0.011,-0.77%,0
2/09/2009,1.4226,1.4294,1.419,1.4265,0.0041,0.29%,0
3/09/2009,1.4262,1.4347,1.4237,1.4252,-0.0013,-0.09%,0
4/09/2009,1.4253,1.4327,1.4192,1.43,0.0048,0.34%,0
7/09/2009,1.4293,1.4361,1.4293,1.4332,0.0032,0.22%,0
8/09/2009,1.4331,1.4535,1.4329,1.4481,0.0149,1.04%,0
9/09/2009,1.4477,1.46,1.4468,1.456,0.0079,0.55%,0
10/09/2009,1.4558,1.4613,1.45038,1.4582,0.0022,0.15%,0
11/09/2009,1.4579,1.4635,1.4554,1.4572,-0.001,-0.07%,0
14/09/2009,1.4573,1.4652,1.4516,1.4618,0.0046,0.32%,0
15/09/2009,1.4617,1.4685,1.4562,1.4658,0.004,0.27%,0
16/09/2009,1.4655,1.4737,1.462,1.4711,0.0053,0.36%,0
17/09/2009,1.4709,1.4766,1.4689,1.4742,0.0031,0.21%,0
18/09/2009,1.474,1.4747,1.4648,1.471,-0.0032,-0.22%,0
21/09/2009,1.4712,1.4713,1.4612,1.4682,-0.0028,-0.19%,0
22/09/2009,1.4682,1.4821,1.4672,1.479,0.0108,0.74%,0
23/09/2009,1.4789,1.4844,1.4729,1.4735,-0.0055,-0.37%,0
24/09/2009,1.4737,1.4802,1.4628,1.4666,-0.0069,-0.47%,0
25/09/2009,1.4668,1.4724,1.4615,1.4691,0.0025,0.17%,0
28/09/2009,1.4688,1.472,1.4565,1.4621,-0.007,-0.48%,0
29/09/2009,1.46229,1.4646,1.4528,1.4587,-0.0034,-0.23%,0
30/09/2009,1.4588,1.4673,1.4554,1.4638,0.0051,0.35%,0
1/10/2009,1.4642,1.4668,1.4518,1.4546,-0.0092,-0.63%,0
2/10/2009,1.4547,1.4648,1.4481,1.4578,0.0032,0.22%,0
5/10/2009,1.4575,1.4669,1.4575,1.4649,0.0071,0.49%,0
6/10/2009,1.4646,1.4762,1.4646,1.4723,0.0074,0.51%,0
7/10/2009,1.4721,1.4737,1.4651,1.4692,-0.0031,-0.21%,0
8/10/2009,1.4694,1.4817,1.4684,1.4794,0.0102,0.69%,0
9/10/2009,1.4794,1.4796,1.4674,1.4729,-0.0065,-0.44%,0
12/10/2009,1.4734,1.4813,1.4677,1.4773,0.0044,0.30%,0
13/10/2009,1.4772,1.4876,1.4763,1.4855,0.0082,0.56%,0
14/10/2009,1.4854,1.4946,1.484,1.4923,0.0068,0.46%,0
15/10/2009,1.4924,1.4967,1.4844,1.4947,0.0024,0.16%,0
16/10/2009,1.4947,1.4967,1.4849,1.4904,-0.0043,-0.29%,0
19/10/2009,1.4905,1.4966,1.4829,1.4964,0.006,0.40%,0
20/10/2009,1.4964,1.4994,1.4883,1.4945,-0.0019,-0.13%,0
21/10/2009,1.4946,1.5046,1.4889,1.5016,0.0071,0.48%,0
22/10/2009,1.5015,1.5038,1.4944,1.5032,0.0016,0.11%,0
23/10/2009,1.5031,1.5059,1.4986,1.501,-0.0022,-0.15%,0
26/10/2009,1.4996,1.5062,1.4845,1.4876,-0.0134,-0.89%,0
27/10/2009,1.4877,1.4927,1.4771,1.4804,-0.0072,-0.48%,0
28/10/2009,1.4806,1.4841,1.4692,1.47059,-0.00981,-0.66%,0
29/10/2009,1.4708,1.4858,1.4684,1.4823,0.01171,0.80%,0
30/10/2009,1.482,1.4858,1.4704,1.4718,-0.0105,-0.71%,0
2/11/2009,1.472,1.4845,1.46851,1.4775,0.0057,0.39%,0
3/11/2009,1.4774,1.4811,1.4627,1.4724,-0.0051,-0.35%,0
4/11/2009,1.4724,1.4909,1.4703,1.4863,0.0139,0.94%,0
5/11/2009,1.4861,1.4918,1.4812,1.4873,0.001,0.07%,0
6/11/2009,1.4873,1.4914,1.4814,1.4846,-0.0027,-0.18%,0
9/11/2009,1.4851,1.502,1.4847,1.5,0.0154,1.04%,0
10/11/2009,1.4999,1.502,1.4939,1.4993,-0.0007,-0.05%,0
11/11/2009,1.4993,1.5048,1.4954,1.4987,-0.0006,-0.04%,0
12/11/2009,1.4989,1.5016,1.4822,1.48496,-0.01374,-0.92%,0
13/11/2009,1.48514,1.4938,1.4825,1.4906,0.00564,0.38%,0
16/11/2009,1.49,1.5015,1.4881,1.4969,0.0063,0.42%,0
17/11/2009,1.4969,1.4998,1.48089,1.4875,-0.0094,-0.63%,0
18/11/2009,1.48764,1.499,1.486,1.4963,0.0088,0.59%,0
19/11/2009,1.4962,1.4965,1.4844,1.4927,-0.0036,-0.24%,0
20/11/2009,1.4928,1.4935,1.4802,1.4862,-0.0065,-0.44%,0
23/11/2009,1.4864,1.4998,1.4836,1.4962,0.01,0.67%,0
24/11/2009,1.4959,1.4988,1.4889,1.4968,0.0006,0.04%,0
25/11/2009,1.4968,1.5144,1.4956,1.5137,0.0169,1.13%,0
26/11/2009,1.5134,1.5141,1.496,1.50198,-0.01172,-0.77%,0
27/11/2009,1.5022,1.5022,1.4829,1.4987,-0.00328,-0.22%,0
30/11/2009,1.4991,1.5083,1.49648,1.50057,0.00187,0.12%,0
1/12/2009,1.5005,1.5117,1.4972,1.5081,0.00753,0.50%,0
2/12/2009,1.5079,1.5109,1.5033,1.5045,-0.0036,-0.24%,0
3/12/2009,1.5046,1.5141,1.5043,1.5054,0.0009,0.06%,0
4/12/2009,1.5054,1.5091,1.4822,1.4857,-0.0197,-1.31%,0
7/12/2009,1.4857,1.4904,1.4757,1.4827,-0.003,-0.20%,0
8/12/2009,1.4828,1.4867,1.4682,1.4702,-0.0125,-0.84%,0
9/12/2009,1.4703,1.4782,1.4669,1.4726,0.0024,0.16%,0
10/12/2009,1.4725,1.476,1.4684,1.4731,0.0005,0.03%,0
11/12/2009,1.4731,1.4776,1.4587,1.4617,-0.0114,-0.77%,0
14/12/2009,1.4619,1.4685,1.4599,1.4657,0.004,0.27%,0
15/12/2009,1.4655,1.4663,1.4504,1.4537,-0.012,-0.82%,0
16/12/2009,1.45384,1.459,1.4506,1.4532,-0.0005,-0.03%,0
17/12/2009,1.45329,1.4536,1.4305,1.4338,-0.0194,-1.33%,0
18/12/2009,1.4339,1.4411,1.4262,1.4335,-0.0003,-0.02%,0
21/12/2009,1.4336,1.4373,1.4268,1.4276,-0.0059,-0.41%,0
22/12/2009,1.4279,1.4332,1.4218,1.4249,-0.0027,-0.19%,0
23/12/2009,1.42503,1.4366,1.4235,1.4338,0.0089,0.62%,0
24/12/2009,1.4337,1.4418,1.4324,1.4379,0.0041,0.29%,0
28/12/2009,1.4392,1.4413,1.4354,1.4379,0,0.00%,0
29/12/2009,1.438,1.4458,1.4332,1.43532,-0.00258,-0.18%,0
30/12/2009,1.43543,1.4361,1.4274,1.4339,-0.00142,-0.10%,0
31/12/2009,1.434,1.444,1.4307,1.4326,-0.0013,-0.09%,0
4/01/2010,1.431,1.4456,1.4258,1.4413,0.0087,0.61%,0
5/01/2010,1.4412,1.4484,1.4347,1.4366,-0.0047,-0.33%,0
6/01/2010,1.4368,1.4435,1.4283,1.44098,0.00438,0.30%,0
7/01/2010,1.4409,1.4447,1.43,1.4309,-0.01008,-0.70%,0
8/01/2010,1.431,1.4439,1.4264,1.441,0.0101,0.71%,0
11/01/2010,1.4409,1.4557,1.4409,1.4513,0.0103,0.71%,0
12/01/2010,1.4512,1.4545,1.4454,1.4487,-0.0026,-0.18%,0
13/01/2010,1.44868,1.4579,1.4457,1.4511,0.0024,0.17%,0
14/01/2010,1.451,1.4556,1.4447,1.4499,-0.0012,-0.08%,0
15/01/2010,1.45,1.4512,1.4337,1.4387,-0.0112,-0.77%,0
18/01/2010,1.439,1.44,1.4336,1.43838,-0.00032,-0.02%,0
19/01/2010,1.4386,1.4414,1.4253,1.4288,-0.00958,-0.67%,0
20/01/2010,1.429,1.4295,1.4081,1.4106,-0.0182,-1.27%,0
21/01/2010,1.41078,1.4143,1.403,1.40856,-0.00204,-0.14%,0
22/01/2010,1.4087,1.4182,1.4067,1.4138,0.00524,0.37%,0
25/01/2010,1.4138,1.4194,1.4129,1.415,0.0012,0.08%,0
26/01/2010,1.415,1.4179,1.4043,1.4072,-0.0078,-0.55%,0
27/01/2010,1.40731,1.4097,1.3994,1.4023,-0.0049,-0.35%,0
28/01/2010,1.4024,1.4052,1.3934,1.3971,-0.0052,-0.37%,0
29/01/2010,1.3973,1.3987,1.3863,1.3864,-0.0107,-0.77%,0
1/02/2010,1.3865,1.3938,1.38539,1.393,0.0066,0.48%,0
2/02/2010,1.393,1.3974,1.3887,1.3964,0.0034,0.24%,0
3/02/2010,1.3963,1.4026,1.3886,1.3895,-0.0069,-0.49%,0
4/02/2010,1.3894,1.3902,1.3724,1.3724,-0.0171,-1.23%,0
5/02/2010,1.3726,1.3746,1.3586,1.3677,-0.0047,-0.34%,0
8/02/2010,1.368,1.3713,1.3622,1.3648,-0.0029,-0.21%,0
9/02/2010,1.36505,1.3839,1.36435,1.3796,0.0148,1.08%,0
10/02/2010,1.3795,1.3812,1.3677,1.37365,-0.00595,-0.43%,0
11/02/2010,1.3737,1.3801,1.3596,1.3693,-0.00435,-0.32%,0
12/02/2010,1.36944,1.3695,1.3532,1.3631,-0.0062,-0.45%,0
15/02/2010,1.3635,1.3635,1.3579,1.3598,-0.0033,-0.24%,0
16/02/2010,1.36002,1.3779,1.3589,1.37681,0.01701,1.25%,0
17/02/2010,1.3768,1.37881,1.35858,1.3605,-0.01631,-1.18%,0
18/02/2010,1.36075,1.36545,1.34985,1.3526,-0.0079,-0.58%,0
19/02/2010,1.3529,1.3618,1.34443,1.3616,0.009,0.67%,0
22/02/2010,1.361,1.36533,1.3575,1.3596,-0.002,-0.15%,0
23/02/2010,1.3597,1.36914,1.3497,1.3508,-0.0088,-0.65%,0
24/02/2010,1.35085,1.3626,1.3503,1.35388,0.00308,0.23%,0
25/02/2010,1.3536,1.35705,1.34519,1.35492,0.00104,0.08%,0
26/02/2010,1.3546,1.3683,1.3531,1.3628,0.00788,0.58%,0
1/03/2010,1.3628,1.36543,1.3461,1.356,-0.0068,-0.50%,0
2/03/2010,1.35615,1.3622,1.34349,1.36147,0.00547,0.40%,0
3/03/2010,1.3614,1.3736,1.3593,1.3696,0.00813,0.60%,0
4/03/2010,1.3696,1.3712,1.35519,1.35807,-0.01153,-0.84%,0
5/03/2010,1.35819,1.363,1.35306,1.3624,0.00433,0.32%,0
8/03/2010,1.3623,1.3704,1.3606,1.36335,0.00095,0.07%,0
9/03/2010,1.3632,1.36351,1.3538,1.36017,-0.00318,-0.23%,0
10/03/2010,1.3603,1.36795,1.3545,1.36566,0.00549,0.40%,0
11/03/2010,1.3656,1.3687,1.36219,1.36802,0.00236,0.17%,0
12/03/2010,1.3679,1.3796,1.367,1.3767,0.00868,0.63%,0
15/03/2010,1.3767,1.3775,1.364,1.3677,-0.009,-0.65%,0
16/03/2010,1.3678,1.37832,1.3657,1.37655,0.00885,0.65%,0
17/03/2010,1.3764,1.3818,1.3727,1.37371,-0.00284,-0.21%,0
18/03/2010,1.3739,1.3761,1.3587,1.36084,-0.01287,-0.94%,0
19/03/2010,1.36096,1.36264,1.35033,1.35305,-0.00779,-0.57%,0
22/03/2010,1.3531,1.3568,1.3464,1.3558,0.00275,0.20%,0
23/03/2010,1.3556,1.35693,1.34763,1.34994,-0.00586,-0.43%,0
24/03/2010,1.35,1.3507,1.33129,1.33132,-0.01862,-1.38%,0
25/03/2010,1.33154,1.3387,1.3268,1.3272,-0.00412,-0.31%,0
26/03/2010,1.3274,1.3425,1.3268,1.341,0.0138,1.04%,0
29/03/2010,1.3408,1.3506,1.3408,1.3482,0.0072,0.54%,0
30/03/2010,1.3482,1.3537,1.3396,1.3413,-0.0069,-0.51%,0
31/03/2010,1.34146,1.35482,1.33851,1.35102,0.00972,0.72%,0
1/04/2010,1.35084,1.3591,1.3461,1.35894,0.00792,0.59%,0
2/04/2010,1.3587,1.35904,1.3476,1.3503,-0.00864,-0.64%,0
5/04/2010,1.3505,1.3538,1.3461,1.34841,-0.00189,-0.14%,0
6/04/2010,1.34848,1.3497,1.3356,1.33984,-0.00857,-0.64%,0
7/04/2010,1.3402,1.34081,1.3327,1.33434,-0.0055,-0.41%,0
8/04/2010,1.33445,1.33658,1.32831,1.33607,0.00173,0.13%,0
9/04/2010,1.336,1.3498,1.3342,1.3498,0.01373,1.03%,0
12/04/2010,1.3498,1.3692,1.34946,1.3592,0.0094,0.70%,0
13/04/2010,1.3588,1.3627,1.35459,1.3613,0.0021,0.15%,0
14/04/2010,1.3611,1.36782,1.3595,1.3653,0.004,0.29%,0
15/04/2010,1.3653,1.36664,1.35218,1.35732,-0.00798,-0.58%,0
16/04/2010,1.35739,1.35846,1.3473,1.3504,-0.00692,-0.51%,0
19/04/2010,1.3504,1.35091,1.3417,1.34895,-0.00145,-0.11%,0
20/04/2010,1.34905,1.3522,1.3429,1.34346,-0.00549,-0.41%,0
21/04/2010,1.3436,1.3447,1.3359,1.339,-0.00446,-0.33%,0
22/04/2010,1.33905,1.3421,1.32599,1.3294,-0.0096,-0.72%,0
23/04/2010,1.3295,1.33995,1.32026,1.3381,0.0087,0.65%,0
26/04/2010,1.3382,1.33971,1.3292,1.33827,0.00017,0.01%,0
27/04/2010,1.33827,1.34148,1.31666,1.31747,-0.0208,-1.55%,0
28/04/2010,1.3176,1.3266,1.3115,1.322,0.00453,0.34%,0
29/04/2010,1.3219,1.3278,1.3185,1.3234,0.0014,0.11%,0
30/04/2010,1.3231,1.3342,1.32245,1.3297,0.0063,0.48%,0
3/05/2010,1.3295,1.336,1.31549,1.3195,-0.0102,-0.77%,0
4/05/2010,1.3196,1.32134,1.2982,1.29882,-0.02068,-1.57%,0
5/05/2010,1.2989,1.2996,1.2804,1.2814,-0.01742,-1.34%,0
6/05/2010,1.2817,1.2857,1.25205,1.26216,-0.01924,-1.50%,0
7/05/2010,1.2624,1.27975,1.2587,1.2754,0.01324,1.05%,0
10/05/2010,1.2753,1.3094,1.27318,1.27861,0.00321,0.25%,0
11/05/2010,1.2786,1.28026,1.2657,1.2663,-0.01231,-0.96%,0
12/05/2010,1.26646,1.2739,1.2606,1.26148,-0.00482,-0.38%,0
13/05/2010,1.2616,1.2684,1.25188,1.25343,-0.00805,-0.64%,0
14/05/2010,1.2537,1.2576,1.2354,1.2362,-0.01723,-1.37%,0
17/05/2010,1.2356,1.2414,1.2235,1.23955,0.00335,0.27%,0
18/05/2010,1.2394,1.2444,1.2162,1.2203,-0.01925,-1.55%,0
19/05/2010,1.2203,1.2424,1.21444,1.24148,0.02118,1.74%,0
20/05/2010,1.2414,1.2598,1.2296,1.2489,0.00742,0.60%,0
21/05/2010,1.2487,1.2672,1.24559,1.2568,0.0079,0.63%,0
24/05/2010,1.2563,1.2572,1.23447,1.23705,-0.01975,-1.57%,0
25/05/2010,1.2371,1.23718,1.21779,1.2345,-0.00255,-0.21%,0
26/05/2010,1.2346,1.2388,1.2167,1.2175,-0.017,-1.38%,0
27/05/2010,1.2175,1.23944,1.2154,1.23618,0.01868,1.53%,0
28/05/2010,1.236,1.2453,1.2266,1.2272,-0.00898,-0.73%,0
31/05/2010,1.2271,1.2334,1.2261,1.2306,0.0034,0.28%,0
1/06/2010,1.2305,1.23533,1.21115,1.22287,-0.00773,-0.63%,0
2/06/2010,1.223,1.2273,1.2176,1.2249,0.00203,0.17%,0
3/06/2010,1.22482,1.2326,1.2153,1.21616,-0.00874,-0.71%,0
4/06/2010,1.2164,1.2215,1.1956,1.1969,-0.01926,-1.58%,0
7/06/2010,1.1966,1.1991,1.1877,1.19235,-0.00455,-0.38%,0
8/06/2010,1.19245,1.2009,1.1902,1.19724,0.00489,0.41%,0
9/06/2010,1.1972,1.2073,1.1925,1.19784,0.0006,0.05%,0
10/06/2010,1.1978,1.2142,1.19576,1.2124,0.01456,1.22%,0
11/06/2010,1.2121,1.21523,1.2045,1.2113,-0.0011,-0.09%,0
14/06/2010,1.2113,1.2298,1.20943,1.22205,0.01075,0.89%,0
15/06/2010,1.222,1.2349,1.21689,1.23324,0.01119,0.92%,0
16/06/2010,1.2332,1.2353,1.2255,1.231,-0.00224,-0.18%,0
17/06/2010,1.2311,1.24121,1.2242,1.2389,0.0079,0.64%,0
18/06/2010,1.2387,1.2416,1.2354,1.239,0.0001,0.01%,0
21/06/2010,1.2388,1.2467,1.23047,1.2314,-0.0076,-0.61%,0
22/06/2010,1.2314,1.2354,1.2252,1.227,-0.0044,-0.36%,0
23/06/2010,1.2273,1.23432,1.221,1.23113,0.00413,0.34%,0
24/06/2010,1.231,1.2388,1.2262,1.23336,0.00223,0.18%,0
25/06/2010,1.2332,1.2395,1.22545,1.2373,0.00394,0.32%,0
28/06/2010,1.2369,1.2397,1.2266,1.22779,-0.00951,-0.77%,0
29/06/2010,1.2279,1.22904,1.2152,1.21882,-0.00897,-0.73%,0
30/06/2010,1.2189,1.2304,1.2167,1.2237,0.00488,0.40%,0
1/07/2010,1.2236,1.254,1.21939,1.2527,0.029,2.37%,0
2/07/2010,1.25262,1.2611,1.24829,1.256,0.0033,0.26%,0
5/07/2010,1.2564,1.2565,1.251,1.2538,-0.0022,-0.18%,0
6/07/2010,1.2541,1.2662,1.24808,1.2626,0.0088,0.70%,0
7/07/2010,1.2626,1.2664,1.2554,1.26384,0.00124,0.10%,0
8/07/2010,1.2636,1.2712,1.2621,1.2697,0.00586,0.46%,0
9/07/2010,1.2695,1.2722,1.2609,1.2639,-0.0058,-0.46%,0
12/07/2010,1.2642,1.2647,1.2552,1.25969,-0.00421,-0.33%,0
13/07/2010,1.2599,1.2738,1.2523,1.27238,0.01269,1.01%,0
14/07/2010,1.2723,1.2778,1.2683,1.2743,0.00192,0.15%,0
15/07/2010,1.2743,1.29543,1.2709,1.2948,0.0205,1.61%,0
16/07/2010,1.29484,1.3007,1.289,1.293,-0.0018,-0.14%,0
19/07/2010,1.2934,1.2992,1.2871,1.29414,0.00114,0.09%,0
20/07/2010,1.2942,1.3028,1.284,1.2881,-0.00604,-0.47%,0
21/07/2010,1.2882,1.2913,1.2733,1.27545,-0.01265,-0.98%,0
22/07/2010,1.2756,1.2931,1.27379,1.28931,0.01386,1.09%,0
23/07/2010,1.2891,1.2965,1.27944,1.2911,0.00179,0.14%,0
26/07/2010,1.2907,1.3005,1.28777,1.2994,0.0083,0.64%,0
27/07/2010,1.2992,1.3046,1.29525,1.2996,0.0002,0.02%,0
28/07/2010,1.2996,1.3042,1.29671,1.29945,-0.00015,-0.01%,0
29/07/2010,1.29954,1.3107,1.2978,1.3078,0.00835,0.64%,0
30/07/2010,1.3078,1.3086,1.2981,1.3039,-0.0039,-0.30%,0
2/08/2010,1.3038,1.3195,1.3038,1.31794,0.01404,1.08%,0
3/08/2010,1.3179,1.32621,1.31477,1.32311,0.00517,0.39%,0
4/08/2010,1.3229,1.32393,1.31319,1.3161,-0.00701,-0.53%,0
5/08/2010,1.3162,1.32351,1.31199,1.3189,0.0028,0.21%,0
6/08/2010,1.3187,1.3334,1.3158,1.3281,0.0092,0.70%,0
9/08/2010,1.328,1.33073,1.3216,1.322,-0.0061,-0.46%,0
10/08/2010,1.3221,1.3234,1.30749,1.31765,-0.00435,-0.33%,0
11/08/2010,1.31784,1.31863,1.286,1.28623,-0.03142,-2.38%,0
12/08/2010,1.28637,1.2932,1.2781,1.2829,-0.00333,-0.26%,0
13/08/2010,1.2828,1.2906,1.2752,1.2752,-0.0077,-0.60%,0
16/08/2010,1.2752,1.2871,1.275,1.28258,0.00738,0.58%,0
17/08/2010,1.2824,1.2916,1.2804,1.28845,0.00587,0.46%,0
18/08/2010,1.2883,1.2922,1.2824,1.2852,-0.00325,-0.25%,0
19/08/2010,1.28542,1.29021,1.2772,1.28224,-0.00296,-0.23%,0
20/08/2010,1.28238,1.2833,1.2663,1.2709,-0.01134,-0.88%,0
23/08/2010,1.27079,1.2729,1.2647,1.2656,-0.0053,-0.42%,0
24/08/2010,1.2656,1.2719,1.2588,1.2626,-0.003,-0.24%,0
25/08/2010,1.26286,1.2726,1.2609,1.2657,0.0031,0.25%,0
26/08/2010,1.2656,1.27641,1.265,1.2714,0.0057,0.45%,0
27/08/2010,1.2712,1.2779,1.26769,1.2733,0.0019,0.15%,0
30/08/2010,1.2733,1.2769,1.2659,1.2662,-0.0071,-0.56%,0
31/08/2010,1.2664,1.27425,1.266,1.2679,0.0017,0.13%,0
1/09/2010,1.2679,1.28551,1.2663,1.2808,0.0129,1.02%,0
2/09/2010,1.2806,1.28481,1.2777,1.2824,0.0016,0.12%,0
3/09/2010,1.2824,1.2897,1.2809,1.2895,0.0071,0.55%,0
6/09/2010,1.289,1.29182,1.2866,1.2875,-0.002,-0.16%,0
7/09/2010,1.28766,1.28766,1.2677,1.2682,-0.0193,-1.50%,0
8/09/2010,1.26831,1.2763,1.2659,1.272,0.0038,0.30%,0
9/09/2010,1.2719,1.2766,1.2665,1.26944,-0.00256,-0.20%,0
10/09/2010,1.2696,1.2747,1.2644,1.2708,0.00136,0.11%,0
13/09/2010,1.27101,1.28921,1.27048,1.2882,0.0174,1.37%,0
14/09/2010,1.288,1.3033,1.283,1.2997,0.0115,0.89%,0
15/09/2010,1.2997,1.3037,1.2956,1.30105,0.00135,0.10%,0
16/09/2010,1.301,1.3117,1.2976,1.3078,0.00675,0.52%,0
17/09/2010,1.3077,1.3159,1.302,1.3036,-0.0042,-0.32%,0
20/09/2010,1.30366,1.3121,1.3029,1.3058,0.0022,0.17%,0
21/09/2010,1.306,1.32856,1.3056,1.32634,0.02054,1.57%,0
22/09/2010,1.3263,1.344,1.3247,1.3405,0.01416,1.07%,0
23/09/2010,1.3405,1.34134,1.3305,1.3313,-0.0092,-0.69%,0
24/09/2010,1.33156,1.3494,1.3286,1.3491,0.0178,1.34%,0
27/09/2010,1.34873,1.3506,1.3425,1.34734,-0.00176,-0.13%,0
28/09/2010,1.3473,1.3595,1.33817,1.3584,0.01106,0.82%,0
29/09/2010,1.3584,1.36461,1.3566,1.36261,0.00421,0.31%,0
30/09/2010,1.3626,1.3683,1.356,1.3634,0.00079,0.06%,0
1/10/2010,1.3634,1.3791,1.3618,1.3778,0.0144,1.06%,0
4/10/2010,1.38,1.3806,1.36669,1.36858,-0.00922,-0.67%,0
5/10/2010,1.3688,1.3859,1.3644,1.38384,0.01526,1.12%,0
6/10/2010,1.3837,1.3948,1.37992,1.3929,0.00906,0.65%,0
7/10/2010,1.3928,1.4029,1.38573,1.3925,-0.0004,-0.03%,0
8/10/2010,1.39269,1.39838,1.3834,1.3928,0.0003,0.02%,0
11/10/2010,1.39283,1.40117,1.3866,1.38768,-0.00512,-0.37%,0
12/10/2010,1.38772,1.3936,1.3776,1.3925,0.00482,0.35%,0
13/10/2010,1.3925,1.4002,1.3911,1.396,0.0035,0.25%,0
14/10/2010,1.396,1.4122,1.3954,1.4083,0.0123,0.88%,0
15/10/2010,1.4082,1.41579,1.3937,1.3973,-0.011,-0.78%,0
18/10/2010,1.39738,1.3998,1.3831,1.39343,-0.00387,-0.28%,0
19/10/2010,1.3935,1.40034,1.37134,1.3726,-0.02083,-1.49%,0
20/10/2010,1.37273,1.3991,1.3697,1.3964,0.0238,1.73%,0
21/10/2010,1.3963,1.405,1.3872,1.39195,-0.00445,-0.32%,0
22/10/2010,1.3922,1.3972,1.38589,1.3927,0.00075,0.05%,0
25/10/2010,1.39273,1.408,1.39273,1.39644,0.00374,0.27%,0
26/10/2010,1.3964,1.3982,1.3825,1.38574,-0.0107,-0.77%,0
27/10/2010,1.38595,1.3878,1.3734,1.3768,-0.00894,-0.65%,0
28/10/2010,1.377,1.39454,1.3763,1.393,0.0162,1.18%,0
29/10/2010,1.393,1.3951,1.3807,1.3925,-0.0005,-0.04%,0
1/11/2010,1.39181,1.4011,1.3863,1.3892,-0.0033,-0.24%,0
2/11/2010,1.3894,1.4058,1.3881,1.4033,0.0141,1.01%,0
3/11/2010,1.4032,1.41833,1.3991,1.41388,0.01058,0.75%,0
4/11/2010,1.4137,1.4282,1.4102,1.4206,0.00672,0.48%,0
5/11/2010,1.4205,1.42487,1.4024,1.4032,-0.0174,-1.22%,0
8/11/2010,1.4057,1.4085,1.3888,1.392,-0.0112,-0.80%,0
9/11/2010,1.39211,1.39734,1.3752,1.37722,-0.01478,-1.06%,0
10/11/2010,1.37739,1.38251,1.3671,1.37823,0.00101,0.07%,0
11/11/2010,1.37818,1.3821,1.3637,1.3667,-0.01153,-0.84%,0
12/11/2010,1.36686,1.3777,1.3574,1.3691,0.0024,0.18%,0
15/11/2010,1.3702,1.3751,1.3564,1.35866,-0.01044,-0.76%,0
16/11/2010,1.3589,1.36552,1.3448,1.349,-0.00966,-0.71%,0
17/11/2010,1.34901,1.3612,1.3461,1.3523,0.0033,0.24%,0
18/11/2010,1.35243,1.3667,1.35243,1.36414,0.01184,0.88%,0
19/11/2010,1.364,1.37311,1.3609,1.3685,0.00436,0.32%,0
22/11/2010,1.374,1.3786,1.3577,1.3628,-0.0057,-0.42%,0
23/11/2010,1.363,1.3647,1.3362,1.33683,-0.02597,-1.91%,0
24/11/2010,1.3369,1.3421,1.3285,1.3336,-0.00323,-0.24%,0
25/11/2010,1.33361,1.3387,1.3287,1.33607,0.00247,0.19%,0
26/11/2010,1.33583,1.3362,1.3201,1.3248,-0.01127,-0.84%,0
29/11/2010,1.32481,1.33,1.30637,1.31276,-0.01204,-0.91%,0
30/11/2010,1.3126,1.3149,1.29693,1.29821,-0.01455,-1.11%,0
1/12/2010,1.29814,1.31795,1.2971,1.31387,0.01566,1.21%,0
2/12/2010,1.3136,1.32462,1.30602,1.32078,0.00691,0.53%,0
3/12/2010,1.3209,1.34356,1.31926,1.34113,0.02035,1.54%,0
6/12/2010,1.34101,1.34209,1.32471,1.33062,-0.01051,-0.78%,277231
7/12/2010,1.33068,1.33993,1.32573,1.32603,-0.00459,-0.34%,242079
8/12/2010,1.3259,1.32789,1.31794,1.3261,0.00007,0.01%,244030
9/12/2010,1.3259,1.33217,1.31646,1.32373,-0.00237,-0.18%,234747
10/12/2010,1.3236,1.32816,1.31783,1.32267,-0.00106,-0.08%,202372
13/12/2010,1.3217,1.34319,1.31817,1.33898,0.01631,1.23%,211937
14/12/2010,1.3391,1.34959,1.33632,1.33769,-0.00129,-0.10%,228521
15/12/2010,1.3377,1.33803,1.3208,1.32128,-0.01641,-1.23%,218740
16/12/2010,1.3213,1.32636,1.31809,1.32427,0.00299,0.23%,377648
17/12/2010,1.3243,1.33575,1.31326,1.31843,-0.00584,-0.44%,386719
20/12/2010,1.3165,1.31858,1.30946,1.31301,-0.00542,-0.41%,189160
21/12/2010,1.313,1.32001,1.30733,1.30997,-0.00304,-0.23%,198055
22/12/2010,1.3099,1.31793,1.30774,1.30982,-0.00015,-0.01%,186202
23/12/2010,1.3097,1.31505,1.30548,1.31127,0.00145,0.11%,179655
24/12/2010,1.3113,1.31466,1.30942,1.31197,0.0007,0.05%,100878
27/12/2010,1.3114,1.31691,1.30713,1.31638,0.00441,0.34%,185175
28/12/2010,1.31634,1.32733,1.30941,1.31139,-0.00499,-0.38%,231178
29/12/2010,1.3114,1.32375,1.3083,1.32242,0.01103,0.84%,222098
30/12/2010,1.32245,1.33131,1.32165,1.32875,0.00633,0.48%,221287
31/12/2010,1.3288,1.34216,1.32849,1.33838,0.00963,0.72%,172022
3/01/2011,1.333,1.33937,1.325,1.33597,-0.00241,-0.18%,214457
4/01/2011,1.336,1.34313,1.32922,1.33069,-0.00528,-0.40%,285724
5/01/2011,1.3307,1.3324,1.31261,1.31486,-0.01583,-1.19%,291381
6/01/2011,1.3149,1.31694,1.29972,1.30022,-0.01464,-1.11%,285932
7/01/2011,1.30024,1.302,1.29047,1.29087,-0.00935,-0.72%,301237
10/01/2011,1.2879,1.29628,1.28741,1.29504,0.00417,0.32%,285711
11/01/2011,1.29504,1.29904,1.29072,1.29729,0.00225,0.17%,332933
12/01/2011,1.2973,1.31429,1.29618,1.31316,0.01587,1.22%,346428
13/01/2011,1.313,1.33818,1.30887,1.33627,0.02311,1.76%,325178
14/01/2011,1.3362,1.34515,1.33149,1.33723,0.00096,0.07%,303322
17/01/2011,1.3379,1.33832,1.32455,1.32927,-0.00796,-0.60%,256925
18/01/2011,1.3293,1.3463,1.32535,1.33865,0.00938,0.71%,324055
19/01/2011,1.3385,1.35366,1.33681,1.3472,0.00855,0.64%,338723
20/01/2011,1.34724,1.35206,1.33964,1.34716,-0.00004,0.00%,331228
21/01/2011,1.3472,1.36238,1.34483,1.36133,0.01417,1.05%,324536
24/01/2011,1.3609,1.36841,1.35405,1.36367,0.00234,0.17%,316508
25/01/2011,1.3636,1.37003,1.35746,1.3681,0.00443,0.32%,356562
26/01/2011,1.3681,1.37196,1.36437,1.37116,0.00306,0.22%,340348
27/01/2011,1.3712,1.3756,1.36385,1.37322,0.00206,0.15%,343584
28/01/2011,1.3732,1.37439,1.35833,1.36083,-0.01239,-0.90%,339274
31/01/2011,1.3581,1.37379,1.35699,1.36926,0.00843,0.62%,286464
1/02/2011,1.3692,1.38416,1.36896,1.38274,0.01348,0.98%,346209
2/02/2011,1.38285,1.38297,1.37669,1.38093,-0.00181,-0.13%,145499
3/02/2011,1.38092,1.38242,1.36093,1.36327,-0.01766,-1.28%,318947
4/02/2011,1.3633,1.36691,1.35432,1.35857,-0.0047,-0.34%,287423
7/02/2011,1.3552,1.36252,1.3508,1.35816,-0.00041,-0.03%,277544
8/02/2011,1.3582,1.36873,1.35719,1.36244,0.00428,0.32%,264758
9/02/2011,1.3624,1.37425,1.3611,1.37316,0.01072,0.79%,298456
10/02/2011,1.37319,1.3733,1.35771,1.36003,-0.01313,-0.96%,270516
11/02/2011,1.36,1.36197,1.34968,1.35463,-0.0054,-0.40%,254746
14/02/2011,1.3509,1.35574,1.34279,1.34877,-0.00586,-0.43%,270563
15/02/2011,1.34878,1.35488,1.34606,1.34863,-0.00014,-0.01%,264772
16/02/2011,1.3486,1.35864,1.34623,1.35679,0.00816,0.61%,281947
17/02/2011,1.3567,1.36175,1.3537,1.36079,0.004,0.29%,257929
18/02/2011,1.3609,1.37138,1.35455,1.36843,0.00764,0.56%,267032
21/02/2011,1.3701,1.37147,1.36469,1.36773,-0.0007,-0.05%,195722
22/02/2011,1.3678,1.37017,1.3527,1.36495,-0.00278,-0.20%,288249
23/02/2011,1.3648,1.37847,1.36479,1.37473,0.00978,0.72%,276563
24/02/2011,1.3747,1.38184,1.37042,1.3799,0.00517,0.38%,279063
25/02/2011,1.3798,1.38369,1.37239,1.3752,-0.0047,-0.34%,254658
28/02/2011,1.3755,1.38537,1.37107,1.38052,0.00532,0.39%,263507
1/03/2011,1.38052,1.38523,1.37628,1.37764,-0.00288,-0.21%,287541
2/03/2011,1.3777,1.38887,1.37427,1.38642,0.00878,0.64%,278378
3/03/2011,1.3865,1.39708,1.38332,1.39677,0.01035,0.75%,258983
4/03/2011,1.3968,1.40051,1.39418,1.39843,0.00166,0.12%,242725
7/03/2011,1.3982,1.40348,1.39546,1.39665,-0.00178,-0.13%,269149
8/03/2011,1.3967,1.39878,1.38629,1.39035,-0.0063,-0.45%,247817
9/03/2011,1.3905,1.39404,1.38552,1.39077,0.00042,0.03%,269238
10/03/2011,1.3908,1.39235,1.37748,1.37963,-0.01114,-0.80%,285672
11/03/2011,1.37966,1.39136,1.3752,1.39017,0.01054,0.76%,276085
14/03/2011,1.39028,1.40021,1.39028,1.39911,0.00894,0.64%,281410
15/03/2011,1.3991,1.40119,1.38556,1.39977,0.00066,0.05%,316283
16/03/2011,1.39981,1.40014,1.38663,1.38978,-0.00999,-0.71%,311127
17/03/2011,1.38986,1.40504,1.38693,1.40201,0.01223,0.88%,349191
18/03/2011,1.402,1.41825,1.39798,1.41807,0.01606,1.15%,315745
21/03/2011,1.419,1.42388,1.41396,1.42247,0.0044,0.31%,241062
22/03/2011,1.4225,1.42474,1.4179,1.41956,-0.00291,-0.20%,259096
23/03/2011,1.4195,1.42136,1.40849,1.4086,-0.01096,-0.77%,283305
24/03/2011,1.4087,1.42185,1.40534,1.41768,0.00908,0.64%,283472
25/03/2011,1.4177,1.41928,1.40547,1.40877,-0.00891,-0.63%,288293
28/03/2011,1.4024,1.41144,1.40203,1.40861,-0.00016,-0.01%,242679
29/03/2011,1.4086,1.41479,1.4047,1.41119,0.00258,0.18%,251780
30/03/2011,1.4112,1.41463,1.40513,1.41263,0.00144,0.10%,282194
31/03/2011,1.41261,1.4232,1.41157,1.41567,0.00304,0.22%,287362
1/04/2011,1.4156,1.42444,1.40616,1.42337,0.0077,0.54%,274297
4/04/2011,1.4227,1.42675,1.41923,1.42196,-0.00141,-0.10%,244886
5/04/2011,1.42196,1.42439,1.41512,1.42217,0.00021,0.01%,250748
6/04/2011,1.4221,1.43474,1.42081,1.43305,0.01088,0.77%,271030
7/04/2011,1.4331,1.43357,1.42429,1.43068,-0.00237,-0.17%,284616
8/04/2011,1.4307,1.44859,1.42903,1.44827,0.01759,1.23%,285777
11/04/2011,1.445,1.44822,1.44203,1.44348,-0.00479,-0.33%,249170
12/04/2011,1.4436,1.45181,1.43771,1.44763,0.00415,0.29%,326275
13/04/2011,1.4476,1.45187,1.4413,1.44422,-0.00341,-0.24%,301688
14/04/2011,1.4441,1.45135,1.43653,1.44869,0.00447,0.31%,312080
15/04/2011,1.4487,1.45027,1.4391,1.44277,-0.00592,-0.41%,281428
18/04/2011,1.4411,1.44194,1.41591,1.42327,-0.0195,-1.35%,291482
19/04/2011,1.4232,1.43502,1.42048,1.43332,0.01005,0.71%,201988
20/04/2011,1.4333,1.45446,1.43276,1.45218,0.01886,1.32%,274378
21/04/2011,1.4522,1.46477,1.45047,1.45509,0.00291,0.20%,297342
25/04/2011,1.45454,1.46261,1.45358,1.45797,0.00288,0.20%,183310
26/04/2011,1.458,1.46556,1.44934,1.46427,0.0063,0.43%,298616
27/04/2011,1.46432,1.47942,1.46324,1.47864,0.01437,0.98%,311827
28/04/2011,1.47863,1.48802,1.47687,1.48209,0.00345,0.23%,313054
29/04/2011,1.4821,1.4877,1.48032,1.48067,-0.00142,-0.10%,241810
2/05/2011,1.48093,1.49009,1.47632,1.4829,0.00223,0.15%,286178
3/05/2011,1.483,1.48875,1.4755,1.48246,-0.00044,-0.03%,304132
4/05/2011,1.48255,1.49387,1.47745,1.48263,0.00017,0.01%,343326
5/05/2011,1.4826,1.48977,1.45102,1.45389,-0.02874,-1.94%,344095
6/05/2011,1.4536,1.45867,1.43096,1.4314,-0.02249,-1.55%,368524
9/05/2011,1.4373,1.44402,1.42551,1.43643,0.00503,0.35%,350617
10/05/2011,1.4365,1.44113,1.42703,1.44084,0.00441,0.31%,363448
11/05/2011,1.44081,1.44221,1.41718,1.41908,-0.02176,-1.51%,339204
12/05/2011,1.41909,1.42743,1.41233,1.42447,0.00539,0.38%,346382
13/05/2011,1.4245,1.43378,1.40666,1.41157,-0.0129,-0.91%,340462
16/05/2011,1.4117,1.42435,1.40473,1.41549,0.00392,0.28%,347110
17/05/2011,1.4154,1.42374,1.41215,1.42358,0.00809,0.57%,364360
18/05/2011,1.42363,1.42858,1.4195,1.42483,0.00125,0.09%,352620
19/05/2011,1.4248,1.43237,1.42074,1.43099,0.00616,0.43%,350886
20/05/2011,1.4308,1.43435,1.41329,1.41587,-0.01512,-1.06%,330158
23/05/2011,1.414,1.41428,1.39693,1.4047,-0.01117,-0.79%,356097
24/05/2011,1.4046,1.41316,1.4002,1.40988,0.00518,0.37%,383213
25/05/2011,1.4099,1.41166,1.40134,1.40868,-0.0012,-0.09%,358009
26/05/2011,1.4087,1.42052,1.40677,1.4143,0.00562,0.40%,342728
27/05/2011,1.4143,1.43189,1.41251,1.43013,0.01583,1.12%,309442
30/05/2011,1.4329,1.4329,1.42561,1.42811,-0.00202,-0.14%,162575
31/05/2011,1.4281,1.44229,1.42793,1.43954,0.01143,0.80%,301797
1/06/2011,1.4395,1.44575,1.43201,1.43273,-0.00681,-0.47%,367542
2/06/2011,1.43274,1.45113,1.43073,1.44894,0.01621,1.13%,361582
3/06/2011,1.449,1.46418,1.44541,1.46333,0.01439,0.99%,335342
6/06/2011,1.4613,1.46565,1.45574,1.45747,-0.00586,-0.40%,336561
7/06/2011,1.4574,1.4695,1.45632,1.46899,0.01152,0.79%,328391
8/06/2011,1.46904,1.46935,1.45638,1.45816,-0.01083,-0.74%,361141
9/06/2011,1.4582,1.46448,1.44782,1.45087,-0.00729,-0.50%,337049
10/06/2011,1.45095,1.45498,1.43221,1.43453,-0.01634,-1.13%,337849
13/06/2011,1.4315,1.44291,1.4315,1.44119,0.00666,0.46%,320213
14/06/2011,1.4412,1.44961,1.43782,1.44393,0.00274,0.19%,327394
15/06/2011,1.44399,1.44503,1.41562,1.41791,-0.02602,-1.80%,356598
16/06/2011,1.41791,1.42181,1.40728,1.42071,0.0028,0.20%,391384
17/06/2011,1.42059,1.43366,1.41269,1.43097,0.01026,0.72%,348826
20/06/2011,1.4264,1.43265,1.41912,1.43027,-0.0007,-0.05%,326752
21/06/2011,1.4303,1.44217,1.43024,1.44104,0.01077,0.75%,340388
22/06/2011,1.4411,1.44386,1.43415,1.43548,-0.00556,-0.39%,356826
23/06/2011,1.4354,1.4356,1.41276,1.42547,-0.01001,-0.70%,355095
24/06/2011,1.42549,1.43047,1.41417,1.41773,-0.00774,-0.54%,354495
27/06/2011,1.421,1.42913,1.41021,1.42863,0.0109,0.77%,328826
28/06/2011,1.4286,1.43957,1.4237,1.437,0.00837,0.59%,338550
29/06/2011,1.43701,1.4446,1.43378,1.44338,0.00638,0.44%,335746
30/06/2011,1.4433,1.45365,1.44263,1.45009,0.00671,0.46%,326603
1/07/2011,1.4499,1.45505,1.44375,1.45237,0.00228,0.16%,326248
4/07/2011,1.4531,1.45762,1.44951,1.45388,0.00151,0.10%,260031
5/07/2011,1.4537,1.45522,1.43973,1.44278,-0.0111,-0.76%,301722
6/07/2011,1.4427,1.44655,1.42863,1.43178,-0.011,-0.76%,335793
7/07/2011,1.43173,1.43732,1.4222,1.43623,0.00445,0.31%,300995
8/07/2011,1.4362,1.43681,1.4207,1.42617,-0.01006,-0.70%,316541
11/07/2011,1.4241,1.4241,1.39859,1.40285,-0.02332,-1.64%,342980
12/07/2011,1.40278,1.40605,1.3838,1.3974,-0.00545,-0.39%,383681
13/07/2011,1.3975,1.41913,1.39507,1.41611,0.01871,1.34%,384025
14/07/2011,1.4164,1.42797,1.41163,1.41413,-0.00198,-0.14%,392512
15/07/2011,1.4142,1.41975,1.40931,1.41547,0.00134,0.09%,338470
18/07/2011,1.41482,1.41482,1.40146,1.41118,-0.00429,-0.30%,344426
19/07/2011,1.4112,1.42156,1.40683,1.41536,0.00418,0.30%,341897
20/07/2011,1.4155,1.42379,1.41325,1.42142,0.00606,0.43%,325740
21/07/2011,1.4215,1.44323,1.41387,1.44236,0.02094,1.47%,386627
22/07/2011,1.4424,1.44361,1.43244,1.43567,-0.00669,-0.46%,335618
25/07/2011,1.438,1.44157,1.43259,1.4376,0.00193,0.13%,323122
26/07/2011,1.43762,1.45247,1.43566,1.45091,0.01331,0.93%,339331
27/07/2011,1.45096,1.45346,1.43404,1.43673,-0.01418,-0.98%,337807
28/07/2011,1.4368,1.43989,1.42542,1.43309,-0.00364,-0.25%,344215
29/07/2011,1.43334,1.44121,1.42302,1.43967,0.00658,0.46%,357992
1/08/2011,1.4382,1.44519,1.41852,1.42491,-0.01476,-1.03%,349823
2/08/2011,1.4248,1.42814,1.4151,1.42018,-0.00473,-0.33%,371680
3/08/2011,1.4201,1.43427,1.4145,1.4322,0.01202,0.85%,372268
4/08/2011,1.4322,1.43698,1.40901,1.40912,-0.02308,-1.61%,360470
5/08/2011,1.409,1.42965,1.40556,1.42797,0.01885,1.34%,376649
8/08/2011,1.4407,1.44235,1.41302,1.41768,-0.01029,-0.72%,377558
9/08/2011,1.4176,1.43753,1.41523,1.43743,0.01975,1.39%,395154
10/08/2011,1.43747,1.43996,1.4163,1.41764,-0.01979,-1.38%,372698
11/08/2011,1.41769,1.42878,1.41041,1.42392,0.00628,0.44%,388274
12/08/2011,1.4239,1.42892,1.41493,1.42453,0.00061,0.04%,353069
15/08/2011,1.4252,1.44727,1.4252,1.44428,0.01975,1.39%,360309
16/08/2011,1.4443,1.44651,1.43541,1.44061,-0.00367,-0.25%,352175
17/08/2011,1.4406,1.45148,1.43271,1.44247,0.00186,0.13%,340924
18/08/2011,1.44254,1.44494,1.42717,1.43317,-0.0093,-0.64%,358778
19/08/2011,1.43318,1.44514,1.42597,1.43943,0.00626,0.44%,362269
22/08/2011,1.4378,1.44335,1.43466,1.43568,-0.00375,-0.26%,334336
23/08/2011,1.43577,1.44969,1.43526,1.44401,0.00833,0.58%,343907
24/08/2011,1.4439,1.44796,1.43819,1.44132,-0.00269,-0.19%,335825
25/08/2011,1.4413,1.4473,1.43286,1.43777,-0.00355,-0.25%,323735
26/08/2011,1.4376,1.44994,1.43302,1.44843,0.01066,0.74%,322125
29/08/2011,1.449,1.45473,1.44656,1.45095,0.00252,0.17%,292644
30/08/2011,1.4508,1.45323,1.4384,1.44407,-0.00688,-0.47%,315966
31/08/2011,1.444,1.44667,1.43588,1.43691,-0.00716,-0.50%,307157
1/09/2011,1.4369,1.43838,1.42267,1.42582,-0.01109,-0.77%,329634
2/09/2011,1.4257,1.42868,1.41839,1.41913,-0.00669,-0.47%,328803
5/09/2011,1.4158,1.41725,1.40609,1.40963,-0.0095,-0.67%,309233
6/09/2011,1.4096,1.42533,1.39735,1.39967,-0.00996,-0.71%,355693
7/09/2011,1.3997,1.41467,1.39919,1.40969,0.01002,0.72%,348681
8/09/2011,1.4097,1.40987,1.3872,1.38802,-0.02167,-1.54%,354998
9/09/2011,1.38809,1.39357,1.36279,1.36547,-0.02255,-1.62%,391117
12/09/2011,1.36607,1.36896,1.35021,1.36777,0.0023,0.17%,382411
13/09/2011,1.36774,1.37377,1.35587,1.36773,-0.00004,0.00%,386644
14/09/2011,1.3676,1.3782,1.35908,1.37531,0.00758,0.55%,383962
15/09/2011,1.3753,1.39357,1.37033,1.38751,0.0122,0.89%,358204
16/09/2011,1.3874,1.38925,1.37538,1.37987,-0.00764,-0.55%,361502
19/09/2011,1.371,1.37186,1.35872,1.36857,-0.0113,-0.82%,346883
20/09/2011,1.3684,1.37401,1.35934,1.36995,0.00138,0.10%,387879
21/09/2011,1.3699,1.37864,1.35631,1.3571,-0.01285,-0.94%,378448
22/09/2011,1.357,1.36,1.3386,1.34631,-0.01079,-0.80%,415819
23/09/2011,1.34639,1.35656,1.3419,1.34988,0.00357,0.27%,395755
26/09/2011,1.3515,1.35482,1.33636,1.35325,0.00337,0.25%,401907
27/09/2011,1.3533,1.36656,1.34793,1.35852,0.00527,0.39%,390381
28/09/2011,1.3584,1.36881,1.35328,1.35421,-0.00431,-0.32%,386668
29/09/2011,1.3542,1.36773,1.35193,1.35962,0.00541,0.40%,387912
30/09/2011,1.3597,1.35993,1.33835,1.33848,-0.02114,-1.55%,373776
3/10/2011,1.3343,1.33798,1.31666,1.31748,-0.021,-1.57%,399321
4/10/2011,1.3174,1.33678,1.31456,1.33489,0.01741,1.32%,414568
5/10/2011,1.3347,1.33819,1.32605,1.33474,-0.00015,-0.01%,408414
6/10/2011,1.33476,1.34482,1.32417,1.34367,0.00893,0.67%,393720
7/10/2011,1.34362,1.35234,1.33613,1.33753,-0.00614,-0.46%,368213
10/10/2011,1.3354,1.36962,1.33539,1.36407,0.02654,1.98%,348769
11/10/2011,1.364,1.36822,1.35654,1.36387,-0.0002,-0.01%,374283
12/10/2011,1.3638,1.38319,1.35833,1.37911,0.01524,1.12%,390938
13/10/2011,1.37911,1.38247,1.36854,1.37764,-0.00147,-0.11%,400323
14/10/2011,1.3776,1.38925,1.37225,1.38797,0.01033,0.75%,374213
17/10/2011,1.3862,1.39122,1.37249,1.37364,-0.01433,-1.03%,363241
18/10/2011,1.3737,1.38157,1.36528,1.37512,0.00148,0.11%,387855
19/10/2011,1.3751,1.38679,1.37243,1.37589,0.00077,0.06%,399918
20/10/2011,1.3759,1.38403,1.36564,1.37793,0.00204,0.15%,411464
21/10/2011,1.37797,1.38999,1.37051,1.38927,0.01134,0.82%,384500
24/10/2011,1.3843,1.39547,1.38222,1.39283,0.00356,0.26%,380362
25/10/2011,1.39283,1.39586,1.38493,1.39062,-0.00221,-0.16%,369833
26/10/2011,1.3906,1.39718,1.37994,1.3905,-0.00012,-0.01%,383329
27/10/2011,1.3906,1.42447,1.38637,1.41876,0.02826,2.03%,417624
28/10/2011,1.41882,1.41997,1.41342,1.4146,-0.00416,-0.29%,371055
31/10/2011,1.414,1.41683,1.38286,1.38569,-0.02891,-2.04%,380650
1/11/2011,1.3858,1.38699,1.36087,1.37011,-0.01558,-1.12%,396861
2/11/2011,1.37011,1.3826,1.36365,1.37459,0.00448,0.33%,401360
3/11/2011,1.37462,1.38523,1.3656,1.38222,0.00763,0.56%,422248
4/11/2011,1.38221,1.38657,1.37117,1.37907,-0.00315,-0.23%,389657
7/11/2011,1.3776,1.38309,1.36821,1.37746,-0.00161,-0.12%,366218
8/11/2011,1.3773,1.38457,1.37243,1.38326,0.0058,0.42%,383613
9/11/2011,1.3833,1.38574,1.35233,1.35412,-0.02914,-2.11%,396030
10/11/2011,1.354,1.36507,1.34837,1.36093,0.00681,0.50%,416537
11/11/2011,1.36056,1.37935,1.35772,1.37467,0.01374,1.01%,386034
14/11/2011,1.3788,1.38096,1.35922,1.36323,-0.01144,-0.83%,375029
15/11/2011,1.3632,1.364,1.34961,1.35386,-0.00937,-0.69%,383165
16/11/2011,1.35389,1.35552,1.34289,1.34625,-0.00761,-0.56%,418712
17/11/2011,1.34621,1.35381,1.34213,1.3457,-0.00055,-0.04%,428025
18/11/2011,1.3457,1.36128,1.34468,1.35227,0.00657,0.49%,409966
21/11/2011,1.3501,1.35389,1.34302,1.34883,-0.00344,-0.25%,373794
22/11/2011,1.3488,1.35661,1.34686,1.3504,0.00157,0.12%,376872
23/11/2011,1.3504,1.35302,1.33199,1.33408,-0.01632,-1.21%,404834
24/11/2011,1.3341,1.34096,1.33174,1.33455,0.00047,0.04%,318058
25/11/2011,1.3346,1.33506,1.3213,1.32367,-0.01088,-0.82%,362736
28/11/2011,1.3329,1.33971,1.3274,1.33188,0.00821,0.62%,377916
29/11/2011,1.3317,1.34405,1.32851,1.33138,-0.0005,-0.04%,389695
30/11/2011,1.3315,1.35305,1.32593,1.34449,0.01311,0.98%,412475
1/12/2011,1.3445,1.35197,1.34179,1.34607,0.00158,0.12%,390518
2/12/2011,1.346,1.35381,1.33632,1.33913,-0.00694,-0.52%,347604
5/12/2011,1.3435,1.34841,1.33763,1.34002,0.00089,0.07%,348373
6/12/2011,1.33999,1.34247,1.33339,1.34003,0.00001,0.00%,373137
7/12/2011,1.33999,1.34524,1.33506,1.34107,0.00104,0.08%,362819
8/12/2011,1.3413,1.34568,1.32888,1.33395,-0.00712,-0.53%,368164
9/12/2011,1.33401,1.34317,1.32811,1.33843,0.00448,0.34%,387408
12/12/2011,1.3369,1.33837,1.31626,1.31864,-0.01979,-1.48%,351469
13/12/2011,1.3187,1.32354,1.30093,1.30356,-0.01508,-1.14%,364455
14/12/2011,1.3036,1.30627,1.29487,1.29819,-0.00537,-0.41%,350981
15/12/2011,1.2982,1.30487,1.29571,1.30147,0.00328,0.25%,339497
16/12/2011,1.3014,1.30832,1.2996,1.30443,0.00296,0.23%,316487
19/12/2011,1.3046,1.3046,1.29823,1.2998,-0.00463,-0.35%,296171
20/12/2011,1.29973,1.31306,1.29932,1.30815,0.00835,0.64%,293851
21/12/2011,1.308,1.31946,1.30259,1.3046,-0.00355,-0.27%,327473
22/12/2011,1.3047,1.31174,1.3018,1.30494,0.00034,0.03%,284298
23/12/2011,1.30493,1.30934,1.30279,1.30448,-0.00046,-0.04%,240354
26/12/2011,1.3041,1.30814,1.30312,1.30574,0.00126,0.10%,59626
27/12/2011,1.3058,1.30825,1.30421,1.30693,0.00119,0.09%,218788
28/12/2011,1.3068,1.30795,1.29123,1.29394,-0.01299,-0.99%,257056
29/12/2011,1.29407,1.29638,1.28576,1.296,0.00206,0.16%,300663
30/12/2011,1.296,1.29977,1.29039,1.29573,-0.00027,-0.02%,284542
3/01/2012,1.29332,1.30759,1.29315,1.30489,0.00916,0.71%,311703
4/01/2012,1.305,1.30712,1.28992,1.2942,-0.01069,-0.82%,315020
5/01/2012,1.2941,1.2945,1.27714,1.27875,-0.01545,-1.19%,347674
6/01/2012,1.2788,1.28115,1.26981,1.27149,-0.00726,-0.57%,316684
9/01/2012,1.2687,1.2784,1.26658,1.27638,0.00489,0.38%,342840
10/01/2012,1.27645,1.28169,1.2743,1.27767,0.00129,0.10%,342942
11/01/2012,1.2776,1.2789,1.26639,1.27053,-0.00714,-0.56%,353486
12/01/2012,1.2706,1.2844,1.26993,1.28134,0.01081,0.85%,352859
13/01/2012,1.2812,1.2877,1.26257,1.26782,-0.01352,-1.06%,382726
16/01/2012,1.2632,1.2687,1.26253,1.26656,-0.00126,-0.10%,309476
17/01/2012,1.2666,1.2803,1.26486,1.27349,0.00693,0.55%,352390
18/01/2012,1.2735,1.28673,1.27342,1.2863,0.01281,1.01%,367111
19/01/2012,1.2863,1.29705,1.28399,1.2968,0.0105,0.82%,369896
20/01/2012,1.29677,1.29848,1.28879,1.29291,-0.00389,-0.30%,337212
23/01/2012,1.286,1.30511,1.28597,1.30122,0.00831,0.64%,314183
24/01/2012,1.30121,1.3061,1.29537,1.30351,0.00229,0.18%,341814
25/01/2012,1.3035,1.31197,1.2931,1.31051,0.007,0.54%,340965
26/01/2012,1.3106,1.31819,1.30899,1.31079,0.00028,0.02%,337841
27/01/2012,1.3108,1.32325,1.30771,1.32173,0.01094,0.83%,353552
30/01/2012,1.3229,1.3229,1.308,1.31421,-0.00752,-0.57%,332981
31/01/2012,1.3142,1.32122,1.30429,1.3083,-0.00591,-0.45%,375115
1/02/2012,1.30837,1.32161,1.3026,1.31595,0.00765,0.58%,377934
2/02/2012,1.316,1.31962,1.30862,1.31424,-0.00171,-0.13%,358560
3/02/2012,1.31422,1.3191,1.30672,1.31583,0.00159,0.12%,349560
6/02/2012,1.3119,1.31408,1.30276,1.3129,-0.00293,-0.22%,351106
7/02/2012,1.31297,1.32689,1.30917,1.32594,0.01304,0.99%,357773
8/02/2012,1.326,1.32879,1.32236,1.32597,0.00003,0.00%,387023
9/02/2012,1.3259,1.33198,1.32156,1.32847,0.0025,0.19%,441115
10/02/2012,1.3285,1.32899,1.31557,1.31969,-0.00878,-0.66%,422598
13/02/2012,1.3207,1.32821,1.31855,1.31858,-0.00111,-0.08%,383334
14/02/2012,1.3185,1.32151,1.308,1.31329,-0.00529,-0.40%,437749
15/02/2012,1.3133,1.319,1.30442,1.30652,-0.00677,-0.52%,453247
16/02/2012,1.30656,1.31559,1.29747,1.31294,0.00642,0.49%,446865
17/02/2012,1.3129,1.31965,1.31145,1.31407,0.00113,0.09%,406140
20/02/2012,1.3197,1.32758,1.31737,1.32412,0.01005,0.76%,359199
21/02/2012,1.3242,1.32919,1.3187,1.3233,-0.00082,-0.06%,454573
22/02/2012,1.3234,1.32642,1.3211,1.32481,0.00151,0.11%,422229
23/02/2012,1.3248,1.33777,1.32312,1.3371,0.01229,0.93%,423412
24/02/2012,1.3371,1.34853,1.33566,1.34453,0.00743,0.56%,422979
27/02/2012,1.3462,1.34783,1.33685,1.33968,-0.00485,-0.36%,430422
28/02/2012,1.33963,1.34705,1.33903,1.34569,0.00601,0.45%,437983
29/02/2012,1.34569,1.3485,1.33146,1.33237,-0.01332,-0.99%,438156
1/03/2012,1.3324,1.33554,1.32826,1.33109,-0.00128,-0.10%,436482
2/03/2012,1.33107,1.33319,1.31869,1.31963,-0.01146,-0.86%,423291
5/03/2012,1.3191,1.32386,1.31601,1.32159,0.00196,0.15%,469480
6/03/2012,1.3216,1.32253,1.31032,1.31117,-0.01042,-0.79%,479857
7/03/2012,1.3112,1.31635,1.30969,1.31483,0.00366,0.28%,451482
8/03/2012,1.3148,1.32901,1.31352,1.32736,0.01253,0.95%,473513
9/03/2012,1.3273,1.32768,1.30974,1.31223,-0.01513,-1.14%,457501
12/03/2012,1.311,1.31579,1.30783,1.31545,0.00322,0.25%,424779
13/03/2012,1.3153,1.31894,1.30515,1.30826,-0.00719,-0.55%,457840
14/03/2012,1.30825,1.30896,1.30109,1.30317,-0.00509,-0.39%,464134
15/03/2012,1.3032,1.31173,1.30033,1.30791,0.00474,0.36%,470743
16/03/2012,1.308,1.31837,1.30485,1.31703,0.00912,0.70%,433132
19/03/2012,1.3175,1.32611,1.31416,1.32372,0.00669,0.51%,383874
20/03/2012,1.3237,1.32504,1.31724,1.3224,-0.00132,-0.10%,404956
21/03/2012,1.3223,1.32841,1.31786,1.32153,-0.00087,-0.07%,437316
22/03/2012,1.3216,1.32538,1.31345,1.31998,-0.00155,-0.12%,437299
23/03/2012,1.3199,1.32915,1.31903,1.32688,0.0069,0.52%,488509
26/03/2012,1.3265,1.33668,1.31919,1.33569,0.00881,0.66%,422632
27/03/2012,1.3357,1.33844,1.33123,1.33141,-0.00428,-0.32%,408002
28/03/2012,1.33133,1.33722,1.32809,1.33161,0.0002,0.02%,412640
29/03/2012,1.3316,1.33449,1.32535,1.33013,-0.00148,-0.11%,428819
30/03/2012,1.3301,1.33758,1.32934,1.33399,0.00386,0.29%,440929
2/04/2012,1.3359,1.33796,1.32784,1.33195,-0.00204,-0.15%,408371
3/04/2012,1.33193,1.33669,1.32132,1.32323,-0.00872,-0.65%,425327
4/04/2012,1.3233,1.32381,1.31071,1.31412,-0.00911,-0.69%,452285
5/04/2012,1.3141,1.31637,1.30347,1.30649,-0.00763,-0.58%,411021
9/04/2012,1.31,1.31326,1.30329,1.31049,0.004,0.31%,247454
10/04/2012,1.3104,1.31437,1.30587,1.30806,-0.00243,-0.19%,448486
11/04/2012,1.30806,1.31561,1.3066,1.31082,0.00276,0.21%,428904
12/04/2012,1.3108,1.32118,1.31014,1.31858,0.00776,0.59%,457388
13/04/2012,1.3186,1.32002,1.30696,1.30753,-0.01105,-0.84%,411704
16/04/2012,1.3067,1.31461,1.29944,1.31402,0.00649,0.50%,433324
17/04/2012,1.31403,1.31711,1.30897,1.31258,-0.00144,-0.11%,407783
18/04/2012,1.3126,1.31402,1.3058,1.31219,-0.00039,-0.03%,414175
19/04/2012,1.3122,1.31573,1.30697,1.31365,0.00146,0.11%,429995
20/04/2012,1.3136,1.32258,1.31283,1.32167,0.00802,0.61%,387410
23/04/2012,1.3182,1.32098,1.31044,1.31557,-0.0061,-0.46%,284449
24/04/2012,1.3155,1.32163,1.31443,1.31958,0.00401,0.30%,384809
25/04/2012,1.3196,1.32352,1.31746,1.32161,0.00203,0.15%,392983
26/04/2012,1.32167,1.32622,1.31983,1.32226,0.00065,0.05%,368748
27/04/2012,1.32227,1.32693,1.31572,1.32503,0.00277,0.21%,402804
30/04/2012,1.3232,1.3266,1.32081,1.32384,-0.00119,-0.09%,340557
1/05/2012,1.3237,1.32826,1.32043,1.32363,-0.00021,-0.02%,281647
2/05/2012,1.3236,1.32405,1.31267,1.31577,-0.00786,-0.59%,373860
3/05/2012,1.3158,1.31787,1.30978,1.31516,-0.00061,-0.05%,357964
4/05/2012,1.3151,1.31768,1.30681,1.30692,-0.00824,-0.63%,347493
7/05/2012,1.3033,1.30639,1.29553,1.30499,-0.00193,-0.15%,411841
8/05/2012,1.305,1.30644,1.29823,1.30049,-0.0045,-0.34%,435124
9/05/2012,1.3005,1.30069,1.29127,1.2928,-0.00769,-0.59%,479048
10/05/2012,1.2928,1.29781,1.29237,1.29351,0.00071,0.05%,426566
11/05/2012,1.2935,1.29561,1.29047,1.2915,-0.00201,-0.16%,431950
14/05/2012,1.2905,1.29062,1.28209,1.28213,-0.00937,-0.73%,438826
15/05/2012,1.28225,1.28685,1.27213,1.27287,-0.00926,-0.72%,455912
16/05/2012,1.27294,1.27578,1.26812,1.2715,-0.00137,-0.11%,500659
17/05/2012,1.27148,1.27486,1.2667,1.26977,-0.00173,-0.14%,445019
18/05/2012,1.26979,1.27926,1.26423,1.27787,0.0081,0.64%,493954
21/05/2012,1.2781,1.28232,1.2725,1.28171,0.00384,0.30%,456553
22/05/2012,1.2817,1.28184,1.26582,1.26827,-0.01344,-1.05%,444776
23/05/2012,1.26826,1.26874,1.25448,1.2581,-0.01017,-0.80%,496537
24/05/2012,1.2581,1.26152,1.25157,1.25318,-0.00492,-0.39%,522668
25/05/2012,1.2532,1.26011,1.24983,1.25147,-0.00171,-0.14%,448963
28/05/2012,1.2554,1.26233,1.25243,1.25403,0.00256,0.20%,341313
29/05/2012,1.254,1.25737,1.24618,1.25016,-0.00387,-0.31%,471087
30/05/2012,1.25014,1.25046,1.23618,1.23656,-0.0136,-1.09%,505846
31/05/2012,1.2365,1.24276,1.23447,1.23642,-0.00014,-0.01%,472746
1/06/2012,1.23642,1.24469,1.2306,1.243,0.00658,0.53%,489838
4/06/2012,1.2412,1.25067,1.23853,1.24984,0.00684,0.55%,428384
5/06/2012,1.2498,1.25409,1.24102,1.24512,-0.00472,-0.38%,447768
6/06/2012,1.2452,1.25846,1.244,1.25807,0.01295,1.04%,486379
7/06/2012,1.2581,1.26209,1.254,1.25597,-0.0021,-0.17%,477778
8/06/2012,1.25596,1.25741,1.24399,1.25123,-0.00474,-0.38%,490157
11/06/2012,1.262,1.26675,1.24804,1.2482,-0.00303,-0.24%,455368
12/06/2012,1.24822,1.25282,1.24462,1.25029,0.00209,0.17%,461642
13/06/2012,1.2502,1.26076,1.24734,1.2556,0.00531,0.42%,486561
14/06/2012,1.2556,1.26355,1.25419,1.2632,0.0076,0.61%,469816
15/06/2012,1.2632,1.26638,1.25918,1.26413,0.00093,0.07%,454862
18/06/2012,1.2684,1.27468,1.25598,1.25753,-0.0066,-0.52%,495176
19/06/2012,1.2576,1.27285,1.25681,1.26841,0.01088,0.87%,487079
20/06/2012,1.2684,1.27301,1.26477,1.27073,0.00232,0.18%,461601
21/06/2012,1.27069,1.27069,1.25326,1.25394,-0.01679,-1.32%,484237
22/06/2012,1.2539,1.25816,1.25202,1.25717,0.00323,0.26%,406493
25/06/2012,1.2546,1.25571,1.24713,1.25032,-0.00685,-0.54%,385770
26/06/2012,1.2502,1.25294,1.24528,1.2494,-0.00092,-0.07%,437255
27/06/2012,1.2494,1.25077,1.2446,1.24682,-0.00258,-0.21%,393897
28/06/2012,1.2468,1.25237,1.24073,1.24426,-0.00256,-0.21%,444139
29/06/2012,1.2442,1.26915,1.24328,1.26633,0.02207,1.77%,511542
2/07/2012,1.2673,1.26775,1.25691,1.25766,-0.00867,-0.68%,402132
3/07/2012,1.25762,1.26253,1.2559,1.2607,0.00304,0.24%,388533
4/07/2012,1.2606,1.26068,1.25083,1.25256,-0.00814,-0.65%,325106
5/07/2012,1.2526,1.25375,1.23658,1.23902,-0.01354,-1.08%,400242
6/07/2012,1.2391,1.24003,1.22601,1.22847,-0.01055,-0.85%,405952
9/07/2012,1.2252,1.23224,1.22518,1.23119,0.00272,0.22%,391641
10/07/2012,1.2312,1.23323,1.22364,1.22491,-0.00628,-0.51%,410010
11/07/2012,1.2249,1.22956,1.2214,1.22382,-0.00109,-0.09%,409628
12/07/2012,1.2237,1.22475,1.21671,1.22026,-0.00356,-0.29%,416579
13/07/2012,1.2204,1.22529,1.21621,1.22487,0.00461,0.38%,377183
16/07/2012,1.2262,1.22888,1.21753,1.22716,0.00229,0.19%,342721
17/07/2012,1.2271,1.23151,1.21914,1.22937,0.00221,0.18%,385590
18/07/2012,1.2294,1.23053,1.22163,1.22826,-0.00111,-0.09%,414167
19/07/2012,1.2282,1.23207,1.22316,1.22796,-0.0003,-0.02%,411844
20/07/2012,1.228,1.22819,1.21491,1.2155,-0.01246,-1.01%,407109
23/07/2012,1.2111,1.21435,1.20673,1.21155,-0.00395,-0.32%,417486
24/07/2012,1.21152,1.21368,1.20439,1.20588,-0.00567,-0.47%,423453
25/07/2012,1.2059,1.21671,1.2053,1.21569,0.00981,0.81%,426770
26/07/2012,1.21567,1.2324,1.21176,1.22817,0.01248,1.03%,423977
27/07/2012,1.2282,1.23779,1.22421,1.23207,0.0039,0.32%,453250
30/07/2012,1.2305,1.23098,1.22253,1.22599,-0.00608,-0.49%,357535
31/07/2012,1.226,1.23271,1.22484,1.23024,0.00425,0.35%,399937
1/08/2012,1.2302,1.23356,1.22184,1.22249,-0.00775,-0.63%,381400
2/08/2012,1.2225,1.23727,1.21373,1.21793,-0.00456,-0.37%,453566
3/08/2012,1.21803,1.23917,1.21661,1.2385,0.02057,1.69%,408924
6/08/2012,1.2387,1.24419,1.23414,1.23999,0.00149,0.12%,387720
7/08/2012,1.24002,1.24409,1.23752,1.23979,-0.0002,-0.02%,386475
8/08/2012,1.2398,1.24015,1.23268,1.23642,-0.00337,-0.27%,391424
9/08/2012,1.2364,1.23861,1.22668,1.23053,-0.00589,-0.48%,398966
10/08/2012,1.2304,1.23155,1.22418,1.22877,-0.00176,-0.14%,371140
13/08/2012,1.229,1.23725,1.22602,1.23313,0.00436,0.35%,356926
14/08/2012,1.2332,1.23849,1.23168,1.23209,-0.00104,-0.08%,372279
15/08/2012,1.2321,1.23429,1.2264,1.2289,-0.00319,-0.26%,335906
16/08/2012,1.22893,1.23715,1.22561,1.23553,0.00663,0.54%,381116
17/08/2012,1.2356,1.23816,1.2291,1.23321,-0.00232,-0.19%,279947
20/08/2012,1.2346,1.23677,1.2295,1.23438,0.00117,0.09%,343648
21/08/2012,1.23444,1.24863,1.23418,1.24713,0.01275,1.03%,428826
22/08/2012,1.2471,1.25359,1.24317,1.2528,0.00567,0.45%,353802
23/08/2012,1.2527,1.25876,1.25231,1.25631,0.00351,0.28%,369887
24/08/2012,1.25634,1.25673,1.24857,1.25187,-0.00444,-0.35%,335690
27/08/2012,1.251,1.25348,1.24894,1.24981,-0.00206,-0.16%,273417
28/08/2012,1.2498,1.25751,1.24649,1.25641,0.0066,0.53%,355747
29/08/2012,1.2564,1.25717,1.25187,1.25287,-0.00354,-0.28%,342355
30/08/2012,1.2529,1.2563,1.249,1.25055,-0.00232,-0.19%,360112
31/08/2012,1.2505,1.26291,1.24931,1.25803,0.00748,0.60%,405215
3/09/2012,1.2564,1.26095,1.25596,1.25917,0.00114,0.09%,276756
4/09/2012,1.2592,1.26267,1.25571,1.25646,-0.00271,-0.22%,370145
5/09/2012,1.2563,1.26217,1.25013,1.25993,0.00347,0.28%,414484
6/09/2012,1.2599,1.26461,1.25659,1.26302,0.00309,0.25%,418287
7/09/2012,1.263,1.28163,1.26259,1.28157,0.01855,1.47%,424776
10/09/2012,1.281,1.28112,1.27552,1.27579,-0.00578,-0.45%,356436
11/09/2012,1.2758,1.28706,1.27545,1.2854,0.00961,0.75%,408543
12/09/2012,1.2854,1.29357,1.28198,1.28986,0.00446,0.35%,442444
13/09/2012,1.2898,1.29986,1.28589,1.29878,0.00892,0.69%,422639
14/09/2012,1.299,1.31614,1.29794,1.31347,0.01469,1.13%,468636
17/09/2012,1.3126,1.31625,1.30828,1.3116,-0.00187,-0.14%,382571
18/09/2012,1.3117,1.3119,1.30289,1.30466,-0.00694,-0.53%,398142
19/09/2012,1.30468,1.30843,1.29931,1.30476,0.0001,0.01%,418082
20/09/2012,1.30473,1.30584,1.29215,1.29677,-0.00799,-0.61%,437738
21/09/2012,1.2967,1.30461,1.29567,1.29797,0.0012,0.09%,433435
24/09/2012,1.2977,1.29889,1.28905,1.29297,-0.005,-0.39%,350894
25/09/2012,1.293,1.29699,1.28866,1.28987,-0.0031,-0.24%,433406
26/09/2012,1.28991,1.29121,1.28373,1.28713,-0.00274,-0.21%,478153
27/09/2012,1.28731,1.29274,1.28335,1.2912,0.00407,0.32%,516389
28/09/2012,1.2913,1.2959,1.28401,1.28568,-0.00552,-0.43%,540890
1/10/2012,1.2848,1.29371,1.28009,1.28813,0.00245,0.19%,441911
2/10/2012,1.2887,1.29665,1.28768,1.29139,0.00326,0.25%,420099
3/10/2012,1.292,1.29362,1.28744,1.29042,-0.00097,-0.08%,453543
4/10/2012,1.2904,1.303,1.28958,1.3014,0.01098,0.85%,535971
5/10/2012,1.3017,1.30701,1.29903,1.30332,0.00192,0.15%,470681
8/10/2012,1.3025,1.30256,1.29345,1.29666,-0.00666,-0.51%,337693
9/10/2012,1.2967,1.29902,1.28558,1.28824,-0.00842,-0.65%,508584
10/10/2012,1.28806,1.29113,1.28323,1.28706,-0.00118,-0.09%,525485
11/10/2012,1.2875,1.29497,1.28226,1.29236,0.0053,0.41%,503412
12/10/2012,1.29232,1.29898,1.29196,1.29493,0.00257,0.20%,387502
15/10/2012,1.2948,1.29781,1.28873,1.29447,-0.00046,-0.04%,326559
16/10/2012,1.29478,1.30598,1.29397,1.30512,0.01065,0.82%,316757
17/10/2012,1.3053,1.31382,1.30461,1.31154,0.00642,0.49%,526432
18/10/2012,1.31186,1.31279,1.30518,1.30604,-0.0055,-0.42%,513903
19/10/2012,1.3065,1.30762,1.30086,1.3023,-0.00374,-0.29%,448578
22/10/2012,1.3019,1.30817,1.30132,1.30582,0.00352,0.27%,357271
23/10/2012,1.30588,1.30748,1.29514,1.29857,-0.00725,-0.56%,495909
24/10/2012,1.2986,1.29965,1.29203,1.29722,-0.00135,-0.10%,480837
25/10/2012,1.2972,1.30227,1.29267,1.29331,-0.00391,-0.30%,502577
26/10/2012,1.29334,1.29557,1.28833,1.29367,0.00036,0.03%,501289
29/10/2012,1.2949,1.2949,1.2885,1.29028,-0.00339,-0.26%,325004
30/10/2012,1.29033,1.29831,1.28857,1.29601,0.00573,0.44%,380311
31/10/2012,1.29619,1.30199,1.2946,1.29587,-0.00014,-0.01%,464556
1/11/2012,1.29592,1.29819,1.29245,1.2942,-0.00167,-0.13%,407484
2/11/2012,1.2942,1.29505,1.28211,1.28314,-0.01106,-0.85%,506425
5/11/2012,1.2821,1.28415,1.2767,1.27951,-0.00363,-0.28%,431651
6/11/2012,1.2794,1.28261,1.27635,1.28134,0.00183,0.14%,463324
7/11/2012,1.28131,1.2876,1.27363,1.27699,-0.00435,-0.34%,599642
8/11/2012,1.2769,1.27799,1.27171,1.27457,-0.00242,-0.19%,524326
9/11/2012,1.2745,1.27896,1.26896,1.27103,-0.00354,-0.28%,540934
12/11/2012,1.2708,1.27386,1.26972,1.27083,-0.0002,-0.02%,397053
13/11/2012,1.2708,1.27262,1.26615,1.27038,-0.00045,-0.04%,519577
14/11/2012,1.2703,1.27769,1.26998,1.27342,0.00304,0.24%,503443
15/11/2012,1.2734,1.28014,1.2717,1.278,0.00458,0.36%,484134
16/11/2012,1.2781,1.27838,1.26905,1.27407,-0.00393,-0.31%,485825
19/11/2012,1.274,1.28191,1.27396,1.28123,0.00716,0.56%,422657
20/11/2012,1.2813,1.28284,1.27643,1.28166,0.00043,0.03%,473281
21/11/2012,1.2816,1.28322,1.27365,1.28284,0.00118,0.09%,462952
22/11/2012,1.2828,1.2898,1.28258,1.28825,0.00541,0.42%,408315
23/11/2012,1.28815,1.299,1.28679,1.29705,0.0088,0.68%,424795
26/11/2012,1.2961,1.29829,1.29435,1.2971,0.00005,0.00%,430727
27/11/2012,1.2972,1.30084,1.29152,1.29418,-0.00292,-0.23%,523925
28/11/2012,1.2942,1.2954,1.288,1.29522,0.00104,0.08%,515533
29/11/2012,1.29522,1.30131,1.29386,1.29781,0.00259,0.20%,473956
30/11/2012,1.29778,1.30272,1.29682,1.29847,0.00066,0.05%,500097
3/12/2012,1.2976,1.30752,1.29755,1.30519,0.00672,0.52%,451924
4/12/2012,1.30508,1.31077,1.30453,1.30935,0.00416,0.32%,487472
5/12/2012,1.3092,1.31259,1.306,1.30665,-0.0027,-0.21%,508892
6/12/2012,1.30673,1.30859,1.29499,1.29664,-0.01001,-0.77%,537906
7/12/2012,1.2967,1.29721,1.28766,1.29257,-0.00407,-0.31%,499572
10/12/2012,1.2885,1.29461,1.2885,1.29397,0.0014,0.11%,434187
11/12/2012,1.294,1.30143,1.29281,1.30049,0.00652,0.50%,458719
12/12/2012,1.3005,1.30964,1.29953,1.30729,0.0068,0.52%,469461
13/12/2012,1.3074,1.31,1.30408,1.30762,0.00033,0.03%,481506
14/12/2012,1.30764,1.31725,1.30653,1.31613,0.00851,0.65%,473711
17/12/2012,1.317,1.31865,1.31434,1.31629,0.00016,0.01%,386699
18/12/2012,1.3163,1.32377,1.31551,1.32275,0.00646,0.49%,373862
19/12/2012,1.3228,1.33073,1.32222,1.32262,-0.00013,-0.01%,424185
20/12/2012,1.3225,1.32945,1.3189,1.32433,0.00171,0.13%,433272
21/12/2012,1.3245,1.32516,1.3158,1.31877,-0.00556,-0.42%,463698
24/12/2012,1.317,1.32329,1.317,1.31841,-0.00036,-0.03%,270794
25/12/2012,1.3185,1.3197,1.31699,1.3182,-0.00021,-0.02%,38055
26/12/2012,1.3183,1.3253,1.31698,1.32231,0.00411,0.31%,211134
27/12/2012,1.3223,1.32832,1.32013,1.32351,0.0012,0.09%,385917
28/12/2012,1.3236,1.3256,1.31654,1.32151,-0.002,-0.15%,386425
31/12/2012,1.3208,1.32341,1.31719,1.31894,-0.00257,-0.19%,327469
1/01/2013,1.31963,1.32215,1.31733,1.32013,0.00119,0.09%,16476
2/01/2013,1.3202,1.32987,1.31566,1.31853,-0.0016,-0.12%,444954
3/01/2013,1.3185,1.31897,1.30461,1.30478,-0.01375,-1.04%,457801
4/01/2013,1.3048,1.30886,1.29976,1.30673,0.00195,0.15%,493691
7/01/2013,1.3082,1.31189,1.30168,1.31155,0.00482,0.37%,450084
8/01/2013,1.31151,1.31394,1.30565,1.30802,-0.00353,-0.27%,467513
9/01/2013,1.3081,1.30953,1.30367,1.30635,-0.00167,-0.13%,458941
10/01/2013,1.3063,1.32713,1.30381,1.32708,0.02073,1.59%,494352
11/01/2013,1.3271,1.33644,1.32481,1.33423,0.00715,0.54%,526140
14/01/2013,1.3357,1.34033,1.33358,1.33808,0.00385,0.29%,488166
15/01/2013,1.33809,1.33932,1.32647,1.33043,-0.00765,-0.57%,551198
16/01/2013,1.3304,1.33243,1.32568,1.32884,-0.00159,-0.12%,515881
17/01/2013,1.3288,1.33868,1.32697,1.33749,0.00865,0.65%,527119
18/01/2013,1.3375,1.33976,1.32799,1.33118,-0.00631,-0.47%,509037
21/01/2013,1.3307,1.33317,1.32989,1.33118,0,0.00%,341796
22/01/2013,1.33114,1.33711,1.32669,1.33209,0.00091,0.07%,502675
23/01/2013,1.3321,1.33536,1.32646,1.33168,-0.00041,-0.03%,446146
24/01/2013,1.3317,1.3392,1.32861,1.33758,0.0059,0.44%,491940
25/01/2013,1.33753,1.34783,1.335,1.34628,0.0087,0.65%,507171
28/01/2013,1.3454,1.34764,1.34246,1.34542,-0.00086,-0.06%,431830
29/01/2013,1.3453,1.34964,1.34143,1.34908,0.00366,0.27%,477115
30/01/2013,1.3491,1.35866,1.34813,1.35662,0.00754,0.56%,498243
31/01/2013,1.3566,1.35925,1.35408,1.35768,0.00106,0.08%,474339
1/02/2013,1.3577,1.37106,1.35721,1.36418,0.0065,0.48%,576079
4/02/2013,1.3644,1.3658,1.35049,1.35127,-0.01291,-0.95%,469382
5/02/2013,1.3513,1.35965,1.34582,1.35824,0.00697,0.52%,548355
6/02/2013,1.3582,1.35955,1.34937,1.3521,-0.00614,-0.45%,502539
7/02/2013,1.3523,1.35767,1.33705,1.3396,-0.0125,-0.92%,551260
8/02/2013,1.33961,1.34284,1.33529,1.33622,-0.00338,-0.25%,482650
11/02/2013,1.3355,1.34271,1.33541,1.34049,0.00427,0.32%,431746
12/02/2013,1.3405,1.34749,1.33644,1.34528,0.00479,0.36%,433495
13/02/2013,1.34532,1.35192,1.34268,1.34517,-0.00011,-0.01%,429423
14/02/2013,1.34509,1.34546,1.33157,1.33615,-0.00902,-0.67%,449824
15/02/2013,1.33624,1.33924,1.33063,1.33658,0.00043,0.03%,459666
18/02/2013,1.3346,1.33775,1.33214,1.33501,-0.00157,-0.12%,359253
19/02/2013,1.33499,1.33952,1.33289,1.33871,0.0037,0.28%,434809
20/02/2013,1.33879,1.34325,1.3271,1.32785,-0.01086,-0.81%,471213
21/02/2013,1.3278,1.32889,1.31612,1.31879,-0.00906,-0.68%,496732
22/02/2013,1.3189,1.32441,1.31455,1.31908,0.00029,0.02%,451206
25/02/2013,1.321,1.33177,1.30477,1.30612,-0.01296,-0.98%,589156
26/02/2013,1.306,1.31198,1.30182,1.30604,-0.00008,-0.01%,628386
27/02/2013,1.306,1.31461,1.30412,1.31371,0.00767,0.59%,559594
28/02/2013,1.3138,1.31611,1.30529,1.30557,-0.00814,-0.62%,486499
1/03/2013,1.3057,1.31005,1.29663,1.30171,-0.00386,-0.30%,511313
4/03/2013,1.3012,1.30308,1.2982,1.30251,0.0008,0.06%,404000
5/03/2013,1.30253,1.30747,1.30098,1.305,0.00249,0.19%,443106
6/03/2013,1.30496,1.30699,1.29642,1.29659,-0.00841,-0.64%,426723
7/03/2013,1.29652,1.31178,1.29652,1.31059,0.014,1.08%,470013
8/03/2013,1.31066,1.31339,1.29551,1.30038,-0.01021,-0.78%,459214
11/03/2013,1.2984,1.30528,1.29788,1.30448,0.0041,0.32%,373202
12/03/2013,1.30449,1.30737,1.29909,1.30329,-0.00119,-0.09%,456263
13/03/2013,1.3031,1.30643,1.29235,1.296,-0.00729,-0.56%,452243
14/03/2013,1.2959,1.3031,1.29108,1.30038,0.00438,0.34%,499706
15/03/2013,1.30041,1.31067,1.29986,1.30743,0.00705,0.54%,488849
18/03/2013,1.2912,1.29947,1.28814,1.29554,-0.01189,-0.91%,527138
19/03/2013,1.29558,1.29689,1.28438,1.28812,-0.00742,-0.57%,564581
20/03/2013,1.28817,1.2977,1.2856,1.29319,0.00507,0.39%,547957
21/03/2013,1.2932,1.29548,1.28798,1.28977,-0.00342,-0.26%,557136
22/03/2013,1.2898,1.30086,1.2888,1.29852,0.00875,0.68%,516917
25/03/2013,1.2948,1.30475,1.28303,1.28517,-0.01335,-1.03%,578455
26/03/2013,1.2851,1.2888,1.28289,1.28601,0.00084,0.07%,511669
27/03/2013,1.2861,1.28665,1.27513,1.2779,-0.00811,-0.63%,512444
28/03/2013,1.2779,1.2844,1.27552,1.28152,0.00362,0.28%,467691
29/03/2013,1.2815,1.28363,1.27935,1.28218,0.00066,0.05%,152688
1/04/2013,1.2802,1.2867,1.27704,1.2848,0.00262,0.20%,253956
2/04/2013,1.2848,1.28771,1.28086,1.28182,-0.00298,-0.23%,448565
3/04/2013,1.28184,1.28636,1.27893,1.28482,0.003,0.23%,419508
4/04/2013,1.2847,1.29482,1.27468,1.29348,0.00866,0.67%,516931
5/04/2013,1.2935,1.3039,1.28998,1.29906,0.00558,0.43%,463521
8/04/2013,1.297,1.30366,1.29652,1.30078,0.00172,0.13%,428132
9/04/2013,1.3008,1.31026,1.3005,1.30815,0.00737,0.57%,493265
10/04/2013,1.3081,1.31214,1.30516,1.30692,-0.00123,-0.09%,454618
11/04/2013,1.3068,1.3138,1.30436,1.30993,0.00301,0.23%,471876
12/04/2013,1.31,1.31259,1.30366,1.31098,0.00105,0.08%,482320
15/04/2013,1.3111,1.31139,1.30212,1.30341,-0.00757,-0.58%,520025
16/04/2013,1.3035,1.3201,1.30281,1.3176,0.01419,1.09%,578146
17/04/2013,1.31757,1.31977,1.30018,1.30305,-0.01455,-1.10%,575448
18/04/2013,1.30304,1.30955,1.30206,1.30495,0.0019,0.15%,535434
19/04/2013,1.3049,1.31274,1.30453,1.30502,0.00007,0.01%,491487
22/04/2013,1.3083,1.30833,1.3015,1.30662,0.0016,0.12%,434604
23/04/2013,1.30668,1.30829,1.29724,1.29976,-0.00686,-0.53%,515413
24/04/2013,1.2999,1.30336,1.29546,1.3014,0.00164,0.13%,472372
25/04/2013,1.3014,1.30929,1.29892,1.30107,-0.00033,-0.03%,491076
26/04/2013,1.30105,1.30466,1.29906,1.30289,0.00182,0.14%,497001
29/04/2013,1.3035,1.31157,1.3031,1.30974,0.00685,0.53%,436363
30/04/2013,1.30971,1.31848,1.30544,1.31664,0.0069,0.53%,463381
1/05/2013,1.31661,1.32418,1.31601,1.31783,0.00119,0.09%,373568
2/05/2013,1.31789,1.32165,1.30373,1.30641,-0.01142,-0.87%,503840
3/05/2013,1.30638,1.31578,1.30337,1.31158,0.00517,0.40%,456111
6/05/2013,1.3112,1.31401,1.30535,1.30752,-0.00406,-0.31%,292977
7/05/2013,1.30763,1.31313,1.3067,1.30776,0.00024,0.02%,410169
8/05/2013,1.3077,1.31935,1.30715,1.31516,0.0074,0.57%,444138
9/05/2013,1.31518,1.31766,1.30102,1.30411,-0.01105,-0.84%,460850
10/05/2013,1.30404,1.30501,1.29352,1.29918,-0.00493,-0.38%,542169
13/05/2013,1.2965,1.29979,1.29411,1.2974,-0.00178,-0.14%,436340
14/05/2013,1.2974,1.30277,1.29164,1.29189,-0.00551,-0.42%,537114
15/05/2013,1.292,1.29418,1.2843,1.28852,-0.00337,-0.26%,501792
16/05/2013,1.28841,1.29293,1.2846,1.28813,-0.00039,-0.03%,481289
17/05/2013,1.2881,1.28891,1.27962,1.28378,-0.00435,-0.34%,451859
20/05/2013,1.283,1.29004,1.2819,1.28817,0.00439,0.34%,395125
21/05/2013,1.2882,1.29326,1.2841,1.29051,0.00234,0.18%,493209
22/05/2013,1.2904,1.29976,1.28331,1.28578,-0.00473,-0.37%,576770
23/05/2013,1.28578,1.2955,1.28213,1.29326,0.00748,0.58%,620542
24/05/2013,1.29329,1.29929,1.29037,1.29298,-0.00028,-0.02%,518294
27/05/2013,1.2934,1.2948,1.29151,1.29283,-0.00015,-0.01%,259991
28/05/2013,1.29279,1.29483,1.28488,1.28547,-0.00736,-0.57%,485338
29/05/2013,1.2855,1.29763,1.28379,1.29387,0.0084,0.65%,534922
30/05/2013,1.29391,1.30608,1.29329,1.30479,0.01092,0.84%,537187
31/05/2013,1.3047,1.30586,1.29442,1.29948,-0.00531,-0.41%,527112
3/06/2013,1.29898,1.31069,1.29553,1.30697,0.00749,0.58%,578802
4/06/2013,1.30748,1.31004,1.30422,1.30802,0.00105,0.08%,558741
5/06/2013,1.308,1.31134,1.30527,1.30921,0.00119,0.09%,624037
6/06/2013,1.30925,1.33047,1.30744,1.3245,0.01529,1.17%,708396
7/06/2013,1.32452,1.32841,1.31915,1.32168,-0.00282,-0.21%,750628
10/06/2013,1.31942,1.32685,1.31771,1.32564,0.00396,0.30%,567915
11/06/2013,1.3256,1.33168,1.32322,1.33125,0.00561,0.42%,700537
12/06/2013,1.3312,1.33586,1.32655,1.33362,0.00237,0.18%,624245
13/06/2013,1.33357,1.33896,1.32784,1.33741,0.00379,0.28%,702015
14/06/2013,1.33735,1.33738,1.32946,1.33418,-0.00323,-0.24%,570106
17/06/2013,1.3343,1.33807,1.3318,1.33652,0.00234,0.18%,458749
18/06/2013,1.33641,1.34148,1.33253,1.33919,0.00267,0.20%,551018
19/06/2013,1.33912,1.34149,1.32618,1.32936,-0.00983,-0.73%,553676
20/06/2013,1.32935,1.33011,1.31613,1.32182,-0.00754,-0.57%,763921
21/06/2013,1.32178,1.32535,1.30988,1.31221,-0.00961,-0.73%,635596
24/06/2013,1.30967,1.31432,1.30589,1.3118,-0.00041,-0.03%,596832
25/06/2013,1.31181,1.315,1.30647,1.30805,-0.00375,-0.29%,379089
26/06/2013,1.3081,1.30865,1.29846,1.30109,-0.00696,-0.53%,380155
27/06/2013,1.3011,1.30549,1.30001,1.30377,0.00268,0.21%,351177
28/06/2013,1.3039,1.31023,1.29912,1.3009,-0.00287,-0.22%,356608
1/07/2013,1.30037,1.30663,1.30036,1.30631,0.00541,0.42%,291770
2/07/2013,1.30633,1.30777,1.29634,1.2978,-0.00851,-0.65%,317958
3/07/2013,1.29778,1.30307,1.29227,1.3009,0.0031,0.24%,347630
4/07/2013,1.30086,1.30226,1.28828,1.29129,-0.00961,-0.74%,305046
5/07/2013,1.29134,1.29159,1.28056,1.2827,-0.00859,-0.67%,333603
8/07/2013,1.28142,1.28816,1.28092,1.28695,0.00425,0.33%,279513
9/07/2013,1.2869,1.28978,1.27567,1.27801,-0.00894,-0.69%,351336
10/07/2013,1.2781,1.29829,1.27645,1.2975,0.01949,1.53%,386405
11/07/2013,1.2977,1.32048,1.29623,1.30958,0.01208,0.93%,558492
12/07/2013,1.30951,1.30996,1.2999,1.3069,-0.00268,-0.20%,357566
15/07/2013,1.30694,1.30811,1.29933,1.30612,-0.00078,-0.06%,243605
16/07/2013,1.30613,1.31736,1.30518,1.31612,0.01,0.77%,339673
17/07/2013,1.31605,1.31746,1.30839,1.31244,-0.00368,-0.28%,337953
18/07/2013,1.3125,1.31265,1.30664,1.3108,-0.00164,-0.12%,292871
19/07/2013,1.31085,1.31525,1.30884,1.31391,0.00311,0.24%,286368
22/07/2013,1.31352,1.32172,1.31348,1.31845,0.00454,0.35%,258834
23/07/2013,1.3185,1.3238,1.31631,1.32222,0.00377,0.29%,280726
24/07/2013,1.3221,1.32555,1.31768,1.32001,-0.00221,-0.17%,319311
25/07/2013,1.32002,1.32952,1.31654,1.32761,0.0076,0.58%,321910
26/07/2013,1.3277,1.32963,1.3252,1.32762,0.00001,0.00%,284354
29/07/2013,1.32823,1.32945,1.32389,1.32612,-0.0015,-0.11%,258803
30/07/2013,1.326,1.33008,1.32341,1.32613,0.00001,0.00%,278671
31/07/2013,1.32615,1.33438,1.32111,1.33009,0.00396,0.30%,360573
1/08/2013,1.3302,1.33103,1.31942,1.32059,-0.0095,-0.71%,322407
2/08/2013,1.32063,1.32935,1.3189,1.32685,0.00626,0.47%,310077
5/08/2013,1.32731,1.32997,1.32325,1.32572,-0.00113,-0.09%,256968
6/08/2013,1.3258,1.33226,1.32456,1.3304,0.00468,0.35%,276769
7/08/2013,1.33035,1.33446,1.32656,1.3335,0.0031,0.23%,317849
8/08/2013,1.3336,1.33992,1.33275,1.33801,0.00451,0.34%,299022
9/08/2013,1.338,1.33896,1.3332,1.3341,-0.00391,-0.29%,240853
12/08/2013,1.33372,1.33435,1.32768,1.32988,-0.00422,-0.32%,229916
13/08/2013,1.3299,1.33164,1.32331,1.32611,-0.00377,-0.28%,299267
14/08/2013,1.32606,1.32786,1.32387,1.32541,-0.0007,-0.05%,260700
15/08/2013,1.32536,1.33621,1.32053,1.33458,0.00917,0.69%,344658
16/08/2013,1.33464,1.3379,1.33106,1.3328,-0.00178,-0.13%,275884
19/08/2013,1.3333,1.3374,1.33148,1.33334,0.00054,0.04%,243488
20/08/2013,1.3334,1.34514,1.33229,1.34161,0.00827,0.62%,301444
21/08/2013,1.3416,1.34263,1.33353,1.33543,-0.00618,-0.46%,304781
22/08/2013,1.33531,1.33726,1.32977,1.33554,0.00011,0.01%,306783
23/08/2013,1.3356,1.34089,1.33335,1.3384,0.00286,0.21%,284402
26/08/2013,1.33833,1.33938,1.33565,1.33677,-0.00163,-0.12%,185752
27/08/2013,1.3366,1.33981,1.33227,1.33918,0.00241,0.18%,281922
28/08/2013,1.33912,1.3397,1.3305,1.33382,-0.00536,-0.40%,277434
29/08/2013,1.3338,1.33424,1.3219,1.32399,-0.00983,-0.74%,297455
30/08/2013,1.32399,1.3254,1.31741,1.32192,-0.00207,-0.16%,275332
2/09/2013,1.32168,1.32265,1.31831,1.31906,-0.00286,-0.22%,208493
3/09/2013,1.31903,1.31964,1.31385,1.31694,-0.00212,-0.16%,269701
4/09/2013,1.31686,1.32174,1.31566,1.32059,0.00365,0.28%,244766
5/09/2013,1.3207,1.32224,1.31103,1.31192,-0.00867,-0.66%,295103
6/09/2013,1.312,1.31884,1.31043,1.31771,0.00579,0.44%,271957
9/09/2013,1.3166,1.32801,1.31591,1.32539,0.00768,0.58%,228011
10/09/2013,1.3254,1.32752,1.32299,1.32666,0.00127,0.10%,250642
11/09/2013,1.32672,1.33238,1.32434,1.33101,0.00435,0.33%,265499
12/09/2013,1.33091,1.33237,1.32561,1.32982,-0.00119,-0.09%,267730
13/09/2013,1.32978,1.33208,1.32539,1.32978,-0.00004,0.00%,253517
16/09/2013,1.33019,1.33849,1.33017,1.33334,0.00356,0.27%,249500
17/09/2013,1.3333,1.33687,1.33247,1.3358,0.00246,0.18%,220176
18/09/2013,1.33578,1.35411,1.33377,1.35207,0.01627,1.22%,272201
19/09/2013,1.3521,1.35681,1.35005,1.35284,0.00077,0.06%,322475
20/09/2013,1.3528,1.3548,1.34982,1.35222,-0.00062,-0.05%,256717
23/09/2013,1.3551,1.35521,1.34796,1.34919,-0.00303,-0.22%,248376
24/09/2013,1.34922,1.35184,1.34639,1.34724,-0.00195,-0.14%,252676
25/09/2013,1.34734,1.35366,1.34618,1.35246,0.00522,0.39%,243987
26/09/2013,1.3525,1.35293,1.34719,1.34875,-0.00371,-0.27%,251817
27/09/2013,1.3487,1.3564,1.34736,1.3524,0.00365,0.27%,255846
30/09/2013,1.3485,1.35555,1.34768,1.35251,0.00011,0.01%,264458
1/10/2013,1.3524,1.35873,1.35165,1.3525,-0.00001,0.00%,285239
2/10/2013,1.3525,1.36065,1.35051,1.35778,0.00528,0.39%,291862
3/10/2013,1.3578,1.36453,1.3577,1.36173,0.00395,0.29%,289774
4/10/2013,1.36175,1.3631,1.3538,1.3556,-0.00613,-0.45%,252070
7/10/2013,1.35626,1.35906,1.35423,1.35799,0.00239,0.18%,218736
8/10/2013,1.358,1.36065,1.35567,1.35724,-0.00075,-0.06%,238222
9/10/2013,1.35722,1.36039,1.34857,1.35232,-0.00492,-0.36%,296420
10/10/2013,1.3523,1.35457,1.34872,1.35188,-0.00044,-0.03%,257832
11/10/2013,1.35196,1.35811,1.35174,1.35402,0.00214,0.16%,246834
14/10/2013,1.35613,1.3597,1.35447,1.35601,0.00199,0.15%,183490
15/10/2013,1.3561,1.35704,1.34792,1.35227,-0.00374,-0.28%,277611
16/10/2013,1.35234,1.3567,1.34723,1.35327,0.001,0.07%,287016
17/10/2013,1.35337,1.36812,1.35151,1.36746,0.01419,1.05%,320885
18/10/2013,1.36749,1.37033,1.36591,1.3689,0.00144,0.11%,244087
21/10/2013,1.36829,1.3688,1.36542,1.36795,-0.00095,-0.07%,164702
22/10/2013,1.36789,1.37914,1.36617,1.37799,0.01004,0.73%,253967
23/10/2013,1.37802,1.37925,1.37413,1.3775,-0.00049,-0.04%,278848
24/10/2013,1.37747,1.38246,1.3764,1.38004,0.00254,0.18%,287071
25/10/2013,1.38,1.38316,1.37741,1.3805,0.00046,0.03%,275385
28/10/2013,1.38,1.38168,1.37745,1.37844,-0.00206,-0.15%,212187
29/10/2013,1.37845,1.38125,1.3736,1.37446,-0.00398,-0.29%,293194
30/10/2013,1.37443,1.3784,1.36955,1.3735,-0.00096,-0.07%,287850
31/10/2013,1.37346,1.37381,1.35748,1.35829,-0.01521,-1.11%,330136
1/11/2013,1.3582,1.35889,1.34794,1.34867,-0.00962,-0.71%,291926
4/11/2013,1.34873,1.35237,1.3442,1.35131,0.00264,0.20%,222172
5/11/2013,1.3513,1.35222,1.3449,1.34737,-0.00394,-0.29%,262657
6/11/2013,1.34733,1.35467,1.3467,1.3512,0.00383,0.28%,258764
7/11/2013,1.35126,1.35284,1.32953,1.34182,-0.00938,-0.69%,360970
8/11/2013,1.3418,1.34373,1.33177,1.3368,-0.00502,-0.37%,316425
11/11/2013,1.33521,1.34156,1.33441,1.34056,0.00376,0.28%,215878
12/11/2013,1.34061,1.34553,1.33586,1.34347,0.00291,0.22%,311656
13/11/2013,1.3434,1.34947,1.33896,1.34856,0.00509,0.38%,308412
14/11/2013,1.34848,1.34963,1.3418,1.34578,-0.00278,-0.21%,305883
15/11/2013,1.34605,1.35048,1.34318,1.34952,0.00374,0.28%,243598
18/11/2013,1.3491,1.35413,1.34739,1.35048,0.00096,0.07%,236400
19/11/2013,1.35042,1.35463,1.34874,1.35373,0.00325,0.24%,289781
20/11/2013,1.35373,1.35764,1.34151,1.34381,-0.00992,-0.73%,334643
21/11/2013,1.34382,1.34857,1.33991,1.34809,0.00428,0.32%,334002
22/11/2013,1.3481,1.3557,1.34618,1.3557,0.00761,0.56%,261150
25/11/2013,1.3549,1.35592,1.34899,1.35155,-0.00415,-0.31%,253837
26/11/2013,1.35156,1.35742,1.35145,1.3571,0.00555,0.41%,287264
27/11/2013,1.3571,1.36121,1.35569,1.35784,0.00074,0.05%,302145
28/11/2013,1.35782,1.36175,1.35631,1.36041,0.00257,0.19%,218312
29/11/2013,1.36036,1.3621,1.35795,1.35912,-0.00129,-0.09%,286672
2/12/2013,1.3581,1.36152,1.35254,1.35405,-0.00507,-0.37%,291270
3/12/2013,1.3541,1.36133,1.35238,1.35881,0.00476,0.35%,295908
4/12/2013,1.3585,1.36043,1.35282,1.35922,0.00041,0.03%,334592
5/12/2013,1.35909,1.36767,1.35426,1.36663,0.00741,0.55%,376521
6/12/2013,1.36669,1.37058,1.36197,1.37022,0.00359,0.26%,310316
9/12/2013,1.3714,1.37447,1.36938,1.37378,0.00356,0.26%,246170
10/12/2013,1.37381,1.37941,1.3733,1.37601,0.00223,0.16%,282988
11/12/2013,1.37601,1.38101,1.37405,1.37849,0.00248,0.18%,287694
12/12/2013,1.37848,1.38027,1.3737,1.37521,-0.00328,-0.24%,324626
13/12/2013,1.37523,1.37685,1.3709,1.3742,-0.00101,-0.07%,278275
16/12/2013,1.3729,1.3798,1.37271,1.37599,0.00179,0.13%,270076
17/12/2013,1.37604,1.37816,1.37224,1.37672,0.00073,0.05%,262583
18/12/2013,1.37671,1.38106,1.36741,1.36833,-0.00839,-0.61%,336525
19/12/2013,1.36824,1.36934,1.36492,1.36601,-0.00232,-0.17%,308845
20/12/2013,1.36609,1.37087,1.36246,1.3671,0.00109,0.08%,296882
23/12/2013,1.3674,1.37164,1.36668,1.3695,0.0024,0.18%,203682
24/12/2013,1.36943,1.37104,1.36542,1.36742,-0.00208,-0.15%,152663
26/12/2013,1.3681,1.37011,1.3663,1.36902,0.0016,0.12%,102497
27/12/2013,1.36897,1.38923,1.36868,1.37423,0.00521,0.38%,288424
30/12/2013,1.37494,1.38184,1.3728,1.38021,0.00598,0.44%,232347
31/12/2013,1.38012,1.38118,1.37401,1.37402,-0.00619,-0.45%,178432
2/01/2014,1.37409,1.37744,1.36291,1.3671,-0.00692,-0.50%,321135
3/01/2014,1.36714,1.36722,1.35819,1.35863,-0.00847,-0.62%,276534
6/01/2014,1.3591,1.36522,1.35709,1.36271,0.00408,0.30%,269193
7/01/2014,1.36277,1.36559,1.35965,1.36141,-0.0013,-0.10%,247791
8/01/2014,1.36148,1.36345,1.35532,1.35746,-0.00395,-0.29%,273643
9/01/2014,1.3576,1.36321,1.35483,1.36077,0.00331,0.24%,281326
10/01/2014,1.3608,1.36865,1.35735,1.3668,0.00603,0.44%,252466
13/01/2014,1.3677,1.36842,1.36371,1.36701,0.00021,0.02%,216613
14/01/2014,1.3671,1.36987,1.36484,1.36783,0.00082,0.06%,228609
15/01/2014,1.36791,1.36801,1.3581,1.36043,-0.0074,-0.54%,231007
16/01/2014,1.36044,1.36488,1.35827,1.36189,0.00146,0.11%,246596
17/01/2014,1.36187,1.36206,1.35163,1.3538,-0.00809,-0.59%,225888
20/01/2014,1.3537,1.35674,1.35072,1.3551,0.0013,0.10%,177647
21/01/2014,1.35509,1.35681,1.35162,1.356,0.0009,0.07%,236349
22/01/2014,1.356,1.35817,1.3534,1.35463,-0.00137,-0.10%,229108
23/01/2014,1.3547,1.36975,1.35299,1.36952,0.01489,1.10%,301592
24/01/2014,1.36955,1.37384,1.36628,1.3676,-0.00192,-0.14%,294046
27/01/2014,1.3673,1.37158,1.36531,1.36722,-0.00038,-0.03%,261836
28/01/2014,1.3672,1.36878,1.3629,1.36697,-0.00025,-0.02%,229950
29/01/2014,1.36695,1.36841,1.3603,1.36621,-0.00076,-0.06%,298222
30/01/2014,1.3663,1.36646,1.35433,1.35537,-0.01084,-0.79%,274874
31/01/2014,1.3554,1.35715,1.34785,1.34852,-0.00685,-0.51%,294602
3/02/2014,1.34827,1.35348,1.34766,1.35242,0.0039,0.29%,260926
4/02/2014,1.3524,1.35377,1.34933,1.35173,-0.00069,-0.05%,256541
5/02/2014,1.3518,1.35544,1.34981,1.35327,0.00154,0.11%,255388
6/02/2014,1.35334,1.36185,1.34835,1.35887,0.0056,0.41%,262599
7/02/2014,1.3589,1.36414,1.35519,1.3635,0.00463,0.34%,237342
10/02/2014,1.3612,1.36511,1.36091,1.36448,0.00098,0.07%,166674
11/02/2014,1.3645,1.36826,1.36292,1.36368,-0.0008,-0.06%,222900
12/02/2014,1.36369,1.36522,1.35614,1.35922,-0.00446,-0.33%,229770
13/02/2014,1.35935,1.3691,1.3585,1.36791,0.00869,0.64%,250638
14/02/2014,1.36799,1.37142,1.36729,1.3692,0.00129,0.09%,212364
17/02/2014,1.3708,1.37236,1.36913,1.37057,0.00137,0.10%,159032
18/02/2014,1.3706,1.37696,1.3694,1.37578,0.00521,0.38%,216501
19/02/2014,1.3758,1.37724,1.37243,1.37321,-0.00257,-0.19%,193530
20/02/2014,1.3732,1.3762,1.36857,1.37175,-0.00146,-0.11%,228236
21/02/2014,1.37174,1.3757,1.37018,1.37352,0.00177,0.13%,185206
24/02/2014,1.373,1.37704,1.37079,1.37338,-0.00014,-0.01%,188162
25/02/2014,1.37324,1.37663,1.37154,1.37441,0.00103,0.07%,203977
26/02/2014,1.3744,1.37567,1.36614,1.36853,-0.00588,-0.43%,220712
27/02/2014,1.3685,1.3726,1.36426,1.3709,0.00237,0.17%,226205
28/02/2014,1.37096,1.38238,1.36932,1.38008,0.00918,0.67%,268779
3/03/2014,1.37618,1.37921,1.37252,1.37338,-0.0067,-0.49%,231520
4/03/2014,1.37339,1.3781,1.372,1.37421,0.00083,0.06%,220479
5/03/2014,1.3741,1.37476,1.3707,1.37318,-0.00103,-0.07%,210363
6/03/2014,1.3732,1.3872,1.37209,1.38595,0.01277,0.93%,256270
7/03/2014,1.3859,1.39144,1.38521,1.38749,0.00154,0.11%,226922
10/03/2014,1.3867,1.38971,1.38614,1.38756,0.00007,0.01%,169961
11/03/2014,1.3876,1.38783,1.38328,1.3859,-0.00166,-0.12%,188021
12/03/2014,1.38588,1.39138,1.38428,1.39018,0.00428,0.31%,204609
13/03/2014,1.3903,1.39662,1.38451,1.38679,-0.00339,-0.24%,260857
14/03/2014,1.3868,1.3935,1.3847,1.39027,0.00348,0.25%,242822
17/03/2014,1.3896,1.39471,1.38787,1.39209,0.00182,0.13%,178217
18/03/2014,1.392,1.39417,1.38799,1.39332,0.00123,0.09%,209904
19/03/2014,1.3933,1.39335,1.38096,1.3832,-0.01012,-0.73%,218799
20/03/2014,1.3832,1.38443,1.37493,1.37777,-0.00543,-0.39%,238594
21/03/2014,1.3777,1.38101,1.37653,1.3792,0.00143,0.10%,192121
24/03/2014,1.3797,1.38744,1.37602,1.38381,0.00461,0.33%,202720
25/03/2014,1.38385,1.38464,1.37498,1.38255,-0.00126,-0.09%,250107
26/03/2014,1.38254,1.38272,1.37768,1.37805,-0.0045,-0.33%,214512
27/03/2014,1.37806,1.37962,1.37282,1.37397,-0.00408,-0.30%,232218
28/03/2014,1.37398,1.37726,1.37049,1.37515,0.00118,0.09%,213322
31/03/2014,1.37652,1.38071,1.37231,1.37686,0.00171,0.12%,228654
1/04/2014,1.3769,1.38142,1.37679,1.37922,0.00236,0.17%,195461
2/04/2014,1.3793,1.38195,1.37526,1.37665,-0.00257,-0.19%,185509
3/04/2014,1.3766,1.38051,1.3698,1.37191,-0.00474,-0.34%,237247
4/04/2014,1.3719,1.37305,1.36731,1.3702,-0.00171,-0.12%,214968
7/04/2014,1.36954,1.37479,1.36954,1.37407,0.00387,0.28%,157784
8/04/2014,1.3741,1.38111,1.37369,1.37962,0.00555,0.40%,200240
9/04/2014,1.37961,1.38608,1.37792,1.38547,0.00585,0.42%,209258
10/04/2014,1.3855,1.38986,1.38355,1.38855,0.00308,0.22%,211530
11/04/2014,1.3885,1.39049,1.38631,1.3885,-0.00005,0.00%,188779
14/04/2014,1.38383,1.38623,1.3808,1.38195,-0.00655,-0.47%,200668
15/04/2014,1.38202,1.38326,1.37903,1.38138,-0.00057,-0.04%,185484
16/04/2014,1.3813,1.38506,1.38033,1.38146,0.00008,0.01%,186379
17/04/2014,1.38151,1.3864,1.3811,1.38128,-0.00018,-0.01%,171834
21/04/2014,1.3808,1.38298,1.37865,1.37922,-0.00206,-0.15%,86734
22/04/2014,1.3793,1.38242,1.37845,1.38042,0.0012,0.09%,158531
23/04/2014,1.3805,1.38542,1.38,1.38159,0.00117,0.08%,196985
24/04/2014,1.3816,1.38422,1.3791,1.38308,0.00149,0.11%,191133
25/04/2014,1.38314,1.38477,1.38265,1.3833,0.00022,0.02%,155768
28/04/2014,1.38348,1.3879,1.38142,1.38504,0.00174,0.13%,190441
29/04/2014,1.38502,1.38788,1.38051,1.38112,-0.00392,-0.28%,194898
30/04/2014,1.3811,1.38761,1.3777,1.38663,0.00551,0.40%,244191
1/05/2014,1.38659,1.38889,1.38622,1.38684,0.00021,0.02%,130512
2/05/2014,1.38688,1.38807,1.38116,1.38702,0.00018,0.01%,185517
5/05/2014,1.38826,1.38856,1.3864,1.38743,0.00041,0.03%,137491
6/05/2014,1.38737,1.39507,1.38716,1.39265,0.00522,0.38%,191064
7/05/2014,1.3927,1.3938,1.39092,1.39092,-0.00173,-0.12%,188296
8/05/2014,1.3908,1.39929,1.38327,1.38389,-0.00703,-0.51%,261354
9/05/2014,1.38389,1.38438,1.37452,1.3762,-0.00769,-0.56%,211565
12/05/2014,1.3753,1.37744,1.37487,1.37563,-0.00057,-0.04%,162362
13/05/2014,1.37569,1.37711,1.36885,1.37023,-0.0054,-0.39%,235745
14/05/2014,1.37029,1.37301,1.36972,1.3714,0.00117,0.09%,202003
15/05/2014,1.37144,1.37315,1.3648,1.37088,-0.00052,-0.04%,238316
16/05/2014,1.3709,1.37263,1.36848,1.3693,-0.00158,-0.12%,178467
19/05/2014,1.37023,1.37336,1.37,1.37082,0.00152,0.11%,276017
20/05/2014,1.3708,1.37132,1.36781,1.37006,-0.00076,-0.06%,360325
21/05/2014,1.37,1.3723,1.3635,1.36858,-0.00148,-0.11%,438487
22/05/2014,1.3685,1.36872,1.36445,1.36549,-0.00309,-0.23%,422754
23/05/2014,1.3654,1.3658,1.36151,1.3626,-0.00289,-0.21%,393445
26/05/2014,1.362,1.36538,1.36139,1.36449,0.00189,0.14%,263554
27/05/2014,1.36445,1.3668,1.36126,1.36339,-0.0011,-0.08%,430716
28/05/2014,1.36339,1.36372,1.35879,1.35902,-0.00437,-0.32%,228251
29/05/2014,1.35904,1.36251,1.35859,1.36009,0.00107,0.08%,200120
30/05/2014,1.3601,1.36497,1.35979,1.363,0.00291,0.21%,205080
2/06/2014,1.3642,1.36422,1.35876,1.3596,-0.0034,-0.25%,206241
3/06/2014,1.35955,1.36474,1.35869,1.36269,0.00309,0.23%,211174
4/06/2014,1.36264,1.3638,1.35959,1.35981,-0.00288,-0.21%,224117
5/06/2014,1.35977,1.36686,1.35028,1.36594,0.00613,0.45%,318415
6/06/2014,1.36598,1.36762,1.36202,1.3642,-0.00174,-0.13%,240333
9/06/2014,1.36416,1.36682,1.35822,1.35931,-0.00489,-0.36%,186498
10/06/2014,1.35932,1.36013,1.35332,1.35469,-0.00462,-0.34%,215334
11/06/2014,1.35466,1.35567,1.35209,1.35308,-0.00161,-0.12%,222500
12/06/2014,1.35307,1.35714,1.35118,1.35514,0.00206,0.15%,250917
13/06/2014,1.35514,1.35786,1.35204,1.3536,-0.00154,-0.11%,224544
16/06/2014,1.3535,1.35789,1.35124,1.35728,0.00368,0.27%,203121
17/06/2014,1.35724,1.35867,1.35358,1.35461,-0.00267,-0.20%,202392
18/06/2014,1.35461,1.35984,1.3541,1.35948,0.00487,0.36%,224473
19/06/2014,1.35945,1.36429,1.35835,1.36062,0.00114,0.08%,233600
20/06/2014,1.3606,1.36335,1.3564,1.35972,-0.0009,-0.07%,196431
23/06/2014,1.3586,1.36131,1.35735,1.36013,0.00041,0.03%,190869
24/06/2014,1.3602,1.36272,1.35829,1.36055,0.00042,0.03%,202445
25/06/2014,1.36054,1.36506,1.35998,1.36282,0.00227,0.17%,180607
26/06/2014,1.3628,1.36408,1.35758,1.36103,-0.00179,-0.13%,190049
27/06/2014,1.36108,1.36498,1.36087,1.36462,0.00359,0.26%,177489
30/06/2014,1.36465,1.36971,1.36396,1.36913,0.00451,0.33%,180212
1/07/2014,1.36914,1.37001,1.36753,1.36783,-0.0013,-0.09%,185457
2/07/2014,1.36784,1.3682,1.36418,1.36583,-0.002,-0.15%,174452
3/07/2014,1.3659,1.36638,1.35958,1.36095,-0.00488,-0.36%,214864
4/07/2014,1.36093,1.36108,1.35849,1.35932,-0.00163,-0.12%,130797
7/07/2014,1.3593,1.36087,1.35752,1.3604,0.00108,0.08%,158768
8/07/2014,1.36042,1.36168,1.35877,1.36113,0.00073,0.05%,164196
9/07/2014,1.36109,1.36474,1.36018,1.36407,0.00294,0.22%,199985
10/07/2014,1.36404,1.36502,1.35887,1.36079,-0.00328,-0.24%,213917
11/07/2014,1.36083,1.36244,1.35917,1.36051,-0.00028,-0.02%,195145
14/07/2014,1.3598,1.36397,1.35968,1.3618,0.00129,0.09%,183099
15/07/2014,1.36184,1.36275,1.35613,1.35667,-0.00513,-0.38%,246976
16/07/2014,1.35671,1.35711,1.35201,1.35241,-0.00426,-0.31%,221853
17/07/2014,1.35246,1.35397,1.35161,1.35255,0.00014,0.01%,225300
18/07/2014,1.3525,1.35355,1.34905,1.35232,-0.00023,-0.02%,232091
21/07/2014,1.3525,1.35486,1.35122,1.35229,-0.00003,0.00%,177069
22/07/2014,1.35229,1.35291,1.34586,1.34647,-0.00582,-0.43%,205180
23/07/2014,1.3465,1.34739,1.34545,1.34625,-0.00022,-0.02%,186355
24/07/2014,1.3462,1.34844,1.34381,1.34629,0.00004,0.00%,207531
25/07/2014,1.3462,1.34753,1.34215,1.34282,-0.00347,-0.26%,204712
28/07/2014,1.34315,1.34434,1.34261,1.34387,0.00105,0.08%,168232
29/07/2014,1.3439,1.34438,1.34032,1.34079,-0.00308,-0.23%,211315
30/07/2014,1.3408,1.34148,1.33665,1.33959,-0.0012,-0.09%,278138
31/07/2014,1.33952,1.34002,1.33708,1.33892,-0.00067,-0.05%,240972
1/08/2014,1.33899,1.34443,1.33779,1.34272,0.0038,0.28%,262182
4/08/2014,1.34258,1.34314,1.34087,1.3421,-0.00062,-0.05%,187430
5/08/2014,1.34204,1.34244,1.33585,1.33752,-0.00458,-0.34%,229410
6/08/2014,1.3375,1.33865,1.33328,1.33819,0.00067,0.05%,257143
7/08/2014,1.3382,1.33934,1.33368,1.33628,-0.00191,-0.14%,252040
8/08/2014,1.3363,1.34321,1.3357,1.341,0.00472,0.35%,202610
11/08/2014,1.34045,1.34101,1.338,1.33841,-0.00259,-0.19%,162372
12/08/2014,1.33835,1.33858,1.33353,1.33682,-0.00159,-0.12%,196635
13/08/2014,1.33687,1.34149,1.33423,1.33638,-0.00044,-0.03%,218325
14/08/2014,1.33635,1.34076,1.33481,1.3364,0.00002,0.00%,219534
15/08/2014,1.33639,1.34113,1.33582,1.33975,0.00335,0.25%,222073
18/08/2014,1.33847,1.33986,1.33523,1.33626,-0.00349,-0.26%,169604
19/08/2014,1.3363,1.33633,1.33129,1.33193,-0.00433,-0.32%,205000
20/08/2014,1.3319,1.33237,1.32551,1.32584,-0.00609,-0.46%,238982
21/08/2014,1.32588,1.32881,1.32415,1.328,0.00216,0.16%,217349
22/08/2014,1.32803,1.32962,1.32204,1.3241,-0.0039,-0.29%,230015
25/08/2014,1.32002,1.321,1.31892,1.31913,-0.00497,-0.38%,88746
26/08/2014,1.31913,1.32141,1.31641,1.31664,-0.00249,-0.19%,229267
27/08/2014,1.31668,1.32096,1.31521,1.31923,0.00259,0.20%,243135
28/08/2014,1.31924,1.32201,1.31593,1.31812,-0.00111,-0.08%,242667
29/08/2014,1.31815,1.31957,1.31304,1.3132,-0.00492,-0.37%,224665
1/09/2014,1.3127,1.3145,1.31182,1.31274,-0.00046,-0.04%,159782
2/09/2014,1.3128,1.31366,1.31097,1.31319,0.00045,0.03%,225140
3/09/2014,1.3132,1.31596,1.31219,1.31494,0.00175,0.13%,235892
4/09/2014,1.31499,1.31536,1.29197,1.2943,-0.02064,-1.57%,287476
5/09/2014,1.2943,1.29865,1.29213,1.29482,0.00052,0.04%,264675
8/09/2014,1.29447,1.29586,1.28821,1.28939,-0.00543,-0.42%,258997
9/09/2014,1.28937,1.29568,1.28592,1.29369,0.0043,0.33%,291929
10/09/2014,1.29365,1.29625,1.28833,1.29164,-0.00205,-0.16%,311171
11/09/2014,1.2916,1.29516,1.28966,1.29234,0.0007,0.05%,288435
12/09/2014,1.29235,1.29788,1.29088,1.29617,0.00383,0.30%,284860
15/09/2014,1.2976,1.29769,1.29083,1.29392,-0.00225,-0.17%,225142
16/09/2014,1.29397,1.29946,1.29218,1.29591,0.00199,0.15%,280874
17/09/2014,1.2958,1.29808,1.28518,1.28645,-0.00946,-0.73%,289294
18/09/2014,1.2864,1.29295,1.28339,1.29217,0.00572,0.44%,289679
19/09/2014,1.2921,1.29285,1.28252,1.2829,-0.00927,-0.72%,300353
22/09/2014,1.28297,1.28672,1.2816,1.28484,0.00194,0.15%,237296
23/09/2014,1.28488,1.29006,1.28421,1.28462,-0.00022,-0.02%,246934
24/09/2014,1.28459,1.28634,1.2774,1.27795,-0.00667,-0.52%,251749
25/09/2014,1.27797,1.27829,1.26977,1.27497,-0.00298,-0.23%,287605
26/09/2014,1.27502,1.27603,1.26766,1.26812,-0.00685,-0.54%,260229
29/09/2014,1.2689,1.27146,1.26634,1.26845,0.00033,0.03%,261800
30/09/2014,1.26844,1.27019,1.25709,1.26296,-0.00549,-0.43%,305169
1/10/2014,1.26302,1.26386,1.25835,1.26218,-0.00078,-0.06%,307302
2/10/2014,1.262,1.26984,1.26136,1.26679,0.00461,0.37%,349432
3/10/2014,1.2668,1.26741,1.25003,1.2515,-0.01529,-1.21%,282520
6/10/2014,1.2511,1.26736,1.25081,1.26544,0.01394,1.11%,282370
7/10/2014,1.26549,1.26816,1.25834,1.26683,0.00139,0.11%,372796
8/10/2014,1.26685,1.27483,1.26222,1.27332,0.00649,0.51%,347065
9/10/2014,1.27327,1.27908,1.26638,1.269,-0.00432,-0.34%,389857
10/10/2014,1.26902,1.27155,1.2605,1.26276,-0.00624,-0.49%,307316
13/10/2014,1.2634,1.27605,1.26198,1.27514,0.01238,0.98%,308655
14/10/2014,1.2751,1.27671,1.26397,1.26567,-0.00947,-0.74%,338400
15/10/2014,1.26571,1.28852,1.26239,1.28369,0.01802,1.42%,410668
16/10/2014,1.28372,1.28443,1.27055,1.28081,-0.00288,-0.22%,411958
17/10/2014,1.28083,1.28359,1.27441,1.2758,-0.00501,-0.39%,299045
20/10/2014,1.2744,1.28163,1.27307,1.27989,0.00409,0.32%,269836
21/10/2014,1.27993,1.28395,1.27136,1.27152,-0.00837,-0.65%,289638
22/10/2014,1.27159,1.27393,1.26368,1.26472,-0.0068,-0.53%,308841
23/10/2014,1.2648,1.2676,1.26136,1.26454,-0.00018,-0.01%,291688
24/10/2014,1.26459,1.26955,1.26347,1.2669,0.00236,0.19%,250801
27/10/2014,1.268,1.27228,1.26652,1.26975,0.00285,0.22%,264940
28/10/2014,1.26981,1.27641,1.26844,1.27334,0.00359,0.28%,286822
29/10/2014,1.27339,1.277,1.26302,1.26312,-0.01022,-0.80%,287614
30/10/2014,1.26309,1.26389,1.2547,1.26123,-0.00189,-0.15%,356143
31/10/2014,1.26128,1.26165,1.24859,1.25215,-0.00908,-0.72%,396224
3/11/2014,1.2501,1.2513,1.24412,1.24806,-0.00409,-0.33%,353010
4/11/2014,1.24807,1.25768,1.24805,1.25452,0.00646,0.52%,318617
5/11/2014,1.25458,1.25665,1.24575,1.24846,-0.00606,-0.48%,371468
6/11/2014,1.24849,1.25328,1.23645,1.23739,-0.01107,-0.89%,411413
7/11/2014,1.23744,1.2469,1.23581,1.24529,0.0079,0.64%,374041
10/11/2014,1.24787,1.25085,1.24183,1.24198,-0.00331,-0.27%,298907
11/11/2014,1.24201,1.24985,1.23944,1.24741,0.00543,0.44%,316922
12/11/2014,1.24722,1.24973,1.24189,1.24374,-0.00367,-0.29%,375277
13/11/2014,1.2438,1.24911,1.2426,1.24754,0.0038,0.31%,305619
14/11/2014,1.2475,1.25455,1.23982,1.25233,0.00479,0.38%,344323
17/11/2014,1.2531,1.25769,1.24448,1.2449,-0.00743,-0.59%,328923
18/11/2014,1.245,1.25444,1.24428,1.25349,0.00859,0.69%,332014
19/11/2014,1.25361,1.25986,1.2512,1.25531,0.00182,0.15%,353482
20/11/2014,1.25529,1.25747,1.25045,1.25383,-0.00148,-0.12%,367544
21/11/2014,1.2538,1.25679,1.23746,1.23882,-0.01501,-1.20%,389584
24/11/2014,1.2362,1.24442,1.23592,1.2441,0.00528,0.43%,295108
25/11/2014,1.24415,1.24863,1.24017,1.24733,0.00323,0.26%,316230
26/11/2014,1.2473,1.25308,1.2443,1.2505,0.00317,0.25%,319413
27/11/2014,1.2505,1.2523,1.2464,1.24658,-0.00392,-0.31%,220896
28/11/2014,1.24664,1.24897,1.2426,1.245,-0.00158,-0.13%,284418
1/12/2014,1.2472,1.25059,1.24192,1.24687,0.00187,0.15%,336127
2/12/2014,1.24685,1.24756,1.23762,1.2382,-0.00867,-0.70%,293404
3/12/2014,1.23829,1.23901,1.23007,1.23101,-0.00719,-0.58%,335149
4/12/2014,1.23101,1.24556,1.2283,1.2378,0.00679,0.55%,382524
5/12/2014,1.23779,1.23923,1.22709,1.22813,-0.00967,-0.78%,334296
8/12/2014,1.22821,1.23432,1.22466,1.23161,0.00348,0.28%,309874
9/12/2014,1.23166,1.24472,1.22919,1.23732,0.00571,0.46%,405563
10/12/2014,1.23737,1.24475,1.23613,1.24469,0.00737,0.60%,392217
11/12/2014,1.2446,1.24945,1.23693,1.24103,-0.00366,-0.29%,436941
12/12/2014,1.24093,1.24848,1.23834,1.2461,0.00507,0.41%,376089
15/12/2014,1.2473,1.24822,1.24143,1.24359,-0.00251,-0.20%,378940
16/12/2014,1.24359,1.25691,1.24337,1.25098,0.00739,0.59%,464133
17/12/2014,1.251,1.25153,1.23212,1.2341,-0.01688,-1.35%,439056
18/12/2014,1.234,1.23518,1.22652,1.22854,-0.00556,-0.45%,417219
19/12/2014,1.2285,1.23018,1.222,1.22273,-0.00581,-0.47%,343009
22/12/2014,1.22208,1.2272,1.2216,1.22286,0.00013,0.01%,247095
23/12/2014,1.22282,1.22452,1.21644,1.21711,-0.00575,-0.47%,259440
24/12/2014,1.21714,1.22195,1.21687,1.21941,0.0023,0.19%,171015
26/12/2014,1.2221,1.22248,1.2168,1.21813,-0.00128,-0.10%,96773
29/12/2014,1.218,1.222,1.21422,1.21512,-0.00301,-0.25%,235301
30/12/2014,1.2151,1.21868,1.21231,1.21546,0.00034,0.03%,258959
31/12/2014,1.21541,1.21693,1.20956,1.20964,-0.00582,-0.48%,187210
2/01/2015,1.21015,1.21061,1.19952,1.19983,-0.00981,-0.81%,283004
5/01/2015,1.20013,1.20015,1.18644,1.19318,-0.00665,-0.55%,384459
6/01/2015,1.19313,1.19683,1.18837,1.18889,-0.00429,-0.36%,405147
7/01/2015,1.18891,1.18958,1.18018,1.18382,-0.00507,-0.43%,434562
8/01/2015,1.18382,1.1847,1.17539,1.17914,-0.00468,-0.40%,361970
9/01/2015,1.17916,1.18449,1.17639,1.18383,0.00469,0.40%,388629
12/01/2015,1.1852,1.18705,1.1786,1.18329,-0.00054,-0.05%,356887
13/01/2015,1.18329,1.18589,1.17534,1.17718,-0.00611,-0.52%,393654
14/01/2015,1.17723,1.18452,1.17271,1.17884,0.00166,0.14%,441745
15/01/2015,1.1788,1.17917,1.15677,1.16298,-0.01586,-1.35%,592873
16/01/2015,1.163,1.16457,1.14597,1.15709,-0.00589,-0.51%,350073
19/01/2015,1.1545,1.16384,1.15415,1.16059,0.0035,0.30%,339888
20/01/2015,1.1605,1.16141,1.15397,1.15488,-0.00571,-0.49%,365272
21/01/2015,1.15483,1.16769,1.15408,1.1609,0.00602,0.52%,406105
22/01/2015,1.16091,1.16476,1.13158,1.13647,-0.02443,-2.10%,481826
23/01/2015,1.13647,1.13732,1.11145,1.11993,-0.01654,-1.46%,524992
26/01/2015,1.11558,1.12948,1.10977,1.12375,0.00382,0.34%,428381
27/01/2015,1.12384,1.1422,1.1223,1.13796,0.01421,1.26%,454348
28/01/2015,1.138,1.13817,1.12757,1.12864,-0.00932,-0.82%,440910
29/01/2015,1.1287,1.13668,1.12613,1.13188,0.00324,0.29%,431454
30/01/2015,1.1318,1.13632,1.12733,1.12733,-0.00455,-0.40%,419922
2/02/2015,1.1311,1.13611,1.12916,1.13407,0.00674,0.60%,365502
3/02/2015,1.13402,1.15331,1.13123,1.14776,0.01369,1.21%,448790
4/02/2015,1.14777,1.14844,1.13153,1.13426,-0.0135,-1.18%,418968
5/02/2015,1.13424,1.14982,1.13032,1.14764,0.01338,1.18%,439462
6/02/2015,1.14766,1.14846,1.13093,1.13093,-0.01671,-1.46%,378220
9/02/2015,1.1291,1.13585,1.12701,1.13233,0.0014,0.12%,358145
10/02/2015,1.13232,1.13449,1.12727,1.13198,-0.00035,-0.03%,380345
11/02/2015,1.13199,1.13465,1.12794,1.13337,0.00139,0.12%,346179
12/02/2015,1.13354,1.14225,1.1302,1.14024,0.00687,0.61%,415184
13/02/2015,1.1401,1.14422,1.13738,1.13769,-0.00255,-0.22%,355650
16/02/2015,1.1406,1.1428,1.13188,1.13523,-0.00246,-0.22%,257885
17/02/2015,1.1352,1.14478,1.13218,1.14099,0.00576,0.51%,357635
18/02/2015,1.141,1.14153,1.13334,1.13961,-0.00138,-0.12%,355303
19/02/2015,1.1396,1.14497,1.1355,1.1367,-0.00291,-0.26%,333863
20/02/2015,1.13673,1.1426,1.12786,1.1379,0.0012,0.11%,425273
23/02/2015,1.14,1.14008,1.12947,1.13336,-0.00454,-0.40%,304940
24/02/2015,1.13337,1.13577,1.1289,1.13392,0.00056,0.05%,365288
25/02/2015,1.13391,1.13879,1.13351,1.13606,0.00214,0.19%,346917
26/02/2015,1.13606,1.13792,1.11831,1.11968,-0.01638,-1.44%,375403
27/02/2015,1.11969,1.12448,1.11758,1.11913,-0.00055,-0.05%,395901
2/03/2015,1.1175,1.12402,1.11593,1.11825,-0.00088,-0.08%,304968
3/03/2015,1.1182,1.12169,1.11539,1.11748,-0.00077,-0.07%,334984
4/03/2015,1.11745,1.11852,1.10613,1.10773,-0.00975,-0.87%,362897
5/03/2015,1.10766,1.11138,1.09873,1.10287,-0.00486,-0.44%,418481
6/03/2015,1.1027,1.10321,1.08358,1.0844,-0.01847,-1.67%,411681
9/03/2015,1.0828,1.09059,1.08218,1.08509,0.00069,0.06%,345660
10/03/2015,1.08508,1.08523,1.06921,1.06968,-0.01541,-1.42%,465584
11/03/2015,1.0697,1.07162,1.05106,1.05464,-0.01504,-1.41%,522582
12/03/2015,1.0547,1.0683,1.04944,1.06339,0.00875,0.83%,521463
13/03/2015,1.0634,1.06342,1.0462,1.04936,-0.01403,-1.32%,459911
16/03/2015,1.0462,1.06188,1.04606,1.05676,0.0074,0.71%,403226
17/03/2015,1.05668,1.06504,1.05507,1.05964,0.00288,0.27%,391487
18/03/2015,1.05965,1.10292,1.05792,1.08619,0.02655,2.51%,496317
19/03/2015,1.08616,1.09182,1.0613,1.06587,-0.02032,-1.87%,603135
20/03/2015,1.0659,1.08816,1.06491,1.08169,0.01582,1.48%,476580
23/03/2015,1.0838,1.09708,1.07667,1.09445,0.01276,1.18%,515953
24/03/2015,1.0945,1.10284,1.08904,1.09233,-0.00212,-0.19%,479732
25/03/2015,1.09227,1.1014,1.09001,1.09691,0.00458,0.42%,436614
26/03/2015,1.0969,1.10514,1.08563,1.08834,-0.00857,-0.78%,477905
27/03/2015,1.08835,1.09475,1.08006,1.08873,0.00039,0.04%,472234
30/03/2015,1.0884,1.08944,1.08093,1.08325,-0.00548,-0.50%,404710
31/03/2015,1.08324,1.08433,1.07134,1.07306,-0.01019,-0.94%,428983
1/04/2015,1.07308,1.07993,1.07183,1.07624,0.00318,0.30%,436013
2/04/2015,1.07623,1.09032,1.07498,1.08791,0.01167,1.08%,400656
6/04/2015,1.0995,1.10351,1.09094,1.09213,0.00422,0.39%,204622
7/04/2015,1.09217,1.09543,1.08028,1.08139,-0.01074,-0.98%,395511
8/04/2015,1.08142,1.08867,1.07634,1.07796,-0.00343,-0.32%,432559
9/04/2015,1.0779,1.07881,1.0637,1.06581,-0.01215,-1.13%,378049
10/04/2015,1.0658,1.06832,1.05677,1.05973,-0.00608,-0.57%,434530
13/04/2015,1.059,1.06185,1.05204,1.05661,-0.00312,-0.29%,459829
14/04/2015,1.0566,1.0706,1.05312,1.0654,0.00879,0.83%,482416
15/04/2015,1.06553,1.07009,1.05707,1.06833,0.00293,0.28%,538458
16/04/2015,1.06838,1.08174,1.06247,1.07603,0.0077,0.72%,591123
17/04/2015,1.07602,1.08483,1.0735,1.0804,0.00437,0.41%,538387
20/04/2015,1.0817,1.08209,1.07124,1.07369,-0.00671,-0.62%,395374
21/04/2015,1.0737,1.07802,1.06596,1.07348,-0.00021,-0.02%,380949
22/04/2015,1.07348,1.08004,1.07083,1.0724,-0.00108,-0.10%,394496
23/04/2015,1.07243,1.08448,1.06657,1.08231,0.00991,0.92%,427608
24/04/2015,1.08232,1.08994,1.07843,1.08725,0.00494,0.46%,424550
27/04/2015,1.0856,1.09258,1.08192,1.08897,0.00172,0.16%,370995
28/04/2015,1.089,1.09905,1.08602,1.09801,0.00904,0.83%,426465
29/04/2015,1.09803,1.11873,1.09588,1.11274,0.01473,1.34%,500100
30/04/2015,1.11281,1.12657,1.10705,1.12229,0.00955,0.86%,534529
1/05/2015,1.12231,1.12892,1.11744,1.1195,-0.00279,-0.25%,396667
4/05/2015,1.1178,1.12239,1.11221,1.11459,-0.00491,-0.44%,363671
5/05/2015,1.1145,1.12218,1.10662,1.11844,0.00385,0.35%,407616
6/05/2015,1.1185,1.13696,1.11745,1.13464,0.0162,1.45%,472643
7/05/2015,1.1347,1.13912,1.12372,1.12659,-0.00805,-0.71%,437602
8/05/2015,1.12659,1.12865,1.11793,1.11923,-0.00736,-0.65%,492845
11/05/2015,1.1199,1.12052,1.11305,1.11542,-0.00381,-0.34%,406724
12/05/2015,1.11541,1.12781,1.1134,1.12126,0.00584,0.52%,410384
13/05/2015,1.1213,1.13822,1.12023,1.13538,0.01412,1.26%,422496
14/05/2015,1.1353,1.14439,1.13402,1.1409,0.00552,0.49%,461693
15/05/2015,1.14099,1.14659,1.13237,1.1447,0.0038,0.33%,438757
18/05/2015,1.143,1.14487,1.12981,1.13137,-0.01333,-1.16%,391313
19/05/2015,1.1314,1.1326,1.11186,1.1149,-0.01647,-1.46%,437978
20/05/2015,1.11491,1.11516,1.1062,1.10935,-0.00555,-0.50%,482415
21/05/2015,1.1092,1.11808,1.10804,1.11112,0.00177,0.16%,443850
22/05/2015,1.11107,1.1207,1.1002,1.10119,-0.00993,-0.89%,421456
25/05/2015,1.1002,1.10091,1.0959,1.09764,-0.00355,-0.32%,198614
26/05/2015,1.09759,1.09806,1.08629,1.08719,-0.01045,-0.95%,373146
27/05/2015,1.0871,1.09287,1.08192,1.09035,0.00316,0.29%,351171
28/05/2015,1.0904,1.09578,1.0868,1.09472,0.00437,0.40%,404827
29/05/2015,1.09472,1.10053,1.09254,1.0992,0.00448,0.41%,361724
1/06/2015,1.0979,1.09873,1.08868,1.09258,-0.00662,-0.60%,321255
2/06/2015,1.09257,1.11908,1.09157,1.11499,0.02241,2.05%,382596
3/06/2015,1.115,1.12845,1.10798,1.12741,0.01242,1.11%,373139
4/06/2015,1.12748,1.13785,1.12241,1.12373,-0.00368,-0.33%,390223
5/06/2015,1.12374,1.12795,1.10495,1.11149,-0.01224,-1.09%,391214
8/06/2015,1.1082,1.13064,1.10812,1.12911,0.01762,1.59%,356721
9/06/2015,1.1291,1.13442,1.12138,1.12817,-0.00094,-0.08%,380912
10/06/2015,1.12823,1.13839,1.1261,1.13234,0.00417,0.37%,315263
11/06/2015,1.1323,1.13263,1.11825,1.1257,-0.00664,-0.59%,274864
12/06/2015,1.12568,1.12959,1.11508,1.1261,0.0004,0.04%,290425
15/06/2015,1.1208,1.1294,1.11887,1.12825,0.00215,0.19%,261327
16/06/2015,1.12829,1.13295,1.12046,1.12471,-0.00354,-0.31%,236911
17/06/2015,1.1245,1.13574,1.12065,1.13363,0.00892,0.79%,265406
18/06/2015,1.13362,1.14354,1.133,1.13595,0.00232,0.20%,270924
19/06/2015,1.136,1.13947,1.12924,1.13493,-0.00102,-0.09%,228008
22/06/2015,1.13788,1.14097,1.13117,1.13398,-0.00095,-0.08%,231032
23/06/2015,1.13402,1.13468,1.11349,1.11666,-0.01732,-1.53%,262690
24/06/2015,1.11665,1.12341,1.11543,1.1204,0.00374,0.33%,258359
25/06/2015,1.1203,1.12268,1.11533,1.1203,-0.0001,-0.01%,223594
26/06/2015,1.12025,1.12194,1.11305,1.1165,-0.0038,-0.34%,212956
29/06/2015,1.10056,1.12758,1.09541,1.12349,0.00699,0.63%,364557
30/06/2015,1.1235,1.1242,1.11122,1.11383,-0.00966,-0.86%,293233
1/07/2015,1.1138,1.11699,1.10424,1.10519,-0.00864,-0.78%,251477
2/07/2015,1.1052,1.11208,1.10313,1.10831,0.00312,0.28%,234673
3/07/2015,1.1083,1.11173,1.10655,1.11142,0.00311,0.28%,190004
6/07/2015,1.09926,1.10949,1.09693,1.10551,-0.00591,-0.53%,272871
7/07/2015,1.10551,1.10576,1.0916,1.10105,-0.00446,-0.40%,277953
8/07/2015,1.1011,1.10921,1.0974,1.10754,0.00649,0.59%,287690
9/07/2015,1.1075,1.11235,1.0991,1.1035,-0.00404,-0.36%,259442
10/07/2015,1.1035,1.12148,1.10295,1.11555,0.01205,1.09%,284111
13/07/2015,1.1102,1.11963,1.09959,1.10003,-0.01552,-1.39%,266217
14/07/2015,1.1,1.10806,1.09654,1.10077,0.00074,0.07%,252732
15/07/2015,1.10079,1.1035,1.09295,1.09486,-0.00591,-0.54%,243320
16/07/2015,1.09464,1.09622,1.08552,1.08736,-0.0075,-0.69%,252881
17/07/2015,1.08742,1.09064,1.08249,1.0827,-0.00466,-0.43%,213539
20/07/2015,1.08314,1.08696,1.08084,1.08244,-0.00026,-0.02%,206134
21/07/2015,1.0824,1.09677,1.08113,1.0935,0.01106,1.02%,243503
22/07/2015,1.09345,1.09661,1.08698,1.09274,-0.00076,-0.07%,230825
23/07/2015,1.0928,1.1017,1.09213,1.09826,0.00552,0.51%,248806
24/07/2015,1.0983,1.10012,1.09249,1.09799,-0.00027,-0.02%,200692
27/07/2015,1.098,1.1127,1.09682,1.10868,0.01069,0.97%,248662
28/07/2015,1.1087,1.10989,1.10217,1.10587,-0.00281,-0.25%,215475
29/07/2015,1.10593,1.10836,1.09669,1.0982,-0.00767,-0.69%,241471
30/07/2015,1.09818,1.09888,1.08932,1.09313,-0.00507,-0.46%,235724
31/07/2015,1.0931,1.11131,1.09203,1.0983,0.00517,0.47%,245971
3/08/2015,1.09785,1.09954,1.0941,1.09492,-0.00338,-0.31%,213366
4/08/2015,1.0949,1.0987,1.08784,1.08805,-0.00687,-0.63%,228341
5/08/2015,1.08805,1.09251,1.0848,1.09049,0.00244,0.22%,248721
6/08/2015,1.0904,1.09417,1.08745,1.09238,0.00189,0.17%,219757
7/08/2015,1.0924,1.09779,1.08553,1.0965,0.00412,0.38%,229021
10/08/2015,1.09679,1.10409,1.09249,1.10182,0.00532,0.49%,212365
11/08/2015,1.10181,1.10878,1.09601,1.10409,0.00227,0.21%,260293
12/08/2015,1.1041,1.12128,1.10239,1.11568,0.01159,1.05%,283415
13/08/2015,1.1156,1.1188,1.108,1.11494,-0.00074,-0.07%,252364
14/08/2015,1.11497,1.11884,1.10974,1.1104,-0.00454,-0.41%,234414
17/08/2015,1.1111,1.11245,1.10584,1.10769,-0.00271,-0.24%,205015
18/08/2015,1.1075,1.10933,1.10175,1.10216,-0.00553,-0.50%,200179
19/08/2015,1.10217,1.11336,1.10177,1.11191,0.00975,0.88%,256362
20/08/2015,1.11188,1.1244,1.11063,1.124,0.01209,1.09%,278441
21/08/2015,1.12393,1.139,1.12283,1.13833,0.01433,1.27%,324541
24/08/2015,1.13757,1.17106,1.13692,1.16171,0.02338,2.05%,459254
25/08/2015,1.1616,1.16202,1.13975,1.15152,-0.01019,-0.88%,407865
26/08/2015,1.1514,1.15603,1.12909,1.13127,-0.02025,-1.76%,399535
27/08/2015,1.1313,1.13636,1.12025,1.12453,-0.00674,-0.60%,327908
28/08/2015,1.12471,1.13092,1.11551,1.1181,-0.00643,-0.57%,276738
31/08/2015,1.1173,1.12617,1.11665,1.12093,0.00283,0.25%,248357
1/09/2015,1.1209,1.13315,1.12076,1.13126,0.01033,0.92%,312445
2/09/2015,1.13127,1.13183,1.12159,1.12255,-0.00871,-0.77%,275116
3/09/2015,1.12252,1.12427,1.10866,1.11223,-0.01032,-0.92%,269427
4/09/2015,1.11223,1.11798,1.10902,1.11499,0.00276,0.25%,275227
7/09/2015,1.1156,1.11772,1.11213,1.11689,0.0019,0.17%,200662
8/09/2015,1.11687,1.12288,1.11521,1.1201,0.00321,0.29%,246378
9/09/2015,1.12006,1.12157,1.11312,1.12057,0.00047,0.04%,259333
10/09/2015,1.12058,1.12945,1.11715,1.12785,0.00728,0.65%,301160
11/09/2015,1.1279,1.1349,1.12536,1.1336,0.00575,0.51%,260025
14/09/2015,1.133,1.13724,1.12835,1.1315,-0.0021,-0.19%,234443
15/09/2015,1.13147,1.13281,1.12583,1.12678,-0.00472,-0.42%,256670
16/09/2015,1.12685,1.132,1.12137,1.12897,0.00219,0.19%,247334
17/09/2015,1.12891,1.14407,1.12842,1.14337,0.0144,1.28%,291875
18/09/2015,1.1434,1.14595,1.12694,1.13049,-0.01288,-1.13%,295738
21/09/2015,1.1308,1.13294,1.11808,1.11886,-0.01163,-1.03%,251675
22/09/2015,1.11887,1.12067,1.11126,1.11194,-0.00692,-0.62%,259861
23/09/2015,1.1118,1.12127,1.11042,1.11845,0.00651,0.59%,265096
24/09/2015,1.1184,1.12953,1.11642,1.12286,0.00441,0.39%,273787
25/09/2015,1.12274,1.12303,1.11157,1.11928,-0.00358,-0.32%,303142
28/09/2015,1.11929,1.12471,1.11468,1.12432,0.00504,0.45%,276852
29/09/2015,1.1242,1.12806,1.11933,1.12477,0.00045,0.04%,304488
30/09/2015,1.1245,1.1261,1.11572,1.11751,-0.00726,-0.65%,283678
1/10/2015,1.1174,1.1208,1.11349,1.11929,0.00178,0.16%,268297
2/10/2015,1.1192,1.13177,1.11501,1.12096,0.00167,0.15%,323379
5/10/2015,1.1222,1.12887,1.11729,1.11854,-0.00242,-0.22%,299326
6/10/2015,1.1187,1.12789,1.11716,1.12705,0.00851,0.76%,284372
7/10/2015,1.1271,1.12834,1.12111,1.12367,-0.00338,-0.30%,301478
8/10/2015,1.1237,1.13257,1.12336,1.12738,0.00371,0.33%,278672
9/10/2015,1.1272,1.13869,1.12667,1.13565,0.00827,0.73%,259800
12/10/2015,1.13665,1.13964,1.13563,1.13568,0.00003,0.00%,217577
13/10/2015,1.1356,1.14105,1.1344,1.13775,0.00207,0.18%,285906
14/10/2015,1.1377,1.14887,1.13762,1.14715,0.0094,0.83%,277045
15/10/2015,1.1471,1.14949,1.13632,1.13816,-0.00899,-0.78%,277616
16/10/2015,1.1381,1.13943,1.13343,1.13448,-0.00368,-0.32%,233907
19/10/2015,1.13474,1.13787,1.13057,1.13263,-0.00185,-0.16%,198726
20/10/2015,1.1323,1.13863,1.1323,1.1344,0.00177,0.16%,173257
21/10/2015,1.13436,1.13772,1.13343,1.13368,-0.00072,-0.06%,177104
22/10/2015,1.1337,1.13507,1.11,1.11057,-0.02311,-2.04%,246761
23/10/2015,1.1105,1.11394,1.0996,1.10163,-0.00894,-0.80%,260787
26/10/2015,1.09945,1.10676,1.09923,1.10562,0.00399,0.36%,195848
27/10/2015,1.1055,1.10781,1.10299,1.10425,-0.00137,-0.12%,193324
28/10/2015,1.1044,1.1095,1.08965,1.09205,-0.0122,-1.10%,222919
29/10/2015,1.0921,1.09843,1.09033,1.09763,0.00558,0.51%,231410
30/10/2015,1.09752,1.10716,1.09649,1.10028,0.00265,0.24%,261084
2/11/2015,1.104,1.10521,1.10001,1.10135,0.00107,0.10%,178705
3/11/2015,1.1015,1.10297,1.0936,1.09622,-0.00513,-0.47%,186646
4/11/2015,1.09627,1.09672,1.08443,1.08641,-0.00981,-0.89%,220845
5/11/2015,1.08648,1.08969,1.08333,1.08828,0.00187,0.17%,221080
6/11/2015,1.08831,1.08931,1.07072,1.07365,-0.01463,-1.34%,213563
9/11/2015,1.0726,1.07896,1.07185,1.07489,0.00124,0.12%,207110
10/11/2015,1.0749,1.07636,1.06754,1.07227,-0.00262,-0.24%,213218
11/11/2015,1.0723,1.07734,1.07056,1.07419,0.00192,0.18%,201119
12/11/2015,1.07432,1.08268,1.06908,1.08121,0.00702,0.65%,267248
13/11/2015,1.0812,1.08166,1.07136,1.07698,-0.00423,-0.39%,233216
16/11/2015,1.0727,1.07575,1.06744,1.06854,-0.00844,-0.78%,209855
17/11/2015,1.0686,1.06903,1.06305,1.06409,-0.00445,-0.42%,215078
18/11/2015,1.06431,1.0692,1.06173,1.06583,0.00174,0.16%,200623
19/11/2015,1.06576,1.07626,1.06547,1.07328,0.00745,0.70%,240291
20/11/2015,1.0733,1.07377,1.06393,1.06451,-0.00877,-0.82%,219059
23/11/2015,1.0637,1.06563,1.05933,1.06351,-0.001,-0.09%,208442
24/11/2015,1.06346,1.06727,1.06199,1.06424,0.00073,0.07%,216297
25/11/2015,1.06405,1.06886,1.0566,1.06233,-0.00191,-0.18%,239268
26/11/2015,1.06229,1.06271,1.05995,1.06087,-0.00146,-0.14%,143383
27/11/2015,1.0608,1.06376,1.05683,1.05915,-0.00172,-0.16%,163380
30/11/2015,1.0586,1.05945,1.05574,1.0564,-0.00275,-0.26%,198238
1/12/2015,1.0567,1.06367,1.05627,1.06314,0.00674,0.64%,212869
2/12/2015,1.06297,1.06351,1.05518,1.06123,-0.00191,-0.18%,228048
3/12/2015,1.06123,1.09804,1.05254,1.09389,0.03266,3.08%,319136
4/12/2015,1.0939,1.09555,1.08363,1.08779,-0.0061,-0.56%,296369
7/12/2015,1.0866,1.08867,1.07957,1.08362,-0.00417,-0.38%,207011
8/12/2015,1.08347,1.0902,1.08291,1.08906,0.00544,0.50%,223283
9/12/2015,1.08903,1.10421,1.08784,1.10238,0.01332,1.22%,245819
10/12/2015,1.1023,1.10238,1.09252,1.09397,-0.00841,-0.76%,219472
11/12/2015,1.094,1.10283,1.09261,1.09821,0.00424,0.39%,239165
14/12/2015,1.0974,1.10478,1.0945,1.09905,0.00084,0.08%,243047
15/12/2015,1.09901,1.10592,1.09044,1.09268,-0.00637,-0.58%,236104
16/12/2015,1.09278,1.10094,1.08929,1.091,-0.00168,-0.15%,268374
17/12/2015,1.091,1.09128,1.08023,1.08245,-0.00855,-0.78%,231693
18/12/2015,1.0825,1.0874,1.08045,1.08632,0.00387,0.36%,235316
21/12/2015,1.08648,1.09382,1.08464,1.09134,0.00502,0.46%,200622
22/12/2015,1.09139,1.09838,1.09022,1.09556,0.00422,0.39%,187580
23/12/2015,1.09563,1.09563,1.08697,1.09093,-0.00463,-0.42%,167229
24/12/2015,1.091,1.09663,1.09028,1.09602,0.00509,0.47%,124714
28/12/2015,1.095,1.09919,1.09402,1.09663,0.00061,0.06%,136690
29/12/2015,1.0966,1.09911,1.08989,1.09197,-0.00466,-0.42%,158706
30/12/2015,1.09168,1.09432,1.09022,1.09312,0.00115,0.11%,160378
31/12/2015,1.0931,1.09366,1.08528,1.0854,-0.00772,-0.71%,132927
4/01/2016,1.0856,1.09457,1.07807,1.08293,-0.00247,-0.23%,233624
5/01/2016,1.0828,1.08384,1.07102,1.07463,-0.0083,-0.77%,205347
6/01/2016,1.0747,1.07989,1.07185,1.07803,0.0034,0.32%,233352
7/01/2016,1.07806,1.094,1.07709,1.09275,0.01472,1.37%,260970
8/01/2016,1.0927,1.09326,1.08053,1.09226,-0.00049,-0.04%,276617
11/01/2016,1.0915,1.0969,1.08496,1.08583,-0.00643,-0.59%,231097
12/01/2016,1.08583,1.08999,1.08195,1.08567,-0.00016,-0.01%,224383
13/01/2016,1.08573,1.08872,1.08044,1.08758,0.00191,0.18%,234241
14/01/2016,1.0875,1.09425,1.08346,1.08644,-0.00114,-0.10%,264074
15/01/2016,1.08642,1.09841,1.0854,1.09133,0.00489,0.45%,281574
18/01/2016,1.0927,1.09344,1.0869,1.08904,-0.00229,-0.21%,168645
19/01/2016,1.08908,1.09385,1.08591,1.09064,0.0016,0.15%,226931
20/01/2016,1.0907,1.09756,1.08768,1.08874,-0.0019,-0.17%,266369
21/01/2016,1.0885,1.09207,1.07782,1.08728,-0.00146,-0.13%,302368
22/01/2016,1.0874,1.08759,1.07888,1.07939,-0.00789,-0.73%,234741
25/01/2016,1.07917,1.08567,1.07871,1.08482,0.00543,0.50%,200228
26/01/2016,1.0847,1.08739,1.08186,1.08689,0.00207,0.19%,201303
27/01/2016,1.08678,1.0916,1.08502,1.08926,0.00237,0.22%,207163
28/01/2016,1.08924,1.09673,1.08692,1.09383,0.00457,0.42%,208080
29/01/2016,1.0938,1.0948,1.08099,1.08289,-0.01094,-1.00%,261033
1/02/2016,1.08334,1.09119,1.08142,1.08853,0.00564,0.52%,196087
2/02/2016,1.08856,1.09393,1.0885,1.09176,0.00323,0.30%,197377
3/02/2016,1.09174,1.1145,1.09034,1.11031,0.01855,1.70%,262568
4/02/2016,1.11047,1.12386,1.10694,1.12067,0.01036,0.93%,292487
5/02/2016,1.12076,1.12388,1.11087,1.11524,-0.00543,-0.48%,265335
8/02/2016,1.1145,1.12152,1.10862,1.11918,0.00394,0.35%,251476
9/02/2016,1.11922,1.13371,1.11621,1.12917,0.00999,0.89%,313676
10/02/2016,1.12923,1.13108,1.11628,1.12902,-0.00015,-0.01%,327408
11/02/2016,1.12912,1.13756,1.12737,1.13222,0.0032,0.28%,361467
12/02/2016,1.132,1.13329,1.12143,1.12515,-0.00707,-0.62%,287343
15/02/2016,1.12333,1.12494,1.11276,1.11545,-0.0097,-0.86%,209206
16/02/2016,1.1154,1.11924,1.1124,1.11431,-0.00114,-0.10%,240545
17/02/2016,1.11432,1.11786,1.11057,1.11262,-0.00169,-0.15%,223064
18/02/2016,1.1126,1.11491,1.10707,1.11055,-0.00207,-0.19%,226770
19/02/2016,1.11054,1.11389,1.10667,1.11287,0.00232,0.21%,230134
22/02/2016,1.1117,1.11241,1.10032,1.10287,-0.01,-0.90%,211223
23/02/2016,1.10274,1.10521,1.09896,1.10178,-0.00109,-0.10%,220371
24/02/2016,1.10165,1.10454,1.09575,1.10129,-0.00049,-0.04%,249505
25/02/2016,1.1012,1.10494,1.09888,1.10167,0.00038,0.03%,225617
26/02/2016,1.10157,1.1068,1.09117,1.09299,-0.00868,-0.79%,218346
29/02/2016,1.0919,1.09622,1.08589,1.08716,-0.00583,-0.53%,217518
1/03/2016,1.08719,1.08932,1.08343,1.08657,-0.00059,-0.05%,222881
2/03/2016,1.08644,1.08805,1.08253,1.08676,0.00019,0.02%,205602
3/03/2016,1.08683,1.09692,1.08529,1.09556,0.0088,0.81%,201726
4/03/2016,1.09556,1.10409,1.09078,1.10039,0.00483,0.44%,224684
7/03/2016,1.09883,1.10253,1.09397,1.10125,0.00086,0.08%,182689
8/03/2016,1.1012,1.10572,1.09929,1.10099,-0.00026,-0.02%,205568
9/03/2016,1.101,1.10346,1.09458,1.0998,-0.00119,-0.11%,200325
10/03/2016,1.0997,1.12168,1.08222,1.11774,0.01794,1.63%,286947
11/03/2016,1.11767,1.12093,1.10802,1.11464,-0.0031,-0.28%,246335
14/03/2016,1.1129,1.11754,1.10778,1.11008,-0.00456,-0.41%,191290
15/03/2016,1.1101,1.11245,1.10723,1.1107,0.00062,0.06%,193268
16/03/2016,1.1108,1.12403,1.10577,1.12254,0.01184,1.07%,215890
17/03/2016,1.1224,1.13421,1.12053,1.13164,0.0091,0.81%,262629
18/03/2016,1.13162,1.13363,1.12558,1.12687,-0.00477,-0.42%,212235
21/03/2016,1.1257,1.12844,1.12342,1.12401,-0.00286,-0.25%,183819
22/03/2016,1.12402,1.12598,1.11883,1.12159,-0.00242,-0.22%,211393
23/03/2016,1.12166,1.12229,1.11591,1.11795,-0.00364,-0.32%,171956
24/03/2016,1.118,1.11872,1.11444,1.11733,-0.00062,-0.06%,168216
25/03/2016,1.1172,1.11795,1.11531,1.11625,-0.00108,-0.10%,77256
28/03/2016,1.11615,1.12193,1.11527,1.11946,0.00321,0.29%,111749
29/03/2016,1.1193,1.13029,1.11686,1.12888,0.00942,0.84%,210310
30/03/2016,1.1288,1.13641,1.12828,1.13358,0.0047,0.42%,220198
31/03/2016,1.1336,1.14114,1.13097,1.13781,0.00423,0.37%,235849
1/04/2016,1.1379,1.14374,1.13348,1.13829,0.00048,0.04%,263006
4/04/2016,1.139,1.14122,1.1357,1.13851,0.00022,0.02%,204794
5/04/2016,1.13852,1.14047,1.13357,1.13821,-0.0003,-0.03%,227579
6/04/2016,1.13823,1.14313,1.13264,1.13975,0.00154,0.14%,236100
7/04/2016,1.13983,1.14538,1.13372,1.13758,-0.00217,-0.19%,266497
8/04/2016,1.1376,1.14188,1.1349,1.13941,0.00183,0.16%,220090
11/04/2016,1.14156,1.1446,1.13725,1.14042,0.00101,0.09%,208585
12/04/2016,1.14043,1.14644,1.13466,1.13835,-0.00207,-0.18%,224676
13/04/2016,1.13856,1.13907,1.12688,1.12725,-0.0111,-0.98%,234750
14/04/2016,1.1272,1.12944,1.12335,1.12664,-0.00061,-0.05%,229063
15/04/2016,1.12662,1.13167,1.12456,1.12806,0.00142,0.13%,194060
18/04/2016,1.1306,1.13317,1.12731,1.13111,0.00305,0.27%,183451
19/04/2016,1.131,1.13842,1.13028,1.1357,0.00459,0.41%,185288
20/04/2016,1.1357,1.13873,1.12904,1.12956,-0.00614,-0.54%,202851
21/04/2016,1.1295,1.13904,1.12709,1.12865,-0.00091,-0.08%,245946
22/04/2016,1.1284,1.13082,1.1218,1.12184,-0.00681,-0.60%,218428
25/04/2016,1.12187,1.12777,1.1213,1.12686,0.00502,0.45%,195336
26/04/2016,1.1271,1.1339,1.12558,1.12964,0.00278,0.25%,209287
27/04/2016,1.1297,1.13546,1.12717,1.13216,0.00252,0.22%,222054
28/04/2016,1.1321,1.13677,1.12953,1.13483,0.00267,0.24%,255413
29/04/2016,1.13482,1.14589,1.13461,1.14458,0.00975,0.86%,244131
2/05/2016,1.14498,1.15353,1.14478,1.15309,0.00851,0.74%,168940
3/05/2016,1.153,1.1616,1.14943,1.14954,-0.00355,-0.31%,195533
4/05/2016,1.1496,1.1529,1.14684,1.14853,-0.00101,-0.09%,202702
5/05/2016,1.14857,1.14934,1.13856,1.14045,-0.00808,-0.70%,169891
6/05/2016,1.14046,1.14749,1.13862,1.14025,-0.0002,-0.02%,185523
9/05/2016,1.1392,1.14195,1.13751,1.13825,-0.002,-0.18%,156872
10/05/2016,1.1383,1.14084,1.13584,1.13696,-0.00129,-0.11%,166740
11/05/2016,1.13713,1.14463,1.13686,1.14255,0.00559,0.49%,149299
12/05/2016,1.1425,1.14287,1.13703,1.13756,-0.00499,-0.44%,154017
13/05/2016,1.1375,1.13793,1.12822,1.13048,-0.00708,-0.62%,173793
16/05/2016,1.13032,1.13421,1.12986,1.13197,0.00149,0.13%,138164
17/05/2016,1.13195,1.13469,1.1302,1.13126,-0.00071,-0.06%,151727
18/05/2016,1.1312,1.13157,1.12138,1.12151,-0.00975,-0.86%,162873
19/05/2016,1.12151,1.12298,1.11795,1.12019,-0.00132,-0.12%,169448
20/05/2016,1.12019,1.12367,1.11959,1.12215,0.00196,0.17%,142159
23/05/2016,1.12061,1.12427,1.11874,1.12191,-0.00024,-0.02%,148993
24/05/2016,1.12195,1.12265,1.11323,1.11395,-0.00796,-0.71%,160242
25/05/2016,1.114,1.11667,1.11288,1.1154,0.00145,0.13%,151636
26/05/2016,1.11536,1.12164,1.11486,1.11927,0.00387,0.35%,157650
27/05/2016,1.1193,1.12001,1.11103,1.11112,-0.00815,-0.73%,150019
30/05/2016,1.1115,1.11443,1.10972,1.1137,0.00258,0.23%,110394
31/05/2016,1.11376,1.11731,1.11217,1.11309,-0.00061,-0.05%,170230
1/06/2016,1.1131,1.11936,1.11138,1.11874,0.00565,0.51%,178169
2/06/2016,1.11853,1.12194,1.11455,1.11494,-0.0038,-0.34%,157668
3/06/2016,1.11498,1.1373,1.11361,1.13659,0.02165,1.94%,199608
6/06/2016,1.1345,1.1392,1.13281,1.13533,-0.00126,-0.11%,187666
7/06/2016,1.1354,1.13802,1.13385,1.13565,0.00032,0.03%,164858
8/06/2016,1.13559,1.14103,1.1353,1.13926,0.00361,0.32%,161044
9/06/2016,1.13937,1.14151,1.13054,1.13145,-0.00781,-0.69%,176040
10/06/2016,1.13163,1.13211,1.12452,1.12501,-0.00644,-0.57%,173562
13/06/2016,1.1248,1.13052,1.12319,1.12893,0.00392,0.35%,180303
14/06/2016,1.12892,1.12981,1.11888,1.12058,-0.00835,-0.74%,187616
15/06/2016,1.1205,1.12929,1.11893,1.12588,0.0053,0.47%,191532
16/06/2016,1.12584,1.12947,1.11304,1.12244,-0.00344,-0.31%,230928
17/06/2016,1.12243,1.1296,1.12225,1.12745,0.00501,0.45%,192966
20/06/2016,1.1319,1.13821,1.13017,1.13112,0.00367,0.33%,197565
21/06/2016,1.13132,1.13493,1.12405,1.1241,-0.00702,-0.62%,187032
22/06/2016,1.12416,1.13373,1.12362,1.12948,0.00538,0.48%,187714
23/06/2016,1.12939,1.14207,1.12939,1.13787,0.00839,0.74%,229395
24/06/2016,1.1375,1.14258,1.09117,1.10995,-0.02792,-2.45%,507187
27/06/2016,1.10095,1.10832,1.09706,1.10223,-0.00772,-0.70%,269938
28/06/2016,1.10223,1.11108,1.10086,1.10637,0.00414,0.38%,218819
29/06/2016,1.10639,1.11301,1.10487,1.11227,0.0059,0.53%,210115
30/06/2016,1.1122,1.11541,1.10275,1.11046,-0.00181,-0.16%,248208
1/07/2016,1.1105,1.1169,1.10715,1.11352,0.00306,0.28%,196082
4/07/2016,1.11228,1.1159,1.10975,1.11516,0.00164,0.15%,130794
5/07/2016,1.11518,1.11856,1.1062,1.10747,-0.00769,-0.69%,182365
6/07/2016,1.1073,1.11112,1.10298,1.10984,0.00237,0.21%,218240
7/07/2016,1.1098,1.11069,1.10523,1.10605,-0.00379,-0.34%,184396
8/07/2016,1.1061,1.11101,1.10075,1.10481,-0.00124,-0.11%,186393
11/07/2016,1.10482,1.1074,1.10158,1.10564,0.00083,0.08%,173372
12/07/2016,1.10567,1.11254,1.10517,1.10596,0.00032,0.03%,197117
13/07/2016,1.1058,1.11196,1.1042,1.10886,0.0029,0.26%,141744
14/07/2016,1.10877,1.11645,1.1087,1.11186,0.003,0.27%,163725
15/07/2016,1.1118,1.11487,1.10244,1.10287,-0.00899,-0.81%,156860
18/07/2016,1.10513,1.10832,1.10374,1.10745,0.00458,0.42%,120132
19/07/2016,1.10747,1.10801,1.09999,1.10198,-0.00547,-0.49%,126938
20/07/2016,1.10198,1.10289,1.09811,1.10131,-0.00067,-0.06%,138359
21/07/2016,1.10127,1.10583,1.09804,1.10252,0.00121,0.11%,169965
22/07/2016,1.10255,1.10408,1.09553,1.09758,-0.00494,-0.45%,138622
25/07/2016,1.09764,1.09981,1.09518,1.09934,0.00176,0.16%,111527
26/07/2016,1.09942,1.10294,1.09786,1.09851,-0.00083,-0.08%,126158
27/07/2016,1.09854,1.10642,1.09648,1.10575,0.00724,0.66%,148092
28/07/2016,1.10569,1.11195,1.1052,1.10761,0.00186,0.17%,136484
29/07/2016,1.10759,1.11971,1.10722,1.11719,0.00958,0.86%,161943
1/08/2016,1.11699,1.11832,1.11547,1.11597,-0.00122,-0.11%,130811
2/08/2016,1.11584,1.12333,1.11576,1.1222,0.00623,0.56%,127322
3/08/2016,1.1222,1.12263,1.11402,1.11477,-0.00743,-0.66%,109784
4/08/2016,1.11484,1.11561,1.11138,1.11274,-0.00203,-0.18%,124063
5/08/2016,1.11261,1.1161,1.10465,1.10827,-0.00447,-0.40%,118078
8/08/2016,1.1077,1.11047,1.10718,1.10862,0.00035,0.03%,91618
9/08/2016,1.10869,1.11223,1.10704,1.11153,0.00291,0.26%,99814
10/08/2016,1.11143,1.11898,1.11117,1.11762,0.00609,0.55%,113722
11/08/2016,1.11745,1.11898,1.1135,1.11361,-0.00401,-0.36%,106899
12/08/2016,1.11361,1.12211,1.11312,1.11571,0.0021,0.19%,115878
15/08/2016,1.11669,1.12033,1.11534,1.11826,0.00255,0.23%,106830
16/08/2016,1.11816,1.13222,1.11766,1.12772,0.00946,0.85%,171325
17/08/2016,1.12769,1.13155,1.12429,1.1288,0.00108,0.10%,162143
18/08/2016,1.1289,1.1366,1.12854,1.13526,0.00646,0.57%,174592
19/08/2016,1.13533,1.13593,1.13039,1.13211,-0.00315,-0.28%,150869
22/08/2016,1.13058,1.13306,1.12709,1.13188,-0.00023,-0.02%,143927
23/08/2016,1.1319,1.13546,1.13012,1.13047,-0.00141,-0.12%,143780
24/08/2016,1.13044,1.13113,1.12445,1.12621,-0.00426,-0.38%,144439
25/08/2016,1.12624,1.12973,1.12587,1.1283,0.00209,0.19%,128116
26/08/2016,1.12849,1.13392,1.11808,1.11936,-0.00894,-0.79%,171000
29/08/2016,1.11834,1.12076,1.11579,1.11879,-0.00057,-0.05%,124467
30/08/2016,1.11878,1.11921,1.11312,1.11418,-0.00461,-0.41%,129235
31/08/2016,1.11427,1.11652,1.11231,1.11568,0.0015,0.13%,136864
1/09/2016,1.11569,1.12049,1.11275,1.11961,0.00393,0.35%,134189
2/09/2016,1.1196,1.12506,1.11502,1.11546,-0.00415,-0.37%,142989
5/09/2016,1.11498,1.11822,1.11397,1.11462,-0.00084,-0.08%,82306
6/09/2016,1.11459,1.12628,1.11409,1.1256,0.01098,0.99%,120962
7/09/2016,1.1255,1.12695,1.12279,1.12377,-0.00183,-0.16%,126198
8/09/2016,1.1238,1.13268,1.12346,1.1259,0.00213,0.19%,161066
9/09/2016,1.126,1.12848,1.11987,1.12326,-0.00264,-0.23%,139601
12/09/2016,1.12379,1.12666,1.12103,1.12342,0.00016,0.01%,148993
13/09/2016,1.12337,1.12592,1.12036,1.12189,-0.00153,-0.14%,139878
14/09/2016,1.12182,1.12737,1.12096,1.12495,0.00306,0.27%,134656
15/09/2016,1.12477,1.12813,1.1219,1.12438,-0.00057,-0.05%,149570
16/09/2016,1.1243,1.12496,1.11491,1.11552,-0.00886,-0.79%,138060
19/09/2016,1.11556,1.11976,1.11508,1.11736,0.00184,0.16%,107622
20/09/2016,1.11728,1.12131,1.11485,1.11495,-0.00241,-0.22%,123263
21/09/2016,1.11494,1.11943,1.1123,1.11892,0.00397,0.36%,169025
22/09/2016,1.119,1.12571,1.1181,1.12069,0.00177,0.16%,135491
23/09/2016,1.1207,1.12402,1.11937,1.1225,0.00181,0.16%,125333
26/09/2016,1.12263,1.12786,1.1221,1.12529,0.00279,0.25%,115778
27/09/2016,1.12538,1.12586,1.11908,1.12104,-0.00425,-0.38%,131337
28/09/2016,1.12124,1.12366,1.11818,1.1216,0.00056,0.05%,127391
29/09/2016,1.1217,1.12494,1.11969,1.12201,0.00041,0.04%,132024
30/09/2016,1.122,1.1248,1.11529,1.12326,0.00125,0.11%,159421
3/10/2016,1.12278,1.12431,1.1205,1.12103,-0.00223,-0.20%,105191
4/10/2016,1.12104,1.1238,1.11379,1.12029,-0.00074,-0.07%,145256
5/10/2016,1.12037,1.12332,1.11895,1.12035,0.00006,0.01%,131343
6/10/2016,1.1203,1.12122,1.11393,1.11502,-0.00533,-0.48%,123769
7/10/2016,1.1149,1.12045,1.11041,1.11988,0.00486,0.44%,190344
10/10/2016,1.11805,1.12014,1.1131,1.11364,-0.00624,-0.56%,132615
11/10/2016,1.1136,1.1142,1.10488,1.10532,-0.00832,-0.75%,140826
12/10/2016,1.10531,1.10674,1.10044,1.10064,-0.00468,-0.42%,151215
13/10/2016,1.10078,1.10573,1.09853,1.10554,0.0049,0.45%,148107
14/10/2016,1.10544,1.10578,1.09697,1.09708,-0.00846,-0.77%,137458
17/10/2016,1.09688,1.10077,1.09638,1.09986,0.00278,0.25%,99448
18/10/2016,1.0999,1.10261,1.09701,1.09797,-0.00189,-0.17%,94559
19/10/2016,1.09783,1.10043,1.09547,1.09729,-0.00068,-0.06%,100201
20/10/2016,1.09726,1.10297,1.09157,1.09282,-0.00447,-0.41%,140148
21/10/2016,1.09274,1.09295,1.08594,1.08813,-0.00469,-0.43%,123609
24/10/2016,1.08812,1.08994,1.08591,1.0881,-0.00003,0.00%,108168
25/10/2016,1.08808,1.09046,1.0851,1.08873,0.00063,0.06%,130368
26/10/2016,1.0886,1.09453,1.08743,1.09072,0.00199,0.18%,129142
27/10/2016,1.0907,1.09417,1.08827,1.08953,-0.00119,-0.11%,132698
28/10/2016,1.0896,1.09914,1.08927,1.09838,0.00885,0.81%,147180
31/10/2016,1.09869,1.09906,1.09357,1.09799,-0.00039,-0.04%,111937
1/11/2016,1.09794,1.10687,1.09583,1.10552,0.00753,0.69%,122198
2/11/2016,1.1056,1.1123,1.10493,1.10961,0.00409,0.37%,147483
3/11/2016,1.1096,1.11256,1.10598,1.11032,0.00071,0.06%,147344
4/11/2016,1.11033,1.11407,1.10796,1.11397,0.00365,0.33%,136958
7/11/2016,1.1067,1.111,1.10273,1.10395,-0.01002,-0.90%,133139
8/11/2016,1.10393,1.10666,1.10088,1.10252,-0.00143,-0.13%,119141
9/11/2016,1.1027,1.12992,1.09074,1.09083,-0.01169,-1.06%,383760
10/11/2016,1.0908,1.09533,1.08636,1.08917,-0.00166,-0.15%,194570
11/11/2016,1.08915,1.09231,1.08304,1.08531,-0.00386,-0.35%,190248
14/11/2016,1.08301,1.08398,1.0709,1.0736,-0.01171,-1.08%,208280
15/11/2016,1.0736,1.08162,1.0714,1.07198,-0.00162,-0.15%,195225
16/11/2016,1.0722,1.07593,1.06657,1.06899,-0.00299,-0.28%,186370
17/11/2016,1.069,1.07451,1.06192,1.06234,-0.00665,-0.62%,193432
18/11/2016,1.06233,1.06428,1.05691,1.05845,-0.00389,-0.37%,206289
21/11/2016,1.05984,1.0649,1.05784,1.06273,0.00428,0.40%,178052
22/11/2016,1.0628,1.06574,1.05841,1.06234,-0.00039,-0.04%,177080
23/11/2016,1.06247,1.06433,1.05263,1.05548,-0.00686,-0.65%,186100
24/11/2016,1.0559,1.05852,1.0518,1.05502,-0.00046,-0.04%,164077
25/11/2016,1.05511,1.06274,1.05383,1.05779,0.00277,0.26%,192050
28/11/2016,1.06168,1.06844,1.05636,1.06114,0.00335,0.32%,181901
29/11/2016,1.0607,1.06542,1.05642,1.06483,0.00369,0.35%,177167
30/11/2016,1.06483,1.06664,1.05535,1.05892,-0.00591,-0.56%,205361
1/12/2016,1.05892,1.06685,1.05836,1.06603,0.00711,0.67%,187489
2/12/2016,1.066,1.06898,1.06252,1.06551,-0.00052,-0.05%,183345
5/12/2016,1.06426,1.07962,1.05055,1.07632,0.01081,1.01%,242205
6/12/2016,1.0764,1.0785,1.06984,1.07168,-0.00464,-0.43%,161658
7/12/2016,1.07164,1.07681,1.07101,1.07528,0.0036,0.34%,141393
8/12/2016,1.0753,1.0874,1.0598,1.0615,-0.01378,-1.28%,209509
9/12/2016,1.06117,1.06296,1.05311,1.05594,-0.00556,-0.52%,159496
12/12/2016,1.05321,1.06515,1.05254,1.06344,0.0075,0.71%,160031
13/12/2016,1.06359,1.06669,1.06026,1.06219,-0.00125,-0.12%,155124
14/12/2016,1.0623,1.06698,1.04971,1.05321,-0.00898,-0.85%,175957
15/12/2016,1.0531,1.05395,1.03663,1.04121,-0.012,-1.14%,238493
16/12/2016,1.04117,1.04733,1.04005,1.04453,0.00332,0.32%,175814
19/12/2016,1.04313,1.04792,1.03925,1.04015,-0.00438,-0.42%,154701
20/12/2016,1.0401,1.04175,1.0352,1.03862,-0.00153,-0.15%,153799
21/12/2016,1.0386,1.04508,1.03823,1.04235,0.00373,0.36%,140171
22/12/2016,1.0424,1.04989,1.04225,1.04351,0.00116,0.11%,154336
23/12/2016,1.04338,1.0467,1.04266,1.04523,0.00172,0.16%,82043
26/12/2016,1.0456,1.04677,1.04402,1.04573,0.0005,0.05%,84375
27/12/2016,1.0461,1.0463,1.04324,1.04541,-0.00032,-0.03%,72228
28/12/2016,1.04528,1.04795,1.03722,1.04118,-0.00423,-0.40%,97849
29/12/2016,1.0414,1.04934,1.04082,1.04866,0.00748,0.72%,114344
30/12/2016,1.04841,1.06495,1.04841,1.05168,0.00302,0.29%,158392
2/01/2017,1.0517,1.05262,1.045,1.04526,-0.00642,-0.61%,74915
3/01/2017,1.0452,1.04899,1.03405,1.0405,-0.00476,-0.46%,128999
4/01/2017,1.0404,1.04993,1.03896,1.0487,0.0082,0.79%,134017
5/01/2017,1.0488,1.06136,1.04808,1.06015,0.01145,1.09%,173754
6/01/2017,1.06005,1.06125,1.05244,1.0529,-0.00725,-0.68%,145284
9/01/2017,1.05284,1.05822,1.05108,1.05725,0.00435,0.41%,123144
10/01/2017,1.0573,1.06268,1.05509,1.05533,-0.00192,-0.18%,143039
11/01/2017,1.05533,1.06224,1.04537,1.05816,0.00283,0.27%,172703
12/01/2017,1.05809,1.06844,1.05715,1.06117,0.00301,0.28%,180327
13/01/2017,1.0613,1.06708,1.05963,1.06394,0.00277,0.26%,149531
16/01/2017,1.06001,1.06356,1.05795,1.05964,-0.0043,-0.40%,143497
17/01/2017,1.0596,1.07186,1.0595,1.07096,0.01132,1.07%,216631
18/01/2017,1.0711,1.07142,1.06283,1.06289,-0.00807,-0.75%,172834
19/01/2017,1.06286,1.06764,1.05893,1.06621,0.00332,0.31%,205438
20/01/2017,1.06612,1.07091,1.06248,1.06988,0.00367,0.34%,194561
23/01/2017,1.07062,1.07686,1.06941,1.07637,0.00649,0.61%,171510
24/01/2017,1.07625,1.07737,1.07203,1.07311,-0.00326,-0.30%,144981
25/01/2017,1.07295,1.07695,1.07109,1.0747,0.00159,0.15%,151619
26/01/2017,1.07473,1.07653,1.06575,1.06811,-0.00659,-0.61%,166826
27/01/2017,1.06818,1.07247,1.06583,1.0697,0.00159,0.15%,155503
30/01/2017,1.07178,1.07399,1.06201,1.06921,-0.00049,-0.05%,152152
31/01/2017,1.06925,1.08115,1.06844,1.07971,0.0105,0.98%,204484
1/02/2017,1.07972,1.08073,1.0732,1.07672,-0.00299,-0.28%,167253
2/02/2017,1.07688,1.08285,1.07559,1.07575,-0.00097,-0.09%,135924
3/02/2017,1.07571,1.07972,1.07161,1.07835,0.0026,0.24%,172240
6/02/2017,1.07935,1.07971,1.07057,1.07475,-0.0036,-0.33%,151865
7/02/2017,1.07435,1.07491,1.0656,1.06792,-0.00683,-0.64%,153587
8/02/2017,1.06795,1.07114,1.06405,1.06977,0.00185,0.17%,154137
9/02/2017,1.06967,1.07094,1.06507,1.06568,-0.00409,-0.38%,146475
10/02/2017,1.06568,1.06674,1.06074,1.06395,-0.00173,-0.16%,153888
13/02/2017,1.06259,1.06581,1.05918,1.05971,-0.00424,-0.40%,127815
14/02/2017,1.0596,1.0633,1.05608,1.05757,-0.00214,-0.20%,137083
15/02/2017,1.05771,1.0609,1.05212,1.05993,0.00236,0.22%,152325
16/02/2017,1.05988,1.06792,1.05903,1.06723,0.0073,0.69%,149850
17/02/2017,1.06718,1.06763,1.06053,1.06132,-0.00591,-0.55%,133141
20/02/2017,1.06088,1.06326,1.06031,1.06111,-0.00021,-0.02%,104421
21/02/2017,1.06102,1.0615,1.05257,1.05356,-0.00755,-0.71%,126044
22/02/2017,1.0536,1.05736,1.04934,1.05541,0.00185,0.18%,156757
23/02/2017,1.0554,1.05948,1.05374,1.05794,0.00253,0.24%,140323
24/02/2017,1.05816,1.06176,1.05566,1.05599,-0.00195,-0.18%,136513
27/02/2017,1.05676,1.06297,1.05515,1.05852,0.00253,0.24%,133130
28/02/2017,1.05861,1.06299,1.05708,1.05756,-0.00096,-0.09%,142582
1/03/2017,1.05753,1.05879,1.05145,1.05463,-0.00293,-0.28%,167108
2/03/2017,1.05476,1.05508,1.04948,1.05058,-0.00405,-0.38%,132259
3/03/2017,1.0504,1.06236,1.05019,1.06207,0.01149,1.09%,150974
6/03/2017,1.06023,1.06396,1.05746,1.05804,-0.00403,-0.38%,127856
7/03/2017,1.0581,1.06023,1.0558,1.05658,-0.00146,-0.14%,112861
8/03/2017,1.0566,1.05738,1.05351,1.05393,-0.00265,-0.25%,123376
9/03/2017,1.05382,1.06149,1.05249,1.05761,0.00368,0.35%,169908
10/03/2017,1.05756,1.0699,1.0572,1.06699,0.00938,0.89%,156804
13/03/2017,1.06835,1.07142,1.0652,1.0653,-0.00169,-0.16%,136669
14/03/2017,1.06524,1.06623,1.06005,1.06038,-0.00492,-0.46%,123756
15/03/2017,1.06035,1.07398,1.06032,1.07337,0.01299,1.23%,145197
16/03/2017,1.07331,1.077,1.07057,1.07646,0.00309,0.29%,159038
17/03/2017,1.0763,1.07822,1.07274,1.07374,-0.00272,-0.25%,133904
20/03/2017,1.07314,1.0777,1.0725,1.07398,0.00024,0.02%,104441
21/03/2017,1.07384,1.0819,1.07191,1.08096,0.00698,0.65%,137428
22/03/2017,1.08094,1.08238,1.07756,1.07941,-0.00155,-0.14%,126638
23/03/2017,1.07932,1.08047,1.0768,1.07826,-0.00115,-0.11%,130350
24/03/2017,1.0782,1.08177,1.07602,1.07958,0.00132,0.12%,129549
27/03/2017,1.08348,1.0905,1.08274,1.08638,0.0068,0.63%,121451
28/03/2017,1.0864,1.08723,1.07988,1.08116,-0.00522,-0.48%,115198
29/03/2017,1.0811,1.08263,1.07398,1.07656,-0.0046,-0.43%,133460
30/03/2017,1.0765,1.07692,1.06718,1.06743,-0.00913,-0.85%,124899
31/03/2017,1.0675,1.07014,1.06515,1.06531,-0.00212,-0.20%,128630
3/04/2017,1.06616,1.06808,1.06426,1.06685,0.00154,0.14%,98785
4/04/2017,1.06684,1.06771,1.06355,1.06722,0.00037,0.03%,98208
5/04/2017,1.06719,1.0689,1.06351,1.06628,-0.00094,-0.09%,117652
6/04/2017,1.0663,1.06838,1.0629,1.06438,-0.0019,-0.18%,117690
7/04/2017,1.0644,1.06642,1.05807,1.0588,-0.00558,-0.52%,138771
10/04/2017,1.05817,1.06064,1.05697,1.05947,0.00067,0.06%,100576
11/04/2017,1.05941,1.06297,1.05785,1.0604,0.00093,0.09%,99598
12/04/2017,1.06045,1.06748,1.05888,1.06633,0.00593,0.56%,119757
13/04/2017,1.06638,1.06775,1.06094,1.06125,-0.00508,-0.48%,122708
14/04/2017,1.06126,1.06281,1.0609,1.06098,-0.00027,-0.03%,31785
17/04/2017,1.06139,1.06701,1.06027,1.06423,0.00325,0.31%,70680
18/04/2017,1.06401,1.07357,1.06372,1.07301,0.00878,0.83%,134193
19/04/2017,1.07305,1.07361,1.06997,1.07102,-0.00199,-0.19%,113094
20/04/2017,1.07091,1.07772,1.07088,1.07165,0.00063,0.06%,117030
21/04/2017,1.07158,1.07376,1.06823,1.07221,0.00056,0.05%,122128
24/04/2017,1.09043,1.09315,1.08207,1.08667,0.01446,1.35%,177814
25/04/2017,1.08663,1.09497,1.08513,1.09288,0.00621,0.57%,133396
26/04/2017,1.09319,1.09506,1.08572,1.09036,-0.00252,-0.23%,157475
27/04/2017,1.0903,1.09325,1.08515,1.08714,-0.00322,-0.30%,150725
28/04/2017,1.08714,1.09472,1.0857,1.08933,0.00219,0.20%,143777
1/05/2017,1.09087,1.09237,1.08842,1.08971,0.00038,0.03%,64406
2/05/2017,1.08965,1.09329,1.08882,1.09287,0.00316,0.29%,115561
3/05/2017,1.09284,1.09367,1.08825,1.08847,-0.0044,-0.40%,126219
4/05/2017,1.08843,1.0987,1.08749,1.09839,0.00992,0.91%,154863
5/05/2017,1.0983,1.09992,1.09507,1.09967,0.00128,0.12%,144278
8/05/2017,1.10182,1.10215,1.09173,1.09235,-0.00732,-0.67%,148588
9/05/2017,1.09239,1.09332,1.08631,1.08728,-0.00507,-0.46%,145440
10/05/2017,1.0873,1.0898,1.08532,1.08671,-0.00057,-0.05%,139103
11/05/2017,1.08666,1.08928,1.08391,1.08607,-0.00064,-0.06%,124935
12/05/2017,1.08607,1.09332,1.08558,1.09304,0.00697,0.64%,123990
15/05/2017,1.09285,1.09892,1.09225,1.09743,0.00439,0.40%,117518
16/05/2017,1.0974,1.1097,1.09735,1.10819,0.01076,0.98%,143315
17/05/2017,1.10822,1.11619,1.10803,1.11583,0.00764,0.69%,154001
18/05/2017,1.11576,1.11717,1.1077,1.11018,-0.00565,-0.51%,191109
19/05/2017,1.1102,1.12116,1.10968,1.12063,0.01045,0.94%,143935
22/05/2017,1.12037,1.12633,1.11611,1.12364,0.00301,0.27%,147048
23/05/2017,1.1237,1.12671,1.11749,1.11819,-0.00545,-0.49%,178829
24/05/2017,1.1182,1.12198,1.11684,1.1218,0.00361,0.32%,282163
25/05/2017,1.1218,1.12498,1.11932,1.121,-0.0008,-0.07%,226470
26/05/2017,1.121,1.12343,1.11605,1.11785,-0.00315,-0.28%,236204
29/05/2017,1.11658,1.11897,1.11616,1.11627,-0.00158,-0.14%,129409
30/05/2017,1.1161,1.12046,1.11096,1.11845,0.00218,0.20%,250883
31/05/2017,1.11835,1.12519,1.11639,1.12431,0.00586,0.52%,277232
1/06/2017,1.12453,1.12565,1.12021,1.12102,-0.00329,-0.29%,230938
2/06/2017,1.1211,1.12847,1.12043,1.12748,0.00646,0.58%,233621
5/06/2017,1.12731,1.12833,1.12342,1.12538,-0.0021,-0.19%,174564
6/06/2017,1.12539,1.12835,1.12403,1.12764,0.00226,0.20%,221259
7/06/2017,1.12752,1.12816,1.12032,1.12547,-0.00217,-0.19%,270462
8/06/2017,1.12542,1.12689,1.11957,1.12069,-0.00478,-0.42%,313378
9/06/2017,1.12064,1.12365,1.11663,1.11941,-0.00128,-0.11%,283861
12/06/2017,1.12001,1.12319,1.11919,1.12019,0.00078,0.07%,208802
13/06/2017,1.1202,1.12245,1.11846,1.12095,0.00076,0.07%,197183
14/06/2017,1.12084,1.12941,1.11932,1.12171,0.00076,0.07%,356137
15/06/2017,1.12173,1.12285,1.11324,1.1144,-0.00731,-0.65%,290814
16/06/2017,1.11436,1.12013,1.11384,1.11968,0.00528,0.47%,226311
19/06/2017,1.12012,1.12125,1.11432,1.1148,-0.00488,-0.44%,204868
20/06/2017,1.11485,1.11648,1.11189,1.11334,-0.00146,-0.13%,237105
21/06/2017,1.1133,1.11688,1.11274,1.11674,0.0034,0.31%,214104
22/06/2017,1.11676,1.11781,1.11392,1.11512,-0.00162,-0.15%,180001
23/06/2017,1.1151,1.12089,1.11451,1.11931,0.00419,0.38%,177631
26/06/2017,1.11962,1.12197,1.11715,1.11809,-0.00122,-0.11%,211613
27/06/2017,1.1181,1.13491,1.11787,1.1337,0.01561,1.40%,282136
28/06/2017,1.1338,1.13888,1.12944,1.13759,0.00389,0.34%,368771
29/06/2017,1.13774,1.14452,1.13729,1.14397,0.00638,0.56%,309621
30/06/2017,1.1441,1.1445,1.13919,1.14256,-0.00141,-0.12%,280632
3/07/2017,1.14175,1.14266,1.13548,1.13638,-0.00618,-0.54%,217779
4/07/2017,1.13636,1.13768,1.13363,1.13412,-0.00226,-0.20%,199054
5/07/2017,1.13401,1.13683,1.13123,1.13507,0.00095,0.08%,257493
6/07/2017,1.13504,1.14248,1.13295,1.14225,0.00718,0.63%,257025
7/07/2017,1.14223,1.14389,1.13797,1.13965,-0.0026,-0.23%,269668
10/07/2017,1.13951,1.1418,1.13814,1.13988,0.00023,0.02%,192977
11/07/2017,1.13994,1.14795,1.13826,1.14662,0.00674,0.59%,231803
12/07/2017,1.1467,1.14893,1.13916,1.14117,-0.00545,-0.48%,330594
13/07/2017,1.1411,1.14558,1.13704,1.13971,-0.00146,-0.13%,268048
14/07/2017,1.1397,1.14717,1.13913,1.14685,0.00714,0.63%,255396
17/07/2017,1.14698,1.14869,1.14349,1.1478,0.00095,0.08%,211540
18/07/2017,1.14781,1.15829,1.14716,1.15534,0.00754,0.66%,317276
19/07/2017,1.1554,1.1556,1.15115,1.15145,-0.00389,-0.34%,235915
20/07/2017,1.15147,1.16514,1.14793,1.16287,0.01142,0.99%,386870
21/07/2017,1.16287,1.16825,1.1619,1.16636,0.00349,0.30%,269428
24/07/2017,1.16622,1.16839,1.16277,1.16405,-0.00231,-0.20%,241934
25/07/2017,1.164,1.17118,1.16307,1.16462,0.00057,0.05%,302526
26/07/2017,1.1646,1.17395,1.16127,1.17327,0.00865,0.74%,329763
27/07/2017,1.17324,1.17764,1.16498,1.16754,-0.00573,-0.49%,356173
28/07/2017,1.16748,1.17637,1.16711,1.17454,0.007,0.60%,334763
31/07/2017,1.17443,1.18452,1.17228,1.18409,0.00955,0.81%,285038
1/08/2017,1.18408,1.1844,1.17878,1.18013,-0.00396,-0.33%,307921
2/08/2017,1.18003,1.19056,1.17937,1.18552,0.00539,0.46%,289306
3/08/2017,1.18556,1.1893,1.18304,1.18683,0.00131,0.11%,242910
4/08/2017,1.18692,1.18885,1.17324,1.17718,-0.00965,-0.81%,292815
7/08/2017,1.17701,1.18135,1.17701,1.17947,0.00229,0.19%,191896
8/08/2017,1.1794,1.18236,1.1717,1.17492,-0.00455,-0.39%,245443
9/08/2017,1.175,1.17637,1.16889,1.17583,0.00091,0.08%,300480
10/08/2017,1.1757,1.17846,1.17036,1.17708,0.00125,0.11%,292168
11/08/2017,1.1771,1.18445,1.17486,1.18182,0.00474,0.40%,282173
14/08/2017,1.18177,1.18383,1.17714,1.17787,-0.00395,-0.33%,221900
15/08/2017,1.1779,1.17925,1.16873,1.17342,-0.00445,-0.38%,281716
16/08/2017,1.17334,1.17779,1.16819,1.17661,0.00319,0.27%,300768
17/08/2017,1.1766,1.17898,1.16628,1.17224,-0.00437,-0.37%,319511
18/08/2017,1.17215,1.17729,1.17082,1.17571,0.00347,0.30%,308378
21/08/2017,1.17584,1.18278,1.17312,1.18144,0.00573,0.49%,218508
22/08/2017,1.18146,1.18242,1.17447,1.17608,-0.00536,-0.45%,232822
23/08/2017,1.17601,1.1823,1.17414,1.18061,0.00453,0.39%,255577
24/08/2017,1.18067,1.18176,1.17835,1.17992,-0.00069,-0.06%,230804
25/08/2017,1.17991,1.194,1.17731,1.19203,0.01211,1.03%,300398
28/08/2017,1.19472,1.19835,1.19167,1.19782,0.00579,0.49%,219631
29/08/2017,1.1977,1.20699,1.19465,1.19718,-0.00064,-0.05%,375786
30/08/2017,1.19721,1.1984,1.18803,1.1883,-0.00888,-0.74%,313482
31/08/2017,1.18836,1.19118,1.18226,1.19069,0.00239,0.20%,323885
1/09/2017,1.1906,1.19748,1.18524,1.18561,-0.00508,-0.43%,332953
4/09/2017,1.18802,1.19218,1.18735,1.18924,0.00363,0.31%,223679
5/09/2017,1.18918,1.19384,1.18688,1.19112,0.00188,0.16%,316769
6/09/2017,1.1909,1.19496,1.19028,1.19163,0.00051,0.04%,301051
7/09/2017,1.19168,1.20549,1.19138,1.20216,0.01053,0.88%,368990
8/09/2017,1.20217,1.20921,1.20174,1.2034,0.00124,0.10%,358840
11/09/2017,1.20109,1.20295,1.19476,1.19514,-0.00826,-0.69%,255152
12/09/2017,1.19513,1.19778,1.19262,1.19661,0.00147,0.12%,255149
13/09/2017,1.19661,1.19946,1.1873,1.18849,-0.00812,-0.68%,295160
14/09/2017,1.1884,1.19218,1.18442,1.19179,0.0033,0.28%,323843
15/09/2017,1.1919,1.19867,1.1901,1.19427,0.00248,0.21%,294818
18/09/2017,1.19303,1.19691,1.19151,1.19516,0.00089,0.07%,242377
19/09/2017,1.19546,1.20064,1.1949,1.19936,0.0042,0.35%,282938
20/09/2017,1.19922,1.20303,1.18613,1.18903,-0.01033,-0.86%,306469
21/09/2017,1.18909,1.19534,1.18656,1.19408,0.00505,0.42%,288281
22/09/2017,1.1941,1.20041,1.19368,1.19467,0.00059,0.05%,265651
25/09/2017,1.19026,1.19363,1.18324,1.18482,-0.00985,-0.82%,280965
26/09/2017,1.18468,1.18614,1.17577,1.17922,-0.0056,-0.47%,280209
27/09/2017,1.1792,1.1795,1.1717,1.17446,-0.00476,-0.40%,297632
28/09/2017,1.1746,1.18034,1.17211,1.17852,0.00406,0.35%,279061
29/09/2017,1.1785,1.18322,1.1766,1.18123,0.00271,0.23%,254944
2/10/2017,1.17883,1.18147,1.173,1.17331,-0.00792,-0.67%,243174
3/10/2017,1.17303,1.17728,1.16963,1.17424,0.00093,0.08%,215508
4/10/2017,1.1743,1.17872,1.17351,1.17585,0.00161,0.14%,203251
5/10/2017,1.1758,1.17788,1.1699,1.17104,-0.00481,-0.41%,221062
6/10/2017,1.1714,1.1738,1.16718,1.17269,0.00165,0.14%,325515
9/10/2017,1.1734,1.17557,1.17195,1.17393,0.00124,0.11%,150998
10/10/2017,1.1739,1.18211,1.1739,1.18072,0.00679,0.58%,273320
11/10/2017,1.1807,1.1869,1.17951,1.18578,0.00506,0.43%,271975
12/10/2017,1.18577,1.18796,1.18276,1.18292,-0.00286,-0.24%,237196
13/10/2017,1.18296,1.18745,1.18051,1.18175,-0.00117,-0.10%,280619
16/10/2017,1.18108,1.18192,1.17803,1.1796,-0.00215,-0.18%,214455
17/10/2017,1.1796,1.17996,1.17369,1.1766,-0.003,-0.25%,222586
18/10/2017,1.1765,1.18052,1.17304,1.17864,0.00204,0.17%,244139
19/10/2017,1.17877,1.18577,1.17704,1.18509,0.00645,0.55%,302541
20/10/2017,1.185,1.18578,1.17624,1.17835,-0.00674,-0.57%,298676
23/10/2017,1.17591,1.17773,1.17264,1.17485,-0.0035,-0.30%,222396
24/10/2017,1.17483,1.17919,1.17425,1.17606,0.00121,0.10%,251295
25/10/2017,1.17597,1.18175,1.17529,1.18122,0.00516,0.44%,311422
26/10/2017,1.18123,1.18365,1.16413,1.165,-0.01622,-1.37%,360842
27/10/2017,1.16503,1.1657,1.15745,1.16062,-0.00438,-0.38%,323866
30/10/2017,1.16075,1.16576,1.15938,1.16493,0.00431,0.37%,230264
31/10/2017,1.16496,1.16606,1.16247,1.16453,-0.0004,-0.03%,223657
1/11/2017,1.1646,1.1657,1.16068,1.16175,-0.00278,-0.24%,262756
2/11/2017,1.1618,1.16861,1.1613,1.1658,0.00405,0.35%,314690
3/11/2017,1.16576,1.16884,1.15991,1.16056,-0.00524,-0.45%,260108
6/11/2017,1.16135,1.16239,1.15805,1.16071,0.00015,0.01%,226167
7/11/2017,1.1608,1.16153,1.15545,1.15853,-0.00218,-0.19%,244034
8/11/2017,1.15828,1.16108,1.15799,1.15941,0.00088,0.08%,207519
9/11/2017,1.1594,1.16543,1.15856,1.16413,0.00472,0.41%,253481
10/11/2017,1.16413,1.16771,1.16222,1.16631,0.00218,0.19%,197983
13/11/2017,1.16532,1.1675,1.16375,1.16664,0.00033,0.03%,179812
14/11/2017,1.1666,1.18047,1.16612,1.17972,0.01308,1.12%,229635
15/11/2017,1.1797,1.18596,1.17845,1.17905,-0.00067,-0.06%,284149
16/11/2017,1.1789,1.18006,1.17573,1.1769,-0.00215,-0.18%,243387
17/11/2017,1.177,1.18213,1.17652,1.17871,0.00181,0.15%,255094
20/11/2017,1.1783,1.18086,1.17222,1.17319,-0.00552,-0.47%,272194
21/11/2017,1.1732,1.17575,1.17131,1.17374,0.00055,0.05%,223627
22/11/2017,1.1736,1.18268,1.17318,1.18184,0.0081,0.69%,230907
23/11/2017,1.1819,1.18555,1.18131,1.18476,0.00292,0.25%,168930
24/11/2017,1.18466,1.19441,1.18363,1.19313,0.00837,0.71%,209138
27/11/2017,1.194,1.19607,1.18901,1.18901,-0.00412,-0.35%,231909
28/11/2017,1.18906,1.19198,1.18271,1.18371,-0.0053,-0.45%,301728
29/11/2017,1.1838,1.18827,1.18173,1.18464,0.00093,0.08%,239112
30/11/2017,1.1846,1.19308,1.18091,1.19027,0.00563,0.48%,277972
1/12/2017,1.1903,1.19403,1.18518,1.18883,-0.00144,-0.12%,316314
4/12/2017,1.18547,1.18784,1.18294,1.18646,-0.00237,-0.20%,148384
5/12/2017,1.18643,1.18766,1.18006,1.18247,-0.00399,-0.34%,146959
6/12/2017,1.18248,1.18478,1.17802,1.17936,-0.00311,-0.26%,142553
7/12/2017,1.17931,1.18136,1.17716,1.17722,-0.00214,-0.18%,133682
8/12/2017,1.1773,1.17763,1.17301,1.17705,-0.00017,-0.01%,136560
11/12/2017,1.17615,1.18115,1.17615,1.17679,-0.00026,-0.02%,120638
12/12/2017,1.17679,1.17925,1.17174,1.17407,-0.00272,-0.23%,135176
13/12/2017,1.1741,1.18313,1.17293,1.18249,0.00842,0.72%,158230
14/12/2017,1.18258,1.18622,1.17706,1.17771,-0.00478,-0.40%,172147
15/12/2017,1.17762,1.18121,1.17444,1.17482,-0.00289,-0.25%,140318
18/12/2017,1.17413,1.18332,1.17377,1.1781,0.00328,0.28%,132561
19/12/2017,1.17816,1.18487,1.17764,1.18381,0.00571,0.48%,158257
20/12/2017,1.18381,1.18993,1.18289,1.18703,0.00322,0.27%,110899
21/12/2017,1.187,1.18893,1.18493,1.18723,0.0002,0.02%,134447
22/12/2017,1.18726,1.18752,1.1817,1.18586,-0.00137,-0.12%,135783
25/12/2017,1.18314,1.19,1.18311,1.18666,0.0008,0.07%,11067
26/12/2017,1.1856,1.18762,1.18464,1.18579,-0.00087,-0.07%,58243
27/12/2017,1.1858,1.19097,1.18548,1.18946,0.00367,0.31%,111432
28/12/2017,1.1896,1.19588,1.18941,1.1942,0.00474,0.40%,107365
29/12/2017,1.19426,1.20252,1.19354,1.19944,0.00524,0.44%,116465
1/01/2018,1.20012,1.2016,1.19921,1.20068,0.00124,0.10%,4021
2/01/2018,1.2011,1.2081,1.1998,1.20581,0.00513,0.43%,141952
3/01/2018,1.20583,1.2066,1.20017,1.20137,-0.00444,-0.37%,135836
4/01/2018,1.20138,1.20881,1.20042,1.20677,0.0054,0.45%,148143
5/01/2018,1.20682,1.20805,1.20207,1.20278,-0.00399,-0.33%,158569
8/01/2018,1.20248,1.2052,1.19562,1.19665,-0.00613,-0.51%,123779
9/01/2018,1.1967,1.19755,1.1916,1.19362,-0.00303,-0.25%,141430
10/01/2018,1.19361,1.20164,1.19232,1.19469,0.00107,0.09%,193183
11/01/2018,1.1946,1.20587,1.19296,1.20313,0.00844,0.71%,223297
12/01/2018,1.20309,1.22149,1.20306,1.21988,0.01675,1.39%,239418
15/01/2018,1.21989,1.22964,1.21874,1.2263,0.00642,0.53%,180340
16/01/2018,1.2264,1.22815,1.21956,1.22595,-0.00035,-0.03%,204998
17/01/2018,1.2259,1.23212,1.21769,1.21842,-0.00753,-0.61%,256235
18/01/2018,1.21838,1.2264,1.21649,1.22369,0.00527,0.43%,206746
19/01/2018,1.2236,1.22951,1.2214,1.22141,-0.00228,-0.19%,206793
22/01/2018,1.22714,1.22733,1.22139,1.2261,0.00469,0.38%,151939
23/01/2018,1.226,1.23055,1.2223,1.22977,0.00367,0.30%,188712
24/01/2018,1.22982,1.24147,1.22927,1.24083,0.01106,0.90%,239429
25/01/2018,1.2407,1.25369,1.23648,1.23938,-0.00145,-0.12%,424537
26/01/2018,1.23925,1.24933,1.23694,1.24229,0.00291,0.23%,296232
29/01/2018,1.24199,1.24319,1.23373,1.2381,-0.00419,-0.34%,235321
30/01/2018,1.238,1.24534,1.23352,1.24021,0.00211,0.17%,254127
31/01/2018,1.2402,1.24746,1.23875,1.24124,0.00103,0.08%,301760
1/02/2018,1.24125,1.25217,1.23854,1.25072,0.00948,0.76%,270120
2/02/2018,1.25071,1.25179,1.24097,1.24532,-0.0054,-0.43%,285595
5/02/2018,1.24333,1.24748,1.23623,1.23664,-0.00868,-0.70%,258693
6/02/2018,1.23663,1.24333,1.23143,1.2376,0.00096,0.08%,380267
7/02/2018,1.2375,1.24055,1.22466,1.22626,-0.01134,-0.92%,257781
8/02/2018,1.2263,1.22946,1.2212,1.22459,-0.00167,-0.14%,322949
9/02/2018,1.2245,1.22868,1.22055,1.22485,0.00026,0.02%,300510
12/02/2018,1.22443,1.22969,1.22349,1.22909,0.00424,0.35%,180219
13/02/2018,1.22891,1.23704,1.22844,1.23503,0.00594,0.48%,201882
14/02/2018,1.2352,1.24648,1.22768,1.24491,0.00988,0.80%,270365
15/02/2018,1.2451,1.25099,1.24477,1.25041,0.0055,0.44%,240662
16/02/2018,1.2505,1.25549,1.23951,1.23985,-0.01056,-0.84%,232641
19/02/2018,1.23973,1.24348,1.2369,1.24052,0.00067,0.05%,143887
20/02/2018,1.2405,1.24117,1.23197,1.23368,-0.00684,-0.55%,208058
21/02/2018,1.2336,1.23591,1.22811,1.22823,-0.00545,-0.44%,225757
22/02/2018,1.2282,1.23509,1.22597,1.23288,0.00465,0.38%,213312
23/02/2018,1.2327,1.23367,1.22796,1.22935,-0.00353,-0.29%,180348
26/02/2018,1.22899,1.23547,1.22782,1.2316,0.00225,0.18%,176842
27/02/2018,1.2316,1.23462,1.22224,1.22324,-0.00836,-0.68%,226914
28/02/2018,1.2232,1.22409,1.21879,1.21925,-0.00399,-0.33%,204095
1/03/2018,1.21933,1.22712,1.21557,1.22664,0.00739,0.61%,253619
2/03/2018,1.2264,1.23357,1.22512,1.2316,0.00496,0.40%,225773
5/03/2018,1.23546,1.23636,1.22688,1.23353,0.00193,0.16%,222348
6/03/2018,1.2334,1.24189,1.23287,1.24035,0.00682,0.55%,214156
7/03/2018,1.2403,1.24435,1.2385,1.24105,0.0007,0.06%,233501
8/03/2018,1.24101,1.24458,1.22982,1.23102,-0.01003,-0.81%,247423
9/03/2018,1.2311,1.2334,1.2274,1.23038,-0.00064,-0.05%,213863
12/03/2018,1.23145,1.23452,1.22901,1.23343,0.00305,0.25%,139623
13/03/2018,1.2336,1.2407,1.23139,1.23889,0.00546,0.44%,201478
14/03/2018,1.23898,1.24124,1.23475,1.23665,-0.00224,-0.18%,170994
15/03/2018,1.23668,1.23832,1.23001,1.23046,-0.00619,-0.50%,176418
16/03/2018,1.23045,1.23359,1.22602,1.22887,-0.00159,-0.13%,159689
19/03/2018,1.2285,1.23582,1.22579,1.2334,0.00453,0.37%,182813
20/03/2018,1.23352,1.23542,1.22396,1.22414,-0.00926,-0.75%,181944
21/03/2018,1.22407,1.23492,1.22399,1.23375,0.00961,0.79%,194192
22/03/2018,1.23381,1.23878,1.22862,1.23014,-0.00361,-0.29%,228523
23/03/2018,1.23015,1.23725,1.22998,1.23506,0.00492,0.40%,200579
26/03/2018,1.23425,1.24611,1.23425,1.2447,0.00964,0.78%,158242
27/03/2018,1.2443,1.24762,1.23722,1.24023,-0.00447,-0.36%,180892
28/03/2018,1.2402,1.24215,1.23,1.23064,-0.00959,-0.77%,167059
29/03/2018,1.23079,1.23356,1.22836,1.22998,-0.00066,-0.05%,174434
30/03/2018,1.23,1.23302,1.22943,1.23198,0.002,0.16%,79772
2/04/2018,1.23223,1.23441,1.22834,1.23017,-0.00181,-0.15%,78663
3/04/2018,1.23011,1.23351,1.22538,1.22695,-0.00322,-0.26%,156491
4/04/2018,1.2268,1.23127,1.22569,1.22773,0.00078,0.06%,153617
5/04/2018,1.2276,1.22899,1.22183,1.22396,-0.00377,-0.31%,160284
6/04/2018,1.2239,1.22901,1.22153,1.22802,0.00406,0.33%,224839
9/04/2018,1.22743,1.233,1.22623,1.23191,0.00389,0.32%,179901
10/04/2018,1.23171,1.23772,1.23027,1.23553,0.00362,0.29%,214036
11/04/2018,1.2354,1.23948,1.23471,1.23662,0.00109,0.09%,192609
12/04/2018,1.2365,1.23795,1.22995,1.23256,-0.00406,-0.33%,197706
13/04/2018,1.2326,1.23457,1.23068,1.23281,0.00025,0.02%,159020
16/04/2018,1.23296,1.23934,1.23243,1.23789,0.00508,0.41%,142175
17/04/2018,1.2379,1.24135,1.23364,1.23694,-0.00095,-0.08%,152041
18/04/2018,1.23693,1.23966,1.23423,1.23729,0.00035,0.03%,175942
19/04/2018,1.2373,1.23999,1.23296,1.23445,-0.00284,-0.23%,200084
20/04/2018,1.2344,1.23525,1.22545,1.22859,-0.00586,-0.47%,183753
23/04/2018,1.2265,1.22894,1.21981,1.22078,-0.00781,-0.64%,163485
24/04/2018,1.22079,1.22444,1.21816,1.22313,0.00235,0.19%,190588
25/04/2018,1.22318,1.22385,1.21598,1.21603,-0.0071,-0.58%,176853
26/04/2018,1.2161,1.22055,1.20963,1.21025,-0.00578,-0.48%,231177
27/04/2018,1.2101,1.21327,1.20555,1.21285,0.0026,0.21%,192921
30/04/2018,1.21244,1.21387,1.20642,1.20768,-0.00517,-0.43%,183896
1/05/2018,1.20772,1.20839,1.19817,1.19916,-0.00852,-0.71%,153716
2/05/2018,1.19914,1.20313,1.19378,1.19501,-0.00415,-0.35%,241091
3/05/2018,1.195,1.20087,1.19476,1.19873,0.00372,0.31%,237526
4/05/2018,1.19868,1.19953,1.19113,1.19577,-0.00296,-0.25%,204992
7/05/2018,1.19557,1.19778,1.18975,1.1922,-0.00357,-0.30%,142922
8/05/2018,1.19218,1.19386,1.18393,1.18635,-0.00585,-0.49%,214586
9/05/2018,1.1863,1.18968,1.18225,1.18493,-0.00142,-0.12%,199757
10/05/2018,1.18493,1.19457,1.18429,1.19143,0.0065,0.55%,252673
11/05/2018,1.1914,1.19665,1.18912,1.19386,0.00243,0.20%,177929
14/05/2018,1.19463,1.19959,1.19257,1.19258,-0.00128,-0.11%,159036
15/05/2018,1.19256,1.19381,1.18209,1.18367,-0.00891,-0.75%,236307
16/05/2018,1.18378,1.18538,1.17638,1.18064,-0.00303,-0.26%,245183
17/05/2018,1.18073,1.18373,1.17768,1.17935,-0.00129,-0.11%,217909
18/05/2018,1.1794,1.18219,1.17498,1.17687,-0.00248,-0.21%,187133
21/05/2018,1.17714,1.17953,1.17166,1.17907,0.0022,0.19%,159323
22/05/2018,1.1791,1.18296,1.1757,1.17779,-0.00128,-0.11%,198588
23/05/2018,1.1778,1.17895,1.16772,1.16963,-0.00816,-0.69%,269259
24/05/2018,1.16958,1.17497,1.16906,1.17196,0.00233,0.20%,219267
25/05/2018,1.1719,1.17333,1.16453,1.16461,-0.00735,-0.63%,221931
28/05/2018,1.16859,1.17282,1.16075,1.16234,-0.00227,-0.19%,164171
29/05/2018,1.16241,1.16395,1.15099,1.15347,-0.00887,-0.76%,285707
30/05/2018,1.1538,1.1674,1.15185,1.16614,0.01267,1.10%,286709
31/05/2018,1.16633,1.17241,1.16431,1.16908,0.00294,0.25%,250202
1/06/2018,1.1691,1.17177,1.16178,1.16578,-0.0033,-0.28%,238035
4/06/2018,1.16545,1.17442,1.16545,1.16976,0.00398,0.34%,183251
5/06/2018,1.1696,1.17319,1.16528,1.17162,0.00186,0.16%,205938
6/06/2018,1.1715,1.17949,1.17116,1.17742,0.0058,0.50%,200253
7/06/2018,1.1775,1.18397,1.17725,1.17979,0.00237,0.20%,215962
8/06/2018,1.1798,1.18102,1.17272,1.17676,-0.00303,-0.26%,194480
11/06/2018,1.17719,1.18202,1.17708,1.17832,0.00156,0.13%,150969
12/06/2018,1.1784,1.18088,1.17334,1.17444,-0.00388,-0.33%,194103
13/06/2018,1.17447,1.18005,1.1729,1.1791,0.00466,0.40%,198864
14/06/2018,1.179,1.18507,1.15636,1.15662,-0.02248,-1.91%,269994
15/06/2018,1.15655,1.16262,1.15432,1.16055,0.00393,0.34%,224513
18/06/2018,1.16008,1.16242,1.15646,1.16222,0.00167,0.14%,168908
19/06/2018,1.1623,1.16444,1.15303,1.15876,-0.00346,-0.30%,244291
20/06/2018,1.1589,1.15998,1.15398,1.15705,-0.00171,-0.15%,215482
21/06/2018,1.15718,1.16319,1.15089,1.16024,0.00319,0.28%,243482
22/06/2018,1.1601,1.16748,1.15994,1.16516,0.00492,0.42%,227967
25/06/2018,1.1655,1.17127,1.16287,1.17036,0.0052,0.45%,199124
26/06/2018,1.17033,1.172,1.16361,1.16465,-0.00571,-0.49%,225179
27/06/2018,1.1647,1.16718,1.15412,1.15515,-0.0095,-0.82%,241082
28/06/2018,1.15515,1.15992,1.15272,1.15678,0.00163,0.14%,254598
29/06/2018,1.1568,1.16901,1.15577,1.16811,0.01133,0.98%,281091
2/07/2018,1.16327,1.16891,1.15912,1.16386,-0.00425,-0.36%,200496
3/07/2018,1.16391,1.16729,1.16204,1.16567,0.00181,0.16%,203175
4/07/2018,1.1655,1.16815,1.16304,1.16554,-0.00013,-0.01%,151184
5/07/2018,1.16563,1.172,1.16498,1.16903,0.00349,0.30%,208643
6/07/2018,1.1689,1.17665,1.16798,1.17427,0.00524,0.45%,197306
9/07/2018,1.1747,1.17904,1.17326,1.17499,0.00072,0.06%,190470
10/07/2018,1.17499,1.17624,1.16903,1.17448,-0.00051,-0.04%,179352
11/07/2018,1.1743,1.17575,1.16654,1.16726,-0.00722,-0.61%,240180
12/07/2018,1.1673,1.16951,1.16496,1.167,-0.00026,-0.02%,196475
13/07/2018,1.16695,1.16864,1.16125,1.16829,0.00129,0.11%,188036
16/07/2018,1.16875,1.17251,1.16755,1.17103,0.00274,0.23%,164923
17/07/2018,1.171,1.17445,1.16501,1.16597,-0.00506,-0.43%,195647
18/07/2018,1.16591,1.16647,1.16019,1.16382,-0.00215,-0.18%,191133
19/07/2018,1.1637,1.16739,1.15743,1.16414,0.00032,0.03%,239622
20/07/2018,1.16416,1.17382,1.16261,1.17192,0.00778,0.67%,260489
23/07/2018,1.17325,1.17499,1.16836,1.16915,-0.00277,-0.24%,165727
24/07/2018,1.1692,1.17164,1.16544,1.16843,-0.00072,-0.06%,184986
25/07/2018,1.16839,1.17382,1.16641,1.1728,0.00437,0.37%,192762
26/07/2018,1.1728,1.17434,1.16402,1.16414,-0.00866,-0.74%,200936
27/07/2018,1.16399,1.16638,1.16219,1.16518,0.00104,0.09%,173934
30/07/2018,1.16563,1.17186,1.1648,1.1704,0.00522,0.45%,135815
31/07/2018,1.17043,1.17456,1.1685,1.16897,-0.00143,-0.12%,167088
1/08/2018,1.169,1.16992,1.16572,1.16602,-0.00295,-0.25%,141977
2/08/2018,1.166,1.16674,1.15821,1.15846,-0.00756,-0.65%,139348
3/08/2018,1.15838,1.16102,1.15614,1.15662,-0.00184,-0.16%,152921
6/08/2018,1.15659,1.15701,1.15302,1.15531,-0.00131,-0.11%,110607
7/08/2018,1.15531,1.1608,1.1548,1.15981,0.0045,0.39%,120502
8/08/2018,1.15985,1.1628,1.15732,1.16096,0.00115,0.10%,122353
9/08/2018,1.1608,1.1619,1.1526,1.15267,-0.00829,-0.71%,134215
10/08/2018,1.1527,1.15362,1.13881,1.1409,-0.01177,-1.02%,219460
13/08/2018,1.1372,1.14322,1.1365,1.1409,0,0.00%,200658
14/08/2018,1.14084,1.1429,1.13307,1.13433,-0.00657,-0.58%,175199
15/08/2018,1.1343,1.13547,1.13016,1.13443,0.0001,0.01%,174131
16/08/2018,1.13444,1.14077,1.13358,1.13757,0.00314,0.28%,190253
17/08/2018,1.13759,1.14447,1.13662,1.14366,0.00609,0.54%,166368
20/08/2018,1.14371,1.14846,1.13942,1.14803,0.00437,0.38%,126009
21/08/2018,1.1481,1.16008,1.14799,1.15701,0.00898,0.78%,175634
22/08/2018,1.1571,1.16227,1.15532,1.15947,0.00246,0.21%,163947
23/08/2018,1.1594,1.15991,1.15299,1.15364,-0.00583,-0.50%,160750
24/08/2018,1.15352,1.16379,1.15345,1.162,0.00836,0.72%,166442
27/08/2018,1.16247,1.16933,1.15945,1.16772,0.00572,0.49%,131655
28/08/2018,1.16775,1.17322,1.16624,1.1694,0.00168,0.14%,157267
29/08/2018,1.1694,1.17098,1.16517,1.17062,0.00122,0.10%,180858
30/08/2018,1.1706,1.17179,1.16417,1.16678,-0.00384,-0.33%,172464
31/08/2018,1.1666,1.16896,1.15845,1.15985,-0.00693,-0.59%,190984
3/09/2018,1.16003,1.16274,1.15889,1.16174,0.00189,0.16%,106712
4/09/2018,1.1619,1.16252,1.15307,1.15803,-0.00371,-0.32%,159141
5/09/2018,1.15801,1.16376,1.15435,1.16293,0.0049,0.42%,178540
6/09/2018,1.16293,1.16588,1.16057,1.16221,-0.00072,-0.06%,168650
7/09/2018,1.16212,1.16492,1.15504,1.15518,-0.00703,-0.60%,188566
10/09/2018,1.15498,1.16146,1.15263,1.15916,0.00398,0.34%,125667
11/09/2018,1.15909,1.16436,1.15654,1.16045,0.00129,0.11%,134418
12/09/2018,1.1603,1.16488,1.15699,1.16251,0.00206,0.18%,148800
13/09/2018,1.16255,1.17007,1.1609,1.16893,0.00642,0.55%,150947
14/09/2018,1.16894,1.17214,1.16205,1.16215,-0.00678,-0.58%,147959
17/09/2018,1.16162,1.16979,1.16162,1.16824,0.00609,0.52%,114321
18/09/2018,1.1683,1.17225,1.16521,1.16637,-0.00187,-0.16%,173072
19/09/2018,1.1664,1.17147,1.16501,1.16719,0.00082,0.07%,152841
20/09/2018,1.1674,1.17842,1.16684,1.17765,0.01046,0.90%,174412
21/09/2018,1.1777,1.18024,1.17328,1.17474,-0.00291,-0.25%,154280
24/09/2018,1.17489,1.18148,1.1724,1.17475,0.00001,0.00%,136780
25/09/2018,1.17481,1.1792,1.1731,1.17656,0.00181,0.15%,150912
26/09/2018,1.1766,1.17959,1.1726,1.17378,-0.00278,-0.24%,174868
27/09/2018,1.17352,1.17568,1.16388,1.16403,-0.00975,-0.83%,190950
28/09/2018,1.1639,1.16509,1.15698,1.16018,-0.00385,-0.33%,171203
1/10/2018,1.16223,1.16247,1.15634,1.15776,-0.00242,-0.21%,139712
2/10/2018,1.1578,1.158,1.15051,1.15459,-0.00317,-0.27%,161548
3/10/2018,1.1546,1.15933,1.14647,1.14766,-0.00693,-0.60%,196625
4/10/2018,1.1477,1.15381,1.14632,1.15146,0.0038,0.33%,188057
5/10/2018,1.1514,1.15439,1.14845,1.15171,0.00025,0.02%,186097
8/10/2018,1.15215,1.15294,1.14599,1.14906,-0.00265,-0.23%,132599
9/10/2018,1.14912,1.15025,1.14321,1.14892,-0.00014,-0.01%,182568
10/10/2018,1.14897,1.15447,1.14796,1.15183,0.00291,0.25%,175459
11/10/2018,1.1518,1.15987,1.1518,1.15904,0.00721,0.63%,224334
12/10/2018,1.159,1.16102,1.15351,1.15573,-0.00331,-0.29%,169418
15/10/2018,1.1545,1.16059,1.15374,1.15788,0.00215,0.19%,143231
16/10/2018,1.15785,1.16205,1.15657,1.15732,-0.00056,-0.05%,152344
17/10/2018,1.15731,1.15801,1.14962,1.15002,-0.0073,-0.63%,111030
18/10/2018,1.15,1.1527,1.14496,1.1452,-0.00482,-0.42%,116409
19/10/2018,1.1451,1.15321,1.1433,1.15128,0.00608,0.53%,119631
22/10/2018,1.1511,1.15497,1.14559,1.14637,-0.00491,-0.43%,96253
23/10/2018,1.14632,1.14889,1.14392,1.1471,0.00073,0.06%,103774
24/10/2018,1.14697,1.14756,1.13803,1.13914,-0.00796,-0.69%,104397
25/10/2018,1.13915,1.14314,1.1356,1.13739,-0.00175,-0.15%,114948
26/10/2018,1.1374,1.14182,1.13353,1.14015,0.00276,0.24%,95022
29/10/2018,1.13882,1.14157,1.1361,1.13719,-0.00296,-0.26%,85342
30/10/2018,1.1372,1.13873,1.13403,1.13437,-0.00282,-0.25%,76761
31/10/2018,1.13431,1.13597,1.13024,1.13105,-0.00332,-0.29%,95780
1/11/2018,1.131,1.14238,1.13067,1.14073,0.00968,0.86%,110904
2/11/2018,1.1407,1.14555,1.13729,1.1386,-0.00213,-0.19%,108959
5/11/2018,1.13975,1.14235,1.13564,1.14064,0.00204,0.18%,89324
6/11/2018,1.1407,1.14375,1.13913,1.14254,0.0019,0.17%,104298
7/11/2018,1.1425,1.14993,1.13957,1.14252,-0.00002,0.00%,162025
8/11/2018,1.1425,1.14459,1.13521,1.13627,-0.00625,-0.55%,124719
9/11/2018,1.1364,1.13685,1.13183,1.13339,-0.00288,-0.25%,109979
12/11/2018,1.13143,1.13303,1.12152,1.12174,-0.01165,-1.03%,104520
13/11/2018,1.12176,1.1293,1.12168,1.12879,0.00705,0.63%,116521
14/11/2018,1.1287,1.13443,1.12631,1.13089,0.0021,0.19%,112106
15/11/2018,1.1309,1.13612,1.12727,1.13257,0.00168,0.15%,131897
16/11/2018,1.1327,1.14197,1.13215,1.14168,0.00911,0.80%,116485
19/11/2018,1.14019,1.14631,1.13939,1.1452,0.00352,0.31%,77263
20/11/2018,1.1453,1.14721,1.1359,1.13693,-0.00827,-0.72%,88432
21/11/2018,1.1369,1.14242,1.13652,1.13815,0.00122,0.11%,99157
22/11/2018,1.1383,1.14334,1.13796,1.14012,0.00197,0.17%,98096
23/11/2018,1.14031,1.14206,1.13267,1.13351,-0.00661,-0.58%,96136
26/11/2018,1.13377,1.13828,1.13242,1.13269,-0.00082,-0.07%,87783
27/11/2018,1.13267,1.13434,1.12773,1.12864,-0.00405,-0.36%,103739
28/11/2018,1.1288,1.13871,1.12671,1.13656,0.00792,0.70%,106387
29/11/2018,1.13659,1.1401,1.13486,1.13927,0.00271,0.24%,103850
30/11/2018,1.1395,1.13999,1.13051,1.13163,-0.00764,-0.67%,108125
3/12/2018,1.13564,1.13794,1.13194,1.13531,0.00368,0.33%,96707
4/12/2018,1.1353,1.1418,1.13194,1.13412,-0.00119,-0.10%,108947
5/12/2018,1.13417,1.13609,1.13115,1.13434,0.00022,0.02%,81156
6/12/2018,1.13435,1.14104,1.13217,1.13675,0.00241,0.21%,104966
7/12/2018,1.13756,1.14229,1.13601,1.13823,0.00148,0.13%,100459
10/12/2018,1.13858,1.14424,1.13505,1.13548,-0.00275,-0.24%,91719
11/12/2018,1.1355,1.13987,1.13062,1.13162,-0.00386,-0.34%,101158
12/12/2018,1.1315,1.13854,1.13143,1.13677,0.00515,0.46%,117338
13/12/2018,1.13673,1.13928,1.13315,1.13567,-0.0011,-0.10%,107901
14/12/2018,1.13551,1.13647,1.12698,1.13045,-0.00522,-0.46%,101653
17/12/2018,1.13012,1.13574,1.12977,1.13471,0.00426,0.38%,75619
18/12/2018,1.1349,1.1402,1.13369,1.13598,0.00127,0.11%,93242
19/12/2018,1.1361,1.14386,1.13599,1.13744,0.00146,0.13%,88147
20/12/2018,1.1374,1.14851,1.13699,1.14451,0.00707,0.62%,104346
21/12/2018,1.1445,1.14737,1.13555,1.13689,-0.00762,-0.67%,99221
24/12/2018,1.13603,1.14373,1.13597,1.14003,0.00314,0.28%,77902
26/12/2018,1.13883,1.14136,1.13434,1.13562,-0.00441,-0.39%,28476
27/12/2018,1.13785,1.14537,1.13714,1.14288,0.00726,0.64%,51452
28/12/2018,1.1429,1.14723,1.14261,1.1441,0.00122,0.11%,111006
31/12/2018,1.14398,1.14669,1.14214,1.14649,0.00239,0.21%,92294
2/01/2019,1.1465,1.14964,1.13251,1.13436,-0.01213,-1.06%,118477
3/01/2019,1.1344,1.14095,1.13093,1.13926,0.0049,0.43%,148483
4/01/2019,1.1392,1.14186,1.13462,1.13944,0.00018,0.02%,126307
7/01/2019,1.1396,1.14822,1.13947,1.14733,0.00789,0.69%,87413
8/01/2019,1.14733,1.14842,1.14224,1.14404,-0.00329,-0.29%,95945
9/01/2019,1.1441,1.15538,1.14352,1.15414,0.0101,0.88%,125260
10/01/2019,1.15416,1.15695,1.1486,1.14989,-0.00425,-0.37%,122246
11/01/2019,1.1498,1.15398,1.14579,1.14673,-0.00316,-0.27%,111660
14/01/2019,1.14521,1.14818,1.14503,1.14676,0.00003,0.00%,92759
15/01/2019,1.1467,1.14894,1.1382,1.1412,-0.00556,-0.48%,127133
16/01/2019,1.1412,1.14246,1.13777,1.13913,-0.00207,-0.18%,106067
17/01/2019,1.1391,1.14056,1.13715,1.13879,-0.00034,-0.03%,96739
18/01/2019,1.1389,1.14097,1.13531,1.13625,-0.00254,-0.22%,87501
21/01/2019,1.1363,1.13906,1.13567,1.13644,0.00019,0.02%,65719
22/01/2019,1.1364,1.13731,1.13359,1.13593,-0.00051,-0.04%,86048
23/01/2019,1.1359,1.13939,1.13509,1.138,0.00207,0.18%,85149
24/01/2019,1.13801,1.13912,1.12894,1.13045,-0.00755,-0.66%,126662
25/01/2019,1.1303,1.14171,1.13,1.1408,0.01035,0.92%,114254
28/01/2019,1.13999,1.14432,1.13901,1.14257,0.00177,0.16%,78026
29/01/2019,1.1427,1.14499,1.1411,1.14312,0.00055,0.05%,103976
30/01/2019,1.143,1.15004,1.14061,1.14789,0.00477,0.42%,109533
31/01/2019,1.148,1.15139,1.14359,1.14467,-0.00322,-0.28%,106867
1/02/2019,1.14428,1.14874,1.14341,1.14544,0.00077,0.07%,91353
4/02/2019,1.14475,1.146,1.14244,1.14357,-0.00187,-0.16%,73603
5/02/2019,1.1437,1.14476,1.14011,1.14044,-0.00313,-0.27%,75703
6/02/2019,1.1404,1.14103,1.13604,1.13611,-0.00433,-0.38%,75555
7/02/2019,1.1361,1.13681,1.13245,1.13384,-0.00227,-0.20%,79787
8/02/2019,1.134,1.13506,1.13203,1.13207,-0.00177,-0.16%,70396
11/02/2019,1.13202,1.13297,1.12671,1.12754,-0.00453,-0.40%,69268
12/02/2019,1.1275,1.13394,1.12575,1.13253,0.00499,0.44%,74004
13/02/2019,1.1325,1.13412,1.12598,1.12598,-0.00655,-0.58%,80304
14/02/2019,1.12602,1.13095,1.12492,1.12946,0.00348,0.31%,98132
15/02/2019,1.1294,1.13061,1.1234,1.12926,-0.0002,-0.02%,86941
18/02/2019,1.12963,1.13335,1.12889,1.13084,0.00158,0.14%,57502
19/02/2019,1.1309,1.13569,1.12751,1.13396,0.00312,0.28%,84596
20/02/2019,1.134,1.13708,1.13249,1.13364,-0.00032,-0.03%,87073
21/02/2019,1.1338,1.1366,1.1322,1.13348,-0.00016,-0.01%,92852
22/02/2019,1.13325,1.13553,1.13169,1.13315,-0.00033,-0.03%,81308
25/02/2019,1.13453,1.13672,1.13275,1.13563,0.00248,0.22%,71250
26/02/2019,1.1357,1.14022,1.13452,1.1388,0.00317,0.28%,90404
27/02/2019,1.13879,1.14031,1.13622,1.13688,-0.00192,-0.17%,88686
28/02/2019,1.1368,1.14192,1.136,1.13702,0.00014,0.01%,100959
1/03/2019,1.137,1.14074,1.13531,1.13651,-0.00051,-0.04%,88308
4/03/2019,1.13839,1.13853,1.13089,1.13392,-0.00259,-0.23%,72346
5/03/2019,1.1338,1.1342,1.12893,1.13072,-0.0032,-0.28%,76871
6/03/2019,1.13071,1.13241,1.12883,1.13062,-0.0001,-0.01%,76855
7/03/2019,1.1307,1.13198,1.11764,1.11929,-0.01133,-1.00%,101453
8/03/2019,1.1193,1.12456,1.1185,1.12303,0.00374,0.33%,87000
11/03/2019,1.1243,1.1258,1.12214,1.12445,0.00142,0.13%,67132
12/03/2019,1.1252,1.13046,1.12442,1.12853,0.00408,0.36%,90631
13/03/2019,1.1286,1.1338,1.12773,1.13262,0.00409,0.36%,76279
14/03/2019,1.1327,1.13373,1.12938,1.13024,-0.00238,-0.21%,89626
15/03/2019,1.1302,1.1344,1.12975,1.13242,0.00218,0.19%,75834
18/03/2019,1.13211,1.13586,1.13184,1.13346,0.00104,0.09%,58587
19/03/2019,1.1335,1.13613,1.13334,1.13506,0.0016,0.14%,62104
20/03/2019,1.1352,1.1446,1.13352,1.14124,0.00618,0.54%,90828
21/03/2019,1.1412,1.14373,1.13423,1.13732,-0.00392,-0.34%,86924
22/03/2019,1.13718,1.13904,1.12751,1.12995,-0.00737,-0.65%,102454
25/03/2019,1.12871,1.13305,1.12855,1.13118,0.00123,0.11%,72921
26/03/2019,1.1314,1.13256,1.12631,1.1265,-0.00468,-0.41%,86807
27/03/2019,1.1268,1.12853,1.12423,1.12432,-0.00218,-0.19%,94371
28/03/2019,1.1244,1.12609,1.12135,1.12219,-0.00213,-0.19%,102410
29/03/2019,1.122,1.12463,1.12095,1.12168,-0.00051,-0.05%,98588
1/04/2019,1.1228,1.12493,1.12036,1.12129,-0.00039,-0.03%,72380
2/04/2019,1.12125,1.12135,1.11835,1.12044,-0.00085,-0.08%,74217
3/04/2019,1.12039,1.12545,1.11999,1.12318,0.00274,0.24%,73346
4/04/2019,1.1233,1.12473,1.12061,1.12204,-0.00114,-0.10%,68058
5/04/2019,1.122,1.12419,1.121,1.12148,-0.00056,-0.05%,71435
8/04/2019,1.12139,1.1274,1.1211,1.12605,0.00457,0.41%,55372
9/04/2019,1.126,1.12836,1.12548,1.12616,0.00011,0.01%,68933
10/04/2019,1.1262,1.12843,1.12293,1.1273,0.00114,0.10%,81351
11/04/2019,1.1273,1.12871,1.12497,1.12514,-0.00216,-0.19%,65216
12/04/2019,1.12512,1.13235,1.12512,1.12987,0.00473,0.42%,71253
15/04/2019,1.12996,1.13206,1.12976,1.13029,0.00042,0.04%,55898
16/04/2019,1.1304,1.13135,1.12798,1.12803,-0.00226,-0.20%,78284
17/04/2019,1.1279,1.13233,1.12784,1.12931,0.00128,0.11%,70182
18/04/2019,1.12922,1.13037,1.1226,1.1229,-0.00641,-0.57%,84191
19/04/2019,1.12315,1.12486,1.12271,1.12417,0.00127,0.11%,31661
22/04/2019,1.12399,1.12617,1.12358,1.12562,0.00145,0.13%,31103
23/04/2019,1.12573,1.12607,1.11924,1.12272,-0.0029,-0.26%,64161
24/04/2019,1.12257,1.12277,1.11406,1.11526,-0.00746,-0.66%,86840
25/04/2019,1.1154,1.11621,1.11178,1.1131,-0.00216,-0.19%,74185
26/04/2019,1.11277,1.11727,1.11121,1.11437,0.00127,0.11%,81321
29/04/2019,1.11499,1.11866,1.1142,1.11849,0.00412,0.37%,51917
30/04/2019,1.1185,1.12284,1.11755,1.12143,0.00294,0.26%,73278
1/05/2019,1.12139,1.12642,1.11873,1.11947,-0.00196,-0.17%,67049
2/05/2019,1.1196,1.12188,1.11703,1.11716,-0.00231,-0.21%,69313
3/05/2019,1.1171,1.12043,1.11379,1.11995,0.00279,0.25%,80540
6/05/2019,1.11604,1.12088,1.11604,1.11972,-0.00023,-0.02%,67184
7/05/2019,1.1198,1.12176,1.11667,1.11904,-0.00068,-0.06%,71271
8/05/2019,1.119,1.12134,1.11834,1.11907,0.00003,0.00%,79020
9/05/2019,1.1192,1.12506,1.11733,1.12126,0.00219,0.20%,79964
10/05/2019,1.1212,1.12526,1.12119,1.1233,0.00204,0.18%,236333
13/05/2019,1.12325,1.1264,1.12211,1.1233,0,0.00%,196387
14/05/2019,1.1223,1.1244,1.12011,1.1216,-0.0017,-0.15%,202651
15/05/2019,1.1209,1.1224,1.11781,1.1212,-0.0004,-0.04%,209847
16/05/2019,1.1205,1.1225,1.11662,1.11727,-0.00393,-0.35%,196238
17/05/2019,1.1175,1.11842,1.11545,1.11562,-0.00165,-0.15%,201672
20/05/2019,1.1156,1.1175,1.11504,1.11649,0.00087,0.08%,156620
21/05/2019,1.117,1.11878,1.11417,1.11591,-0.00058,-0.05%,191474
22/05/2019,1.1166,1.1181,1.11486,1.11497,-0.00094,-0.08%,170396
23/05/2019,1.1154,1.11874,1.11074,1.11806,0.00309,0.28%,216867
24/05/2019,1.11812,1.1212,1.11741,1.12027,0.00221,0.20%,183945
27/05/2019,1.12076,1.1216,1.1183,1.11908,-0.00119,-0.11%,108818
28/05/2019,1.1198,1.1202,1.1159,1.11596,-0.00312,-0.28%,189036
29/05/2019,1.1161,1.1173,1.11257,1.11306,-0.0029,-0.26%,188877
30/05/2019,1.11314,1.11433,1.1116,1.11292,-0.00014,-0.01%,172861
31/05/2019,1.113,1.1181,1.11249,1.11684,0.00392,0.35%,241489
3/06/2019,1.11612,1.1263,1.11564,1.12399,0.00715,0.64%,204231
4/06/2019,1.12402,1.12775,1.12265,1.12506,0.00107,0.10%,245160
5/06/2019,1.12504,1.13066,1.12196,1.12201,-0.00305,-0.27%,267320
6/06/2019,1.12216,1.13087,1.12026,1.12751,0.0055,0.49%,272901
7/06/2019,1.12753,1.13477,1.12513,1.1333,0.00579,0.51%,241172
10/06/2019,1.13166,1.1333,1.12903,1.13104,-0.00226,-0.20%,177241
11/06/2019,1.13118,1.13375,1.13015,1.13253,0.00149,0.13%,220025
12/06/2019,1.1327,1.13433,1.12825,1.12861,-0.00392,-0.35%,230326
13/06/2019,1.12897,1.13036,1.12687,1.12752,-0.00109,-0.10%,207001
14/06/2019,1.1278,1.1289,1.12023,1.12071,-0.00681,-0.60%,238012
17/06/2019,1.12065,1.1247,1.12036,1.12169,0.00098,0.09%,166923
18/06/2019,1.1216,1.1243,1.11811,1.11932,-0.00237,-0.21%,260808
19/06/2019,1.1194,1.12521,1.1187,1.12252,0.0032,0.29%,210181
20/06/2019,1.1224,1.13181,1.1224,1.12912,0.0066,0.59%,304747
21/06/2019,1.12914,1.13778,1.12827,1.13681,0.00769,0.68%,289856
24/06/2019,1.13715,1.14039,1.13655,1.13975,0.00294,0.26%,215438
25/06/2019,1.1398,1.1413,1.1344,1.1366,-0.00315,-0.28%,287087
26/06/2019,1.137,1.13914,1.13473,1.137,0.0004,0.04%,197778
27/06/2019,1.1367,1.1381,1.13477,1.13687,-0.00013,-0.01%,171240
28/06/2019,1.13685,1.13929,1.13507,1.13686,-0.00001,0.00%,162377
1/07/2019,1.13627,1.1371,1.12811,1.1285,-0.00836,-0.74%,174525
2/07/2019,1.1287,1.13215,1.12748,1.1286,0.0001,0.01%,135581
3/07/2019,1.12841,1.13123,1.12684,1.12771,-0.00089,-0.08%,134170
4/07/2019,1.12804,1.12951,1.12731,1.1284,0.00069,0.06%,74768
5/07/2019,1.12827,1.1288,1.12069,1.12242,-0.00598,-0.53%,130233
8/07/2019,1.12242,1.12344,1.12066,1.12135,-0.00107,-0.10%,92415
9/07/2019,1.1216,1.1219,1.11934,1.12073,-0.00062,-0.06%,98604
10/07/2019,1.12086,1.12641,1.12014,1.125,0.00427,0.38%,133266
11/07/2019,1.12502,1.12857,1.12451,1.12525,0.00025,0.02%,139307
12/07/2019,1.1253,1.1275,1.12378,1.12693,0.00168,0.15%,125871
15/07/2019,1.12691,1.1284,1.12533,1.12572,-0.00121,-0.11%,97176
16/07/2019,1.1261,1.1264,1.12017,1.12096,-0.00476,-0.42%,122113
17/07/2019,1.12112,1.12334,1.11997,1.12235,0.00139,0.12%,102236
18/07/2019,1.12236,1.12797,1.12051,1.12761,0.00526,0.47%,150980
19/07/2019,1.12761,1.12812,1.12043,1.12194,-0.00567,-0.50%,140078
22/07/2019,1.12134,1.12247,1.12059,1.12084,-0.0011,-0.10%,102125
23/07/2019,1.12085,1.12091,1.11451,1.1151,-0.00574,-0.51%,109814
24/07/2019,1.1151,1.11555,1.11269,1.11389,-0.00121,-0.11%,116210
25/07/2019,1.1139,1.11871,1.11012,1.11465,0.00076,0.07%,160543
26/07/2019,1.11464,1.11505,1.11117,1.11244,-0.00221,-0.20%,113018
29/07/2019,1.11247,1.11504,1.11129,1.11443,0.00199,0.18%,92085
30/07/2019,1.11443,1.11602,1.11319,1.11547,0.00104,0.09%,125501
31/07/2019,1.11547,1.11618,1.106,1.10758,-0.00789,-0.71%,145122
1/08/2019,1.10758,1.10946,1.10266,1.1084,0.00082,0.07%,179778
2/08/2019,1.1084,1.1116,1.10695,1.1106,0.0022,0.20%,214237
5/08/2019,1.11058,1.1212,1.1102,1.12022,0.00962,0.87%,183445
6/08/2019,1.12022,1.12492,1.11676,1.12005,-0.00017,-0.02%,188228
7/08/2019,1.12004,1.12415,1.11793,1.11982,-0.00023,-0.02%,177145
8/08/2019,1.11983,1.12298,1.11767,1.11788,-0.00194,-0.17%,169567
9/08/2019,1.11787,1.1222,1.11782,1.11978,0.0019,0.17%,130907
12/08/2019,1.11953,1.12302,1.11618,1.1213,0.00152,0.14%,136441
13/08/2019,1.12131,1.12281,1.11701,1.11706,-0.00424,-0.38%,146176
14/08/2019,1.11706,1.11905,1.11305,1.11377,-0.00329,-0.29%,141314
15/08/2019,1.11376,1.11578,1.10917,1.11066,-0.00311,-0.28%,149679
16/08/2019,1.11067,1.11117,1.10663,1.10895,-0.00171,-0.15%,134530
19/08/2019,1.10894,1.11124,1.10763,1.10776,-0.00119,-0.11%,92437
20/08/2019,1.10777,1.11062,1.10655,1.10995,0.00219,0.20%,104181
21/08/2019,1.10994,1.11066,1.1081,1.10839,-0.00156,-0.14%,101150
22/08/2019,1.1084,1.11125,1.10635,1.1079,-0.00049,-0.04%,123749
23/08/2019,1.1079,1.11528,1.10516,1.11368,0.00578,0.52%,124829
26/08/2019,1.11598,1.11629,1.10939,1.10996,-0.00372,-0.33%,172478
27/08/2019,1.10995,1.11153,1.10859,1.10892,-0.00104,-0.09%,126480
28/08/2019,1.10892,1.10975,1.10731,1.10767,-0.00125,-0.11%,121223
29/08/2019,1.10767,1.10876,1.10417,1.10558,-0.00209,-0.19%,135157
30/08/2019,1.10558,1.10598,1.0963,1.09889,-0.00669,-0.61%,132438
2/09/2019,1.09961,1.09961,1.09577,1.09666,-0.00223,-0.20%,83158
3/09/2019,1.09668,1.09781,1.09261,1.09722,0.00056,0.05%,131777
4/09/2019,1.09724,1.10379,1.09679,1.10343,0.00621,0.57%,128671
5/09/2019,1.10344,1.10828,1.10168,1.10341,-0.00002,0.00%,133052
6/09/2019,1.10341,1.10567,1.10201,1.10261,-0.0008,-0.07%,141525
9/09/2019,1.10259,1.10677,1.10152,1.10462,0.00201,0.18%,110382
10/09/2019,1.10463,1.10592,1.10305,1.10428,-0.00034,-0.03%,112409
11/09/2019,1.10428,1.10553,1.09851,1.10099,-0.00329,-0.30%,115680
12/09/2019,1.10099,1.10864,1.09269,1.10625,0.00526,0.48%,168284
13/09/2019,1.10624,1.11091,1.1055,1.10722,0.00097,0.09%,142061
16/09/2019,1.10772,1.10858,1.09932,1.10003,-0.00719,-0.65%,124639
17/09/2019,1.10002,1.10739,1.09901,1.10719,0.00716,0.65%,135592
18/09/2019,1.10719,1.10752,1.10155,1.10288,-0.00431,-0.39%,119252
19/09/2019,1.10289,1.1073,1.10228,1.104,0.00112,0.10%,148483
20/09/2019,1.104,1.10672,1.09963,1.10175,-0.00225,-0.20%,131188
23/09/2019,1.10138,1.10251,1.09661,1.09924,-0.00251,-0.23%,128604
24/09/2019,1.09925,1.10237,1.09838,1.10195,0.00271,0.25%,116348
25/09/2019,1.10194,1.10215,1.09373,1.09414,-0.00781,-0.71%,125384
26/09/2019,1.09415,1.09658,1.09091,1.09195,-0.00219,-0.20%,125858
27/09/2019,1.09196,1.09578,1.09046,1.09393,0.00198,0.18%,117194
30/09/2019,1.09413,1.09473,1.08857,1.08974,-0.00419,-0.38%,110262
1/10/2019,1.08976,1.09423,1.08789,1.0931,0.00336,0.31%,127161
2/10/2019,1.09311,1.09631,1.09041,1.09586,0.00276,0.25%,118102
3/10/2019,1.09586,1.09985,1.09408,1.09628,0.00042,0.04%,121295
4/10/2019,1.09628,1.09957,1.09571,1.09759,0.00131,0.12%,132639
7/10/2019,1.09757,1.0999,1.09619,1.09702,-0.00057,-0.05%,112666
8/10/2019,1.09703,1.09954,1.09408,1.0956,-0.00142,-0.13%,136838
9/10/2019,1.09559,1.09897,1.09482,1.09703,0.00143,0.13%,120428
10/10/2019,1.09701,1.10335,1.09697,1.10045,0.00342,0.31%,171837
11/10/2019,1.10044,1.10621,1.1001,1.10335,0.0029,0.26%,175877
14/10/2019,1.10348,1.10422,1.10131,1.10255,-0.0008,-0.07%,111306
15/10/2019,1.10254,1.10456,1.09912,1.10318,0.00063,0.06%,163311
16/10/2019,1.10317,1.10847,1.10224,1.10708,0.0039,0.35%,160333
17/10/2019,1.10708,1.11391,1.10649,1.11233,0.00525,0.47%,157616
18/10/2019,1.11232,1.11705,1.11146,1.1169,0.00457,0.41%,124133
21/10/2019,1.11554,1.11787,1.11394,1.11491,-0.00199,-0.18%,106079
22/10/2019,1.11491,1.11566,1.11186,1.11242,-0.00249,-0.22%,109918
23/10/2019,1.11243,1.11394,1.11059,1.11297,0.00055,0.05%,103397
24/10/2019,1.11298,1.11623,1.10927,1.11035,-0.00262,-0.24%,126019
25/10/2019,1.11035,1.11227,1.10726,1.10792,-0.00243,-0.22%,95669
28/10/2019,1.10817,1.11063,1.10756,1.10991,0.00199,0.18%,86337
29/10/2019,1.10991,1.11179,1.10733,1.11108,0.00117,0.11%,100653
30/10/2019,1.11109,1.11511,1.10801,1.11498,0.0039,0.35%,131024
31/10/2019,1.11498,1.1175,1.11325,1.11511,0.00013,0.01%,138328
1/11/2019,1.11511,1.11715,1.11282,1.11645,0.00134,0.12%,117982
4/11/2019,1.11689,1.11751,1.11245,1.1127,-0.00375,-0.34%,120628
5/11/2019,1.11269,1.11396,1.10632,1.10734,-0.00536,-0.48%,162207
6/11/2019,1.10735,1.10925,1.10647,1.10654,-0.0008,-0.07%,126057
7/11/2019,1.10654,1.10911,1.1036,1.10493,-0.00161,-0.15%,175120
8/11/2019,1.10493,1.10551,1.10165,1.1018,-0.00313,-0.28%,128213
11/11/2019,1.10241,1.10426,1.10161,1.10325,0.00145,0.13%,93836
12/11/2019,1.10325,1.10383,1.10029,1.10083,-0.00242,-0.22%,128380
13/11/2019,1.10084,1.102,1.09952,1.10061,-0.00022,-0.02%,134874
14/11/2019,1.10061,1.10268,1.0989,1.10202,0.00141,0.13%,125303
15/11/2019,1.10204,1.10565,1.10142,1.10507,0.00305,0.28%,112263
18/11/2019,1.10506,1.10895,1.10478,1.10713,0.00206,0.19%,110252
19/11/2019,1.10713,1.10837,1.10624,1.10775,0.00062,0.06%,104621
20/11/2019,1.10773,1.10808,1.10528,1.10719,-0.00056,-0.05%,125340
21/11/2019,1.10718,1.10967,1.10532,1.10579,-0.0014,-0.13%,119264
22/11/2019,1.1058,1.10863,1.10143,1.10178,-0.00401,-0.36%,128032
25/11/2019,1.10162,1.10316,1.10042,1.10119,-0.00059,-0.05%,108641
26/11/2019,1.1012,1.10252,1.1007,1.10202,0.00083,0.08%,114544
27/11/2019,1.10203,1.10234,1.09921,1.0998,-0.00222,-0.20%,116941
28/11/2019,1.09981,1.10175,1.0998,1.10067,0.00087,0.08%,96669
29/11/2019,1.10068,1.10269,1.09809,1.10151,0.00084,0.08%,116433
2/12/2019,1.10239,1.1089,1.10028,1.10785,0.00634,0.58%,109698
3/12/2019,1.10784,1.10928,1.10657,1.10809,0.00024,0.02%,114933
4/12/2019,1.10809,1.11136,1.10667,1.10762,-0.00047,-0.04%,132945
5/12/2019,1.10763,1.11076,1.10763,1.11033,0.00271,0.24%,110026
6/12/2019,1.11033,1.11093,1.10397,1.10584,-0.00449,-0.40%,103423
9/12/2019,1.10578,1.10776,1.10531,1.1063,0.00046,0.04%,90655
10/12/2019,1.10631,1.10972,1.10623,1.10914,0.00284,0.26%,107881
11/12/2019,1.10913,1.11445,1.10701,1.11288,0.00374,0.34%,134759
12/12/2019,1.11288,1.11537,1.11036,1.11286,-0.00002,0.00%,138875
13/12/2019,1.11287,1.11989,1.11114,1.11178,-0.00108,-0.10%,205753
16/12/2019,1.11295,1.11577,1.11225,1.11433,0.00255,0.23%,114831
17/12/2019,1.11433,1.1174,1.1129,1.115,0.00067,0.06%,141052
18/12/2019,1.11498,1.11538,1.11104,1.11122,-0.00378,-0.34%,121727
19/12/2019,1.11123,1.11438,1.11073,1.11196,0.00074,0.07%,139068
20/12/2019,1.11197,1.11246,1.10661,1.10748,-0.00448,-0.40%,119919
23/12/2019,1.10822,1.10954,1.10697,1.10884,0.00136,0.12%,109071
24/12/2019,1.10882,1.10937,1.10693,1.10877,-0.00007,-0.01%,102337
26/12/2019,1.1207,1.12434,1.10819,1.10952,0.00075,0.07%,59499
27/12/2019,1.10953,1.11878,1.10939,1.11726,0.00774,0.70%,157620
30/12/2019,1.11775,1.12204,1.11713,1.11974,0.00248,0.22%,137850
31/12/2019,1.11973,1.12388,1.11972,1.12093,0.00119,0.11%,130294
2/01/2020,1.12553,1.12553,1.11635,1.11716,-0.00377,-0.34%,132987
3/01/2020,1.11716,1.11795,1.11248,1.11576,-0.0014,-0.13%,149686
6/01/2020,1.1165,1.12051,1.11569,1.11965,0.00389,0.35%,120346
7/01/2020,1.11964,1.11972,1.11333,1.11515,-0.0045,-0.40%,140859
8/01/2020,1.11515,1.11677,1.11011,1.11046,-0.00469,-0.42%,185072
9/01/2020,1.11046,1.11202,1.10928,1.1105,0.00004,0.00%,122841
10/01/2020,1.1105,1.11288,1.10849,1.11182,0.00132,0.12%,119319
13/01/2020,1.11195,1.11458,1.11123,1.11331,0.00149,0.13%,103069
14/01/2020,1.11332,1.11443,1.11043,1.11262,-0.00069,-0.06%,124766
15/01/2020,1.11261,1.11629,1.11186,1.11491,0.00229,0.21%,114515
16/01/2020,1.1149,1.11715,1.11282,1.11353,-0.00138,-0.12%,124282
17/01/2020,1.11353,1.11423,1.1086,1.10896,-0.00457,-0.41%,119353
20/01/2020,1.10942,1.1102,1.10766,1.10936,0.0004,0.04%,86702
21/01/2020,1.10935,1.11176,1.10804,1.10812,-0.00124,-0.11%,120355
22/01/2020,1.10811,1.10977,1.107,1.10918,0.00106,0.10%,123590
23/01/2020,1.10917,1.11052,1.1036,1.1053,-0.00388,-0.35%,135976
24/01/2020,1.1053,1.10607,1.10201,1.10228,-0.00302,-0.27%,114468
27/01/2020,1.10304,1.10372,1.10095,1.10181,-0.00047,-0.04%,109910
28/01/2020,1.10181,1.10249,1.09978,1.10212,0.00031,0.03%,110668
29/01/2020,1.10213,1.10274,1.0992,1.10094,-0.00118,-0.11%,104452
30/01/2020,1.10095,1.10386,1.10068,1.10302,0.00208,0.19%,113108
31/01/2020,1.10301,1.10948,1.10167,1.10936,0.00634,0.57%,110819
3/02/2020,1.1083,1.10936,1.10347,1.10603,-0.00333,-0.30%,117066
4/02/2020,1.10601,1.10638,1.10327,1.10436,-0.00167,-0.15%,122864
5/02/2020,1.10435,1.10473,1.09932,1.09981,-0.00455,-0.41%,116497
6/02/2020,1.09981,1.10134,1.09642,1.09803,-0.00178,-0.16%,109504
7/02/2020,1.09803,1.09848,1.09417,1.09434,-0.00369,-0.34%,128082
10/02/2020,1.09467,1.09571,1.09077,1.09105,-0.00329,-0.30%,109593
11/02/2020,1.09106,1.09244,1.08915,1.09148,0.00043,0.04%,117389
12/02/2020,1.09149,1.09252,1.08651,1.08722,-0.00426,-0.39%,120275
13/02/2020,1.08723,1.08885,1.08342,1.0839,-0.00332,-0.31%,124675
14/02/2020,1.08392,1.08608,1.08272,1.08294,-0.00096,-0.09%,111450
17/02/2020,1.08428,1.08507,1.08291,1.08335,0.00041,0.04%,86310
18/02/2020,1.08336,1.0837,1.07857,1.07905,-0.0043,-0.40%,129515
19/02/2020,1.07905,1.08113,1.0782,1.08044,0.00139,0.13%,125631
20/02/2020,1.08045,1.08206,1.07778,1.0783,-0.00214,-0.20%,138838
21/02/2020,1.07831,1.0863,1.07779,1.08456,0.00626,0.58%,128527
24/02/2020,1.08278,1.08713,1.08052,1.08524,0.00068,0.06%,134100
25/02/2020,1.08525,1.08895,1.083,1.088,0.00276,0.25%,138234
26/02/2020,1.08799,1.09069,1.08549,1.08792,-0.00008,-0.01%,135359
27/02/2020,1.08791,1.10056,1.08693,1.09989,0.01197,1.10%,157632
28/02/2020,1.09989,1.10523,1.09511,1.10248,0.00259,0.24%,165477
2/03/2020,1.10466,1.11838,1.10362,1.11322,0.01074,0.97%,183420
3/03/2020,1.11323,1.12117,1.10959,1.11701,0.00379,0.34%,174312
4/03/2020,1.117,1.11852,1.10956,1.1134,-0.00361,-0.32%,174046
5/03/2020,1.11341,1.12444,1.11196,1.12349,0.01009,0.91%,164772
6/03/2020,1.1235,1.13541,1.12118,1.12836,0.00487,0.43%,209570
9/03/2020,1.13404,1.14925,1.13354,1.14357,0.01521,1.35%,419715
10/03/2020,1.14363,1.14572,1.12752,1.12797,-0.0156,-1.36%,367766
11/03/2020,1.12793,1.13663,1.12575,1.12678,-0.00119,-0.11%,368137
12/03/2020,1.12679,1.13329,1.1055,1.1183,-0.00848,-0.75%,469405
13/03/2020,1.1183,1.1221,1.10549,1.11001,-0.00829,-0.74%,505616
16/03/2020,1.10666,1.12361,1.10643,1.11785,0.00784,0.71%,507418
17/03/2020,1.1178,1.11886,1.09547,1.09961,-0.01824,-1.63%,509007
18/03/2020,1.0996,1.10449,1.08023,1.09127,-0.00834,-0.76%,585714
19/03/2020,1.09125,1.09796,1.06548,1.06894,-0.02233,-2.05%,614254
20/03/2020,1.06895,1.08301,1.06373,1.06923,0.00029,0.03%,638643
23/03/2020,1.06948,1.0827,1.06362,1.07244,0.00321,0.30%,537754
24/03/2020,1.07238,1.08873,1.07217,1.0786,0.00616,0.57%,499308
25/03/2020,1.07862,1.08932,1.076,1.08806,0.00946,0.88%,465894
26/03/2020,1.08805,1.10581,1.08688,1.10308,0.01502,1.38%,427078
27/03/2020,1.10306,1.11461,1.09535,1.11349,0.01041,0.94%,427870
30/03/2020,1.1126,1.11432,1.10097,1.10445,-0.00904,-0.81%,321671
31/03/2020,1.10446,1.10516,1.09264,1.10315,-0.0013,-0.12%,383595
1/04/2020,1.10316,1.10381,1.09028,1.09609,-0.00706,-0.64%,309725
2/04/2020,1.09611,1.09672,1.08205,1.08556,-0.01053,-0.96%,310435
3/04/2020,1.08556,1.0861,1.07727,1.0797,-0.00586,-0.54%,268995
6/04/2020,1.0819,1.08351,1.07682,1.07918,-0.00052,-0.05%,259139
7/04/2020,1.07917,1.09238,1.07835,1.08907,0.00989,0.92%,263293
8/04/2020,1.08906,1.09017,1.08299,1.0855,-0.00357,-0.33%,238855
9/04/2020,1.08549,1.09512,1.08408,1.0929,0.0074,0.68%,248940
10/04/2020,1.09289,1.09513,1.0919,1.09351,0.00061,0.06%,133392
13/04/2020,1.09424,1.09671,1.08924,1.09069,-0.00282,-0.26%,171764
14/04/2020,1.0907,1.09866,1.09032,1.09801,0.00732,0.67%,216284
15/04/2020,1.09799,1.09894,1.08566,1.09094,-0.00707,-0.64%,214673
16/04/2020,1.0909,1.09107,1.08166,1.08384,-0.0071,-0.65%,250145
17/04/2020,1.0838,1.08919,1.08119,1.08711,0.00327,0.30%,241256
20/04/2020,1.08699,1.08963,1.08418,1.08618,-0.00093,-0.09%,181915
21/04/2020,1.08615,1.08799,1.08168,1.08569,-0.00049,-0.05%,228013
22/04/2020,1.0857,1.08847,1.08031,1.08229,-0.0034,-0.31%,183375
23/04/2020,1.08229,1.08459,1.0756,1.07755,-0.00474,-0.44%,233077
24/04/2020,1.07754,1.08275,1.07269,1.08197,0.00442,0.41%,194940
27/04/2020,1.08228,1.08597,1.08108,1.08278,0.00081,0.07%,175403
28/04/2020,1.08277,1.08881,1.08098,1.08189,-0.00089,-0.08%,191176
29/04/2020,1.08188,1.08853,1.08176,1.08673,0.00484,0.45%,187767
30/04/2020,1.08678,1.09715,1.08329,1.0951,0.00837,0.77%,240769
1/05/2020,1.0951,1.10168,1.09343,1.0972,0.0021,0.19%,175067
4/05/2020,1.09726,1.09728,1.08956,1.09039,-0.00681,-0.62%,180847
5/05/2020,1.09038,1.09254,1.08258,1.08356,-0.00683,-0.63%,198333
6/05/2020,1.08359,1.08454,1.07819,1.07939,-0.00417,-0.38%,191825
7/05/2020,1.07936,1.08336,1.07663,1.08321,0.00382,0.35%,203497
8/05/2020,1.0832,1.08749,1.0815,1.0835,0.00029,0.03%,160856
11/05/2020,1.08324,1.08501,1.08002,1.08059,-0.00291,-0.27%,171693
12/05/2020,1.08057,1.08846,1.07844,1.08471,0.00412,0.38%,191887
13/05/2020,1.08472,1.08958,1.08115,1.08173,-0.00298,-0.27%,202114
14/05/2020,1.08173,1.08237,1.07749,1.0804,-0.00133,-0.12%,185213
15/05/2020,1.0804,1.08495,1.07888,1.08165,0.00125,0.12%,178946
18/05/2020,1.08111,1.09266,1.07999,1.09123,0.00958,0.89%,171271
19/05/2020,1.09124,1.09756,1.09022,1.09221,0.00098,0.09%,188289
20/05/2020,1.09219,1.09988,1.09186,1.0978,0.00559,0.51%,176437
21/05/2020,1.09779,1.10079,1.09372,1.09488,-0.00292,-0.27%,172738
22/05/2020,1.09486,1.09536,1.08853,1.08955,-0.00533,-0.49%,162861
25/05/2020,1.0892,1.09143,1.08706,1.08961,0.00006,0.01%,101524
26/05/2020,1.0896,1.09958,1.08914,1.09811,0.0085,0.78%,170366
27/05/2020,1.0981,1.10301,1.09342,1.10078,0.00267,0.24%,252448
28/05/2020,1.10077,1.10932,1.09917,1.10763,0.00685,0.62%,204797
29/05/2020,1.10763,1.11447,1.10698,1.11046,0.00283,0.26%,237219
1/06/2020,1.11161,1.11534,1.11005,1.1135,0.00304,0.27%,192436
2/06/2020,1.1135,1.11956,1.11149,1.1168,0.0033,0.30%,220142
3/06/2020,1.11679,1.12569,1.11665,1.1233,0.0065,0.58%,245147
4/06/2020,1.12329,1.13616,1.11949,1.13363,0.01033,0.92%,256792
5/06/2020,1.13362,1.13836,1.12782,1.12902,-0.00461,-0.41%,249256
8/06/2020,1.12961,1.1319,1.12683,1.1294,0.00038,0.03%,197685
9/06/2020,1.12938,1.13634,1.12411,1.13381,0.00441,0.39%,222584
10/06/2020,1.13382,1.14213,1.13233,1.13743,0.00362,0.32%,250814
11/06/2020,1.13743,1.14031,1.12885,1.12973,-0.0077,-0.68%,309856
12/06/2020,1.12966,1.134,1.12125,1.12542,-0.00431,-0.38%,294333
15/06/2020,1.1239,1.13321,1.12263,1.13225,0.00683,0.61%,291947
16/06/2020,1.13224,1.13528,1.12282,1.1263,-0.00595,-0.53%,266102
17/06/2020,1.1263,1.12936,1.12076,1.12426,-0.00204,-0.18%,254178
18/06/2020,1.12432,1.12614,1.11858,1.12042,-0.00384,-0.34%,236973
19/06/2020,1.12042,1.1254,1.11685,1.11772,-0.0027,-0.24%,218609
22/06/2020,1.11856,1.12694,1.11684,1.12601,0.00829,0.74%,178092
23/06/2020,1.126,1.13482,1.1233,1.13077,0.00476,0.42%,242671
24/06/2020,1.13077,1.13256,1.12481,1.12501,-0.00576,-0.51%,211866
25/06/2020,1.12501,1.12593,1.11904,1.12171,-0.0033,-0.29%,221117
26/06/2020,1.12169,1.1239,1.11953,1.12178,0.00007,0.01%,166756
29/06/2020,1.12228,1.12875,1.12133,1.12417,0.00239,0.21%,166331
30/06/2020,1.12417,1.12615,1.11911,1.12331,-0.00086,-0.08%,187221
1/07/2020,1.12331,1.12746,1.11851,1.12506,0.00175,0.16%,178391
2/07/2020,1.12505,1.13022,1.12235,1.12389,-0.00117,-0.10%,177531
3/07/2020,1.12381,1.12517,1.12195,1.12472,0.00083,0.07%,165406
6/07/2020,1.12448,1.1345,1.12408,1.13075,0.00603,0.54%,165575
7/07/2020,1.13073,1.13321,1.1259,1.12732,-0.00343,-0.30%,182857
8/07/2020,1.12727,1.13509,1.12625,1.13294,0.00562,0.50%,192719
9/07/2020,1.13294,1.13703,1.128,1.12846,-0.00448,-0.40%,217986
10/07/2020,1.12842,1.13246,1.12549,1.12994,0.00148,0.13%,180740
13/07/2020,1.13023,1.13747,1.13008,1.13423,0.00429,0.38%,181900
14/07/2020,1.13424,1.14085,1.13254,1.13992,0.00569,0.50%,215157
15/07/2020,1.13988,1.14519,1.1391,1.14108,0.00116,0.10%,201074
16/07/2020,1.14108,1.14414,1.13704,1.13832,-0.00276,-0.24%,199925
17/07/2020,1.13832,1.14434,1.1376,1.14278,0.00446,0.39%,157496
20/07/2020,1.14133,1.14676,1.14025,1.14467,0.00189,0.17%,195195
21/07/2020,1.14463,1.15396,1.14236,1.15264,0.00797,0.70%,211963
22/07/2020,1.15265,1.16003,1.1507,1.15696,0.00432,0.37%,248158
23/07/2020,1.15695,1.16263,1.15405,1.15957,0.00261,0.23%,228791
24/07/2020,1.15957,1.16572,1.15811,1.16549,0.00592,0.51%,231027
27/07/2020,1.16559,1.17809,1.16387,1.17512,0.00963,0.83%,243390
28/07/2020,1.17512,1.17733,1.16988,1.17149,-0.00363,-0.31%,252356
29/07/2020,1.17145,1.18052,1.17126,1.17912,0.00763,0.65%,230970
30/07/2020,1.17906,1.18479,1.1731,1.18468,0.00556,0.47%,252637
31/07/2020,1.18467,1.19082,1.17628,1.1775,-0.00718,-0.61%,299980
3/08/2020,1.17778,1.17959,1.16965,1.17619,-0.00131,-0.11%,234599
4/08/2020,1.1762,1.18049,1.17211,1.18022,0.00403,0.34%,220587
5/08/2020,1.18021,1.19048,1.17927,1.18627,0.00605,0.51%,223501
6/08/2020,1.18627,1.19155,1.1818,1.18767,0.0014,0.12%,253074
7/08/2020,1.18766,1.18828,1.17554,1.17857,-0.0091,-0.77%,252056
10/08/2020,1.17903,1.18006,1.17352,1.17364,-0.00493,-0.42%,176685
11/08/2020,1.17364,1.18069,1.17223,1.17397,0.00033,0.03%,243663
12/08/2020,1.17396,1.18154,1.17109,1.17842,0.00445,0.38%,242066
13/08/2020,1.17841,1.1864,1.17806,1.18131,0.00289,0.25%,220141
14/08/2020,1.1813,1.18501,1.17821,1.18413,0.00282,0.24%,186456
17/08/2020,1.18397,1.18806,1.18292,1.1869,0.00277,0.23%,171033
18/08/2020,1.18685,1.19654,1.18643,1.19304,0.00614,0.52%,220333
19/08/2020,1.19305,1.19524,1.18305,1.18378,-0.00926,-0.78%,239033
20/08/2020,1.18379,1.18684,1.18023,1.18597,0.00219,0.19%,250308
21/08/2020,1.18596,1.18827,1.17546,1.17963,-0.00634,-0.53%,228937
24/08/2020,1.17942,1.18494,1.17839,1.17871,-0.00092,-0.08%,183332
25/08/2020,1.17875,1.18429,1.17838,1.18341,0.0047,0.40%,208143
26/08/2020,1.1834,1.1839,1.17728,1.18301,-0.0004,-0.03%,199398
27/08/2020,1.183,1.19008,1.17631,1.18212,-0.00089,-0.08%,271942
28/08/2020,1.1821,1.19194,1.1811,1.19046,0.00834,0.71%,260179
31/08/2020,1.18994,1.19659,1.18845,1.19352,0.00306,0.26%,216536
1/09/2020,1.19339,1.20099,1.19014,1.1911,-0.00242,-0.20%,267474
2/09/2020,1.19108,1.19285,1.18222,1.18543,-0.00567,-0.48%,237680
3/09/2020,1.18544,1.18643,1.1789,1.1851,-0.00033,-0.03%,247415
4/09/2020,1.18506,1.18651,1.17808,1.18377,-0.00133,-0.11%,239741
7/09/2020,1.18449,1.18485,1.1811,1.1813,-0.00247,-0.21%,143239
8/09/2020,1.1813,1.18273,1.17658,1.1773,-0.004,-0.34%,248366
9/09/2020,1.17729,1.18326,1.1753,1.18027,0.00297,0.25%,229806
10/09/2020,1.18026,1.19162,1.17977,1.18139,0.00112,0.09%,261474
11/09/2020,1.1814,1.18735,1.18115,1.18461,0.00322,0.27%,203140
14/09/2020,1.18343,1.18876,1.1832,1.18628,0.00167,0.14%,161349
15/09/2020,1.18623,1.19,1.18396,1.18458,-0.0017,-0.14%,176314
16/09/2020,1.18459,1.18819,1.1788,1.18157,-0.00301,-0.25%,226956
17/09/2020,1.18156,1.18521,1.17377,1.18474,0.00317,0.27%,251226
18/09/2020,1.18473,1.18701,1.18268,1.18385,-0.00089,-0.08%,196063
21/09/2020,1.18418,1.18713,1.17318,1.17706,-0.00679,-0.57%,235699
22/09/2020,1.17698,1.17733,1.16921,1.17077,-0.00629,-0.53%,242256
23/09/2020,1.17076,1.17186,1.16513,1.16597,-0.0048,-0.41%,240828
24/09/2020,1.16597,1.16867,1.16265,1.1669,0.00093,0.08%,247053
25/09/2020,1.16688,1.16847,1.16127,1.16296,-0.00394,-0.34%,211829
28/09/2020,1.16213,1.16797,1.16151,1.1665,0.00354,0.30%,187734
29/09/2020,1.1665,1.1745,1.1661,1.17424,0.00774,0.66%,193717
30/09/2020,1.17425,1.17547,1.16848,1.17204,-0.0022,-0.19%,249406
1/10/2020,1.17202,1.17693,1.17171,1.17434,0.0023,0.20%,240251
2/10/2020,1.17431,1.17474,1.1696,1.17162,-0.00272,-0.23%,261771
5/10/2020,1.17138,1.1797,1.17055,1.17827,0.00665,0.57%,170628
6/10/2020,1.17825,1.18074,1.17315,1.1734,-0.00487,-0.41%,209715
7/10/2020,1.17339,1.17815,1.17249,1.17613,0.00273,0.23%,193317
8/10/2020,1.17608,1.17811,1.17332,1.17577,-0.00036,-0.03%,165970
9/10/2020,1.17576,1.18306,1.17533,1.18238,0.00661,0.56%,164072
12/10/2020,1.18097,1.1826,1.17868,1.18113,-0.00125,-0.11%,146067
13/10/2020,1.18112,1.18152,1.1731,1.17443,-0.0067,-0.57%,174578
14/10/2020,1.17441,1.17704,1.172,1.17454,0.00011,0.01%,174211
15/10/2020,1.17453,1.17574,1.16887,1.17057,-0.00397,-0.34%,191008
16/10/2020,1.17053,1.17458,1.16937,1.17134,0.00077,0.07%,172981
19/10/2020,1.17206,1.17934,1.1703,1.17665,0.00531,0.45%,159702
20/10/2020,1.17662,1.18404,1.17603,1.18205,0.0054,0.46%,164772
21/10/2020,1.18206,1.18803,1.18205,1.18544,0.00339,0.29%,190086
22/10/2020,1.18541,1.18667,1.18113,1.18176,-0.00368,-0.31%,174537
23/10/2020,1.18175,1.18645,1.17863,1.18584,0.00408,0.35%,173629
26/10/2020,1.18525,1.18579,1.1803,1.18082,-0.00502,-0.42%,159613
27/10/2020,1.18081,1.18386,1.17922,1.17943,-0.00139,-0.12%,150082
28/10/2020,1.17943,1.17961,1.17178,1.17457,-0.00486,-0.41%,202793
29/10/2020,1.17456,1.17585,1.165,1.16726,-0.00731,-0.62%,202368
30/10/2020,1.16727,1.17039,1.16399,1.16407,-0.00319,-0.27%,208615
2/11/2020,1.16491,1.16554,1.16224,1.16401,-0.00006,-0.01%,173220
3/11/2020,1.164,1.17396,1.16312,1.17141,0.0074,0.64%,163268
4/11/2020,1.1714,1.17697,1.16034,1.17204,0.00063,0.05%,359815
5/11/2020,1.17201,1.18592,1.17108,1.18283,0.01079,0.92%,251829
6/11/2020,1.18281,1.18909,1.17954,1.18719,0.00436,0.37%,242659
9/11/2020,1.18874,1.19195,1.17955,1.18131,-0.00588,-0.50%,284417
10/11/2020,1.18131,1.18429,1.17798,1.18134,0.00003,0.00%,259542
11/11/2020,1.18135,1.18325,1.17456,1.17775,-0.00359,-0.30%,162891
12/11/2020,1.17776,1.18226,1.17585,1.18044,0.00269,0.23%,169503
13/11/2020,1.18044,1.18367,1.17988,1.18333,0.00289,0.24%,136482
16/11/2020,1.18382,1.18682,1.18143,1.18516,0.00183,0.15%,153509
17/11/2020,1.18513,1.18934,1.18435,1.18608,0.00092,0.08%,134322
18/11/2020,1.18608,1.18907,1.18493,1.18532,-0.00076,-0.06%,146115
19/11/2020,1.18531,1.1882,1.18164,1.1873,0.00198,0.17%,157753
20/11/2020,1.18721,1.18904,1.18498,1.18553,-0.00177,-0.15%,142668
23/11/2020,1.18524,1.19057,1.18006,1.18401,-0.00152,-0.13%,149755
24/11/2020,1.184,1.18951,1.18359,1.18914,0.00513,0.43%,157129
25/11/2020,1.18912,1.19295,1.18818,1.19128,0.00214,0.18%,172546
26/11/2020,1.19128,1.19405,1.18852,1.19122,-0.00006,-0.01%,110835
27/11/2020,1.19123,1.1963,1.19066,1.19625,0.00503,0.42%,124413
30/11/2020,1.19596,1.2003,1.19235,1.19243,-0.00382,-0.32%,168834
1/12/2020,1.19244,1.20762,1.1924,1.20705,0.01462,1.23%,174356
2/12/2020,1.20704,1.21182,1.20397,1.21152,0.00447,0.37%,185519
3/12/2020,1.21151,1.21744,1.21008,1.21455,0.00303,0.25%,178871
4/12/2020,1.21455,1.21773,1.211,1.21207,-0.00248,-0.20%,179843
7/12/2020,1.21189,1.21658,1.20785,1.21076,-0.00131,-0.11%,177051
8/12/2020,1.21076,1.21337,1.20955,1.21026,-0.0005,-0.04%,171483
9/12/2020,1.21024,1.21471,1.20592,1.20792,-0.00234,-0.19%,171403
10/12/2020,1.20793,1.21588,1.20741,1.21334,0.00542,0.45%,202755
11/12/2020,1.21332,1.21627,1.21054,1.21082,-0.00252,-0.21%,175213
14/12/2020,1.21361,1.21761,1.21155,1.21426,0.00344,0.28%,153732
15/12/2020,1.21427,1.21684,1.2122,1.21512,0.00086,0.07%,154366
16/12/2020,1.21509,1.22118,1.21253,1.21979,0.00467,0.38%,175350
17/12/2020,1.21978,1.22725,1.21907,1.22679,0.007,0.57%,154279
18/12/2020,1.22679,1.22713,1.22257,1.22532,-0.00147,-0.12%,142868
21/12/2020,1.22184,1.22525,1.21297,1.22431,-0.00101,-0.08%,240121
22/12/2020,1.22428,1.22563,1.21525,1.21621,-0.0081,-0.66%,183122
23/12/2020,1.2162,1.22205,1.2154,1.21838,0.00217,0.18%,183306
24/12/2020,1.21836,1.22158,1.21775,1.21819,-0.00019,-0.02%,123804
28/12/2020,1.21891,1.225,1.21804,1.22135,0.00316,0.26%,151644
29/12/2020,1.22129,1.22747,1.22063,1.2249,0.00355,0.29%,159361
30/12/2020,1.22488,1.23095,1.2244,1.22939,0.00449,0.37%,164699
31/12/2020,1.22938,1.2309,1.22091,1.22148,-0.00791,-0.64%,149056
4/01/2021,1.22413,1.23087,1.22277,1.22453,0.00305,0.25%,206055
5/01/2021,1.22451,1.23054,1.2244,1.22968,0.00515,0.42%,185042
6/01/2021,1.22962,1.2349,1.22658,1.23272,0.00304,0.25%,264581
7/01/2021,1.23272,1.2344,1.22447,1.22691,-0.00581,-0.47%,206457
8/01/2021,1.22692,1.2284,1.21931,1.2207,-0.00621,-0.51%,233614
11/01/2021,1.22259,1.22259,1.21323,1.21496,-0.00574,-0.47%,190949
12/01/2021,1.21495,1.22091,1.2137,1.22068,0.00572,0.47%,179892
13/01/2021,1.22066,1.22226,1.214,1.21576,-0.00492,-0.40%,167916
14/01/2021,1.21575,1.2178,1.21112,1.21484,-0.00092,-0.08%,183029
15/01/2021,1.21489,1.21621,1.20709,1.20721,-0.00763,-0.63%,161985
18/01/2021,1.20847,1.20864,1.20538,1.2077,0.00049,0.04%,133982
19/01/2021,1.20767,1.21446,1.20739,1.21282,0.00512,0.42%,140595
20/01/2021,1.21281,1.2158,1.20769,1.21055,-0.00227,-0.19%,152168
21/01/2021,1.21052,1.21722,1.21025,1.21606,0.00551,0.46%,156817
22/01/2021,1.21599,1.21894,1.21515,1.21678,0.00072,0.06%,142406
25/01/2021,1.21714,1.21829,1.21162,1.21391,-0.00287,-0.24%,152221
26/01/2021,1.21387,1.21756,1.21078,1.21593,0.00202,0.17%,145321
27/01/2021,1.21593,1.21696,1.20589,1.21112,-0.00481,-0.40%,197503
28/01/2021,1.2111,1.21416,1.20806,1.21207,0.00095,0.08%,212313
29/01/2021,1.21206,1.21555,1.20942,1.2137,0.00163,0.13%,217221
1/02/2021,1.21316,1.21362,1.20559,1.20595,-0.00775,-0.64%,177347
2/02/2021,1.20595,1.20877,1.20116,1.20428,-0.00167,-0.14%,167300
3/02/2021,1.20427,1.20498,1.20042,1.20348,-0.0008,-0.07%,141573
4/02/2021,1.20349,1.20426,1.19577,1.19616,-0.00732,-0.61%,147646
5/02/2021,1.19614,1.20496,1.19524,1.20471,0.00855,0.71%,147019
8/02/2021,1.20403,1.20655,1.20197,1.20493,0.00022,0.02%,127133
9/02/2021,1.20492,1.2121,1.20427,1.21182,0.00689,0.57%,143127
10/02/2021,1.21181,1.21437,1.21088,1.21181,-0.00001,0.00%,139943
11/02/2021,1.21179,1.21489,1.21135,1.21299,0.00118,0.10%,108058
12/02/2021,1.21296,1.21344,1.20815,1.21196,-0.00103,-0.08%,116802
15/02/2021,1.21192,1.21449,1.21166,1.21263,0.00067,0.06%,95050
16/02/2021,1.21264,1.21693,1.2095,1.21041,-0.00222,-0.18%,147822
17/02/2021,1.2104,1.21062,1.20235,1.20378,-0.00663,-0.55%,157917
18/02/2021,1.20376,1.20943,1.20357,1.20919,0.00541,0.45%,144420
19/02/2021,1.20915,1.21441,1.20822,1.21177,0.00258,0.21%,136804
22/02/2021,1.21164,1.21693,1.2091,1.21575,0.00398,0.33%,156187
23/02/2021,1.21574,1.21796,1.2135,1.21494,-0.00081,-0.07%,143207
24/02/2021,1.21494,1.21742,1.21094,1.21666,0.00172,0.14%,195489
25/02/2021,1.21665,1.22425,1.2156,1.21708,0.00042,0.03%,242756
26/02/2021,1.21709,1.21834,1.2062,1.20712,-0.00996,-0.82%,288955
1/03/2021,1.20698,1.21007,1.20277,1.20483,-0.00229,-0.19%,178159
2/03/2021,1.20482,1.20942,1.19921,1.20891,0.00408,0.34%,181490
3/03/2021,1.20889,1.21124,1.20428,1.20624,-0.00267,-0.22%,185994
4/03/2021,1.20622,1.20664,1.19618,1.19712,-0.00912,-0.76%,237638
5/03/2021,1.19705,1.1977,1.18935,1.1908,-0.00632,-0.53%,253698
8/03/2021,1.19163,1.19318,1.18439,1.18459,-0.00621,-0.52%,108004
9/03/2021,1.18458,1.19151,1.18357,1.1901,0.00551,0.47%,96642
10/03/2021,1.19009,1.19295,1.18688,1.19285,0.00275,0.23%,122180
11/03/2021,1.19284,1.19897,1.19159,1.19846,0.00561,0.47%,176050
12/03/2021,1.19844,1.19883,1.19097,1.19493,-0.00353,-0.29%,172172
15/03/2021,1.19523,1.19671,1.19112,1.19273,-0.0022,-0.18%,144521
16/03/2021,1.1927,1.19515,1.18824,1.19016,-0.00257,-0.22%,147581
17/03/2021,1.19016,1.19849,1.1886,1.19785,0.00769,0.65%,157427
18/03/2021,1.19781,1.19885,1.19061,1.1914,-0.00645,-0.54%,197340
19/03/2021,1.19139,1.19369,1.1874,1.19038,-0.00102,-0.09%,159654
22/03/2021,1.1879,1.19463,1.18704,1.19321,0.00283,0.24%,136767
23/03/2021,1.19322,1.19406,1.18421,1.18462,-0.00859,-0.72%,150122
24/03/2021,1.18446,1.18529,1.18088,1.18122,-0.0034,-0.29%,152251
25/03/2021,1.18122,1.18275,1.17614,1.17636,-0.00486,-0.41%,161476
26/03/2021,1.17636,1.18046,1.17634,1.179,0.00264,0.22%,126105
29/03/2021,1.17899,1.17935,1.17608,1.17642,-0.00258,-0.22%,141635
30/03/2021,1.17641,1.17736,1.17118,1.17155,-0.00487,-0.41%,139908
31/03/2021,1.17154,1.17595,1.17035,1.173,0.00145,0.12%,148904
1/04/2021,1.173,1.17795,1.17131,1.17764,0.00464,0.40%,145949
2/04/2021,1.17762,1.17861,1.17491,1.17597,-0.00167,-0.14%,73548
5/04/2021,1.17587,1.18194,1.17379,1.18114,0.00517,0.44%,102075
6/04/2021,1.18113,1.18775,1.17954,1.18728,0.00614,0.52%,158568
7/04/2021,1.18726,1.19144,1.18607,1.18697,-0.00031,-0.03%,171234
8/04/2021,1.18698,1.19269,1.18607,1.19141,0.00444,0.37%,149749
9/04/2021,1.19141,1.19199,1.18673,1.18981,-0.0016,-0.13%,153345
12/04/2021,1.18916,1.19188,1.1871,1.191,0.00119,0.10%,146250
13/04/2021,1.19101,1.19555,1.18786,1.19481,0.00381,0.32%,172235
14/04/2021,1.19479,1.19871,1.19461,1.1978,0.00299,0.25%,160975
15/04/2021,1.19779,1.1993,1.1956,1.19623,-0.00157,-0.13%,158613
16/04/2021,1.19626,1.19942,1.19503,1.19803,0.0018,0.15%,145090
19/04/2021,1.19757,1.20475,1.19424,1.20354,0.00551,0.46%,166480
20/04/2021,1.20353,1.20796,1.20222,1.2035,-0.00004,0.00%,172553
21/04/2021,1.20348,1.20431,1.19985,1.20344,-0.00006,0.00%,148532
22/04/2021,1.20343,1.20693,1.19934,1.20149,-0.00195,-0.16%,179272
23/04/2021,1.20148,1.20997,1.20125,1.20952,0.00803,0.67%,152271
26/04/2021,1.20929,1.21166,1.2061,1.20836,-0.00116,-0.10%,145136
27/04/2021,1.20835,1.20923,1.20567,1.20907,0.00071,0.06%,143241
28/04/2021,1.20905,1.21346,1.20563,1.21235,0.00328,0.27%,180225
29/04/2021,1.21233,1.21495,1.21023,1.21167,-0.00068,-0.06%,165219
30/04/2021,1.2117,1.21263,1.20162,1.20184,-0.00983,-0.81%,169590
3/05/2021,1.20326,1.20756,1.2013,1.20622,0.00438,0.36%,138054
4/05/2021,1.20622,1.20661,1.1999,1.20116,-0.00506,-0.42%,173303
5/05/2021,1.20118,1.20263,1.19861,1.20046,-0.0007,-0.06%,151709
6/05/2021,1.20046,1.2071,1.19933,1.20645,0.00599,0.50%,167579
7/05/2021,1.20645,1.2171,1.20529,1.21624,0.00979,0.81%,197870
10/05/2021,1.21625,1.21778,1.21271,1.21281,-0.00343,-0.28%,182502
11/05/2021,1.2128,1.2181,1.21229,1.21477,0.00196,0.16%,198333
12/05/2021,1.21478,1.21519,1.20655,1.20688,-0.00789,-0.65%,230388
13/05/2021,1.20686,1.21058,1.20515,1.20778,0.0009,0.07%,226733
14/05/2021,1.20777,1.21473,1.2071,1.21385,0.00607,0.50%,183798
17/05/2021,1.21447,1.21686,1.2126,1.21467,0.00082,0.07%,172638
18/05/2021,1.21467,1.22336,1.21467,1.22217,0.0075,0.62%,174775
19/05/2021,1.22217,1.22448,1.21597,1.21727,-0.0049,-0.40%,226606
20/05/2021,1.21728,1.22288,1.21688,1.22271,0.00544,0.45%,183186
21/05/2021,1.22269,1.22394,1.21609,1.21799,-0.00472,-0.39%,189042
24/05/2021,1.21766,1.22297,1.21706,1.22131,0.00332,0.27%,164035
25/05/2021,1.22132,1.22659,1.22113,1.22493,0.00362,0.30%,184058
26/05/2021,1.2249,1.22627,1.2182,1.2192,-0.00573,-0.47%,173324
27/05/2021,1.2192,1.22146,1.21749,1.21927,0.00007,0.01%,183129
28/05/2021,1.21925,1.22047,1.21328,1.21906,-0.00021,-0.02%,176122
31/05/2021,1.21957,1.22312,1.21834,1.22254,0.00348,0.29%,113435
1/06/2021,1.22255,1.22538,1.22112,1.22118,-0.00136,-0.11%,155600
2/06/2021,1.22117,1.22265,1.21641,1.22095,-0.00023,-0.02%,159189
3/06/2021,1.22093,1.2214,1.21181,1.21257,-0.00838,-0.69%,164576
4/06/2021,1.21256,1.21851,1.21035,1.21652,0.00395,0.33%,168144
7/06/2021,1.21623,1.22013,1.21447,1.21892,0.0024,0.20%,133109
8/06/2021,1.21892,1.2194,1.21643,1.2172,-0.00172,-0.14%,151608
9/06/2021,1.2172,1.22177,1.21706,1.2179,0.0007,0.06%,125052
10/06/2021,1.2179,1.2194,1.21431,1.21693,-0.00097,-0.08%,173922
11/06/2021,1.21686,1.21929,1.20927,1.21081,-0.00612,-0.50%,145934
14/06/2021,1.21062,1.21301,1.20943,1.21189,0.00108,0.09%,126673
15/06/2021,1.21188,1.21469,1.2101,1.21257,0.00068,0.06%,142434
16/06/2021,1.21256,1.21346,1.19938,1.19942,-0.01315,-1.08%,185714
17/06/2021,1.1994,1.20062,1.18918,1.1906,-0.00882,-0.74%,238894
18/06/2021,1.19059,1.19249,1.18474,1.18621,-0.00439,-0.37%,241216
21/06/2021,1.18573,1.19208,1.18475,1.1917,0.00549,0.46%,219907
22/06/2021,1.19169,1.19524,1.18807,1.19399,0.00229,0.19%,183737
23/06/2021,1.19397,1.19699,1.19117,1.19257,-0.00142,-0.12%,179052
24/06/2021,1.19256,1.19559,1.19177,1.19307,0.0005,0.04%,170705
25/06/2021,1.19307,1.19749,1.19261,1.19317,0.0001,0.01%,157943
28/06/2021,1.19344,1.19441,1.19025,1.19223,-0.00094,-0.08%,163870
29/06/2021,1.19226,1.19292,1.18775,1.18957,-0.00266,-0.22%,162461
30/06/2021,1.18957,1.19088,1.18448,1.18551,-0.00406,-0.34%,182201
1/07/2021,1.1855,1.18841,1.18374,1.18482,-0.00069,-0.06%,180582
2/07/2021,1.18481,1.1874,1.18074,1.1863,0.00148,0.12%,184757
5/07/2021,1.18659,1.18801,1.18511,1.18632,0.00002,0.00%,125796
6/07/2021,1.18629,1.18949,1.18076,1.18226,-0.00406,-0.34%,200874
7/07/2021,1.18226,1.18356,1.17816,1.17902,-0.00324,-0.27%,192663
8/07/2021,1.17903,1.18675,1.17835,1.18452,0.0055,0.47%,228085
9/07/2021,1.18452,1.18805,1.18248,1.18739,0.00287,0.24%,180873
12/07/2021,1.18755,1.18798,1.1836,1.18596,-0.00143,-0.12%,154359
13/07/2021,1.18595,1.18751,1.17721,1.17755,-0.00841,-0.71%,180492
14/07/2021,1.17754,1.18383,1.17716,1.18356,0.00601,0.51%,180435
15/07/2021,1.18356,1.18502,1.17963,1.18104,-0.00252,-0.21%,186755
16/07/2021,1.18103,1.18219,1.17921,1.18049,-0.00055,-0.05%,177778
19/07/2021,1.18069,1.18241,1.17638,1.17961,-0.00088,-0.07%,211307
20/07/2021,1.17955,1.18023,1.17556,1.1779,-0.00171,-0.14%,206720
21/07/2021,1.1779,1.18047,1.17518,1.1792,0.0013,0.11%,170726
22/07/2021,1.17917,1.18298,1.17574,1.17706,-0.00214,-0.18%,187164
23/07/2021,1.17706,1.1786,1.17546,1.17706,0,0.00%,152102
26/07/2021,1.17732,1.18169,1.17631,1.18022,0.00316,0.27%,164015
27/07/2021,1.18021,1.18408,1.177,1.18155,0.00133,0.11%,177801
28/07/2021,1.18155,1.18495,1.17733,1.18419,0.00264,0.22%,190769
29/07/2021,1.18418,1.18927,1.18393,1.18864,0.00445,0.38%,156041
30/07/2021,1.18863,1.19082,1.18517,1.18668,-0.00196,-0.16%,166843
2/08/2021,1.18683,1.18965,1.18587,1.187,0.00032,0.03%,147379
3/08/2021,1.187,1.18931,1.18537,1.18631,-0.00069,-0.06%,155440
4/08/2021,1.18628,1.18995,1.18329,1.18365,-0.00266,-0.22%,146621
5/08/2021,1.18364,1.18571,1.18285,1.18316,-0.00049,-0.04%,143334
6/08/2021,1.18315,1.18354,1.17542,1.17604,-0.00712,-0.60%,144769
9/08/2021,1.17622,1.17688,1.17348,1.1735,-0.00254,-0.22%,141619
10/08/2021,1.17351,1.17426,1.17099,1.17182,-0.00168,-0.14%,130869
11/08/2021,1.17181,1.1753,1.17053,1.17382,0.002,0.17%,134441
12/08/2021,1.17381,1.17481,1.17236,1.17285,-0.00097,-0.08%,115001
13/08/2021,1.17283,1.18042,1.17277,1.17883,0.00598,0.51%,111425
16/08/2021,1.1796,1.18004,1.17676,1.17756,-0.00127,-0.11%,116002
17/08/2021,1.17755,1.17841,1.17073,1.1708,-0.00676,-0.57%,149679
18/08/2021,1.17081,1.17419,1.16938,1.17069,-0.00011,-0.01%,149966
19/08/2021,1.1707,1.17152,1.16658,1.16758,-0.00311,-0.27%,176610
20/08/2021,1.16756,1.17043,1.1664,1.16938,0.0018,0.15%,137329
23/08/2021,1.16921,1.175,1.16895,1.17455,0.00517,0.44%,136510
24/08/2021,1.17452,1.17648,1.17273,1.17543,0.00088,0.07%,121812
25/08/2021,1.17542,1.1774,1.17258,1.17707,0.00164,0.14%,136523
26/08/2021,1.17707,1.17788,1.17461,1.17514,-0.00193,-0.16%,144102
27/08/2021,1.17514,1.18018,1.1735,1.17936,0.00422,0.36%,158007
30/08/2021,1.17917,1.18095,1.17828,1.17965,0.00029,0.02%,108873
31/08/2021,1.17965,1.18449,1.17938,1.1808,0.00115,0.10%,159859
1/09/2021,1.18079,1.18567,1.17936,1.18395,0.00315,0.27%,144442
2/09/2021,1.18393,1.18758,1.18343,1.18745,0.0035,0.30%,121536
3/09/2021,1.18745,1.19086,1.18659,1.18788,0.00043,0.04%,148802
6/09/2021,1.18806,1.18859,1.18557,1.18694,-0.00094,-0.08%,97067
7/09/2021,1.18693,1.18849,1.18373,1.18403,-0.00291,-0.25%,154671
8/09/2021,1.18399,1.1851,1.18019,1.18139,-0.00264,-0.22%,161014
9/09/2021,1.18138,1.18411,1.18052,1.18232,0.00093,0.08%,166389
10/09/2021,1.18231,1.18509,1.18086,1.18086,-0.00146,-0.12%,147330
13/09/2021,1.1814,1.18169,1.17701,1.18098,0.00012,0.01%,142850
14/09/2021,1.18097,1.18455,1.17997,1.1803,-0.00068,-0.06%,160218
15/09/2021,1.18028,1.18315,1.1799,1.18148,0.00118,0.10%,159821
16/09/2021,1.18148,1.18204,1.17505,1.17649,-0.00499,-0.42%,158652
17/09/2021,1.17646,1.17886,1.17239,1.1724,-0.00409,-0.35%,160413
20/09/2021,1.17318,1.17361,1.16999,1.17262,0.00022,0.02%,159042
21/09/2021,1.17258,1.17484,1.17148,1.1724,-0.00022,-0.02%,159795
22/09/2021,1.17236,1.1755,1.16844,1.1687,-0.0037,-0.32%,192414
23/09/2021,1.16869,1.17499,1.16832,1.17378,0.00508,0.43%,176992
24/09/2021,1.17378,1.17473,1.17008,1.17205,-0.00173,-0.15%,143672
27/09/2021,1.17269,1.17269,1.16848,1.16946,-0.00259,-0.22%,161862
28/09/2021,1.16945,1.17031,1.16685,1.1683,-0.00116,-0.10%,196806
29/09/2021,1.1683,1.16901,1.15892,1.15969,-0.00861,-0.74%,208189
30/09/2021,1.15969,1.16097,1.15625,1.15763,-0.00206,-0.18%,208189
1/10/2021,1.15768,1.16072,1.15628,1.15924,0.00161,0.14%,196236
4/10/2021,1.15931,1.16396,1.15872,1.16186,0.00262,0.23%,154867
5/10/2021,1.16186,1.16218,1.15807,1.15965,-0.00221,-0.19%,152416
6/10/2021,1.15964,1.16013,1.15294,1.15568,-0.00397,-0.34%,178386
7/10/2021,1.15567,1.15717,1.15477,1.15515,-0.00053,-0.05%,140017
8/10/2021,1.15515,1.15852,1.15412,1.15696,0.00181,0.16%,150956
11/10/2021,1.15738,1.15864,1.15488,1.15525,-0.00171,-0.15%,124192
12/10/2021,1.15522,1.15701,1.15243,1.15297,-0.00228,-0.20%,143535
13/10/2021,1.15297,1.15971,1.15266,1.15952,0.00655,0.57%,168056
14/10/2021,1.15945,1.1624,1.15838,1.15964,0.00012,0.01%,136132
15/10/2021,1.15962,1.16185,1.15877,1.15978,0.00014,0.01%,148692
18/10/2021,1.15928,1.16217,1.15714,1.16105,0.00127,0.11%,110848
19/10/2021,1.16102,1.16688,1.16081,1.16311,0.00206,0.18%,108701
20/10/2021,1.16309,1.16579,1.16166,1.16494,0.00183,0.16%,108754
21/10/2021,1.16484,1.16672,1.16194,1.16233,-0.00261,-0.22%,153640
22/10/2021,1.1623,1.16548,1.16206,1.16444,0.00211,0.18%,159625
25/10/2021,1.16403,1.16648,1.15906,1.16086,-0.00358,-0.31%,147481
26/10/2021,1.16085,1.16255,1.15846,1.15953,-0.00133,-0.11%,129007
27/10/2021,1.15952,1.16252,1.15849,1.16026,0.00073,0.06%,147997
28/10/2021,1.16025,1.1692,1.15824,1.16806,0.0078,0.67%,164963
29/10/2021,1.16804,1.16899,1.15352,1.1557,-0.01236,-1.06%,196025
1/11/2021,1.15624,1.16087,1.15457,1.1605,0.0048,0.42%,154390
2/11/2021,1.16049,1.16132,1.15753,1.15782,-0.00268,-0.23%,171083
3/11/2021,1.15782,1.16156,1.15622,1.16104,0.00322,0.28%,181975
4/11/2021,1.16103,1.16162,1.15285,1.15531,-0.00573,-0.49%,176198
5/11/2021,1.1553,1.15731,1.15131,1.15665,0.00134,0.12%,187484
8/11/2021,1.15544,1.15947,1.15505,1.1585,0.00185,0.16%,140529
9/11/2021,1.15849,1.1608,1.15698,1.15924,0.00074,0.06%,174804
10/11/2021,1.15923,1.15951,1.14755,1.14778,-0.01146,-0.99%,208814
11/11/2021,1.14778,1.14876,1.14426,1.14479,-0.00299,-0.26%,140852
12/11/2021,1.14477,1.14617,1.14331,1.14391,-0.00088,-0.08%,155385
15/11/2021,1.14482,1.14638,1.13561,1.13669,-0.00722,-0.63%,157633
16/11/2021,1.13669,1.13856,1.13093,1.13194,-0.00475,-0.42%,184439
17/11/2021,1.13194,1.13318,1.12639,1.13186,-0.00008,-0.01%,192854
18/11/2021,1.13184,1.1374,1.13137,1.13719,0.00533,0.47%,174861
19/11/2021,1.13715,1.13724,1.12498,1.12808,-0.00911,-0.80%,218283
22/11/2021,1.12884,1.129,1.12308,1.12343,-0.00465,-0.41%,203434
23/11/2021,1.12343,1.12745,1.12259,1.12474,0.00131,0.12%,205971
24/11/2021,1.12471,1.12547,1.11863,1.11947,-0.00527,-0.47%,212589
25/11/2021,1.11943,1.12293,1.11943,1.12064,0.00117,0.10%,126208
26/11/2021,1.12066,1.13282,1.12031,1.13176,0.01112,0.99%,236055
29/11/2021,1.13043,1.13099,1.12584,1.12909,-0.00267,-0.24%,198300
30/11/2021,1.12908,1.13822,1.12356,1.13351,0.00442,0.39%,260230
1/12/2021,1.13352,1.13588,1.13025,1.13193,-0.00158,-0.14%,224406
2/12/2021,1.13192,1.13474,1.12953,1.13005,-0.00188,-0.17%,195256
3/12/2021,1.13005,1.13327,1.12667,1.13071,0.00066,0.06%,217748
6/12/2021,1.13148,1.13148,1.12662,1.12843,-0.00228,-0.20%,155006
7/12/2021,1.12842,1.12982,1.12279,1.12648,-0.00195,-0.17%,163879
8/12/2021,1.12645,1.13545,1.12626,1.13414,0.00766,0.68%,178962
9/12/2021,1.13415,1.13452,1.12786,1.12926,-0.00488,-0.43%,151181
10/12/2021,1.12926,1.13237,1.1265,1.13157,0.00231,0.20%,158334
13/12/2021,1.13131,1.13187,1.12601,1.1284,-0.00317,-0.28%,135368
14/12/2021,1.12841,1.13234,1.12536,1.12582,-0.00258,-0.23%,152241
15/12/2021,1.12581,1.12988,1.12219,1.12798,0.00216,0.19%,194465
16/12/2021,1.12794,1.13603,1.12773,1.13296,0.00498,0.44%,200557
17/12/2021,1.13296,1.13486,1.12343,1.12343,-0.00953,-0.84%,177248
20/12/2021,1.12413,1.13033,1.12342,1.1274,0.00397,0.35%,177265
21/12/2021,1.12737,1.13024,1.1261,1.128,0.0006,0.05%,156151
22/12/2021,1.12794,1.13419,1.1264,1.1325,0.0045,0.40%,151912
23/12/2021,1.13246,1.13419,1.12903,1.13225,-0.00025,-0.02%,137208
24/12/2021,1.13215,1.13435,1.13037,1.1319,-0.00035,-0.03%,163881
27/12/2021,1.13177,1.13338,1.13029,1.13251,0.00061,0.05%,105179
28/12/2021,1.13249,1.13331,1.12894,1.13083,-0.00168,-0.15%,114829
29/12/2021,1.13072,1.13684,1.12736,1.13464,0.00381,0.34%,138501
30/12/2021,1.13458,1.13598,1.12988,1.13214,-0.0025,-0.22%,134588
31/12/2021,1.13203,1.13861,1.13031,1.13682,0.00468,0.41%,119294
3/01/2022,1.13674,1.13775,1.12797,1.12961,-0.00721,-0.63%,144785
4/01/2022,1.12958,1.13223,1.12723,1.12855,-0.00106,-0.09%,173975
5/01/2022,1.12855,1.13459,1.12768,1.13115,0.0026,0.23%,168442
6/01/2022,1.13114,1.13317,1.12846,1.12927,-0.00188,-0.17%,188130
7/01/2022,1.12922,1.13646,1.12885,1.13602,0.00675,0.60%,162742
10/01/2022,1.13541,1.13595,1.12851,1.13262,-0.0034,-0.30%,174609
11/01/2022,1.13258,1.13749,1.1313,1.1367,0.00408,0.36%,171229
12/01/2022,1.13669,1.14525,1.13548,1.14403,0.00733,0.64%,179435
13/01/2022,1.14402,1.14809,1.14357,1.14539,0.00136,0.12%,182208
14/01/2022,1.14539,1.14825,1.13984,1.14155,-0.00384,-0.34%,197930
17/01/2022,1.14158,1.1434,1.13919,1.14033,-0.00122,-0.11%,125850
18/01/2022,1.14024,1.14211,1.13145,1.13216,-0.00817,-0.72%,215409
19/01/2022,1.13209,1.13566,1.13185,1.13419,0.00203,0.18%,186460
20/01/2022,1.13418,1.13687,1.13029,1.13082,-0.00337,-0.30%,184289
21/01/2022,1.1308,1.13593,1.13008,1.13421,0.00339,0.30%,197568
24/01/2022,1.13431,1.1344,1.12906,1.13186,-0.00235,-0.21%,204115
25/01/2022,1.13185,1.13285,1.12632,1.12995,-0.00191,-0.17%,187085
26/01/2022,1.12995,1.13105,1.12354,1.12382,-0.00613,-0.54%,209466
27/01/2022,1.12379,1.1243,1.1132,1.11392,-0.0099,-0.88%,235208
28/01/2022,1.11388,1.11732,1.11214,1.11407,0.00015,0.01%,208678
31/01/2022,1.11407,1.12472,1.11377,1.12318,0.00911,0.82%,204038
1/02/2022,1.12317,1.12786,1.12209,1.12713,0.00395,0.35%,205232
2/02/2022,1.12711,1.13301,1.12662,1.1302,0.00307,0.27%,177367
3/02/2022,1.13017,1.14512,1.12679,1.14355,0.01335,1.18%,233368
4/02/2022,1.14347,1.14836,1.14116,1.14487,0.00132,0.12%,249053
7/02/2022,1.14629,1.14643,1.14152,1.14411,-0.00076,-0.07%,210646
8/02/2022,1.1441,1.14485,1.13964,1.14162,-0.00249,-0.22%,197167
9/02/2022,1.14162,1.14476,1.14026,1.14223,0.00061,0.05%,175686
10/02/2022,1.14225,1.14945,1.13749,1.14271,0.00048,0.04%,261408
11/02/2022,1.1427,1.14291,1.13297,1.1339,-0.00881,-0.77%,299678
14/02/2022,1.13395,1.13683,1.12801,1.13052,-0.00338,-0.30%,274055
15/02/2022,1.13053,1.13679,1.13002,1.13572,0.0052,0.46%,224922
16/02/2022,1.13572,1.13955,1.13446,1.13724,0.00152,0.13%,205447
17/02/2022,1.13723,1.13858,1.13233,1.1361,-0.00114,-0.10%,270116
18/02/2022,1.13602,1.13768,1.13147,1.13203,-0.00407,-0.36%,213622
21/02/2022,1.13156,1.139,1.13065,1.13074,-0.00129,-0.11%,161666
22/02/2022,1.13068,1.13662,1.12878,1.13241,0.00167,0.15%,282062
23/02/2022,1.1323,1.13585,1.13007,1.13007,-0.00234,-0.21%,193955
24/02/2022,1.13005,1.13085,1.11067,1.11914,-0.01093,-0.97%,464363
25/02/2022,1.11913,1.12739,1.1166,1.12714,0.008,0.71%,321964
28/02/2022,1.11364,1.12458,1.11204,1.12179,-0.00535,-0.47%,372530
1/03/2022,1.12173,1.12325,1.10898,1.11184,-0.00995,-0.89%,321245
2/03/2022,1.11178,1.11427,1.10576,1.11175,-0.00009,-0.01%,348027
3/03/2022,1.11173,1.11214,1.10339,1.10659,-0.00516,-0.46%,285040
4/03/2022,1.10658,1.10674,1.08865,1.09248,-0.01411,-1.28%,362657
7/03/2022,1.09251,1.09311,1.08063,1.08537,-0.00711,-0.65%,453960
8/03/2022,1.08537,1.09583,1.08482,1.08947,0.0041,0.38%,418310
9/03/2022,1.08949,1.10947,1.08897,1.10748,0.01801,1.65%,321108
10/03/2022,1.10749,1.11206,1.09759,1.09866,-0.00882,-0.80%,345298
11/03/2022,1.09864,1.10426,1.0902,1.09072,-0.00794,-0.72%,312303
14/03/2022,1.0919,1.09936,1.09003,1.09399,0.00327,0.30%,268065
15/03/2022,1.09398,1.10193,1.09259,1.09541,0.00142,0.13%,303765
16/03/2022,1.09542,1.10465,1.09485,1.10336,0.00795,0.73%,344897
17/03/2022,1.10334,1.11373,1.1008,1.10908,0.00572,0.52%,246174
18/03/2022,1.10907,1.11181,1.10031,1.10493,-0.00415,-0.37%,251474
21/03/2022,1.10644,1.10698,1.101,1.10154,-0.00339,-0.31%,206598
22/03/2022,1.10155,1.10453,1.09607,1.10252,0.00098,0.09%,245560
23/03/2022,1.10253,1.10432,1.0964,1.10034,-0.00218,-0.20%,221379
24/03/2022,1.10033,1.10134,1.09659,1.09959,-0.00075,-0.07%,237065
25/03/2022,1.09959,1.10376,1.09806,1.0981,-0.00149,-0.14%,242313
28/03/2022,1.09859,1.09992,1.09447,1.09821,0.00011,0.01%,268653
29/03/2022,1.0982,1.11367,1.09696,1.10855,0.01034,0.94%,328215
30/03/2022,1.10855,1.11707,1.10798,1.11571,0.00716,0.65%,291007
31/03/2022,1.1157,1.11845,1.10608,1.10657,-0.00914,-0.82%,283127
1/04/2022,1.10653,1.10759,1.10278,1.10332,-0.00325,-0.29%,234813
4/04/2022,1.10361,1.10541,1.09603,1.09704,-0.00628,-0.57%,198513
5/04/2022,1.09703,1.09881,1.08996,1.09045,-0.00659,-0.60%,211211
6/04/2022,1.09045,1.09377,1.08743,1.08905,-0.0014,-0.13%,272954
7/04/2022,1.08907,1.09381,1.08652,1.08773,-0.00132,-0.12%,258596
8/04/2022,1.08772,1.0891,1.08363,1.08752,-0.00021,-0.02%,230108
11/04/2022,1.09326,1.09332,1.08728,1.08835,0.00083,0.08%,228081
12/04/2022,1.08835,1.0903,1.08214,1.08257,-0.00578,-0.53%,276404
13/04/2022,1.08258,1.0894,1.0809,1.08799,0.00542,0.50%,249638
14/04/2022,1.08791,1.0923,1.07576,1.08289,-0.0051,-0.47%,291005
15/04/2022,1.08288,1.08302,1.07968,1.08101,-0.00188,-0.17%,189875
18/04/2022,1.0801,1.08212,1.07699,1.07805,-0.00296,-0.27%,146222
19/04/2022,1.07805,1.08133,1.0761,1.07865,0.0006,0.06%,225057
20/04/2022,1.07865,1.08666,1.07839,1.08535,0.0067,0.62%,260837
21/04/2022,1.08533,1.09359,1.08236,1.08251,-0.00284,-0.26%,273256
22/04/2022,1.08257,1.08514,1.07706,1.07821,-0.0043,-0.40%,256326
25/04/2022,1.08322,1.08322,1.06966,1.0711,-0.00711,-0.66%,305516
26/04/2022,1.07109,1.07383,1.06356,1.0636,-0.0075,-0.70%,248074
27/04/2022,1.06361,1.06543,1.05146,1.05534,-0.00826,-0.78%,293283
28/04/2022,1.0553,1.05643,1.04712,1.04982,-0.00552,-0.52%,334755
29/04/2022,1.04981,1.05926,1.04909,1.05272,0.0029,0.28%,274057
2/05/2022,1.05578,1.05676,1.04902,1.05014,-0.00258,-0.25%,228405
3/05/2022,1.05007,1.05772,1.04921,1.05188,0.00174,0.17%,250581
4/05/2022,1.05189,1.06307,1.0506,1.0616,0.00972,0.92%,296043
5/05/2022,1.06163,1.06417,1.04926,1.0539,-0.0077,-0.73%,325612
6/05/2022,1.0539,1.05987,1.04829,1.0538,-0.0001,-0.01%,354587
9/05/2022,1.05525,1.05919,1.04952,1.05572,0.00192,0.18%,264954
10/05/2022,1.0557,1.05849,1.05254,1.05277,-0.00295,-0.28%,295850
11/05/2022,1.05275,1.05769,1.05022,1.05123,-0.00154,-0.15%,332239
12/05/2022,1.05122,1.05291,1.03541,1.038,-0.01323,-1.26%,339975
13/05/2022,1.038,1.04192,1.03498,1.04079,0.00279,0.27%,267155
16/05/2022,1.03931,1.0443,1.03892,1.04291,0.00212,0.20%,226593
17/05/2022,1.04292,1.05552,1.04284,1.05496,0.01205,1.16%,272235
18/05/2022,1.05494,1.05632,1.04598,1.04602,-0.00894,-0.85%,231190
19/05/2022,1.04603,1.06068,1.04599,1.05809,0.01207,1.15%,299596
20/05/2022,1.05811,1.05984,1.05329,1.05619,-0.0019,-0.18%,253758
23/05/2022,1.05708,1.0697,1.05556,1.06902,0.01283,1.21%,217235
24/05/2022,1.06896,1.07481,1.06335,1.0726,0.00358,0.33%,251207
25/05/2022,1.07267,1.07386,1.06424,1.06719,-0.00541,-0.50%,255991
26/05/2022,1.06718,1.07314,1.06624,1.07162,0.00443,0.42%,234154
27/05/2022,1.07168,1.07647,1.06975,1.07303,0.00141,0.13%,209241
30/05/2022,1.07347,1.07867,1.07257,1.0779,0.00487,0.45%,158052
31/05/2022,1.07792,1.07799,1.06792,1.07328,-0.00462,-0.43%,253191
1/06/2022,1.07329,1.07385,1.06271,1.0651,-0.00818,-0.76%,206464
2/06/2022,1.06504,1.07499,1.0645,1.07465,0.00955,0.90%,180795
3/06/2022,1.07464,1.07638,1.07043,1.07172,-0.00293,-0.27%,169597
6/06/2022,1.07191,1.07514,1.0684,1.06945,-0.00227,-0.21%,159830
7/06/2022,1.06947,1.07137,1.06523,1.06924,-0.00021,-0.02%,214258
8/06/2022,1.0693,1.07482,1.06715,1.07161,0.00237,0.22%,195161
9/06/2022,1.07161,1.07734,1.06109,1.06178,-0.00983,-0.92%,270462
10/06/2022,1.06174,1.06421,1.05057,1.05122,-0.01056,-0.99%,273478
13/06/2022,1.05148,1.05196,1.03997,1.04051,-0.01071,-1.02%,298245
14/06/2022,1.04053,1.0484,1.03969,1.04156,0.00105,0.10%,314119
15/06/2022,1.04154,1.05072,1.03593,1.04393,0.00237,0.23%,414237
16/06/2022,1.04396,1.06009,1.0381,1.05428,0.01035,0.99%,390237
17/06/2022,1.05426,1.05597,1.04445,1.04856,-0.00572,-0.54%,337800
20/06/2022,1.04823,1.05453,1.04725,1.05094,0.00238,0.23%,211289
21/06/2022,1.05093,1.05821,1.05068,1.05286,0.00192,0.18%,240912
22/06/2022,1.05284,1.06055,1.04692,1.05654,0.00368,0.35%,302191
23/06/2022,1.05651,1.05809,1.04828,1.05154,-0.005,-0.47%,338302
24/06/2022,1.0516,1.05708,1.05121,1.05181,0.00027,0.03%,260341
27/06/2022,1.05529,1.06145,1.05477,1.05805,0.00624,0.59%,253139
28/06/2022,1.05804,1.06057,1.05035,1.05172,-0.00633,-0.60%,274851
29/06/2022,1.05168,1.05353,1.0435,1.04387,-0.00785,-0.75%,281589
30/06/2022,1.04384,1.04883,1.03826,1.04828,0.00441,0.42%,311817
1/07/2022,1.04826,1.0485,1.03663,1.04153,-0.00675,-0.64%,319165
4/07/2022,1.04197,1.04623,1.04147,1.04219,0.00066,0.06%,194803
5/07/2022,1.04217,1.04485,1.02349,1.02636,-0.01583,-1.52%,317032
6/07/2022,1.02637,1.0276,1.01616,1.01816,-0.0082,-0.80%,333081
7/07/2022,1.01814,1.02207,1.01441,1.01563,-0.00253,-0.25%,291796
8/07/2022,1.01565,1.0191,1.00723,1.01805,0.00242,0.24%,307912
11/07/2022,1.0173,1.01832,1.00336,1.00351,-0.01454,-1.43%,279934
12/07/2022,1.00351,1.00733,0.99998,1.00325,-0.00026,-0.03%,336249
13/07/2022,1.00323,1.0121,0.99978,1.0053,0.00205,0.20%,342659
14/07/2022,1.00535,1.00601,0.99522,1.00183,-0.00347,-0.35%,375107
15/07/2022,1.00181,1.00976,1.00067,1.00746,0.00563,0.56%,300313
18/07/2022,1.00837,1.02011,1.00783,1.01415,0.00669,0.66%,279433
19/07/2022,1.01414,1.02686,1.01197,1.0224,0.00825,0.81%,316037
20/07/2022,1.02238,1.02726,1.01554,1.01769,-0.00471,-0.46%,310221
21/07/2022,1.01765,1.02777,1.01543,1.02277,0.00508,0.50%,368065
22/07/2022,1.02277,1.02548,1.013,1.02118,-0.00159,-0.16%,346002
25/07/2022,1.02187,1.02576,1.01795,1.02152,0.00034,0.03%,305867
26/07/2022,1.0215,1.02499,1.01075,1.01132,-0.0102,-1.00%,274083
27/07/2022,1.01128,1.02203,1.00965,1.01907,0.00775,0.77%,299262
28/07/2022,1.01915,1.02341,1.01143,1.01955,0.00048,0.05%,354549
29/07/2022,1.01956,1.02537,1.01463,1.02248,0.00293,0.29%,338420
1/08/2022,1.02075,1.02749,1.0203,1.02606,0.00358,0.35%,292871
2/08/2022,1.02607,1.02934,1.01632,1.01655,-0.00951,-0.93%,347907
3/08/2022,1.01654,1.02091,1.01226,1.01595,-0.0006,-0.06%,310811
4/08/2022,1.01589,1.02535,1.01547,1.02449,0.00854,0.84%,280035
5/08/2022,1.02448,1.02521,1.01414,1.01778,-0.00671,-0.65%,277300
8/08/2022,1.01897,1.02214,1.01591,1.01861,0.00083,0.08%,234608
9/08/2022,1.01866,1.02469,1.01864,1.02125,0.00264,0.26%,201822
10/08/2022,1.02124,1.03675,1.0202,1.02985,0.0086,0.84%,193442
11/08/2022,1.02923,1.03642,1.02169,1.03162,0.00177,0.17%,217370
12/08/2022,1.03161,1.03372,1.02385,1.02569,-0.00593,-0.57%,189004
15/08/2022,1.02587,1.02682,1.01548,1.01571,-0.00998,-0.97%,213560
16/08/2022,1.0157,1.02251,1.01227,1.01704,0.00133,0.13%,213933
17/08/2022,1.01704,1.02025,1.01395,1.01777,0.00073,0.07%,223491
18/08/2022,1.01777,1.01946,1.00803,1.00865,-0.00912,-0.90%,194509
19/08/2022,1.00864,1.00951,1.00319,1.0034,-0.00525,-0.52%,196276
22/08/2022,1.00399,1.00462,0.9926,0.99409,-0.00931,-0.93%,134003
23/08/2022,0.9941,1.00175,0.99007,0.99672,0.00263,0.26%,162895
24/08/2022,0.99673,0.99982,0.991,0.99566,-0.00106,-0.11%,151904
25/08/2022,0.99574,1.00332,0.99495,0.99728,0.00162,0.16%,151552
26/08/2022,0.99728,1.00853,0.99469,0.99623,-0.00105,-0.11%,156647
29/08/2022,0.99792,1.00285,0.99138,0.99912,0.00289,0.29%,153230
30/08/2022,0.99921,1.00536,0.99821,1.00118,0.00206,0.21%,166648
31/08/2022,1.00119,1.00785,0.99716,1.00516,0.00398,0.40%,157654
1/09/2022,1.00513,1.00543,0.99113,0.99433,-0.01083,-1.08%,167941
2/09/2022,0.99431,1.00333,0.99376,0.99449,0.00016,0.02%,166600
5/09/2022,0.9935,0.99434,0.98785,0.99284,-0.00165,-0.17%,132514
6/09/2022,0.99283,0.99857,0.98658,0.99029,-0.00255,-0.26%,194728
7/09/2022,0.99029,1.00106,0.98757,1.00009,0.0098,0.99%,329583
8/09/2022,1.00008,1.00288,0.99306,0.99943,-0.00066,-0.07%,360540
9/09/2022,0.99944,1.0113,0.99939,1.004,0.00457,0.46%,313719
12/09/2022,1.01223,1.01978,1.00594,1.0121,0.0081,0.81%,299434
13/09/2022,1.01207,1.01869,0.99661,0.99666,-0.01544,-1.53%,308244
14/09/2022,0.99666,1.0023,0.99558,0.99777,0.00111,0.11%,365605
15/09/2022,0.99778,1.00173,0.99557,0.99942,0.00165,0.17%,293481
16/09/2022,0.99945,1.00358,0.99448,1.00132,0.0019,0.19%,297575
19/09/2022,1.00115,1.00288,0.99661,1.0023,0.00098,0.10%,244451
20/09/2022,1.00225,1.00503,0.99553,0.99684,-0.00546,-0.54%,312486
21/09/2022,0.99683,0.99747,0.98134,0.98362,-0.01322,-1.33%,386367
22/09/2022,0.98361,0.9906,0.98086,0.98265,-0.00097,-0.10%,414387
23/09/2022,0.98262,0.98516,0.96677,0.96869,-0.01396,-1.42%,394297
26/09/2022,0.96613,0.97092,0.95534,0.96081,-0.00788,-0.81%,528837
27/09/2022,0.9608,0.967,0.95692,0.95921,-0.0016,-0.17%,445094
28/09/2022,0.9592,0.97507,0.95364,0.97288,0.01367,1.43%,504618
29/09/2022,0.97293,0.98149,0.96361,0.98148,0.0086,0.88%,476451
30/09/2022,0.98146,0.98527,0.97348,0.98024,-0.00124,-0.13%,473618
3/10/2022,0.97857,0.98446,0.9753,0.98242,0.00218,0.22%,412777
4/10/2022,0.98243,0.99991,0.98061,0.99839,0.01597,1.63%,434370
5/10/2022,0.99839,0.99947,0.98351,0.98827,-0.01012,-1.01%,397260
6/10/2022,0.98826,0.99264,0.97882,0.97898,-0.00929,-0.94%,436343
7/10/2022,0.97892,0.98165,0.97263,0.97379,-0.00519,-0.53%,390067
10/10/2022,0.97362,0.97526,0.96818,0.96994,-0.00385,-0.40%,349332
11/10/2022,0.96995,0.9774,0.96721,0.9705,0.00056,0.06%,440744
12/10/2022,0.97049,0.97341,0.96681,0.97014,-0.00036,-0.04%,424645
13/10/2022,0.97015,0.98059,0.96327,0.97741,0.00727,0.75%,432258
14/10/2022,0.97737,0.98079,0.97071,0.97209,-0.00532,-0.54%,435543
17/10/2022,0.97378,0.98519,0.97116,0.98406,0.01197,1.23%,374075
18/10/2022,0.98404,0.98753,0.98128,0.98489,0.00083,0.08%,411213
19/10/2022,0.98492,0.98719,0.97573,0.97721,-0.00768,-0.78%,397224
20/10/2022,0.97721,0.98451,0.97546,0.9786,0.00139,0.14%,394065
21/10/2022,0.97853,0.98689,0.9705,0.98617,0.00757,0.77%,461474
24/10/2022,0.98625,0.98986,0.98069,0.98734,0.00117,0.12%,458129
25/10/2022,0.98732,0.99767,0.98498,0.99653,0.00919,0.93%,382982
26/10/2022,0.99649,1.00884,0.99436,1.00806,0.01153,1.16%,402231
27/10/2022,1.00804,1.00935,0.99576,0.99637,-0.01169,-1.16%,421491
28/10/2022,0.99636,0.99979,0.99267,0.99637,0,0.00%,395845
31/10/2022,0.99481,0.99653,0.98728,0.98796,-0.00841,-0.84%,288381
1/11/2022,0.98797,0.99527,0.9853,0.98728,-0.00068,-0.07%,346234
2/11/2022,0.98726,0.99751,0.98117,0.98124,-0.00604,-0.61%,341458
3/11/2022,0.98126,0.98391,0.97299,0.97472,-0.00652,-0.66%,348338
4/11/2022,0.97469,0.99662,0.97418,0.99588,0.02116,2.17%,336069
7/11/2022,0.99094,1.00335,0.98985,1.002,0.00612,0.61%,361408
8/11/2022,1.00185,1.00958,0.99729,1.00702,0.00502,0.50%,329655
9/11/2022,1.00695,1.00881,0.99928,1.0011,-0.00592,-0.59%,394084
10/11/2022,1.00107,1.02214,0.99357,1.02085,0.01975,1.97%,422979
11/11/2022,1.02081,1.03639,1.01632,1.03413,0.01328,1.30%,436230
14/11/2022,1.03635,1.03635,1.02716,1.0326,-0.00153,-0.15%,380972
15/11/2022,1.03258,1.04794,1.02803,1.03471,0.00211,0.20%,456459
16/11/2022,1.03467,1.04379,1.03314,1.03934,0.00463,0.45%,447573
17/11/2022,1.03934,1.04061,1.03051,1.03633,-0.00301,-0.29%,369345
18/11/2022,1.03628,1.03953,1.03127,1.0324,-0.00393,-0.38%,325557
21/11/2022,1.03255,1.03326,1.02227,1.02403,-0.00837,-0.81%,310041
22/11/2022,1.02404,1.0308,1.02387,1.03033,0.0063,0.62%,273407
23/11/2022,1.03034,1.04047,1.02967,1.03946,0.00913,0.89%,306936
24/11/2022,1.03946,1.04484,1.03821,1.04107,0.00161,0.15%,237042
25/11/2022,1.04106,1.0429,1.03548,1.03962,-0.00145,-0.14%,272265
28/11/2022,1.03859,1.04965,1.03303,1.03378,-0.00584,-0.56%,326053
29/11/2022,1.03377,1.03941,1.032,1.03287,-0.00091,-0.09%,344697
30/11/2022,1.03287,1.04283,1.02942,1.04056,0.00769,0.74%,295465
1/12/2022,1.04055,1.05333,1.03941,1.05249,0.01193,1.15%,270907
2/12/2022,1.05248,1.05448,1.04284,1.05408,0.00159,0.15%,364834
5/12/2022,1.05304,1.05945,1.04801,1.04909,-0.00499,-0.47%,318005
6/12/2022,1.04908,1.05328,1.04593,1.04641,-0.00268,-0.26%,318275
7/12/2022,1.04641,1.05491,1.04433,1.05036,0.00395,0.38%,331377
8/12/2022,1.05034,1.05642,1.04895,1.05543,0.00507,0.48%,303399
9/12/2022,1.05542,1.05883,1.05062,1.05322,-0.00221,-0.21%,309909
12/12/2022,1.05317,1.05798,1.05064,1.05387,0.00065,0.06%,263204
13/12/2022,1.05388,1.06731,1.05283,1.06329,0.00942,0.89%,361655
14/12/2022,1.06329,1.06949,1.06192,1.0682,0.00491,0.46%,372137
15/12/2022,1.0682,1.07349,1.05924,1.0627,-0.0055,-0.51%,371448
16/12/2022,1.0627,1.06628,1.05853,1.05864,-0.00406,-0.38%,335830
19/12/2022,1.05894,1.0658,1.05762,1.06074,0.0021,0.20%,278775
20/12/2022,1.06071,1.06582,1.0579,1.06229,0.00155,0.15%,407794
21/12/2022,1.06228,1.06442,1.05903,1.06046,-0.00183,-0.17%,304020
22/12/2022,1.06047,1.06591,1.05735,1.05978,-0.00068,-0.06%,309798
23/12/2022,1.05979,1.06327,1.05871,1.06147,0.00169,0.16%,289404
26/12/2022,1.06148,1.06386,1.06086,1.06371,0.00224,0.21%,21902
27/12/2022,1.06371,1.06693,1.06118,1.06397,0.00026,0.02%,242754
28/12/2022,1.06396,1.06741,1.06068,1.06124,-0.00273,-0.26%,261610
29/12/2022,1.06123,1.069,1.06111,1.06619,0.00495,0.47%,250193
30/12/2022,1.0662,1.07133,1.06388,1.07035,0.00416,0.39%,289113
2/01/2023,1.07037,1.07099,1.06506,1.06678,-0.00357,-0.33%,82097
3/01/2023,1.06677,1.06831,1.05198,1.05478,-0.012,-1.12%,353181
4/01/2023,1.05478,1.06349,1.05411,1.06039,0.00561,0.53%,353787
5/01/2023,1.0604,1.06315,1.0515,1.05217,-0.00822,-0.78%,325830
6/01/2023,1.05217,1.06482,1.04837,1.06445,0.01228,1.17%,322377
9/01/2023,1.06365,1.07605,1.06362,1.07321,0.00876,0.82%,288935
10/01/2023,1.0732,1.07593,1.07122,1.07337,0.00016,0.01%,295683
11/01/2023,1.07337,1.07761,1.07261,1.07568,0.00231,0.22%,252670
12/01/2023,1.0757,1.08667,1.07315,1.0852,0.00952,0.89%,354086
13/01/2023,1.08521,1.08683,1.07806,1.08331,-0.00189,-0.17%,309393
16/01/2023,1.08335,1.08741,1.08017,1.08216,-0.00115,-0.11%,192260
17/01/2023,1.08217,1.08693,1.07748,1.07884,-0.00332,-0.31%,313375
18/01/2023,1.07884,1.08873,1.07666,1.07944,0.0006,0.06%,372096
19/01/2023,1.07945,1.08399,1.07824,1.08305,0.00361,0.33%,305121
20/01/2023,1.08305,1.08583,1.08024,1.08563,0.00258,0.24%,254659
23/01/2023,1.08675,1.09265,1.08465,1.08723,0.0016,0.15%,255943
24/01/2023,1.08722,1.08981,1.08353,1.08881,0.00158,0.15%,244029
25/01/2023,1.08882,1.09234,1.08575,1.09162,0.00281,0.26%,240506
26/01/2023,1.09162,1.09295,1.0851,1.08915,-0.00247,-0.23%,252036
27/01/2023,1.08916,1.09002,1.08382,1.0869,-0.00225,-0.21%,234697
30/01/2023,1.08669,1.09138,1.08394,1.08509,-0.00181,-0.17%,241053
31/01/2023,1.0851,1.08749,1.08022,1.08619,0.0011,0.10%,259654
1/02/2023,1.0862,1.10005,1.08522,1.09891,0.01272,1.17%,277061
2/02/2023,1.09893,1.10326,1.08862,1.091,-0.00791,-0.72%,330487
3/02/2023,1.09099,1.09401,1.07928,1.07952,-0.01148,-1.05%,305337
6/02/2023,1.07882,1.07989,1.07097,1.07261,-0.00691,-0.64%,256094
7/02/2023,1.07262,1.07666,1.06693,1.07278,0.00017,0.02%,321430
8/02/2023,1.07278,1.07607,1.07096,1.07136,-0.00142,-0.13%,244811
9/02/2023,1.07135,1.07906,1.07098,1.07401,0.00265,0.25%,255410
10/02/2023,1.074,1.07526,1.06664,1.06775,-0.00626,-0.58%,271770
13/02/2023,1.06741,1.07301,1.06556,1.07252,0.00477,0.45%,212592
14/02/2023,1.0725,1.0804,1.07071,1.07364,0.00112,0.10%,320346
15/02/2023,1.07366,1.07444,1.06608,1.06872,-0.00492,-0.46%,271109
16/02/2023,1.06874,1.07224,1.06549,1.06725,-0.00147,-0.14%,285341
17/02/2023,1.06725,1.06984,1.0613,1.06939,0.00214,0.20%,259330
20/02/2023,1.06855,1.07045,1.06706,1.06853,-0.00086,-0.08%,155101
21/02/2023,1.06853,1.06977,1.06376,1.06473,-0.0038,-0.36%,265977
22/02/2023,1.06474,1.0664,1.05993,1.06046,-0.00427,-0.40%,273648
23/02/2023,1.06045,1.06277,1.05776,1.05948,-0.00098,-0.09%,246009
24/02/2023,1.05949,1.06144,1.0536,1.0545,-0.00498,-0.47%,289074
27/02/2023,1.05556,1.06194,1.05329,1.06094,0.00644,0.61%,232549
28/02/2023,1.06094,1.06448,1.05742,1.05763,-0.00331,-0.31%,228499
1/03/2023,1.05762,1.06913,1.05654,1.06689,0.00926,0.88%,298206
2/03/2023,1.06688,1.06729,1.05765,1.05971,-0.00718,-0.67%,273027
3/03/2023,1.05972,1.06387,1.05884,1.06347,0.00376,0.35%,243917
6/03/2023,1.06178,1.06945,1.06177,1.06823,0.00476,0.45%,230812
7/03/2023,1.06821,1.06945,1.05463,1.05493,-0.0133,-1.25%,283305
8/03/2023,1.05492,1.05741,1.05264,1.05444,-0.00049,-0.05%,255926
9/03/2023,1.05444,1.05912,1.05382,1.05826,0.00382,0.36%,235677
10/03/2023,1.05827,1.07003,1.05741,1.06401,0.00575,0.54%,375401
13/03/2023,1.06497,1.07487,1.06497,1.07315,0.00914,0.86%,454932
14/03/2023,1.07314,1.07496,1.0679,1.07326,0.00011,0.01%,387997
15/03/2023,1.07327,1.076,1.05169,1.05775,-0.01551,-1.45%,424557
16/03/2023,1.05774,1.06353,1.05511,1.0612,0.00345,0.33%,405279
17/03/2023,1.06119,1.06853,1.06094,1.06663,0.00543,0.51%,328349
20/03/2023,1.06888,1.07306,1.06316,1.07232,0.00569,0.53%,330841
21/03/2023,1.07233,1.07883,1.0704,1.0769,0.00458,0.43%,264438
22/03/2023,1.07689,1.09123,1.0759,1.08557,0.00867,0.81%,286210
23/03/2023,1.08556,1.09296,1.08251,1.08324,-0.00233,-0.21%,321338
24/03/2023,1.08325,1.08389,1.07143,1.07596,-0.00728,-0.67%,320857
27/03/2023,1.07769,1.08005,1.07448,1.07983,0.00387,0.36%,232223
28/03/2023,1.07982,1.08488,1.0796,1.08453,0.0047,0.44%,225801
29/03/2023,1.0845,1.0871,1.08187,1.08444,-0.00009,-0.01%,220652
30/03/2023,1.08445,1.09261,1.08242,1.09054,0.0061,0.56%,223520
31/03/2023,1.09055,1.09257,1.0837,1.08418,-0.00636,-0.58%,236543
3/04/2023,1.08474,1.09164,1.07884,1.09034,0.00616,0.57%,230624
4/04/2023,1.09032,1.09731,1.08831,1.09555,0.00521,0.48%,231438
5/04/2023,1.09554,1.09695,1.08916,1.09071,-0.00484,-0.44%,218178
6/04/2023,1.0907,1.09375,1.08848,1.09212,0.00141,0.13%,182068
7/04/2023,1.09214,1.09249,1.08774,1.09052,-0.0016,-0.15%,88346
10/04/2023,1.09021,1.09172,1.08318,1.08611,-0.00441,-0.40%,148897
11/04/2023,1.08609,1.09281,1.0859,1.0913,0.00519,0.48%,192892
12/04/2023,1.09129,1.10004,1.09116,1.09918,0.00788,0.72%,203599
13/04/2023,1.09918,1.10679,1.09776,1.10467,0.00549,0.50%,199609
14/04/2023,1.10467,1.10759,1.09722,1.0994,-0.00527,-0.48%,215425
17/04/2023,1.09897,1.09999,1.09094,1.09279,-0.00661,-0.60%,194437
18/04/2023,1.09279,1.0983,1.09225,1.09732,0.00453,0.41%,188774
19/04/2023,1.09733,1.09841,1.09176,1.09557,-0.00175,-0.16%,202656
20/04/2023,1.09556,1.09896,1.09338,1.09712,0.00155,0.14%,209415
21/04/2023,1.09712,1.09935,1.09385,1.099,0.00188,0.17%,206710
24/04/2023,1.09895,1.10501,1.09664,1.10462,0.00562,0.51%,187384
25/04/2023,1.10463,1.10672,1.09641,1.09739,-0.00723,-0.65%,217416
26/04/2023,1.09737,1.10947,1.09685,1.10404,0.00665,0.61%,256412
27/04/2023,1.10406,1.10635,1.09924,1.10285,-0.00119,-0.11%,232092
28/04/2023,1.10285,1.10452,1.09629,1.10168,-0.00117,-0.11%,275617
1/05/2023,1.10367,1.10371,1.09645,1.09764,-0.00404,-0.37%,176728
2/05/2023,1.09764,1.10082,1.09425,1.09994,0.0023,0.21%,230881
3/05/2023,1.09995,1.10912,1.09995,1.10626,0.00632,0.57%,241184
4/05/2023,1.10625,1.10914,1.09866,1.10127,-0.00499,-0.45%,292391
5/05/2023,1.10127,1.10477,1.09673,1.10176,0.00049,0.04%,226975
8/05/2023,1.10335,1.10537,1.10001,1.10037,-0.00139,-0.13%,174417
9/05/2023,1.10038,1.10065,1.09415,1.09609,-0.00428,-0.39%,203096
10/05/2023,1.09611,1.10066,1.09417,1.09826,0.00217,0.20%,227261
11/05/2023,1.09825,1.09982,1.09001,1.09156,-0.0067,-0.61%,243259
12/05/2023,1.09157,1.09353,1.0848,1.08498,-0.00658,-0.60%,207245
15/05/2023,1.08627,1.08907,1.0848,1.08743,0.00245,0.23%,181016
16/05/2023,1.08743,1.09043,1.08551,1.08632,-0.00111,-0.10%,220560
17/05/2023,1.08631,1.08736,1.08103,1.08396,-0.00236,-0.22%,204914
18/05/2023,1.08397,1.0848,1.07625,1.077,-0.00696,-0.64%,204208
19/05/2023,1.077,1.08288,1.076,1.08063,0.00363,0.34%,233214
22/05/2023,1.08123,1.08313,1.07958,1.08129,0.00066,0.06%,207983
23/05/2023,1.0813,1.08206,1.07602,1.07706,-0.00423,-0.39%,227100
24/05/2023,1.0771,1.08012,1.07481,1.07498,-0.00208,-0.19%,238697
25/05/2023,1.07498,1.07571,1.07077,1.07254,-0.00244,-0.23%,231246
26/05/2023,1.07252,1.07586,1.07018,1.07271,0.00017,0.02%,235238
29/05/2023,1.0724,1.07434,1.07058,1.07105,-0.00166,-0.15%,105199
30/05/2023,1.07083,1.07467,1.06728,1.07346,0.00241,0.23%,229545
31/05/2023,1.07347,1.07359,1.06354,1.06896,-0.0045,-0.42%,247928
1/06/2023,1.06896,1.07685,1.06619,1.0762,0.00724,0.68%,229930
2/06/2023,1.07619,1.07789,1.07053,1.07078,-0.00542,-0.50%,204736
5/06/2023,1.07158,1.07224,1.06746,1.0713,0.00052,0.05%,186695
6/06/2023,1.07131,1.07327,1.06672,1.0693,-0.002,-0.19%,186347
7/06/2023,1.06931,1.07395,1.06686,1.06988,0.00058,0.05%,194586
8/06/2023,1.06988,1.07867,1.06968,1.07823,0.00835,0.78%,196045
9/06/2023,1.07823,1.07859,1.07429,1.07491,-0.00332,-0.31%,180342
12/06/2023,1.07545,1.079,1.07332,1.0758,0.00089,0.08%,178420
13/06/2023,1.07573,1.08237,1.07561,1.07936,0.00356,0.33%,222061
14/06/2023,1.07936,1.08638,1.07747,1.08323,0.00387,0.36%,219790
15/06/2023,1.08325,1.09525,1.08039,1.09451,0.01128,1.04%,221157
16/06/2023,1.0945,1.09706,1.09184,1.09424,-0.00027,-0.02%,209125
19/06/2023,1.09384,1.09467,1.09074,1.09219,-0.00205,-0.19%,104131
20/06/2023,1.09219,1.0946,1.08932,1.0918,-0.00039,-0.04%,218739
21/06/2023,1.09182,1.09909,1.0906,1.09865,0.00685,0.63%,233652
22/06/2023,1.09865,1.10109,1.09489,1.09559,-0.00306,-0.28%,221558
23/06/2023,1.0956,1.09624,1.08446,1.08944,-0.00615,-0.56%,239446
26/06/2023,1.09106,1.09201,1.08876,1.0905,0.00106,0.10%,188752
27/06/2023,1.09052,1.09766,1.09024,1.09611,0.00561,0.51%,213796
28/06/2023,1.09611,1.09655,1.08974,1.09137,-0.00474,-0.43%,221932
29/06/2023,1.09138,1.09413,1.08605,1.08636,-0.00501,-0.46%,219624
30/06/2023,1.08637,1.09317,1.08355,1.09124,0.00488,0.45%,224681
3/07/2023,1.09138,1.09339,1.08705,1.09134,0.0001,0.01%,185714
4/07/2023,1.09133,1.09187,1.08774,1.08779,-0.00355,-0.33%,128909
5/07/2023,1.08795,1.09078,1.08511,1.0854,-0.00239,-0.22%,204737
6/07/2023,1.0854,1.09001,1.08339,1.08917,0.00377,0.35%,244409
7/07/2023,1.08917,1.09733,1.08672,1.09695,0.00778,0.71%,226524
10/07/2023,1.09655,1.10016,1.09437,1.10006,0.00311,0.28%,212500
11/07/2023,1.10014,1.10264,1.09774,1.10088,0.00082,0.07%,204679
12/07/2023,1.10088,1.11404,1.10058,1.11302,0.01214,1.10%,245651
13/07/2023,1.11303,1.1228,1.11286,1.1226,0.00958,0.86%,239116
14/07/2023,1.12262,1.12448,1.12046,1.1229,0.0003,0.03%,289740
17/07/2023,1.12334,1.12488,1.12038,1.12407,0.00117,0.10%,221297
18/07/2023,1.12378,1.12754,1.12093,1.12283,-0.00124,-0.11%,292870
19/07/2023,1.12285,1.12401,1.1175,1.1202,-0.00263,-0.23%,288859
20/07/2023,1.12023,1.12292,1.11187,1.11299,-0.00721,-0.64%,287377
21/07/2023,1.113,1.1145,1.11081,1.11257,-0.00042,-0.04%,261588
24/07/2023,1.11266,1.11466,1.10604,1.10643,-0.00614,-0.55%,270842
25/07/2023,1.10642,1.1087,1.10212,1.10556,-0.00087,-0.08%,251634
26/07/2023,1.10555,1.11065,1.1038,1.10872,0.00316,0.29%,301238
27/07/2023,1.10859,1.11496,1.0966,1.09777,-0.01095,-0.99%,363272
28/07/2023,1.09778,1.10471,1.09436,1.10169,0.00392,0.36%,372238
31/07/2023,1.1022,1.10457,1.09936,1.09969,-0.002,-0.18%,278287
1/08/2023,1.09969,1.10031,1.09525,1.09841,-0.00128,-0.12%,256906
2/08/2023,1.09845,1.10201,1.09183,1.09379,-0.00462,-0.42%,328349
3/08/2023,1.0938,1.09625,1.09125,1.09479,0.001,0.09%,306125
4/08/2023,1.09491,1.10418,1.0935,1.10113,0.00634,0.58%,297390
7/08/2023,1.10122,1.10141,1.09656,1.10024,-0.00089,-0.08%,241416
8/08/2023,1.10027,1.10109,1.09294,1.0956,-0.00464,-0.42%,286630
9/08/2023,1.09568,1.09954,1.09521,1.09739,0.00179,0.16%,262150
10/08/2023,1.09742,1.10645,1.09674,1.09794,0.00055,0.05%,298818
11/08/2023,1.0981,1.10049,1.0943,1.09479,-0.00315,-0.29%,281942
14/08/2023,1.09601,1.09601,1.08753,1.0906,-0.00419,-0.38%,283350
15/08/2023,1.0906,1.09523,1.08977,1.09034,-0.00026,-0.02%,304790
16/08/2023,1.09048,1.09345,1.08716,1.08794,-0.0024,-0.22%,314908
17/08/2023,1.08792,1.09178,1.08564,1.08715,-0.00079,-0.07%,322211
18/08/2023,1.08725,1.08939,1.08452,1.08725,0.0001,0.01%,297555
21/08/2023,1.08732,1.09133,1.08698,1.08954,0.00229,0.21%,123112
22/08/2023,1.08958,1.09304,1.08334,1.08481,-0.00473,-0.43%,129233
23/08/2023,1.0846,1.0871,1.08024,1.08636,0.00155,0.14%,144671
24/08/2023,1.08638,1.08767,1.08052,1.08111,-0.00525,-0.48%,134148
25/08/2023,1.08105,1.08412,1.07663,1.07939,-0.00172,-0.16%,141665
28/08/2023,1.07988,1.08219,1.07935,1.08187,0.00248,0.23%,226904
29/08/2023,1.08192,1.0892,1.07827,1.08804,0.00617,0.57%,285548
30/08/2023,1.088,1.09453,1.08554,1.09233,0.00429,0.39%,296912
31/08/2023,1.09231,1.09395,1.08352,1.08424,-0.00809,-0.74%,271149
1/09/2023,1.08434,1.08821,1.07723,1.07738,-0.00686,-0.63%,285948
4/09/2023,1.07863,1.08087,1.07717,1.07959,0.00221,0.21%,147466
5/09/2023,1.07959,1.08012,1.07067,1.07221,-0.00738,-0.68%,264221
6/09/2023,1.07222,1.07486,1.07027,1.07255,0.00034,0.03%,260099
7/09/2023,1.07266,1.07318,1.06865,1.06961,-0.00294,-0.27%,240612
8/09/2023,1.06962,1.07435,1.06944,1.07007,0.00046,0.04%,239773
11/09/2023,1.07191,1.07594,1.07086,1.07501,0.00494,0.46%,240335
12/09/2023,1.07502,1.07683,1.07055,1.076,0.00099,0.09%,233553
13/09/2023,1.07544,1.07648,1.07119,1.07298,-0.00302,-0.28%,280139
14/09/2023,1.07296,1.07521,1.06319,1.06433,-0.00865,-0.81%,278406
15/09/2023,1.06431,1.06877,1.06333,1.06628,0.00195,0.18%,256682
18/09/2023,1.06621,1.06987,1.06549,1.06916,0.00288,0.27%,221544
19/09/2023,1.0692,1.07181,1.06751,1.06812,-0.00104,-0.10%,217577
20/09/2023,1.06795,1.07369,1.06502,1.06599,-0.00213,-0.20%,267416
21/09/2023,1.0661,1.06735,1.06174,1.06619,0.0002,0.02%,294849
22/09/2023,1.06609,1.06717,1.0615,1.06443,-0.00176,-0.17%,260600
25/09/2023,1.06535,1.06554,1.05761,1.05928,-0.00515,-0.48%,221854
26/09/2023,1.05931,1.06089,1.0562,1.05715,-0.00213,-0.20%,246709
27/09/2023,1.05724,1.05753,1.04885,1.0504,-0.00675,-0.64%,295810
28/09/2023,1.05029,1.05786,1.04912,1.05665,0.00625,0.60%,311271
29/09/2023,1.05658,1.0617,1.05581,1.05735,0.0007,0.07%,304002
2/10/2023,1.05671,1.05916,1.04781,1.04794,-0.00941,-0.89%,252657
3/10/2023,1.04774,1.04931,1.04487,1.04666,-0.00128,-0.12%,318167
4/10/2023,1.04664,1.05322,1.04513,1.05049,0.00383,0.37%,308509
5/10/2023,1.05041,1.05519,1.05002,1.05508,0.00459,0.44%,298849
6/10/2023,1.05503,1.05999,1.0483,1.05838,0.0033,0.31%,323262
9/10/2023,1.05629,1.05744,1.05197,1.05657,-0.00181,-0.17%,295319
10/10/2023,1.05671,1.06199,1.05548,1.06053,0.00396,0.37%,343663
11/10/2023,1.06054,1.06345,1.05816,1.06187,0.00134,0.13%,304207
12/10/2023,1.06196,1.06395,1.05258,1.0528,-0.00907,-0.85%,295493
13/10/2023,1.05288,1.05587,1.04955,1.05068,-0.00212,-0.20%,311658
16/10/2023,1.05096,1.05628,1.05091,1.0559,0.00522,0.50%,259823
17/10/2023,1.05605,1.05948,1.05327,1.05772,0.00182,0.17%,294130
18/10/2023,1.05774,1.05942,1.05232,1.05355,-0.00417,-0.39%,285682
19/10/2023,1.05364,1.06158,1.05282,1.05811,0.00456,0.43%,311487
20/10/2023,1.05823,1.06035,1.05651,1.05949,0.00138,0.13%,251513
23/10/2023,1.06011,1.06777,1.05715,1.06694,0.00745,0.70%,240832
24/10/2023,1.06697,1.06936,1.05833,1.05898,-0.00796,-0.75%,258093
25/10/2023,1.05903,1.06067,1.05659,1.05663,-0.00235,-0.22%,242056
26/10/2023,1.05663,1.05719,1.05235,1.05611,-0.00052,-0.05%,264861
27/10/2023,1.05624,1.0597,1.05355,1.05654,0.00043,0.04%,246647
30/10/2023,1.05684,1.06249,1.05473,1.06153,0.00499,0.47%,213590
31/10/2023,1.06154,1.06743,1.05577,1.05747,-0.00406,-0.38%,267558
1/11/2023,1.05756,1.05806,1.05178,1.05704,-0.00043,-0.04%,277039
2/11/2023,1.05702,1.06678,1.05685,1.06217,0.00513,0.49%,249289
3/11/2023,1.06216,1.07466,1.06149,1.07316,0.01099,1.03%,251325
6/11/2023,1.07305,1.07562,1.07166,1.07172,-0.00144,-0.13%,204571
7/11/2023,1.07172,1.07229,1.06643,1.07001,-0.00171,-0.16%,239454
8/11/2023,1.07,1.07159,1.06595,1.07097,0.00096,0.09%,211390
9/11/2023,1.07095,1.07252,1.06602,1.06683,-0.00414,-0.39%,229845
10/11/2023,1.06682,1.06929,1.06564,1.06843,0.0016,0.15%,207656
13/11/2023,1.06857,1.0706,1.06653,1.06985,0.00142,0.13%,173374
14/11/2023,1.06986,1.08875,1.0693,1.08792,0.01807,1.69%,234137
15/11/2023,1.0879,1.0886,1.08318,1.08466,-0.00326,-0.30%,230343
16/11/2023,1.08473,1.08955,1.08302,1.08538,0.00072,0.07%,217968
17/11/2023,1.08527,1.09149,1.08249,1.09149,0.00611,0.56%,219670
20/11/2023,1.0913,1.09516,1.08977,1.09406,0.00257,0.24%,203394
21/11/2023,1.09402,1.09651,1.09004,1.09125,-0.00281,-0.26%,223321
22/11/2023,1.09108,1.0923,1.08527,1.08885,-0.0024,-0.22%,227699
23/11/2023,1.08885,1.09306,1.08851,1.09062,0.00177,0.16%,138209
24/11/2023,1.09056,1.09489,1.0895,1.09411,0.00349,0.32%,160224
27/11/2023,1.09376,1.09592,1.09252,1.09551,0.0014,0.13%,193559
28/11/2023,1.09538,1.10089,1.09346,1.09952,0.00401,0.37%,236291
29/11/2023,1.0993,1.10173,1.09604,1.09695,-0.00257,-0.23%,243738
30/11/2023,1.09697,1.09837,1.08796,1.08895,-0.008,-0.73%,258178
1/12/2023,1.08883,1.09128,1.08291,1.0881,-0.00085,-0.08%,264851
4/12/2023,1.08768,1.08948,1.08041,1.08358,-0.00452,-0.42%,243218
5/12/2023,1.08363,1.08474,1.07782,1.07983,-0.00375,-0.35%,255738
6/12/2023,1.07968,1.08043,1.07587,1.07635,-0.00348,-0.32%,234891
7/12/2023,1.07644,1.08172,1.07555,1.07958,0.00323,0.30%,278461
8/12/2023,1.07938,1.08006,1.07243,1.07625,-0.00333,-0.31%,288097
11/12/2023,1.07589,1.07789,1.07417,1.07641,0.00016,0.01%,214864
12/12/2023,1.0765,1.08272,1.07612,1.07945,0.00304,0.28%,243791
13/12/2023,1.07944,1.08965,1.07731,1.08743,0.00798,0.74%,264087
14/12/2023,1.08743,1.10091,1.08737,1.09916,0.01173,1.08%,370343
15/12/2023,1.09933,1.10037,1.08887,1.08953,-0.00963,-0.88%,310780
18/12/2023,1.0901,1.09308,1.08923,1.09236,0.00283,0.26%,231346
19/12/2023,1.09239,1.09875,1.0915,1.09802,0.00566,0.52%,249261
20/12/2023,1.09806,1.09839,1.09299,1.09422,-0.0038,-0.35%,239099
21/12/2023,1.09426,1.10123,1.09355,1.10118,0.00696,0.64%,278020
22/12/2023,1.10111,1.10403,1.09939,1.10126,0.00008,0.01%,257287
25/12/2023,1.10137,1.10137,1.10137,1.10137,0.00011,0.01%,1
26/12/2023,1.10138,1.10452,1.10087,1.10414,0.00277,0.25%,142146
27/12/2023,1.10425,1.11227,1.10287,1.11068,0.00654,0.59%,205481
28/12/2023,1.11053,1.11395,1.10553,1.10615,-0.00453,-0.41%,228429
29/12/2023,1.10614,1.10843,1.10343,1.10381,-0.00234,-0.21%,228346
1/01/2024,1.10377,1.10377,1.10377,1.10377,-0.00004,0.00%,1
2/01/2024,1.10382,1.10447,1.09387,1.0941,-0.00967,-0.88%,243330
3/01/2024,1.09412,1.09651,1.08933,1.09197,-0.00213,-0.19%,266335
4/01/2024,1.09221,1.09719,1.09163,1.09479,0.00282,0.26%,241639
5/01/2024,1.09444,1.09982,1.08771,1.09406,-0.00073,-0.07%,281181
8/01/2024,1.09461,1.09787,1.09229,1.09508,0.00102,0.09%,208009
9/01/2024,1.09502,1.09663,1.09107,1.09309,-0.00199,-0.18%,239657
10/01/2024,1.09314,1.09728,1.09231,1.09721,0.00412,0.38%,220816
11/01/2024,1.09729,1.09985,1.09305,1.09724,0.00003,0.00%,297526
12/01/2024,1.09725,1.09867,1.0936,1.09504,-0.0022,-0.20%,254045
15/01/2024,1.0952,1.09677,1.09336,1.09507,0.00003,0.00%,158094
16/01/2024,1.09506,1.09517,1.08626,1.08757,-0.0075,-0.68%,286196
17/01/2024,1.08757,1.08846,1.08446,1.08816,0.00059,0.05%,259282
18/01/2024,1.08826,1.09067,1.08471,1.08755,-0.00061,-0.06%,266527
19/01/2024,1.08766,1.08978,1.08659,1.08975,0.0022,0.20%,226524
22/01/2024,1.08932,1.09096,1.08799,1.0882,-0.00155,-0.14%,201997
23/01/2024,1.08826,1.09159,1.08217,1.08534,-0.00286,-0.26%,228590
24/01/2024,1.08548,1.09322,1.08505,1.08845,0.00311,0.29%,253715
25/01/2024,1.08848,1.0902,1.08222,1.08475,-0.0037,-0.34%,255714
26/01/2024,1.08466,1.08851,1.0813,1.08531,0.00056,0.05%,228809
29/01/2024,1.08465,1.08501,1.07962,1.08345,-0.00186,-0.17%,196036
30/01/2024,1.08335,1.0857,1.0812,1.08456,0.00111,0.10%,224186
31/01/2024,1.08455,1.08873,1.07951,1.08181,-0.00275,-0.25%,284514
1/02/2024,1.08179,1.08749,1.07799,1.08716,0.00535,0.49%,281236
2/02/2024,1.08718,1.08977,1.07806,1.07889,-0.00827,-0.76%,259151
5/02/2024,1.07861,1.07865,1.07234,1.07413,-0.00476,-0.44%,227327
6/02/2024,1.07428,1.07624,1.07228,1.07549,0.00136,0.13%,236248
7/02/2024,1.07547,1.07841,1.07535,1.07723,0.00174,0.16%,239182
8/02/2024,1.07719,1.07888,1.07416,1.07783,0.0006,0.06%,231343
9/02/2024,1.07781,1.07948,1.07622,1.07843,0.0006,0.06%,221894
12/02/2024,1.07833,1.08056,1.07564,1.07721,-0.00122,-0.11%,184767
13/02/2024,1.07721,1.07947,1.07006,1.07095,-0.00626,-0.58%,249767
14/02/2024,1.07087,1.07344,1.06951,1.07274,0.00179,0.17%,235277
15/02/2024,1.07274,1.07847,1.07249,1.07734,0.0046,0.43%,228075
16/02/2024,1.07727,1.07874,1.07324,1.07764,0.0003,0.03%,233989
19/02/2024,1.07776,1.07895,1.07621,1.07797,0.00033,0.03%,136120
20/02/2024,1.07796,1.08389,1.07617,1.08083,0.00286,0.27%,233534
21/02/2024,1.08074,1.0824,1.079,1.08175,0.00092,0.09%,219831
22/02/2024,1.0819,1.08884,1.08037,1.08237,0.00062,0.06%,246819
23/02/2024,1.08231,1.08395,1.08121,1.08209,-0.00028,-0.03%,215889
26/02/2024,1.0823,1.08596,1.08128,1.0851,0.00301,0.28%,191238
27/02/2024,1.08516,1.08659,1.08332,1.08449,-0.00061,-0.06%,202460
28/02/2024,1.08445,1.08479,1.07966,1.08379,-0.0007,-0.06%,213549
29/02/2024,1.08384,1.08558,1.07957,1.08047,-0.00332,-0.31%,268757
1/03/2024,1.08053,1.08431,1.07983,1.084,0.00353,0.33%,228933
4/03/2024,1.08387,1.08667,1.0838,1.08558,0.00158,0.15%,178157
5/03/2024,1.08558,1.08759,1.08406,1.08564,0.00006,0.01%,194231
6/03/2024,1.08568,1.09152,1.08422,1.08991,0.00427,0.39%,225974
7/03/2024,1.0899,1.09492,1.0868,1.09483,0.00492,0.45%,234054
8/03/2024,1.09482,1.09806,1.09199,1.09392,-0.00091,-0.08%,256211
11/03/2024,1.09439,1.09481,1.09145,1.09258,-0.00134,-0.12%,180409
12/03/2024,1.09259,1.09433,1.09024,1.09275,0.00017,0.02%,219481
13/03/2024,1.09276,1.09636,1.09201,1.09476,0.00201,0.18%,189021
14/03/2024,1.09475,1.09549,1.08808,1.08832,-0.00644,-0.59%,211200
15/03/2024,1.08832,1.08997,1.08731,1.08881,0.00049,0.05%,179063
18/03/2024,1.08895,1.09061,1.08662,1.08723,-0.00158,-0.15%,147253
19/03/2024,1.08724,1.08766,1.08348,1.08661,-0.00062,-0.06%,193160
20/03/2024,1.08661,1.09228,1.08366,1.09221,0.0056,0.52%,203862
21/03/2024,1.09221,1.09427,1.08556,1.08598,-0.00623,-0.57%,230489
22/03/2024,1.08598,1.08681,1.08017,1.08082,-0.00516,-0.48%,177643
25/03/2024,1.08083,1.08423,1.08023,1.08375,0.00293,0.27%,139148
26/03/2024,1.08375,1.08641,1.08244,1.08312,-0.00063,-0.06%,176637
27/03/2024,1.08313,1.0839,1.0811,1.08276,-0.00036,-0.03%,164201
28/03/2024,1.08276,1.08282,1.0775,1.07885,-0.00391,-0.36%,188596
29/03/2024,1.07886,1.08061,1.07683,1.07965,0.0008,0.07%,104591
1/04/2024,1.0793,1.07988,1.0731,1.07432,-0.00533,-0.49%,138884
2/04/2024,1.07433,1.07789,1.07248,1.07695,0.00263,0.24%,175779
3/04/2024,1.07696,1.0837,1.07641,1.0836,0.00665,0.62%,179312
4/04/2024,1.0836,1.08767,1.08319,1.08371,0.00011,0.01%,164659
5/04/2024,1.08369,1.08484,1.07913,1.08375,0.00004,0.00%,206476
8/04/2024,1.08388,1.08622,1.0821,1.08595,0.0022,0.20%,161593
9/04/2024,1.08595,1.08851,1.08477,1.08571,-0.00024,-0.02%,157904
10/04/2024,1.0857,1.08659,1.07289,1.07428,-0.01143,-1.05%,197928
11/04/2024,1.07427,1.07564,1.06996,1.07263,-0.00165,-0.15%,231264
12/04/2024,1.07262,1.07294,1.06229,1.06412,-0.00851,-0.79%,230553
15/04/2024,1.0636,1.06653,1.06204,1.06247,-0.00165,-0.16%,221383
16/04/2024,1.06247,1.06538,1.06016,1.06186,-0.00061,-0.06%,257478
17/04/2024,1.06185,1.06796,1.06064,1.06729,0.00543,0.51%,228255
18/04/2024,1.0673,1.069,1.06415,1.06434,-0.00295,-0.28%,199108
19/04/2024,1.06434,1.06774,1.06106,1.06566,0.00132,0.12%,268153
22/04/2024,1.06575,1.06706,1.0624,1.06547,-0.00019,-0.02%,167895
23/04/2024,1.06548,1.07112,1.06386,1.07015,0.00468,0.44%,196878
24/04/2024,1.07015,1.07142,1.06781,1.06989,-0.00026,-0.02%,175405
25/04/2024,1.06989,1.0739,1.06784,1.07299,0.0031,0.29%,205258
26/04/2024,1.07298,1.07528,1.06741,1.06934,-0.00365,-0.34%,202471
29/04/2024,1.06955,1.07336,1.06903,1.07206,0.00272,0.25%,219694
30/04/2024,1.07207,1.07354,1.06651,1.06664,-0.00542,-0.51%,214810
1/05/2024,1.06664,1.07326,1.06496,1.07133,0.00469,0.44%,188211
2/05/2024,1.07132,1.07303,1.06747,1.07255,0.00122,0.11%,229528
3/05/2024,1.07257,1.08113,1.07239,1.07629,0.00374,0.35%,229380
6/05/2024,1.07634,1.07907,1.07555,1.07697,0.00068,0.06%,143413
7/05/2024,1.07696,1.07874,1.0748,1.07546,-0.00151,-0.14%,166692
8/05/2024,1.07546,1.07574,1.07351,1.07487,-0.00059,-0.05%,137871
9/05/2024,1.07488,1.07843,1.07239,1.07821,0.00334,0.31%,165044
10/05/2024,1.0782,1.07901,1.07607,1.07713,-0.00108,-0.10%,161173
13/05/2024,1.0775,1.08067,1.07659,1.07894,0.00181,0.17%,154444
14/05/2024,1.07892,1.08257,1.07676,1.08197,0.00303,0.28%,160891
15/05/2024,1.08196,1.0886,1.08132,1.08843,0.00646,0.60%,191583
16/05/2024,1.08842,1.0895,1.08545,1.08673,-0.0017,-0.16%,166909
17/05/2024,1.08673,1.08787,1.08357,1.08695,0.00022,0.02%,143855
20/05/2024,1.08677,1.08846,1.08544,1.08567,-0.00128,-0.12%,133692
21/05/2024,1.08567,1.08747,1.08429,1.08539,-0.00028,-0.03%,160971
22/05/2024,1.08539,1.08635,1.08176,1.08229,-0.0031,-0.29%,168136
23/05/2024,1.0823,1.0861,1.08049,1.08149,-0.0008,-0.07%,187429
24/05/2024,1.08148,1.08577,1.08056,1.08462,0.00313,0.29%,155143
27/05/2024,1.08469,1.08674,1.08409,1.08584,0.00122,0.11%,95539
28/05/2024,1.08584,1.08892,1.08551,1.08569,-0.00015,-0.01%,161465
29/05/2024,1.0857,1.08603,1.08,1.08014,-0.00555,-0.51%,177750
30/05/2024,1.08015,1.08451,1.07884,1.08326,0.00312,0.29%,171441
31/05/2024,1.08326,1.0882,1.08114,1.08482,0.00156,0.14%,189620
3/06/2024,1.08448,1.09048,1.08279,1.09045,0.00563,0.52%,173230
4/06/2024,1.09046,1.09159,1.08594,1.08793,-0.00252,-0.23%,194140
5/06/2024,1.08792,1.08915,1.08545,1.08688,-0.00105,-0.10%,168631
6/06/2024,1.08688,1.09019,1.08622,1.08898,0.0021,0.19%,169240
7/06/2024,1.08898,1.09017,1.07998,1.08057,-0.00841,-0.77%,199281
10/06/2024,1.07946,1.07946,1.07331,1.07651,-0.00406,-0.38%,165088
11/06/2024,1.0765,1.07736,1.07198,1.07407,-0.00244,-0.23%,168658
12/06/2024,1.07406,1.08526,1.07347,1.08091,0.00684,0.64%,232188
13/06/2024,1.0809,1.08164,1.07332,1.0737,-0.00721,-0.67%,187576
14/06/2024,1.07371,1.0745,1.06676,1.07049,-0.00321,-0.30%,216467
17/06/2024,1.07034,1.07379,1.06864,1.07343,0.00294,0.27%,171683
18/06/2024,1.07343,1.07614,1.07102,1.07398,0.00055,0.05%,176546
19/06/2024,1.07398,1.07535,1.07249,1.07441,0.00043,0.04%,117579
20/06/2024,1.07442,1.07492,1.07019,1.0702,-0.00421,-0.39%,166831
21/06/2024,1.07021,1.07206,1.06712,1.06927,-0.00093,-0.09%,181059
24/06/2024,1.06866,1.07465,1.06839,1.0734,0.00413,0.39%,157435
25/06/2024,1.07341,1.07442,1.06909,1.07143,-0.00197,-0.18%,149377
26/06/2024,1.07142,1.0718,1.06661,1.06806,-0.00337,-0.31%,168946
27/06/2024,1.06806,1.07264,1.06772,1.07037,0.00231,0.22%,177229
28/06/2024,1.07036,1.0725,1.06855,1.07142,0.00105,0.10%,197256
1/07/2024,1.07319,1.07764,1.07201,1.07407,0.00265,0.25%,165343
2/07/2024,1.07406,1.07471,1.07103,1.07455,0.00048,0.04%,164685
3/07/2024,1.07455,1.08165,1.07363,1.07882,0.00427,0.40%,136616
4/07/2024,1.07882,1.08144,1.07837,1.08125,0.00243,0.23%,105339
5/07/2024,1.08125,1.08427,1.08029,1.08397,0.00272,0.25%,165639
8/07/2024,1.08079,1.08452,1.08029,1.08238,-0.00159,-0.15%,152523
9/07/2024,1.08254,1.08334,1.08055,1.0813,-0.00108,-0.10%,149684
10/07/2024,1.08132,1.08305,1.08111,1.08297,0.00167,0.15%,134614
11/07/2024,1.08297,1.08995,1.08273,1.08683,0.00386,0.36%,204229
12/07/2024,1.08683,1.09115,1.0862,1.09068,0.00385,0.35%,190118
15/07/2024,1.08816,1.09222,1.08816,1.08947,-0.00121,-0.11%,174485
16/07/2024,1.08947,1.09054,1.08716,1.0899,0.00043,0.04%,168683
17/07/2024,1.08991,1.09481,1.08953,1.09402,0.00412,0.38%,193128
18/07/2024,1.09402,1.09412,1.08937,1.08969,-0.00433,-0.40%,184094
19/07/2024,1.08968,1.09052,1.08758,1.08837,-0.00132,-0.12%,160811
22/07/2024,1.08874,1.09028,1.0873,1.0891,0.00073,0.07%,157549
23/07/2024,1.0891,1.08967,1.08441,1.0854,-0.0037,-0.34%,157460
24/07/2024,1.08539,1.08665,1.08259,1.08401,-0.00139,-0.13%,184353
25/07/2024,1.084,1.087,1.08284,1.08456,0.00055,0.05%,209275
26/07/2024,1.08456,1.08684,1.08422,1.08559,0.00103,0.09%,164210
29/07/2024,1.08659,1.087,1.08028,1.08213,-0.00346,-0.32%,153466
30/07/2024,1.08214,1.08357,1.07983,1.08153,-0.0006,-0.06%,173509
31/07/2024,1.08153,1.08493,1.08022,1.08257,0.00104,0.10%,239131
1/08/2024,1.08256,1.08353,1.07778,1.07917,-0.0034,-0.31%,235618
2/08/2024,1.07916,1.09266,1.0782,1.09109,0.01192,1.10%,283573
5/08/2024,1.09246,1.10082,1.08927,1.09519,0.0041,0.38%,425215
6/08/2024,1.09519,1.09631,1.09038,1.09317,-0.00202,-0.18%,317361
7/08/2024,1.09318,1.09368,1.09056,1.09228,-0.00089,-0.08%,245060
8/08/2024,1.09227,1.09449,1.08815,1.09186,-0.00042,-0.04%,238677
9/08/2024,1.09187,1.09315,1.09091,1.09162,-0.00024,-0.02%,179878
12/08/2024,1.09155,1.09394,1.09103,1.09317,0.00155,0.14%,166072
13/08/2024,1.09317,1.09995,1.09142,1.09939,0.00622,0.57%,204925
14/08/2024,1.09939,1.10471,1.09865,1.10124,0.00185,0.17%,199246
15/08/2024,1.10125,1.10156,1.09497,1.09716,-0.00408,-0.37%,179025
16/08/2024,1.09717,1.10296,1.0971,1.10286,0.0057,0.52%,165586
19/08/2024,1.10285,1.10864,1.10228,1.10855,0.00569,0.52%,176870
20/08/2024,1.10854,1.11302,1.10718,1.11302,0.00447,0.40%,197549
21/08/2024,1.11301,1.1174,1.11002,1.11501,0.00199,0.18%,210063
22/08/2024,1.11502,1.11647,1.10982,1.11121,-0.0038,-0.34%,197259
23/08/2024,1.11121,1.1201,1.11056,1.11928,0.00807,0.73%,216120
26/08/2024,1.1189,1.12016,1.11502,1.11612,-0.00316,-0.28%,200766
27/08/2024,1.11611,1.11907,1.11507,1.11846,0.00234,0.21%,193022
28/08/2024,1.11846,1.11863,1.11051,1.112,-0.00646,-0.58%,213538
29/08/2024,1.11201,1.114,1.10559,1.10775,-0.00425,-0.38%,221884
30/08/2024,1.10777,1.10951,1.1044,1.10476,-0.00299,-0.27%,217501
2/09/2024,1.10475,1.10774,1.10422,1.10724,0.00248,0.22%,134947
3/09/2024,1.10725,1.10739,1.10263,1.10437,-0.00287,-0.26%,222843
4/09/2024,1.10439,1.1095,1.10398,1.10824,0.00387,0.35%,213770
5/09/2024,1.10824,1.11194,1.10748,1.11106,0.00282,0.25%,213093
6/09/2024,1.11106,1.11557,1.10656,1.10858,-0.00248,-0.22%,231419
9/09/2024,1.10861,1.1091,1.10337,1.1035,-0.00508,-0.46%,188969
10/09/2024,1.10349,1.10495,1.10153,1.10197,-0.00153,-0.14%,183947
11/09/2024,1.10197,1.10551,1.10021,1.1012,-0.00077,-0.07%,235355
12/09/2024,1.1012,1.10752,1.10059,1.10744,0.00624,0.57%,216913
13/09/2024,1.10744,1.11018,1.10705,1.10753,0.00009,0.01%,216845
16/09/2024,1.10802,1.11373,1.10763,1.1133,0.00577,0.52%,180799
17/09/2024,1.11329,1.1146,1.11114,1.11134,-0.00196,-0.18%,207577
18/09/2024,1.11133,1.11885,1.1097,1.11187,0.00053,0.05%,235994
19/09/2024,1.11186,1.1179,1.10687,1.11614,0.00427,0.38%,284594
20/09/2024,1.11614,1.11819,1.11363,1.11633,0.00019,0.02%,250559
23/09/2024,1.11618,1.11674,1.10835,1.11114,-0.00519,-0.46%,228841
24/09/2024,1.11115,1.11809,1.11035,1.11796,0.00682,0.61%,226497
25/09/2024,1.11794,1.1214,1.11218,1.11327,-0.00469,-0.42%,235727
26/09/2024,1.11328,1.11892,1.11258,1.11769,0.00442,0.40%,255696
27/09/2024,1.11769,1.12029,1.11249,1.11637,-0.00132,-0.12%,265981
30/09/2024,1.11637,1.12091,1.1114,1.11348,-0.00289,-0.26%,238820
1/10/2024,1.11347,1.11441,1.10461,1.10679,-0.00669,-0.60%,268241
2/10/2024,1.10679,1.10829,1.10329,1.1045,-0.00229,-0.21%,225342
3/10/2024,1.1045,1.10498,1.10086,1.10305,-0.00145,-0.13%,237537
4/10/2024,1.10305,1.10396,1.09513,1.09757,-0.00548,-0.50%,232722
7/10/2024,1.09636,1.09871,1.09543,1.09748,-0.00009,-0.01%,209091
8/10/2024,1.09748,1.09971,1.09611,1.09812,0.00064,0.06%,216104
9/10/2024,1.09807,1.09812,1.09363,1.09399,-0.00413,-0.38%,207927
10/10/2024,1.09398,1.09548,1.09005,1.09373,-0.00026,-0.02%,240297
11/10/2024,1.09373,1.09539,1.09245,1.09376,0.00003,0.00%,181670
14/10/2024,1.09331,1.09367,1.08884,1.09089,-0.00287,-0.26%,167270
15/10/2024,1.09088,1.09168,1.0882,1.08925,-0.00164,-0.15%,201875
16/10/2024,1.08929,1.09013,1.08533,1.08618,-0.00307,-0.28%,194823
17/10/2024,1.08617,1.08733,1.08115,1.08313,-0.00305,-0.28%,216290
18/10/2024,1.08312,1.08696,1.08254,1.08677,0.00364,0.34%,194223
21/10/2024,1.08595,1.08712,1.08111,1.08148,-0.00529,-0.49%,197338
22/10/2024,1.08147,1.08381,1.07928,1.07998,-0.0015,-0.14%,204680
23/10/2024,1.07999,1.08067,1.07615,1.07825,-0.00173,-0.16%,227833
24/10/2024,1.07828,1.08299,1.07706,1.08278,0.00453,0.42%,213404
25/10/2024,1.08277,1.08394,1.07931,1.0796,-0.00318,-0.29%,210629
28/10/2024,1.07993,1.08276,1.07823,1.08122,0.00162,0.15%,180493
29/10/2024,1.08123,1.08264,1.07689,1.08183,0.00061,0.06%,246024
30/10/2024,1.08183,1.08715,1.08085,1.0856,0.00377,0.35%,244949
31/10/2024,1.0856,1.0888,1.08442,1.08836,0.00276,0.25%,263769
1/11/2024,1.08837,1.09055,1.08319,1.08338,-0.00498,-0.46%,245291
4/11/2024,1.08791,1.09146,1.087,1.08774,0.00436,0.40%,216818
5/11/2024,1.08775,1.09364,1.08727,1.09302,0.00528,0.49%,194225
6/11/2024,1.09303,1.09369,1.06829,1.07291,-0.02011,-1.84%,440623
7/11/2024,1.07291,1.08249,1.07131,1.08031,0.0074,0.69%,294103
8/11/2024,1.08032,1.08061,1.0687,1.0719,-0.00841,-0.78%,277570
11/11/2024,1.07082,1.07279,1.06287,1.06562,-0.00628,-0.59%,240446
12/11/2024,1.0656,1.06633,1.0595,1.06232,-0.0033,-0.31%,250443
13/11/2024,1.06232,1.06526,1.05562,1.05638,-0.00594,-0.56%,279704
14/11/2024,1.05638,1.05823,1.04972,1.05302,-0.00336,-0.32%,282410
15/11/2024,1.05302,1.05925,1.05165,1.05408,0.00106,0.10%,268790
18/11/2024,1.05297,1.06072,1.05296,1.05987,0.00579,0.55%,218303
19/11/2024,1.05987,1.06008,1.05244,1.0596,-0.00027,-0.03%,289538
20/11/2024,1.05959,1.06099,1.05073,1.05436,-0.00524,-0.49%,248566
21/11/2024,1.05436,1.05549,1.04623,1.04743,-0.00693,-0.66%,272499
22/11/2024,1.04744,1.04983,1.03336,1.04203,-0.0054,-0.52%,312739
25/11/2024,1.04803,1.05303,1.04492,1.04956,0.00753,0.72%,289426
26/11/2024,1.04956,1.05448,1.04253,1.04888,-0.00068,-0.06%,329401
27/11/2024,1.04887,1.05874,1.04745,1.05663,0.00775,0.74%,294407
28/11/2024,1.05662,1.057,1.05275,1.05551,-0.00112,-0.11%,188216
29/11/2024,1.05551,1.0597,1.05416,1.05782,0.00231,0.22%,282139
2/12/2024,1.05743,1.05746,1.0461,1.0498,-0.00802,-0.76%,295902
3/12/2024,1.0498,1.05352,1.04811,1.05091,0.00111,0.11%,277942
4/12/2024,1.05091,1.05439,1.04726,1.05104,0.00013,0.01%,297201
5/12/2024,1.05105,1.05894,1.05082,1.05877,0.00773,0.74%,247645
6/12/2024,1.05876,1.06297,1.05424,1.0568,-0.00197,-0.19%,262561
9/12/2024,1.05625,1.05943,1.05322,1.05537,-0.00143,-0.14%,228615
10/12/2024,1.05537,1.05681,1.04989,1.05275,-0.00262,-0.25%,240871
11/12/2024,1.05276,1.05394,1.04802,1.04964,-0.00311,-0.30%,276169
12/12/2024,1.04963,1.0531,1.04637,1.04668,-0.00296,-0.28%,290437
13/12/2024,1.0467,1.0524,1.04534,1.05033,0.00365,0.35%,247442
16/12/2024,1.04902,1.05243,1.04747,1.05116,0.00083,0.08%,219596
17/12/2024,1.05115,1.05343,1.04791,1.04914,-0.00202,-0.19%,245318
18/12/2024,1.04915,1.05127,1.03444,1.03526,-0.01388,-1.32%,273734
19/12/2024,1.03529,1.04222,1.03478,1.03632,0.00106,0.10%,354070
20/12/2024,1.03633,1.04475,1.03432,1.04292,0.0066,0.64%,306644
23/12/2024,1.04356,1.04454,1.03843,1.04064,-0.00228,-0.22%,215040
24/12/2024,1.04063,1.04103,1.03838,1.04021,-0.00043,-0.04%,155334
26/12/2024,1.0402,1.04298,1.03907,1.04217,0.00196,0.19%,190425
27/12/2024,1.04216,1.04438,1.04053,1.04265,0.00048,0.05%,202582
30/12/2024,1.04301,1.04586,1.03717,1.0407,-0.00195,-0.19%,221991
31/12/2024,1.04069,1.04245,1.03444,1.03498,-0.00572,-0.55%,190899
2/01/2025,1.03567,1.03751,1.02241,1.02667,-0.00831,-0.80%,272410
3/01/2025,1.02665,1.03099,1.0259,1.03088,0.00421,0.41%,216728
6/01/2025,1.03037,1.04365,1.02957,1.03903,0.00815,0.79%,295561
7/01/2025,1.03904,1.04345,1.03399,1.03402,-0.00501,-0.48%,279381
8/01/2025,1.03404,1.03576,1.02735,1.0319,-0.00212,-0.21%,286646
9/01/2025,1.03189,1.03215,1.0284,1.03,-0.0019,-0.18%,209472
10/01/2025,1.03001,1.03118,1.02151,1.02419,-0.00581,-0.56%,281862
13/01/2025,1.02401,1.02499,1.01776,1.02442,0.00023,0.02%,254999
14/01/2025,1.0244,1.03085,1.02387,1.03082,0.0064,0.62%,283233
15/01/2025,1.03083,1.03538,1.02599,1.02903,-0.00179,-0.17%,262143
16/01/2025,1.02902,1.0315,1.02619,1.03022,0.00119,0.12%,263455
17/01/2025,1.03023,1.03306,1.02656,1.02717,-0.00305,-0.30%,244315
20/01/2025,1.02819,1.0434,1.02669,1.0416,0.01443,1.40%,238691
21/01/2025,1.0416,1.04352,1.03423,1.0428,0.0012,0.12%,318902
22/01/2025,1.04281,1.04573,1.03928,1.04096,-0.00184,-0.18%,258103
23/01/2025,1.04095,1.0438,1.03741,1.0416,0.00064,0.06%,263062
24/01/2025,1.0416,1.05215,1.04118,1.04942,0.00782,0.75%,280411
27/01/2025,1.04797,1.05332,1.0454,1.04921,-0.00021,-0.02%,294028
28/01/2025,1.04921,1.04946,1.04138,1.04305,-0.00616,-0.59%,264614
29/01/2025,1.04304,1.04436,1.03826,1.04211,-0.00094,-0.09%,273870
30/01/2025,1.04211,1.04676,1.03865,1.03919,-0.00292,-0.28%,240340
31/01/2025,1.03919,1.04335,1.03503,1.03595,-0.00324,-0.31%,295481
3/02/2025,1.02298,1.03497,1.0211,1.03441,-0.00154,-0.15%,353573
4/02/2025,1.0344,1.03876,1.02723,1.03787,0.00346,0.33%,290021
5/02/2025,1.03787,1.04427,1.037,1.04032,0.00245,0.24%,270582
6/02/2025,1.04031,1.04058,1.03529,1.03835,-0.00197,-0.19%,227105
7/02/2025,1.03835,1.04111,1.03066,1.03276,-0.00559,-0.54%,272887
10/02/2025,1.03206,1.03363,1.02884,1.03071,-0.00205,-0.20%,202495
11/02/2025,1.03071,1.03816,1.02922,1.03615,0.00544,0.53%,215732
12/02/2025,1.03615,1.04296,1.03173,1.03831,0.00216,0.21%,271342
13/02/2025,1.03831,1.04669,1.03738,1.04654,0.00823,0.79%,285898
14/02/2025,1.04655,1.05142,1.04473,1.04916,0.00262,0.25%,248939
17/02/2025,1.04826,1.05063,1.04672,1.04838,-0.00078,-0.07%,151065
18/02/2025,1.04838,1.04861,1.04352,1.04458,-0.0038,-0.36%,196827
19/02/2025,1.04458,1.04614,1.04009,1.0423,-0.00228,-0.22%,215419
20/02/2025,1.0423,1.05036,1.04189,1.05017,0.00787,0.76%,228393
21/02/2025,1.05016,1.05053,1.04494,1.04609,-0.00408,-0.39%,229912
24/02/2025,1.04818,1.05282,1.0453,1.04681,0.00072,0.07%,249361
25/02/2025,1.0468,1.05192,1.04565,1.05149,0.00468,0.45%,248527
26/02/2025,1.05149,1.05281,1.0475,1.04847,-0.00302,-0.29%,265478
27/02/2025,1.04846,1.04926,1.03971,1.03983,-0.00864,-0.82%,260163
28/02/2025,1.03984,1.042,1.036,1.03763,-0.0022,-0.21%,273059
3/03/2025,1.03997,1.05033,1.03887,1.04878,0.01115,1.07%,290199
4/03/2025,1.04879,1.06272,1.04714,1.06264,0.01386,1.32%,369127
5/03/2025,1.06263,1.07966,1.06023,1.07891,0.01627,1.53%,391246
6/03/2025,1.07893,1.08536,1.07659,1.07851,-0.0004,-0.04%,379945
7/03/2025,1.07852,1.08885,1.07817,1.08335,0.00484,0.45%,322756
10/03/2025,1.08357,1.08748,1.08057,1.08344,0.00009,0.01%,299303
11/03/2025,1.08345,1.09472,1.08318,1.0919,0.00846,0.78%,314003
12/03/2025,1.0919,1.09313,1.0876,1.08878,-0.00312,-0.29%,290600
13/03/2025,1.08878,1.08971,1.08227,1.08522,-0.00356,-0.33%,279630
14/03/2025,1.08523,1.0912,1.0831,1.08793,0.00271,0.25%,240858
17/03/2025,1.08786,1.09295,1.08688,1.09225,0.00432,0.40%,202700
18/03/2025,1.09225,1.09544,1.08927,1.09443,0.00218,0.20%,221386
19/03/2025,1.09444,1.09465,1.08609,1.09027,-0.00416,-0.38%,235989
20/03/2025,1.09026,1.09173,1.0815,1.08532,-0.00495,-0.45%,221624
21/03/2025,1.08531,1.08611,1.07984,1.0816,-0.00372,-0.34%,209301
24/03/2025,1.08129,1.08579,1.07818,1.0801,-0.0015,-0.14%,216019
25/03/2025,1.0801,1.08303,1.07771,1.07916,-0.00094,-0.09%,217216
26/03/2025,1.07915,1.08029,1.07439,1.07538,-0.00378,-0.35%,222461
27/03/2025,1.07538,1.08209,1.07338,1.08017,0.00479,0.45%,232762
28/03/2025,1.08017,1.08447,1.07648,1.08291,0.00274,0.25%,223360
31/03/2025,1.08211,1.08496,1.0784,1.08152,-0.00139,-0.13%,259126
1/04/2025,1.08152,1.083,1.07785,1.07914,-0.00238,-0.22%,245299
2/04/2025,1.07914,1.09242,1.07806,1.08571,0.00657,0.61%,240526
3/04/2025,1.08568,1.11467,1.08056,1.10524,0.01953,1.80%,260573
4/04/2025,1.10526,1.11074,1.09245,1.09637,-0.00887,-0.80%,238486
7/04/2025,1.09167,1.10499,1.08862,1.09059,-0.00578,-0.53%,514085
8/04/2025,1.09059,1.09918,1.08895,1.09577,0.00518,0.47%,437691
9/04/2025,1.09578,1.1095,1.09147,1.09489,-0.00088,-0.08%,549605
10/04/2025,1.09489,1.12413,1.09439,1.12011,0.02522,2.30%,471399
11/04/2025,1.12012,1.14737,1.11935,1.1361,0.01599,1.43%,528041
14/04/2025,1.13048,1.14246,1.12964,1.13504,-0.00106,-0.09%,386419
15/04/2025,1.13503,1.13785,1.12646,1.12818,-0.00686,-0.60%,340009
16/04/2025,1.12818,1.14128,1.12818,1.13986,0.01168,1.04%,368150
17/04/2025,1.13986,1.14091,1.13359,1.13724,-0.00262,-0.23%,325241
18/04/2025,1.13724,1.13724,1.13724,1.13724,0,0.00%,0
21/04/2025,1.13933,1.15729,1.13933,1.15135,0.01411,1.24%,263331
22/04/2025,1.15135,1.15472,1.14178,1.1421,-0.00925,-0.80%,317944
23/04/2025,1.1421,1.14399,1.13087,1.13146,-0.01064,-0.93%,349674
24/04/2025,1.13146,1.13978,1.13146,1.13892,0.00746,0.66%,268817
25/04/2025,1.13893,1.13934,1.13158,1.13633,-0.00259,-0.23%,253351
28/04/2025,1.13675,1.14249,1.13297,1.14219,0.00586,0.52%,249541
29/04/2025,1.14221,1.14246,1.13703,1.13858,-0.00361,-0.32%,265804
30/04/2025,1.13859,1.13993,1.13176,1.13291,-0.00567,-0.50%,276680
1/05/2025,1.13291,1.13409,1.1266,1.12906,-0.00385,-0.34%,235074
2/05/2025,1.12906,1.13806,1.12746,1.13,0.00094,0.08%,286011
5/05/2025,1.12958,1.13645,1.12958,1.13152,0.00152,0.13%,232790
6/05/2025,1.13152,1.1381,1.12802,1.13694,0.00542,0.48%,247275
7/05/2025,1.13695,1.13779,1.12921,1.13022,-0.00672,-0.59%,266097
8/05/2025,1.13021,1.13363,1.12123,1.1229,-0.00732,-0.65%,269833
9/05/2025,1.12289,1.12928,1.11971,1.12498,0.00208,0.19%,202504
12/05/2025,1.1203,1.12428,1.10659,1.10868,-0.0163,-1.45%,307191
13/05/2025,1.10867,1.11949,1.10863,1.11846,0.00978,0.88%,228620
14/05/2025,1.11846,1.12654,1.11651,1.11743,-0.00103,-0.09%,257385
15/05/2025,1.11744,1.12279,1.11705,1.11852,0.00109,0.10%,218166
16/05/2025,1.11853,1.12197,1.11313,1.1164,-0.00212,-0.19%,200289
19/05/2025,1.11861,1.12882,1.11727,1.12425,0.00785,0.70%,234623
20/05/2025,1.12425,1.12857,1.12184,1.12842,0.00417,0.37%,215208
21/05/2025,1.12841,1.13624,1.12806,1.13301,0.00459,0.41%,250326
22/05/2025,1.133,1.13446,1.12559,1.128,-0.00501,-0.44%,256098
23/05/2025,1.12801,1.13751,1.12795,1.1364,0.0084,0.74%,235645
26/05/2025,1.13646,1.14186,1.13634,1.13873,0.00233,0.21%,142686
27/05/2025,1.13872,1.14072,1.13235,1.13281,-0.00592,-0.52%,212169
28/05/2025,1.13281,1.1345,1.1284,1.12913,-0.00368,-0.32%,219552
29/05/2025,1.12914,1.13844,1.12113,1.1367,0.00757,0.67%,246163
30/05/2025,1.13672,1.13897,1.13131,1.13477,-0.00193,-0.17%,239237
2/06/2025,1.13525,1.14496,1.13487,1.14429,0.00952,0.84%,224815
3/06/2025,1.1443,1.14545,1.13645,1.13704,-0.00725,-0.63%,206161
4/06/2025,1.13704,1.14346,1.13576,1.14192,0.00488,0.43%,215241
5/06/2025,1.14194,1.14947,1.1405,1.14444,0.00252,0.22%,244822
6/06/2025,1.14445,1.14571,1.13718,1.13946,-0.00498,-0.44%,208260
9/06/2025,1.13974,1.1439,1.13869,1.14208,0.00262,0.23%,161021
10/06/2025,1.14209,1.14477,1.13732,1.14255,0.00047,0.04%,204236
11/06/2025,1.14254,1.14995,1.14055,1.14875,0.0062,0.54%,225861
12/06/2025,1.14875,1.16306,1.14853,1.15849,0.00974,0.85%,270607
13/06/2025,1.15849,1.16139,1.14897,1.15511,-0.00338,-0.29%,293151
16/06/2025,1.15502,1.16149,1.15243,1.15604,0.00093,0.08%,220432
17/06/2025,1.15606,1.15806,1.1475,1.14802,-0.00802,-0.69%,250171
18/06/2025,1.14801,1.15301,1.14613,1.14822,0.0002,0.02%,251937
19/06/2025,1.14821,1.14998,1.14466,1.14972,0.0015,0.13%,190780
20/06/2025,1.14972,1.1544,1.14919,1.15227,0.00255,0.22%,206855
23/06/2025,1.14685,1.15816,1.1454,1.15778,0.00551,0.48%,272158
24/06/2025,1.15778,1.16413,1.15741,1.16095,0.00317,0.27%,264363
25/06/2025,1.16095,1.16652,1.15901,1.16596,0.00501,0.43%,205901
26/06/2025,1.16596,1.17445,1.1655,1.17009,0.00413,0.35%,258909
27/06/2025,1.17009,1.17537,1.16811,1.1719,0.00181,0.15%,226744
30/06/2025,1.1736,1.17884,1.17081,1.17873,0.00683,0.58%,217438
1/07/2025,1.17874,1.18295,1.17614,1.18064,0.00191,0.16%,228265
2/07/2025,1.18065,1.18099,1.17472,1.17994,-0.0007,-0.06%,210114
3/07/2025,1.17993,1.18101,1.17186,1.17571,-0.00423,-0.36%,196170
4/07/2025,1.1757,1.17874,1.17537,1.17776,0.00205,0.17%,150938
7/07/2025,1.1782,1.17898,1.16873,1.17085,-0.00691,-0.59%,191977
8/07/2025,1.17085,1.17651,1.16828,1.17252,0.00167,0.14%,203492
9/07/2025,1.17251,1.17295,1.16899,1.17216,-0.00036,-0.03%,181300
10/07/2025,1.17215,1.17494,1.16628,1.17007,-0.00209,-0.18%,180228
11/07/2025,1.17007,1.17137,1.16657,1.16905,-0.00102,-0.09%,199630
14/07/2025,1.1666,1.16979,1.16546,1.16644,-0.00261,-0.22%,176130
15/07/2025,1.16645,1.16925,1.15931,1.16013,-0.00631,-0.54%,196838
16/07/2025,1.16013,1.17208,1.15626,1.16417,0.00404,0.35%,233064
17/07/2025,1.16416,1.16423,1.1557,1.15966,-0.00451,-0.39%,177092
18/07/2025,1.15966,1.1672,1.15945,1.16261,0.00295,0.25%,175469
21/07/2025,1.16379,1.17166,1.16147,1.16958,0.00697,0.60%,171121
22/07/2025,1.16957,1.17604,1.16788,1.17546,0.00588,0.50%,162957
23/07/2025,1.17545,1.17752,1.17113,1.17721,0.00175,0.15%,192213
24/07/2025,1.17719,1.17886,1.1731,1.17482,-0.00239,-0.20%,181629
25/07/2025,1.17481,1.17608,1.17039,1.17424,-0.00058,-0.05%,184072
28/07/2025,1.17698,1.17701,1.15854,1.15889,-0.01535,-1.31%,217098
29/07/2025,1.1589,1.15992,1.15192,1.15459,-0.0043,-0.37%,220329
30/07/2025,1.15459,1.15723,1.14015,1.14045,-0.01414,-1.22%,228317
31/07/2025,1.14046,1.14606,1.14042,1.1415,0.00105,0.09%,220713
1/08/2025,1.1415,1.15967,1.1392,1.15864,0.01714,1.50%,269813
4/08/2025,1.15916,1.15959,1.15497,1.15728,-0.00136,-0.12%,219113
5/08/2025,1.15728,1.15879,1.15282,1.15755,0.00027,0.02%,197715
6/08/2025,1.15755,1.16685,1.15646,1.16601,0.00846,0.73%,184504
7/08/2025,1.16601,1.16989,1.16112,1.16667,0.00066,0.06%,212759
8/08/2025,1.16669,1.1679,1.16293,1.16421,-0.00246,-0.21%,174281
11/08/2025,1.16457,1.16755,1.15903,1.16155,-0.00266,-0.23%,158862
12/08/2025,1.16155,1.1697,1.15989,1.16743,0.00588,0.51%,220736
13/08/2025,1.16744,1.17302,1.167,1.17049,0.00306,0.26%,170368
14/08/2025,1.17049,1.17151,1.16312,1.16475,-0.00574,-0.49%,191518
15/08/2025,1.16475,1.17153,1.16464,1.1704,0.00565,0.49%,154275
18/08/2025,1.17168,1.17168,1.16561,1.16606,-0.00434,-0.37%,251326
19/08/2025,1.16606,1.16931,1.16393,1.16465,-0.00141,-0.12%,253277
20/08/2025,1.16466,1.16735,1.16225,1.16498,0.00033,0.03%,278978
21/08/2025,1.16499,1.16624,1.16013,1.16058,-0.0044,-0.38%,285711
22/08/2025,1.16059,1.17426,1.15831,1.17201,0.01143,0.98%,304468
25/08/2025,1.17199,1.17269,1.1603,1.16187,-0.01014,-0.87%,257754
26/08/2025,1.16188,1.16653,1.16023,1.16417,0.0023,0.20%,324110
27/08/2025,1.16418,1.16477,1.15741,1.16387,-0.0003,-0.03%,278982
28/08/2025,1.16386,1.16973,1.16292,1.16829,0.00442,0.38%,289419
29/08/2025,1.1683,1.17088,1.16514,1.16853,0.00024,0.02%,284113
1/09/2025,1.16946,1.17365,1.16871,1.17114,0.00261,0.22%,211498
2/09/2025,1.17113,1.17183,1.1613,1.1641,-0.00704,-0.60%,373090
3/09/2025,1.16411,1.1682,1.16083,1.16609,0.00199,0.17%,304256
4/09/2025,1.16609,1.16692,1.16302,1.165,-0.00109,-0.09%,287139
5/09/2025,1.16501,1.17594,1.16484,1.17186,0.00686,0.59%,323711
8/09/2025,1.17102,1.17654,1.17039,1.17636,0.0045,0.38%,293175
9/09/2025,1.17636,1.17801,1.17038,1.17094,-0.00542,-0.46%,326773
10/09/2025,1.17093,1.17305,1.16835,1.16937,-0.00157,-0.13%,313540
11/09/2025,1.16937,1.17462,1.16632,1.17342,0.00405,0.35%,327208
12/09/2025,1.17342,1.17477,1.17015,1.17332,-0.0001,-0.01%,285175
15/09/2025,1.17332,1.17745,1.17164,1.17611,0.00279,0.24%,257677
16/09/2025,1.17612,1.18782,1.17575,1.18675,0.01064,0.90%,340149
17/09/2025,1.18675,1.19186,1.18081,1.18132,-0.00543,-0.46%,336549
18/09/2025,1.18134,1.18483,1.17504,1.17867,-0.00265,-0.22%,373976
19/09/2025,1.17867,1.17924,1.17289,1.17462,-0.00405,-0.34%,327221
22/09/2025,1.17464,1.18035,1.17263,1.18035,0.00573,0.49%,276525
23/09/2025,1.18036,1.182,1.17797,1.18147,0.00112,0.09%,303661
24/09/2025,1.18147,1.18188,1.17282,1.1738,-0.00767,-0.65%,315432
25/09/2025,1.1738,1.1754,1.16456,1.16651,-0.00729,-0.62%,342046
26/09/2025,1.16651,1.17072,1.16583,1.17013,0.00362,0.31%,307903
29/09/2025,1.17032,1.17543,1.17017,1.17271,0.00258,0.22%,285449
30/09/2025,1.17272,1.17615,1.17123,1.17335,0.00064,0.05%,296644
1/10/2025,1.17335,1.17787,1.17156,1.17308,-0.00027,-0.02%,360927
2/10/2025,1.17307,1.17582,1.16835,1.1716,-0.00148,-0.13%,276761
3/10/2025,1.17159,1.17586,1.17144,1.17425,0.00265,0.23%,245942
6/10/2025,1.17202,1.17308,1.16519,1.17128,-0.00297,-0.25%,304513
7/10/2025,1.1713,1.17156,1.16477,1.16579,-0.00549,-0.47%,262664
8/10/2025,1.1658,1.16612,1.15986,1.16299,-0.0028,-0.24%,286858
9/10/2025,1.16299,1.16482,1.15423,1.15644,-0.00655,-0.56%,325375
10/10/2025,1.15644,1.16305,1.15571,1.16228,0.00584,0.50%,304756
13/10/2025,1.1614,1.16298,1.15576,1.15704,-0.00524,-0.45%,276231
14/10/2025,1.15705,1.16147,1.15431,1.16073,0.00369,0.32%,343755
15/10/2025,1.16073,1.16477,1.16018,1.16472,0.00399,0.34%,297009
16/10/2025,1.16472,1.16941,1.1643,1.16874,0.00402,0.35%,316372
17/10/2025,1.16875,1.17283,1.16508,1.16525,-0.00349,-0.30%,345643
20/10/2025,1.16711,1.16756,1.16388,1.16415,-0.0011,-0.09%,258512
21/10/2025,1.16415,1.16551,1.15977,1.15996,-0.00419,-0.36%,314061
22/10/2025,1.15996,1.16225,1.15771,1.16103,0.00107,0.09%,285001
23/10/2025,1.16103,1.162,1.15855,1.16182,0.00079,0.07%,232931
24/10/2025,1.16182,1.16477,1.1601,1.1627,0.00088,0.08%,262384
27/10/2025,1.16315,1.16522,1.16178,1.1645,0.0018,0.15%,224083
28/10/2025,1.16449,1.16687,1.16256,1.16514,0.00064,0.05%,259797
29/10/2025,1.16514,1.16659,1.15779,1.1601,-0.00504,-0.43%,318698
30/10/2025,1.16009,1.16374,1.15471,1.15648,-0.00362,-0.31%,304329
31/10/2025,1.15648,1.15775,1.15216,1.15374,-0.00274,-0.24%,256273
3/11/2025,1.15307,1.15413,1.15052,1.15197,-0.00177,-0.15%,245628
4/11/2025,1.15197,1.15336,1.14732,1.14818,-0.00379,-0.33%,283557
5/11/2025,1.14818,1.14981,1.1469,1.14925,0.00107,0.09%,260977
6/11/2025,1.14926,1.15522,1.1491,1.15472,0.00547,0.48%,276845
7/11/2025,1.15471,1.1591,1.15298,1.15653,0.00181,0.16%,268950
10/11/2025,1.15586,1.1583,1.15412,1.15568,-0.00085,-0.07%,236489
11/11/2025,1.15569,1.16059,1.15474,1.1582,0.00252,0.22%,243897
12/11/2025,1.15819,1.1598,1.15631,1.15933,0.00113,0.10%,251165
13/11/2025,1.15932,1.16555,1.15793,1.16339,0.00406,0.35%,169850
14/11/2025,1.16338,1.16536,1.16065,1.16211,-0.00128,-0.11%,261391
17/11/2025,1.16248,1.16248,1.15825,1.15919,-0.00292,-0.25%,236775
18/11/2025,1.15919,1.16078,1.15717,1.15807,-0.00112,-0.10%,273483
19/11/2025,1.15808,1.15973,1.15183,1.15381,-0.00426,-0.37%,296384
20/11/2025,1.15382,1.15499,1.15068,1.15282,-0.00099,-0.09%,314836
21/11/2025,1.15282,1.15523,1.14912,1.15133,-0.00149,-0.13%,323280
24/11/2025,1.15155,1.15504,1.1502,1.15207,0.00074,0.06%,229064
25/11/2025,1.15207,1.15858,1.15117,1.15696,0.00489,0.42%,268333
26/11/2025,1.15696,1.16009,1.15476,1.15954,0.00258,0.22%,285649
27/11/2025,1.15954,1.16135,1.15766,1.15958,0.00004,0.00%,181076
28/11/2025,1.15958,1.16075,1.15553,1.15982,0.00024,0.02%,363460
1/12/2025,1.15969,1.1652,1.15895,1.16094,0.00112,0.10%,304867
2/12/2025,1.16095,1.16259,1.15915,1.16258,0.00164,0.14%,249507
3/12/2025,1.16255,1.16777,1.16216,1.1671,0.00452,0.39%,265591
4/12/2025,1.16709,1.1682,1.16411,1.16444,-0.00266,-0.23%,266090
5/12/2025,1.16443,1.16718,1.16282,1.16441,-0.00003,0.00%,229691
8/12/2025,1.16462,1.16719,1.16164,1.16376,-0.00065,-0.06%,269871
9/12/2025,1.16376,1.16573,1.16152,1.16263,-0.00113,-0.10%,258447
10/12/2025,1.16262,1.16998,1.16219,1.16959,0.00696,0.60%,296828
11/12/2025,1.16958,1.17628,1.16824,1.17374,0.00415,0.35%,298500
12/12/2025,1.17374,1.175,1.17195,1.17408,0.00034,0.03%,264300
15/12/2025,1.1739,1.17689,1.17265,1.17541,0.00133,0.11%,264971
16/12/2025,1.17542,1.18041,1.17346,1.17468,-0.00073,-0.06%,316363
17/12/2025,1.17469,1.17582,1.17034,1.17406,-0.00062,-0.05%,310294
18/12/2025,1.17407,1.17626,1.17126,1.17243,-0.00163,-0.14%,310465
19/12/2025,1.17243,1.17378,1.17031,1.17091,-0.00152,-0.13%,277041
22/12/2025,1.1719,1.17694,1.17066,1.17622,0.00531,0.45%,239982
23/12/2025,1.17622,1.1802,1.17584,1.17949,0.00327,0.28%,262314
24/12/2025,1.1795,1.18082,1.17728,1.17745,-0.00204,-0.17%,182635
25/12/2025,1.17745,1.17745,1.17745,1.17745,0,0.00%,0
26/12/2025,1.17748,1.1797,1.17616,1.17721,-0.00024,-0.02%,212642
