Time,Open,High,Low,Latest,Change,%Change,Volume
2001-08-27,173.39,173.82,172.89,173.06,-0.17,-0.10%,0
2001-08-28,172.95,174.98,172.73,174.46,1.4,+0.81%,0
2001-08-29,174.37,174.69,172.81,174.35,-0.11,-0.06%,0
2001-08-30,174.36,174.45,173.23,174.05,-0.3,-0.17%,0
2001-08-31,174.03,174.17,171.87,172.69,-1.36,-0.78%,0
2001-09-03,172.95,173.19,172.19,172.67,-0.02,-0.01%,0
2001-09-04,172.49,173.02,171.6,172.31,-0.36,-0.21%,0
2001-09-05,172.41,176.08,172.11,175.91,3.6,+2.09%,0
2001-09-06,175.84,176.82,175.15,176.12,0.21,+0.12%,0
2001-09-07,176.05,176.83,175.02,175.4,-0.72,-0.41%,0
2001-09-10,175.45,176.97,175.06,176.42,1.02,+0.58%,0
2001-09-11,176.14,178.01,175.36,176.11,-0.31,-0.18%,0
2001-09-12,176.5,176.67,174.51,175.46,-0.65,-0.37%,0
2001-09-13,175.44,175.7,174.19,174.96,-0.5,-0.28%,0
2001-09-14,174.87,175.46,171.69,172.82,-2.14,-1.22%,0
2001-09-17,172.91,174.64,171.5,172.78,-0.04,-0.02%,0
2001-09-18,172.55,173.76,171.35,172.15,-0.63,-0.36%,0
2001-09-19,172.25,173.12,171.65,172.71,0.56,+0.33%,0
2001-09-20,172.69,172.75,169.57,170.55,-2.16,-1.25%,0
2001-09-21,170.52,171.79,169.1,169.89,-0.66,-0.39%,0
2001-09-24,170.11,172.22,169.19,172.01,2.12,+1.25%,0
2001-09-25,171.96,173.19,170.88,172.78,0.77,+0.45%,0
2001-09-26,172.94,174.22,172.32,173.68,0.9,+0.52%,0
2001-09-27,173.68,176.92,173.48,176.5,2.82,+1.62%,0
2001-09-28,176.44,176.54,174.3,176.28,-0.22,-0.12%,0
2001-10-01,175.79,178.04,175.68,177.81,1.53,+0.87%,0
2001-10-02,177.78,178.93,176.41,177.48,-0.33,-0.19%,0
2001-10-03,177.37,179.01,176.71,178.18,0.7,+0.39%,0
2001-10-04,178.18,178.36,176.77,177.97,-0.21,-0.12%,0
2001-10-05,177.81,178.91,177.27,178.91,0.94,+0.53%,0
2001-10-08,178.7,178.7,176.24,176.75,-2.16,-1.21%,0
2001-10-09,176.65,177.07,174.81,175.13,-1.62,-0.92%,0
2001-10-10,175.13,175.9,173.87,174.77,-0.36,-0.21%,0
2001-10-11,174.65,175.71,174.22,175.41,0.64,+0.37%,0
2001-10-12,175.42,176.3,175.16,176.01,0.6,+0.34%,0
2001-10-15,175.36,176.08,174.66,175.13,-0.88,-0.50%,0
2001-10-16,175.04,176.06,174.56,175.72,0.59,+0.34%,0
2001-10-17,175.61,176.21,175.13,175.54,-0.18,-0.10%,0
2001-10-18,175.41,175.65,174.34,174.79,-0.75,-0.43%,0
2001-10-19,174.81,175.1,173.54,173.65,-1.14,-0.65%,0
2001-10-22,173.65,174.7,173.65,174.61,0.96,+0.55%,0
2001-10-23,174.35,175.04,174.03,174.78,0.17,+0.10%,0
2001-10-24,174.89,175.67,174.54,175.48,0.7,+0.40%,0
2001-10-25,175.39,175.85,174.92,175.35,-0.13,-0.07%,0
2001-10-26,175.3,176.62,174.84,176.28,0.93,+0.53%,0
2001-10-29,176.11,177.56,175.84,177.33,1.05,+0.60%,0
2001-10-30,177.28,177.73,176.76,176.99,-0.34,-0.19%,0
2001-10-31,176.96,178.32,176.78,178.03,1.04,+0.59%,0
2001-11-01,178.04,178.61,177.55,178.51,0.48,+0.27%,0
2001-11-02,178.44,178.53,177.38,177.95,-0.56,-0.31%,0
2001-11-05,177.78,177.93,176.81,177.57,-0.38,-0.21%,0
2001-11-06,177.38,177.75,176.12,176.58,-0.99,-0.56%,0
2001-11-07,176.54,177.77,176.17,177.09,0.51,+0.29%,0
2001-11-08,177.18,177.66,174.1,174.7,-2.39,-1.35%,0
2001-11-09,174.51,175.61,174.18,175.35,0.65,+0.37%,0
2001-11-12,175.33,176.21,174.77,175.17,-0.18,-0.10%,0
2001-11-13,175.23,175.89,174.84,175.38,0.21,+0.12%,0
2001-11-14,175.2,175.72,174.75,175.28,-0.1,-0.06%,0
2001-11-15,175.23,176.16,175.02,175.18,-0.1,-0.06%,0
2001-11-16,175.12,176.01,174.94,175.45,0.27,+0.15%,0
2001-11-19,175.32,175.77,173.65,174.11,-1.34,-0.76%,0
2001-11-20,173.97,174.46,173.47,174.01,-0.1,-0.06%,0
2001-11-21,174.12,175.04,173.77,174.46,0.45,+0.26%,0
2001-11-22,174.54,175.29,174.31,174.96,0.5,+0.29%,0
2001-11-23,174.89,175.79,174.3,175.37,0.41,+0.23%,0
2001-11-26,175.42,176.11,175.05,175.24,-0.13,-0.07%,0
2001-11-27,175.19,175.94,174.43,175.38,0.14,+0.08%,0
2001-11-28,175.44,175.7,174.36,175.41,0.03,+0.02%,0
2001-11-29,175.58,176.63,175.13,176.56,1.15,+0.66%,0
2001-11-30,176.75,176.97,175.27,175.98,-0.58,-0.33%,0
2001-12-03,175.6,176.91,175.45,176.79,0.81,+0.46%,0
2001-12-04,176.91,177.02,175.94,176.47,-0.32,-0.18%,0
2001-12-05,176.81,177.01,175.7,175.84,-0.63,-0.36%,0
2001-12-06,175.92,178.38,175.32,178.16,2.32,+1.32%,0
2001-12-07,177.98,180.08,177.77,179.86,1.7,+0.95%,0
2001-12-10,179.87,181.31,179.83,180.83,0.97,+0.54%,0
2001-12-11,181.07,181.67,180.26,181.42,0.59,+0.33%,0
2001-12-12,181.32,183.05,180.92,182.58,1.16,+0.64%,0
2001-12-13,182.31,183.1,181.91,182.04,-0.54,-0.30%,0
2001-12-14,181.72,185.8,181.46,185.13,3.09,+1.70%,0
2001-12-17,185.04,186.61,184.92,186.03,0.9,+0.49%,0
2001-12-18,186.17,187.46,185.82,186.14,0.11,+0.06%,0
2001-12-19,186.36,187.13,184.84,185.75,-0.39,-0.21%,0
2001-12-20,185.94,186.68,184.68,186.15,0.4,+0.22%,0
2001-12-21,186.8,188.35,185.56,186.4,0.25,+0.13%,0
2001-12-24,186.71,187.58,185.99,187.34,0.94,+0.50%,0
2001-12-25,187.37,189.41,186.96,188.78,1.44,+0.77%,0
2001-12-26,189.02,190.41,187.89,190.21,1.43,+0.76%,0
2001-12-27,190.07,191.46,189.94,191.07,0.86,+0.45%,0
2001-12-28,191.16,191.45,189.19,190.26,-0.81,-0.42%,0
2001-12-31,190.47,191.61,190.02,191.43,1.17,+0.61%,0
2002-01-02,191.46,192.17,190.22,190.98,-0.45,-0.24%,0
2002-01-03,191.22,191.33,189.15,189.3,-1.68,-0.88%,0
2002-01-04,189.7,189.86,188.02,188.77,-0.53,-0.28%,0
2002-01-07,189.66,189.69,187.97,188.61,-0.16,-0.08%,0
2002-01-08,188.87,191.41,188.77,191.04,2.43,+1.29%,0
2002-01-09,191.36,192.05,190.1,190.68,-0.36,-0.19%,0
2002-01-10,191.34,191.76,190.03,191.27,0.59,+0.31%,0
2002-01-11,190.57,191.41,189.79,191.02,-0.25,-0.13%,0
2002-01-14,191.72,191.72,190.62,191.18,0.16,+0.08%,0
2002-01-15,191.53,191.53,188.95,189.04,-2.14,-1.12%,0
2002-01-16,189.06,189.77,188.47,189.41,0.37,+0.20%,0
2002-01-17,189.9,190.42,188.77,190.29,0.88,+0.46%,0
2002-01-18,190.34,191.19,190.07,190.71,0.42,+0.22%,0
2002-01-21,190.3,190.68,190.02,190.32,-0.39,-0.20%,0
2002-01-22,190.61,192.15,190.4,191.28,0.96,+0.50%,0
2002-01-23,191.28,192.31,190.95,191.42,0.14,+0.07%,0
2002-01-24,191.92,192.01,190.68,191.68,0.26,+0.14%,0
2002-01-25,192.19,192.43,188.83,189.35,-2.33,-1.22%,0
2002-01-28,190.09,190.26,187.54,187.9,-1.45,-0.77%,0
2002-01-29,188.18,189.13,187.06,188.55,0.65,+0.35%,0
2002-01-30,188.75,188.96,187.35,187.94,-0.61,-0.32%,0
2002-01-31,188.03,190.8,187.33,190.73,2.79,+1.48%,0
2002-02-01,190.13,190.41,188.32,188.66,-2.07,-1.09%,0
2002-02-04,188.46,189.14,187.72,188.12,-0.54,-0.29%,0
2002-02-05,188.35,190.23,187.75,189.45,1.33,+0.71%,0
2002-02-06,189.64,190.1,188.26,188.78,-0.67,-0.35%,0
2002-02-07,188.87,189.52,188.03,188.72,-0.06,-0.03%,0
2002-02-08,189.25,191.39,188.57,190.53,1.81,+0.96%,0
2002-02-11,191,191.64,189.75,189.77,-0.76,-0.40%,0
2002-02-12,189.74,190.93,189.51,190.15,0.38,+0.20%,0
2002-02-13,190.16,191.69,189.26,190.49,0.34,+0.18%,0
2002-02-14,190.43,190.51,188.45,189.1,-1.39,-0.73%,0
2002-02-15,189.18,190.47,188.54,189.83,0.73,+0.39%,0
2002-02-18,190.05,190.3,189.3,189.56,-0.27,-0.14%,0
2002-02-19,189.64,191.46,189.32,191.35,1.79,+0.94%,0
2002-02-20,191.23,191.46,190.46,190.97,-0.38,-0.20%,0
2002-02-21,190.9,191.77,190.1,191.12,0.15,+0.08%,0
2002-02-22,191.53,192.27,190.89,192.07,0.95,+0.50%,0
2002-02-25,192.2,192.24,190.59,190.71,-1.36,-0.71%,0
2002-02-26,190.87,191.72,190.32,190.62,-0.09,-0.05%,0
2002-02-27,190.92,191.37,190.24,190.79,0.17,+0.09%,0
2002-02-28,190.65,191.26,188.89,189.34,-1.45,-0.76%,0
2002-03-01,189.01,190.21,188.75,189.04,-0.3,-0.16%,0
2002-03-04,189.4,189.64,187.15,188.14,-0.9,-0.48%,0
2002-03-05,188,188.74,187.05,188.29,0.15,+0.08%,0
2002-03-06,188.45,188.5,186.01,186.18,-2.11,-1.12%,0
2002-03-07,185.97,186.37,180.25,181.63,-4.55,-2.44%,0
2002-03-08,182.28,183.08,181.62,182.72,1.09,+0.60%,0
2002-03-11,183.08,183.71,181.71,182.2,-0.52,-0.28%,0
2002-03-12,182.36,183,180.4,182.35,0.15,+0.08%,0
2002-03-13,182.61,183.61,182.15,183.23,0.88,+0.48%,0
2002-03-14,183.28,183.71,182.11,183.59,0.36,+0.20%,0
2002-03-15,183.51,184.22,183.27,183.8,0.21,+0.11%,0
2002-03-18,183.64,187.56,183.61,187.36,3.56,+1.94%,0
2002-03-19,187.49,188.58,186.7,188.04,0.68,+0.36%,0
2002-03-20,188.15,188.49,186.89,187.81,-0.23,-0.12%,0
2002-03-21,187.75,188.87,187.46,188.06,0.25,+0.13%,0
2002-03-22,188.44,189.71,188.22,189.31,1.25,+0.66%,0
2002-03-25,189.56,190.38,188.85,190.16,0.85,+0.45%,0
2002-03-26,190.26,190.37,188.96,189.74,-0.42,-0.22%,0
2002-03-27,189.77,190.07,188.5,189.09,-0.65,-0.34%,0
2002-03-28,188.9,189.36,188.23,188.92,-0.17,-0.09%,0
2002-03-29,189.25,189.25,189.25,189.25,0.33,+0.17%,0
2002-04-01,189.75,192.58,189.45,192.17,2.92,+1.54%,0
2002-04-02,191.94,192.32,191.34,191.63,-0.54,-0.28%,0
2002-04-03,191.29,191.45,190.24,190.53,-1.1,-0.57%,0
2002-04-04,190.62,191.19,189.34,189.73,-0.8,-0.42%,0
2002-04-05,189.79,189.92,188.51,188.83,-0.9,-0.47%,0
2002-04-08,188.78,189.07,187.53,188.15,-0.68,-0.36%,0
2002-04-09,188.34,188.83,187.51,187.86,-0.29,-0.15%,0
2002-04-10,188.34,188.83,187.51,187.86,0,0.00%,0
2002-04-11,187.81,189.56,187.61,189.2,1.34,+0.71%,0
2002-04-12,189.08,190.06,188.67,189.67,0.47,+0.25%,0
2002-04-15,189.67,190.08,188.73,189.73,0.06,+0.03%,0
2002-04-16,190.02,190.1,188.43,188.77,-0.96,-0.51%,0
2002-04-17,188.9,189.42,188.41,188.82,0.05,+0.03%,0
2002-04-18,189.11,189.27,187.39,188.1,-0.72,-0.38%,0
2002-04-19,188.32,189.06,188.11,188.8,0.7,+0.37%,0
2002-04-22,188.83,189.15,187.62,188.41,-0.39,-0.21%,0
2002-04-23,188.97,188.97,187.92,188.38,-0.03,-0.02%,0
2002-04-24,188.6,188.83,187.51,187.67,-0.71,-0.38%,0
2002-04-25,187.92,188.09,186.33,187.08,-0.59,-0.31%,0
2002-04-26,187.25,187.49,185.94,186.35,-0.73,-0.39%,0
2002-04-29,186.65,187.16,186.17,186.77,0.42,+0.23%,0
2002-04-30,186.91,187.58,186.26,187.33,0.56,+0.30%,0
2002-05-01,187.51,187.74,186.18,186.48,-0.85,-0.45%,0
2002-05-02,186.56,187.8,186.15,187.31,0.83,+0.45%,0
2002-05-03,187.01,187.25,186.25,186.45,-0.86,-0.46%,0
2002-05-06,186.64,187.14,186.41,186.84,0.39,+0.21%,0
2002-05-07,186.74,188.23,186.29,187.84,1,+0.54%,0
2002-05-08,187.95,188.43,186.98,187.53,-0.31,-0.17%,0
2002-05-09,187.85,187.96,186.96,187.34,-0.19,-0.10%,0
2002-05-10,187.47,188.3,186.48,186.62,-0.72,-0.38%,0
2002-05-13,186.9,187.15,185.88,186.16,-0.46,-0.25%,0
2002-05-14,186.3,186.88,186.02,186.33,0.17,+0.09%,0
2002-05-15,186.49,186.65,185.33,186.51,0.18,+0.10%,0
2002-05-16,186.44,187.14,185.71,186.75,0.24,+0.13%,0
2002-05-17,186.53,186.61,183.32,183.6,-3.15,-1.69%,0
2002-05-20,183.91,184.28,182.51,183,-0.6,-0.33%,0
2002-05-21,183.02,183.82,180.24,181.11,-1.89,-1.03%,0
2002-05-22,181.3,182.62,180.19,181.12,0.01,+0.01%,0
2002-05-23,181.51,182.48,180.78,181.76,0.64,+0.35%,0
2002-05-24,182.05,182.11,181.44,181.65,-0.11,-0.06%,0
2002-05-27,181.89,182.23,181.58,181.8,0.15,+0.08%,0
2002-05-28,181.88,182.27,181.55,181.6,-0.2,-0.11%,0
2002-05-29,181.8,182,181.39,181.82,0.22,+0.12%,0
2002-05-30,181.89,182.01,180.07,180.56,-1.26,-0.69%,0
2002-05-31,180.8,182.37,180.46,180.97,0.41,+0.23%,0
2002-06-03,181.01,181.27,180.69,180.99,0.02,+0.01%,0
2002-06-04,181.01,181.66,180.38,181.04,0.05,+0.03%,0
2002-06-05,181.12,181.97,180.66,181.64,0.6,+0.33%,0
2002-06-06,181.57,182.22,180.65,181.43,-0.21,-0.12%,0
2002-06-07,181.26,182.09,181.06,181.64,0.21,+0.12%,0
2002-06-10,181.68,182.34,181.52,182.05,0.41,+0.23%,0
2002-06-11,182.3,184.79,181.87,184.46,2.41,+1.32%,0
2002-06-12,184.51,185.25,184.27,184.75,0.29,+0.16%,0
2002-06-13,184.9,185.13,183.75,183.89,-0.86,-0.47%,0
2002-06-14,183.91,184.19,183.03,183.21,-0.68,-0.37%,0
2002-06-17,183.38,184.24,183.1,184.02,0.81,+0.44%,0
2002-06-18,183.96,185.7,183.77,185.41,1.39,+0.76%,0
2002-06-19,185.43,185.67,184.35,184.62,-0.79,-0.43%,0
2002-06-20,184.83,185.21,184.34,184.95,0.33,+0.18%,0
2002-06-21,185.09,185.58,181.24,181.67,-3.28,-1.77%,0
2002-06-24,182.46,183.91,181.34,182.7,1.03,+0.57%,0
2002-06-25,182.46,183.31,182.29,182.89,0.19,+0.10%,0
2002-06-26,182.95,183.96,181.62,183.18,0.29,+0.16%,0
2002-06-27,183.08,183.53,181.76,182.47,-0.71,-0.39%,0
2002-06-28,183.04,183.74,181.69,182.98,0.51,+0.28%,0
2002-07-01,183.44,184.1,182.96,183.69,0.71,+0.39%,0
2002-07-02,183.49,184.36,183.17,184.19,0.5,+0.27%,0
2002-07-03,184.12,184.3,182.56,182.63,-1.56,-0.85%,0
2002-07-04,182.92,183.86,182.84,183.15,0.52,+0.28%,0
2002-07-05,183.34,183.47,181.95,182.94,-0.21,-0.11%,0
2002-07-08,182.67,183.21,181.62,182.26,-0.68,-0.37%,0
2002-07-09,182.93,183.31,182.1,182.61,0.35,+0.19%,0
2002-07-10,182.59,183.09,181.81,182.01,-0.6,-0.33%,0
2002-07-11,182.51,182.59,180.62,181.86,-0.15,-0.08%,0
2002-07-12,181.58,181.76,180.65,181.13,-0.73,-0.40%,0
2002-07-15,181.75,182.92,180.54,182.64,1.51,+0.83%,0
2002-07-16,182.53,183.08,181.57,182.33,-0.31,-0.17%,0
2002-07-17,182.66,182.98,182.03,182.74,0.41,+0.22%,0
2002-07-18,182.84,183.89,182.5,183.36,0.62,+0.34%,0
2002-07-19,183.32,183.69,182.52,182.71,-0.65,-0.35%,0
2002-07-22,182.75,183.9,182.47,183.56,0.85,+0.47%,0
2002-07-23,183.65,184.4,183.03,183.31,-0.25,-0.14%,0
2002-07-24,183.96,183.96,182.6,183.48,0.17,+0.09%,0
2002-07-25,183.44,184.71,183.01,184.42,0.94,+0.51%,0
2002-07-26,184.68,186.72,184.32,186.07,1.65,+0.89%,0
2002-07-29,186.36,187.5,185.73,187.22,1.15,+0.62%,0
2002-07-30,187.14,189.32,186.45,189.18,1.96,+1.05%,0
2002-07-31,189.17,189.31,186.53,187.4,-1.78,-0.94%,0
2002-08-01,187.38,187.62,185.45,186.44,-0.96,-0.51%,0
2002-08-02,186,187.38,185.79,186.5,0.06,+0.03%,0
2002-08-05,186.68,187.34,185.82,186.74,0.24,+0.13%,0
2002-08-06,186.75,187.05,180.52,185.94,-0.8,-0.43%,0
2002-08-07,186.09,186.36,184.64,185.12,-0.82,-0.44%,0
2002-08-08,185.21,185.36,184.29,185.24,0.12,+0.06%,0
2002-08-09,185.38,185.86,182.82,183.01,-2.23,-1.20%,0
2002-08-12,183.06,183.64,181.84,182.3,-0.71,-0.39%,0
2002-08-13,182.35,182.69,181.61,182.52,0.22,+0.12%,0
2002-08-14,181.89,182.08,179.34,180.44,-2.08,-1.14%,0
2002-08-15,180.03,180.82,179.23,180.1,-0.34,-0.19%,0
2002-08-16,180.25,181.35,179.82,181.22,1.12,+0.62%,0
2002-08-19,180.97,182.6,180.72,180.94,-0.28,-0.15%,0
2002-08-20,181.03,182.23,180.88,181.64,0.7,+0.39%,0
2002-08-21,181.47,181.81,180.36,181.56,-0.08,-0.04%,0
2002-08-22,181.41,182.58,181.12,182.41,0.85,+0.47%,0
2002-08-23,182.11,182.72,181.7,181.91,-0.5,-0.27%,0
2002-08-26,181.76,182.33,181.67,182.17,0.26,+0.14%,0
2002-08-27,182.1,182.3,180.35,181.33,-0.84,-0.46%,0
2002-08-28,181.36,182.31,181.08,182.16,0.83,+0.46%,0
2002-08-29,182.19,183.33,181.12,183.01,0.85,+0.47%,0
2002-08-30,182.81,184.03,182.27,183.62,0.61,+0.33%,0
2002-09-02,183.61,184.13,182.79,182.98,-0.64,-0.35%,0
2002-09-03,182.92,183.39,182.42,183.13,0.15,+0.08%,0
2002-09-04,183.25,184.84,183.08,184.56,1.43,+0.78%,0
2002-09-05,184.34,185.76,184.28,185.23,0.67,+0.36%,0
2002-09-06,185.33,185.92,184.3,184.62,-0.61,-0.33%,0
2002-09-09,184.5,185.84,184.36,185.07,0.45,+0.24%,0
2002-09-10,185.2,186.84,184.58,186.46,1.39,+0.75%,0
2002-09-11,186.65,187.17,186.11,186.98,0.52,+0.28%,0
2002-09-12,186.88,187.7,186.43,187.49,0.51,+0.27%,0
2002-09-13,187.38,189.89,186.43,189.19,1.7,+0.91%,0
2002-09-16,189.3,189.41,188.13,188.67,-0.52,-0.27%,0
2002-09-17,188.53,188.94,187.64,188.12,-0.55,-0.29%,0
2002-09-18,188.19,189.08,186.82,188.59,0.47,+0.25%,0
2002-09-19,188.28,189.35,187.84,188.8,0.21,+0.11%,0
2002-09-20,189.18,192.12,188.94,191.96,3.16,+1.67%,0
2002-09-23,191.82,193.25,190.96,192.24,0.28,+0.15%,0
2002-09-24,191.94,192.46,191.1,192.2,-0.04,-0.02%,0
2002-09-25,192.71,192.79,190.7,191.31,-0.89,-0.46%,0
2002-09-26,191.36,192.06,189.92,190.46,-0.85,-0.44%,0
2002-09-27,190.23,191.87,190.17,191.27,0.81,+0.43%,0
2002-09-30,191.51,191.74,189.65,191.05,-0.22,-0.12%,0
2002-10-01,191.2,192.89,191.08,191.83,0.78,+0.41%,0
2002-10-02,191.47,193.25,191.4,192.77,0.94,+0.49%,0
2002-10-03,192.57,193.38,192.23,192.69,-0.08,-0.04%,0
2002-10-04,192.4,193.29,192.11,192.97,0.28,+0.15%,0
2002-10-07,192.86,194.84,192.43,194.56,1.59,+0.82%,0
2002-10-08,194.83,195.08,192.96,193.14,-1.42,-0.73%,0
2002-10-09,192.62,193.15,192.23,192.94,-0.2,-0.10%,0
2002-10-10,193.03,193.74,192.56,193.42,0.48,+0.25%,0
2002-10-11,193.53,194.25,192.98,193.82,0.4,+0.21%,0
2002-10-14,193.89,194,193.15,193.61,-0.21,-0.11%,0
2002-10-15,193.77,194.27,192.8,193.45,-0.16,-0.08%,0
2002-10-16,193.58,194.15,192.57,193.35,-0.1,-0.05%,0
2002-10-17,193.48,194.11,192.57,193.68,0.33,+0.17%,0
2002-10-18,194.01,194.33,193.43,194.03,0.35,+0.18%,0
2002-10-21,194.1,194.18,192.26,192.75,-1.28,-0.66%,0
2002-10-22,192.86,194.15,192.6,193.39,0.64,+0.33%,0
2002-10-23,193.61,193.73,191.77,192.98,-0.41,-0.21%,0
2002-10-24,192.9,193.55,191.87,193.37,0.39,+0.20%,0
2002-10-25,193.59,193.83,192.2,192.73,-0.64,-0.33%,0
2002-10-28,192.81,193.42,191.95,192.81,0.08,+0.04%,0
2002-10-29,192.77,192.91,190.84,191.73,-1.08,-0.56%,0
2002-10-30,191.55,191.79,190.79,191.46,-0.27,-0.14%,0
2002-10-31,191.54,192.02,190.87,191.71,0.25,+0.13%,0
2002-11-01,191.75,192.18,190.28,191.04,-0.67,-0.35%,0
2002-11-04,191.18,191.39,190.11,190.38,-0.66,-0.35%,0
2002-11-05,190.38,190.64,189.45,190.42,0.04,+0.02%,0
2002-11-06,190.52,191.06,190.18,190.49,0.07,+0.04%,0
2002-11-07,190.57,191.83,190.15,191.43,0.94,+0.49%,0
2002-11-08,191.47,191.94,190.17,190.7,-0.73,-0.38%,0
2002-11-11,191.04,191.04,189.3,189.71,-0.99,-0.52%,0
2002-11-12,190.07,190.37,189.47,190.26,0.55,+0.29%,0
2002-11-13,190.28,191.06,189.84,190.5,0.24,+0.13%,0
2002-11-14,190.5,191.14,190.01,190.31,-0.19,-0.10%,0
2002-11-15,190.15,190.78,189.79,190.41,0.1,+0.05%,0
2002-11-18,190.43,191.76,190.26,191.38,0.97,+0.51%,0
2002-11-19,191.45,193.58,191.1,193.17,1.79,+0.94%,0
2002-11-20,193.37,193.74,192.47,192.75,-0.42,-0.22%,0
2002-11-21,192.89,194.09,191.98,193.95,1.2,+0.62%,0
2002-11-22,194,194.49,193.77,194.15,0.2,+0.10%,0
2002-11-25,194.29,194.4,190.46,191.11,-3.04,-1.57%,0
2002-11-26,191.18,191.27,188.28,188.78,-2.33,-1.22%,0
2002-11-27,188.75,189.48,187.72,189.25,0.47,+0.25%,0
2002-11-28,189.23,189.98,188.95,189.51,0.26,+0.14%,0
2002-11-29,189.65,191.1,189.31,190.84,1.33,+0.70%,0
2002-12-02,190.87,194.39,190.77,194.03,3.19,+1.67%,0
2002-12-03,194.07,195.84,193.38,195.61,1.58,+0.81%,0
2002-12-04,195.59,196.53,194.86,195.51,-0.1,-0.05%,0
2002-12-05,195.67,197.23,195.38,196.18,0.67,+0.34%,0
2002-12-06,196.29,197.14,193.34,194.7,-1.48,-0.75%,0
2002-12-09,194.72,195.05,193.1,194.77,0.07,+0.04%,0
2002-12-10,195.05,195.45,193.88,194.39,-0.38,-0.20%,0
2002-12-11,194.5,195.12,193.62,194.99,0.6,+0.31%,0
2002-12-12,195.12,195.14,193.55,194.06,-0.93,-0.48%,0
2002-12-13,194.19,194.28,191.29,191.49,-2.57,-1.32%,0
2002-12-16,191.84,193.56,191.29,193.15,1.66,+0.87%,0
2002-12-17,193.12,194.08,192.37,193.94,0.79,+0.41%,0
2002-12-18,194.11,194.48,193.25,194.23,0.29,+0.15%,0
2002-12-19,194.14,194.47,192.9,193.21,-1.02,-0.53%,0
2002-12-20,193.38,193.91,192.73,192.93,-0.28,-0.14%,0
2002-12-23,192.88,193.05,191.14,191.92,-1.01,-0.52%,0
2002-12-24,191.9,192.12,191.09,192.03,0.11,+0.06%,0
2002-12-26,191.77,192.18,191.62,191.87,-0.16,-0.08%,0
2002-12-27,192.04,192.62,191.79,192.1,0.23,+0.12%,0
2002-12-30,191.11,191.25,189.78,190.15,-1.95,-1.02%,0
2002-12-31,190.04,191.6,189.87,191.35,1.2,+0.63%,0
2003-01-02,191.35,191.62,190.63,191.51,0.16,+0.08%,0
2003-01-03,191.36,192.88,190.93,192.67,1.16,+0.61%,0
2003-01-06,192.8,193.05,191.16,191.77,-0.9,-0.47%,0
2003-01-07,191.71,193.4,191.47,193.29,1.52,+0.79%,0
2003-01-08,193.31,193.46,191.46,192.1,-1.19,-0.62%,0
2003-01-09,192.21,192.38,191.33,191.73,-0.37,-0.19%,0
2003-01-10,191.82,192.78,191.58,191.73,0,0.00%,0
2003-01-13,191.71,191.97,190.05,190.33,-1.4,-0.73%,0
2003-01-14,190.42,190.65,189.26,189.57,-0.76,-0.40%,0
2003-01-15,189.6,190.51,188.76,189.55,-0.02,-0.01%,0
2003-01-16,189.62,190.24,189,189.96,0.41,+0.22%,0
2003-01-17,189.93,190.91,189.62,189.96,0,0.00%,0
2003-01-20,189.78,190.24,189.66,189.77,-0.19,-0.10%,0
2003-01-21,189.84,191.4,189.8,191.07,1.3,+0.69%,0
2003-01-22,191.04,191.55,190.02,191.47,0.4,+0.21%,0
2003-01-23,191.97,192.15,191,191.64,0.17,+0.09%,0
2003-01-24,191.58,192.88,191.42,192.34,0.7,+0.37%,0
2003-01-27,192.38,194.74,192.32,193.96,1.62,+0.84%,0
2003-01-28,194.02,194.87,193.4,194.66,0.7,+0.36%,0
2003-01-29,194.59,195.25,194.23,195.06,0.4,+0.21%,0
2003-01-30,195,197,194.93,196.98,1.92,+0.98%,0
2003-01-31,196.92,197.6,196.83,197.43,0.45,+0.23%,0
2003-02-03,197.27,197.94,196.88,197.78,0.35,+0.18%,0
2003-02-04,197.58,198.01,197.18,197.33,-0.45,-0.23%,0
2003-02-05,197.38,197.71,196.77,197.08,-0.25,-0.13%,0
2003-02-06,196.96,197.6,195.86,196.32,-0.76,-0.39%,0
2003-02-07,196.29,196.45,195.21,196.34,0.02,+0.01%,0
2003-02-10,196.3,197.56,195.96,197.16,0.82,+0.42%,0
2003-02-11,197.23,197.47,195.75,195.8,-1.36,-0.69%,0
2003-02-12,196.07,196.36,195.12,196.13,0.33,+0.17%,0
2003-02-13,196.16,196.59,194.97,195.36,-0.77,-0.39%,0
2003-02-14,195.38,195.69,193.51,194.3,-1.06,-0.54%,0
2003-02-17,194.21,194.36,191.99,192.15,-2.15,-1.11%,0
2003-02-18,192.27,192.45,189.01,189.28,-2.87,-1.49%,0
2003-02-19,189.57,192.86,189.07,189.69,0.41,+0.22%,0
2003-02-20,189.5,190.71,188.07,188.62,-1.07,-0.56%,0
2003-02-21,188.59,189.73,188.21,188.3,-0.32,-0.17%,0
2003-02-24,188.27,188.27,188.27,188.27,-0.03,-0.02%,0
2003-02-25,184.33,184.94,184.29,184.7,-3.57,-1.90%,0
2003-02-26,184.74,185.63,184.55,185.23,0.53,+0.29%,0
2003-02-27,185.59,186.11,184.67,185.82,0.59,+0.32%,0
2003-02-28,185.92,186.81,185.58,186.01,0.19,+0.10%,0
2003-03-03,185.87,186.56,185.09,185.7,-0.31,-0.17%,0
2003-03-04,185.59,186.91,185.59,186.46,0.76,+0.41%,0
2003-03-05,186.42,188.21,185.83,187.77,1.31,+0.70%,0
2003-03-06,188.07,188.75,187.63,188.28,0.51,+0.27%,0
2003-03-07,188,188.51,186.18,187.79,-0.49,-0.26%,0
2003-03-10,187.75,187.81,185.78,187.19,-0.6,-0.32%,0
2003-03-11,187.21,188.96,186.98,188.43,1.24,+0.66%,0
2003-03-12,188.14,189.53,188.04,189.32,0.89,+0.47%,0
2003-03-13,189.25,190.56,188.69,189.98,0.66,+0.35%,0
2003-03-14,189.69,190.15,187.19,187.3,-2.68,-1.41%,0
2003-03-17,187.56,187.65,185.56,186.11,-1.19,-0.64%,0
2003-03-18,186.15,186.79,185.52,186.21,0.1,+0.05%,0
2003-03-19,186.28,188.53,184.89,188.44,2.23,+1.20%,0
2003-03-20,188.41,188.59,187.42,188.35,-0.09,-0.05%,0
2003-03-21,188.5,190.56,187.79,190.13,1.78,+0.95%,0
2003-03-24,189.37,190.36,189.25,190.16,0.03,+0.02%,0
2003-03-25,190.15,190.25,188.25,189.05,-1.11,-0.58%,0
2003-03-26,189.03,189.51,188.76,188.91,-0.14,-0.07%,0
2003-03-27,188.85,189.37,187.51,187.72,-1.19,-0.63%,0
2003-03-28,187.75,188.92,187.4,188.51,0.79,+0.42%,0
2003-03-31,188.67,189.16,186.23,186.75,-1.76,-0.93%,0
2003-04-01,186.95,187.26,185.42,186.21,-0.54,-0.29%,0
2003-04-02,186.06,187.19,185.87,186.44,0.23,+0.12%,0
2003-04-03,186.44,188.18,185.94,187.7,1.26,+0.68%,0
2003-04-04,187.77,188.48,187.14,187.26,-0.44,-0.23%,0
2003-04-07,187.23,188.18,186.02,186.11,-1.15,-0.61%,0
2003-04-08,186.16,186.67,185.68,186.32,0.21,+0.11%,0
2003-04-09,186.25,188.05,185.78,187.93,1.61,+0.86%,0
2003-04-10,187.77,188.37,186.96,188.25,0.32,+0.17%,0
2003-04-11,188.14,189.66,187.89,189.14,0.89,+0.47%,0
2003-04-14,189.28,190.18,188.89,189.42,0.28,+0.15%,0
2003-04-15,189.28,191.35,188.62,189,-0.42,-0.22%,0
2003-04-16,189.03,189.8,188.07,188.87,-0.13,-0.07%,0
2003-04-17,188.89,189.19,187.88,188.02,-0.85,-0.45%,0
2003-04-18,187.95,188.71,187.79,188.19,0.17,+0.09%,0
2003-04-21,188.19,189.51,187.89,188.32,0.13,+0.07%,0
2003-04-22,188.25,189.32,188.05,189.32,1,+0.53%,0
2003-04-23,189.26,191.33,188.71,191.07,1.75,+0.92%,0
2003-04-24,190.89,191.49,190.27,190.98,-0.09,-0.05%,0
2003-04-25,191.29,192.38,190.54,191.05,0.07,+0.04%,0
2003-04-28,191.53,192.03,191.02,191.29,0.24,+0.13%,0
2003-04-29,191.42,191.62,190.38,191.04,-0.25,-0.13%,0
2003-04-30,191.04,191.29,190.04,190.11,-0.93,-0.49%,0
2003-05-01,189.98,191.09,189.39,190.91,0.8,+0.42%,0
2003-05-02,190.98,191.31,190.45,190.85,-0.06,-0.03%,0
2003-05-05,190.89,191.38,190.29,190.54,-0.31,-0.16%,0
2003-05-06,190.43,190.93,189.66,189.69,-0.85,-0.45%,0
2003-05-07,189.78,190.07,185.16,185.89,-3.8,-2.00%,0
2003-05-08,185.89,187.56,185.35,187.21,1.32,+0.71%,0
2003-05-09,187.58,188.83,187.51,188.19,0.98,+0.52%,0
2003-05-12,188.59,188.59,187.44,188.28,0.09,+0.05%,0
2003-05-13,188.44,188.75,187.24,187.63,-0.65,-0.35%,0
2003-05-14,188.05,188.73,187.28,188.05,0.42,+0.22%,0
2003-05-15,188.09,189.05,186.95,189,0.95,+0.51%,0
2003-05-16,189.01,189.07,187.96,187.98,-1.02,-0.54%,0
2003-05-19,188.07,191.71,187.63,191.38,3.4,+1.81%,0
2003-05-20,191.29,191.82,190.87,191.58,0.2,+0.10%,0
2003-05-21,191.44,193.01,191.24,192.12,0.54,+0.28%,0
2003-05-22,192.14,192.54,191.22,191.73,-0.39,-0.20%,0
2003-05-23,191.47,192.38,191.09,191.18,-0.55,-0.29%,0
2003-05-26,190.85,192.47,190.83,191.29,0.11,+0.06%,0
2003-05-27,191.47,192.45,191.11,192.1,0.81,+0.42%,0
2003-05-28,192.25,194.7,191.99,194.64,2.54,+1.32%,0
2003-05-29,194.38,195.88,193.98,195.19,0.55,+0.28%,0
2003-05-30,195.25,196.07,194.98,195.14,-0.05,-0.03%,0
2003-06-02,194.6,194.91,192.9,194.15,-0.99,-0.51%,0
2003-06-03,194.23,194.81,193.42,194.04,-0.11,-0.06%,0
2003-06-04,194.21,194.74,193.12,193.66,-0.38,-0.20%,0
2003-06-05,193.83,195.73,192.84,195.54,1.88,+0.97%,0
2003-06-06,195.36,197.82,195.12,197.31,1.77,+0.91%,0
2003-06-09,196.77,197.31,194.08,194.45,-2.86,-1.45%,0
2003-06-10,194.28,195.71,193.76,194.72,0.27,+0.14%,0
2003-06-11,194.62,196.83,194.19,196.29,1.57,+0.81%,0
2003-06-12,196.23,197.74,196.07,196.11,-0.18,-0.09%,0
2003-06-13,196.4,196.86,195.4,196.36,0.25,+0.13%,0
2003-06-16,196.46,198.6,196.27,197.29,0.93,+0.47%,0
2003-06-17,197.29,199.5,197.27,198.86,1.57,+0.80%,0
2003-06-18,198.88,199.32,197.74,197.8,-1.06,-0.53%,0
2003-06-19,197.86,199.34,197.84,198.64,0.84,+0.42%,0
2003-06-20,198.7,199.2,196.3,196.65,-1.99,-1.00%,0
2003-06-23,196.81,197.23,195.38,196.32,-0.33,-0.17%,0
2003-06-24,196.42,196.81,195.46,196.21,-0.11,-0.06%,0
2003-06-25,196.03,197.47,195.29,197.33,1.12,+0.57%,0
2003-06-26,197.27,199.14,196.94,198.35,1.02,+0.52%,0
2003-06-27,198.33,198.8,197.06,197.27,-1.08,-0.54%,0
2003-06-30,197.25,198.78,197,198.23,0.96,+0.49%,0
2003-07-01,198.21,198.92,197.37,198.59,0.36,+0.18%,0
2003-07-02,198.51,199.16,196.27,196.79,-1.8,-0.91%,0
2003-07-03,196.85,197.74,196.23,197.33,0.54,+0.27%,0
2003-07-04,197.27,197.62,196.61,196.9,-0.43,-0.22%,0
2003-07-07,196.85,197,194.36,194.79,-2.11,-1.07%,0
2003-07-08,194.74,195,193.1,193.31,-1.48,-0.76%,0
2003-07-09,193.19,193.72,191.69,192.93,-0.38,-0.20%,0
2003-07-10,192.91,192.97,191.02,192.45,-0.48,-0.25%,0
2003-07-11,192.36,192.97,191.79,192.78,0.33,+0.17%,0
2003-07-14,191.95,191.97,189.68,189.95,-2.83,-1.47%,0
2003-07-15,189.75,189.91,186.41,187.86,-2.09,-1.10%,0
2003-07-16,187.75,188.75,187.56,188.5,0.64,+0.34%,0
2003-07-17,188.46,189.66,188.37,189.62,1.12,+0.59%,0
2003-07-18,189.86,190.16,187.81,188.19,-1.43,-0.75%,0
2003-07-21,187.44,189.98,186.79,189.59,1.4,+0.74%,0
2003-07-22,189.68,191.29,189.3,190.13,0.54,+0.28%,0
2003-07-23,190.15,191.46,189.34,191.02,0.89,+0.47%,0
2003-07-24,190.87,192.3,190.83,192.12,1.1,+0.58%,0
2003-07-25,192.27,192.86,191.75,192.56,0.44,+0.23%,0
2003-07-28,192.56,194.49,192.51,194.09,1.53,+0.79%,0
2003-07-29,194.09,194.72,193.83,194.68,0.59,+0.30%,0
2003-07-30,194.7,195.04,194.17,194.38,-0.3,-0.15%,0
2003-07-31,194.38,194.47,192.99,194.17,-0.21,-0.11%,0
2003-08-01,194.13,194.34,192.52,193.31,-0.86,-0.44%,0
2003-08-04,193.36,194.36,192.88,193.94,0.63,+0.33%,0
2003-08-05,193.79,194.43,192.06,193.61,-0.33,-0.17%,0
2003-08-06,193.62,194.23,192.91,193.59,-0.02,-0.01%,0
2003-08-07,193.72,193.72,191.68,192.54,-1.05,-0.54%,0
2003-08-08,192.51,192.65,190.67,190.85,-1.69,-0.88%,0
2003-08-11,190.82,191.14,189.46,190.78,-0.07,-0.04%,0
2003-08-12,190.74,190.98,189.51,190.15,-0.63,-0.33%,0
2003-08-13,190.22,191.97,189.78,191.58,1.43,+0.75%,0
2003-08-14,191.58,192.51,190.42,190.56,-1.02,-0.53%,0
2003-08-15,190.69,190.94,189.87,190.27,-0.29,-0.15%,0
2003-08-18,189.98,190.09,189.98,190.09,-0.18,-0.09%,0
2003-08-19,189.98,190.15,187.75,187.82,-2.27,-1.19%,0
2003-08-20,187.89,188.96,187.77,188.34,0.52,+0.28%,0
2003-08-21,188.14,188.28,185.47,185.96,-2.38,-1.26%,0
2003-08-22,185.99,186.23,184.43,185.13,-0.83,-0.45%,0
2003-08-25,184.99,185.37,184.34,184.34,-0.79,-0.43%,0
2003-08-26,184.39,184.89,183.48,184.19,-0.15,-0.08%,0
2003-08-27,184.09,185.49,183.94,184.68,0.49,+0.27%,0
2003-08-28,184.46,185.39,183.68,185.03,0.35,+0.19%,0
2003-08-29,185.13,185.32,183.45,184.24,-0.79,-0.43%,0
2003-09-01,184.36,184.55,182.61,183.03,-1.21,-0.66%,0
2003-09-02,183.04,183.73,182.36,182.83,-0.2,-0.11%,0
2003-09-03,182.54,182.73,181.37,182.13,-0.7,-0.38%,0
2003-09-04,182.04,184.97,181.6,184.58,2.45,+1.35%,0
2003-09-05,184.75,186.16,184.34,185.82,1.24,+0.67%,0
2003-09-08,186.56,186.96,184.58,184.75,-1.07,-0.58%,0
2003-09-09,184.84,186.08,183.65,185.97,1.22,+0.66%,0
2003-09-10,185.83,186.49,185.45,186.44,0.47,+0.25%,0
2003-09-11,186.41,187.07,185.75,186.63,0.19,+0.10%,0
2003-09-12,186.82,188.51,186.25,188,1.37,+0.73%,0
2003-09-15,188.3,188.91,187.95,188,0,0.00%,0
2003-09-16,188.09,188.32,184.16,184.21,-3.79,-2.02%,0
2003-09-17,184.38,187.38,184.14,186.74,2.53,+1.37%,0
2003-09-18,186.75,187.09,185.85,186.48,-0.26,-0.14%,0
2003-09-19,186.46,187.67,185.66,186.82,0.34,+0.18%,0
2003-09-22,185.23,185.32,183.8,184.96,-1.86,-1.00%,0
2003-09-23,185.04,185.54,183.5,185.44,0.48,+0.26%,0
2003-09-24,185.42,185.44,184.07,185.25,-0.19,-0.10%,0
2003-09-25,185.4,186.34,184.74,186.15,0.9,+0.49%,0
2003-09-26,186.2,186.2,185.25,185.44,-0.71,-0.38%,0
2003-09-29,185.01,185.27,183.62,184.68,-0.76,-0.41%,0
2003-09-30,184.62,186.25,184,185.4,0.72,+0.39%,0
2003-10-01,185.25,185.45,183.33,184.65,-0.75,-0.40%,0
2003-10-02,184.6,185.51,184.5,184.97,0.32,+0.17%,0
2003-10-03,184.96,185.35,184.06,184.33,-0.64,-0.35%,0
2003-10-06,184.38,186.2,183.99,185.23,0.9,+0.49%,0
2003-10-07,185.28,186.08,182.04,182.64,-2.59,-1.40%,0
2003-10-08,182.69,182.91,181.71,182.36,-0.28,-0.15%,0
2003-10-09,182.21,182.26,180.81,181.73,-0.63,-0.35%,0
2003-10-10,181.78,181.96,180.18,180.68,-1.05,-0.58%,0
2003-10-13,180.55,181.73,179.48,181.43,0.75,+0.42%,0
2003-10-14,181.47,183.09,180.94,182,0.57,+0.31%,0
2003-10-15,182,183.2,181.81,182.68,0.68,+0.37%,0
2003-10-16,182.66,184.09,182.58,183.89,1.21,+0.66%,0
2003-10-17,183.92,184.09,182.89,183.5,-0.39,-0.21%,0
2003-10-20,182.81,185.08,182.69,184.46,0.96,+0.52%,0
2003-10-21,184.43,184.48,183.23,183.33,-1.13,-0.61%,0
2003-10-22,183.38,184.6,183.28,184.21,0.88,+0.48%,0
2003-10-23,184.28,186.08,184.26,185.7,1.49,+0.81%,0
2003-10-24,185.58,186.23,185.27,185.39,-0.31,-0.17%,0
2003-10-27,184.7,184.94,183.48,184.02,-1.37,-0.74%,0
2003-10-28,183.9,184.07,182.98,183.65,-0.37,-0.20%,0
2003-10-29,183.65,184.29,183.43,183.99,0.34,+0.19%,0
2003-10-30,183.89,184.75,183.38,184.36,0.37,+0.20%,0
2003-10-31,184.29,186.95,184.11,186.48,2.12,+1.15%,0
2003-11-03,186.04,187.31,186.04,186.23,-0.25,-0.13%,0
2003-11-04,185.94,185.97,183.53,184.07,-2.16,-1.16%,0
2003-11-05,184.11,185.01,183.48,183.95,-0.12,-0.07%,0
2003-11-06,183.85,184.6,183.5,183.9,-0.05,-0.03%,0
2003-11-07,183.85,183.94,182.34,183.31,-0.59,-0.32%,0
2003-11-10,183.21,183.38,180.42,181.66,-1.65,-0.90%,0
2003-11-11,181.83,182.09,180.81,181.06,-0.6,-0.33%,0
2003-11-12,181.02,182.73,181.02,181.96,0.9,+0.50%,0
2003-11-13,182.23,182.86,181.48,182.34,0.38,+0.21%,0
2003-11-14,182.44,182.94,182.21,182.79,0.45,+0.25%,0
2003-11-17,183.11,185.06,183.09,184.43,1.64,+0.90%,0
2003-11-18,184.22,184.68,183.5,183.82,-0.61,-0.33%,0
2003-11-19,184,185.61,183.11,185.54,1.72,+0.94%,0
2003-11-20,185.42,185.92,184.87,185.49,-0.05,-0.03%,0
2003-11-21,185.8,186.13,184.94,185.39,-0.1,-0.05%,0
2003-11-24,185.73,185.87,184.7,185.64,0.25,+0.13%,0
2003-11-25,185.52,186.84,185.4,185.85,0.21,+0.11%,0
2003-11-26,185.9,186.81,185.68,186.53,0.68,+0.37%,0
2003-11-27,186.79,187.37,186.27,186.91,0.38,+0.20%,0
2003-11-28,187.03,188.73,186.95,188.71,1.8,+0.96%,0
2003-12-01,189,189.68,188.05,188.14,-0.57,-0.30%,0
2003-12-02,188.25,188.89,187.65,187.91,-0.23,-0.12%,0
2003-12-03,187.81,188.27,186.61,186.88,-1.03,-0.55%,0
2003-12-04,187.1,187.26,185.97,186.46,-0.42,-0.22%,0
2003-12-05,186.35,186.81,185.97,186.3,-0.16,-0.09%,0
2003-12-08,186.32,186.77,185.64,186.16,-0.14,-0.08%,0
2003-12-09,186.25,187.35,185.9,186.93,0.77,+0.41%,0
2003-12-10,187.31,189.25,186.44,188.75,1.82,+0.97%,0
2003-12-11,189.01,189.05,188.09,188.5,-0.25,-0.13%,0
2003-12-12,188.6,188.89,187.88,188.16,-0.34,-0.18%,0
2003-12-15,188,188.5,187.56,187.75,-0.41,-0.22%,0
2003-12-16,187.91,188.76,187.74,188.6,0.85,+0.45%,0
2003-12-17,188.71,190,188.14,189.73,1.13,+0.60%,0
2003-12-18,189.75,191,189.5,190.74,1.01,+0.53%,0
2003-12-19,190.87,190.89,189.86,190.42,-0.32,-0.17%,0
2003-12-22,190.2,190.49,189.03,189.8,-0.62,-0.33%,0
2003-12-23,189.64,189.73,189.19,189.42,-0.38,-0.20%,0
2003-12-24,189.46,190.67,189.21,190.53,1.11,+0.59%,0
2003-12-25,190.56,190.63,190.09,190.31,-0.22,-0.12%,0
2003-12-26,190.15,190.83,189.59,190.31,0,0.00%,0
2003-12-29,190.22,190.27,189.28,189.59,-0.72,-0.38%,0
2003-12-30,189.78,190.56,189.64,190.42,0.83,+0.44%,0
2003-12-31,190.15,191.93,190.02,191.77,1.35,+0.71%,0
2004-01-02,191.57,191.93,190.29,191.71,-0.06,-0.03%,0
2004-01-05,192.01,192.32,191.05,191.97,0.26,+0.14%,0
2004-01-06,191.9,194,191.64,193.49,1.52,+0.79%,0
2004-01-07,193.49,193.81,192.43,193.21,-0.28,-0.14%,0
2004-01-08,193.03,194.91,192.21,194.55,1.34,+0.69%,0
2004-01-09,194.66,198.09,194.47,196.63,2.08,+1.07%,0
2004-01-12,196.98,197.76,196.52,197.02,0.39,+0.20%,0
2004-01-13,196.81,197.19,195.61,195.84,-1.18,-0.60%,0
2004-01-14,196.19,196.42,194.55,194.55,-1.29,-0.66%,0
2004-01-15,194.55,195,192.97,193.72,-0.83,-0.43%,0
2004-01-16,193.81,194.02,191.42,191.71,-2.01,-1.04%,0
2004-01-19,191.75,192.49,191.11,191.18,-0.53,-0.28%,0
2004-01-20,191.97,195.35,191.14,194.89,3.71,+1.94%,0
2004-01-21,194.96,196.02,194.49,195.71,0.82,+0.42%,0
2004-01-22,195.88,196.46,195.23,195.59,-0.12,-0.06%,0
2004-01-23,195.56,196.05,192.97,194.55,-1.04,-0.53%,0
2004-01-26,194.36,194.66,192.4,192.86,-1.69,-0.87%,0
2004-01-27,193.14,193.16,191.02,193.03,0.17,+0.09%,0
2004-01-28,192.97,195.75,192.69,192.9,-0.13,-0.07%,0
2004-01-29,193.14,193.72,191.9,192.45,-0.45,-0.23%,0
2004-01-30,192.41,193.18,191.14,193.14,0.69,+0.36%,0
2004-02-02,192.91,192.99,191.55,192.08,-1.06,-0.55%,0
2004-02-03,192.15,194.51,192.04,193.96,1.88,+0.98%,0
2004-02-04,193.98,194.09,193.03,193.23,-0.73,-0.38%,0
2004-02-05,193.14,194.36,193.06,194.11,0.88,+0.46%,0
2004-02-06,194.13,196,193.87,194.81,0.7,+0.36%,0
2004-02-09,195.17,196.92,194.83,196.3,1.49,+0.76%,0
2004-02-10,196.48,197.68,196.36,197.35,1.05,+0.53%,0
2004-02-11,197.29,199.08,196.96,198.96,1.61,+0.82%,0
2004-02-12,199.4,199.82,199,199.26,0.3,+0.15%,0
2004-02-13,199.46,199.98,198.39,198.94,-0.32,-0.16%,0
2004-02-16,198.68,199.4,198.39,199.28,0.34,+0.17%,0
2004-02-17,199.32,201.65,199.12,201.12,1.84,+0.92%,0
2004-02-18,201.24,202.57,201.1,201.43,0.31,+0.15%,0
2004-02-19,201.57,203.23,201.1,202.77,1.34,+0.67%,0
2004-02-20,202.73,203.81,202.36,202.98,0.21,+0.10%,0
2004-02-23,202.53,202.67,200.8,202.36,-0.62,-0.31%,0
2004-02-24,202.4,203.43,202.14,203.43,1.07,+0.53%,0
2004-02-25,204.58,205.88,203.87,203.95,0.52,+0.26%,0
2004-02-26,203.81,204.56,203.52,204.16,0.21,+0.10%,0
2004-02-27,203.97,204.24,201.43,203.76,-0.4,-0.20%,0
2004-03-01,203.7,204.96,203.14,203.6,-0.16,-0.08%,0
2004-03-02,203.62,204.08,202.1,202.55,-1.05,-0.52%,0
2004-03-03,202.63,202.71,200.04,201.28,-1.27,-0.63%,0
2004-03-04,201.36,202.81,200.86,202.77,1.49,+0.74%,0
2004-03-05,202.81,207.3,202.06,206.91,4.14,+2.04%,0
2004-03-08,207.18,208.05,205.29,205.57,-1.34,-0.65%,0
2004-03-09,205.82,206.69,202.79,203.1,-2.47,-1.20%,0
2004-03-10,203.33,203.56,199.34,199.88,-3.22,-1.59%,0
2004-03-11,199.88,201.12,198.6,200.88,1,+0.50%,0
2004-03-12,200.66,200.86,198.57,200.04,-0.84,-0.42%,0
2004-03-15,199.68,200.84,197.43,199.24,-0.8,-0.40%,0
2004-03-16,199.14,199.16,196.92,197.1,-2.14,-1.07%,0
2004-03-17,197.08,197.7,195.46,196.81,-0.29,-0.15%,0
2004-03-18,196.63,197.35,194.49,195.73,-1.08,-0.55%,0
2004-03-19,196.03,196.88,195.14,195.4,-0.33,-0.17%,0
2004-03-22,195.92,197.82,195.9,197.21,1.81,+0.93%,0
2004-03-23,197.39,197.8,196.65,197.35,0.14,+0.07%,0
2004-03-24,197.45,198.11,193.46,193.87,-3.48,-1.76%,0
2004-03-25,193.98,194.36,191.11,191.93,-1.94,-1.00%,0
2004-03-26,191.79,192.71,190.25,192.34,0.41,+0.21%,0
2004-03-29,190.94,192.43,190.93,191.86,-0.48,-0.25%,0
2004-03-30,191.86,193.96,191.77,192.93,1.07,+0.56%,0
2004-03-31,193.25,193.47,190.42,192.47,-0.46,-0.24%,0
2004-04-01,192.43,193.08,191.38,192.75,0.28,+0.15%,0
2004-04-02,192.52,193.29,190.73,191.4,-1.35,-0.70%,0
2004-04-05,190.89,191.82,190.15,190.89,-0.51,-0.27%,0
2004-04-06,191.07,195.33,191.02,194.34,3.45,+1.81%,0
2004-04-07,194.85,195.27,193.31,193.79,-0.55,-0.28%,0
2004-04-08,193.62,195.38,193.47,194.93,1.14,+0.59%,0
2004-04-09,194.89,195.5,194.08,195.14,0.21,+0.11%,0
2004-04-12,194.91,195.25,193.31,193.79,-1.35,-0.69%,0
2004-04-13,193.76,194.62,192.56,194.08,0.29,+0.15%,0
2004-04-14,193.92,194.87,193.4,194.68,0.6,+0.31%,0
2004-04-15,194.51,195.04,193.16,194.06,-0.62,-0.32%,0
2004-04-16,193.79,195.33,193.49,193.79,-0.27,-0.14%,0
2004-04-19,193.83,196.5,193.7,196.21,2.42,+1.25%,0
2004-04-20,196.13,196.63,193.18,194.32,-1.89,-0.96%,0
2004-04-21,194.25,194.62,193.06,194.15,-0.17,-0.09%,0
2004-04-22,194.06,194.38,193.14,193.87,-0.28,-0.14%,0
2004-04-23,194.32,194.77,192.47,193.34,-0.53,-0.27%,0
2004-04-26,193.25,194.45,192.84,194.3,0.96,+0.50%,0
2004-04-27,194.02,196.73,193.61,196.03,1.73,+0.89%,0
2004-04-28,196.05,196.57,194.4,195.08,-0.95,-0.48%,0
2004-04-29,195,195.84,194.68,194.76,-0.32,-0.16%,0
2004-04-30,194.89,196.61,194.77,196.21,1.45,+0.74%,0
2004-05-03,196.46,196.54,194.36,195.5,-0.71,-0.36%,0
2004-05-04,195.57,197.49,195.17,196.54,1.04,+0.53%,0
2004-05-05,196.48,196.86,194.11,194.89,-1.65,-0.84%,0
2004-05-06,194.98,197.18,194.64,197,2.11,+1.08%,0
2004-05-07,197.18,200.72,196.88,200.6,3.6,+1.83%,0
2004-05-10,200.42,202.4,200.28,201.93,1.33,+0.66%,0
2004-05-11,202.06,202.4,198.84,198.84,-3.09,-1.53%,0
2004-05-12,198.7,201.4,197.94,200.4,1.56,+0.78%,0
2004-05-13,200.36,202.26,200,201.73,1.33,+0.66%,0
2004-05-14,201.85,202.04,200.6,201.02,-0.71,-0.35%,0
2004-05-17,201.06,202.53,200.08,202.24,1.22,+0.61%,0
2004-05-18,202.38,202.77,199.98,201.61,-0.63,-0.31%,0
2004-05-19,202.06,202.06,199.98,201.28,-0.33,-0.16%,0
2004-05-20,201.73,201.95,199.86,200.2,-1.08,-0.54%,0
2004-05-21,200.4,200.94,199.54,200.9,0.7,+0.35%,0
2004-05-24,200.64,202.47,200.38,201.95,1.05,+0.52%,0
2004-05-25,202.14,203.81,201.99,202.51,0.56,+0.28%,0
2004-05-26,202.59,203.04,201.97,203.02,0.51,+0.25%,0
2004-05-27,203.04,203.99,202.67,203.6,0.58,+0.29%,0
2004-05-28,203.76,203.93,201.36,201.97,-1.63,-0.80%,0
2004-05-31,202.44,202.67,200.16,200.28,-1.69,-0.84%,0
2004-06-01,200.58,203.5,200.38,201.14,0.86,+0.43%,0
2004-06-02,203.54,204.47,201.69,201.75,0.61,+0.30%,0
2004-06-03,201.67,204.83,201.32,204.08,2.33,+1.15%,0
2004-06-04,203.95,205.08,203.68,204.2,0.12,+0.06%,0
2004-06-07,204.1,204.54,201.18,201.77,-2.43,-1.19%,0
2004-06-08,201.73,202.63,201.16,201.2,-0.57,-0.28%,0
2004-06-09,201.36,202.18,198.9,202.06,0.86,+0.43%,0
2004-06-10,202.04,202.2,199.86,201.36,-0.7,-0.35%,0
2004-06-11,201.47,202.06,199.86,200.12,-1.24,-0.62%,0
2004-06-14,200.52,202.02,199.84,201.57,1.45,+0.72%,0
2004-06-15,201.24,201.99,199.92,200.38,-1.19,-0.59%,0
2004-06-16,200.72,201.61,200.16,201.22,0.84,+0.42%,0
2004-06-17,201.2,201.57,200.08,201.28,0.06,+0.03%,0
2004-06-18,201.12,201.24,199.4,200.1,-1.18,-0.59%,0
2004-06-21,199.72,200.26,198.07,199.28,-0.82,-0.41%,0
2004-06-22,199.54,199.62,197.39,198.92,-0.36,-0.18%,0
2004-06-23,198.9,199.02,197.12,197.25,-1.67,-0.84%,0
2004-06-24,197.1,197.27,194.66,195.67,-1.58,-0.80%,0
2004-06-25,195.57,196.94,195.14,196.63,0.96,+0.49%,0
2004-06-28,196.27,197.76,196.15,197.55,0.92,+0.47%,0
2004-06-29,197.55,198.21,195.35,195.77,-1.78,-0.90%,0
2004-06-30,195.71,198.62,195.5,197.9,2.13,+1.09%,0
2004-07-01,197.96,198.19,195.98,196.98,-0.92,-0.46%,0
2004-07-02,197.25,198.9,197.18,198.84,1.86,+0.94%,0
2004-07-05,198.62,199.62,198.62,199.48,0.64,+0.32%,0
2004-07-06,199.68,201.65,199.5,201.65,2.17,+1.09%,0
2004-07-07,201.61,201.89,200.42,201.32,-0.33,-0.16%,0
2004-07-08,201.61,202.18,201.02,201.49,0.17,+0.08%,0
2004-07-09,201.61,201.85,200.32,201.28,-0.21,-0.10%,0
2004-07-12,200.64,202.06,200.16,201.89,0.61,+0.30%,0
2004-07-13,201.63,202.92,201.18,201.85,-0.04,-0.02%,0
2004-07-14,201.81,203.35,201.36,202.49,0.64,+0.32%,0
2004-07-15,202.61,203.62,201.91,203.31,0.82,+0.40%,0
2004-07-16,203.45,203.91,202.75,203.58,0.27,+0.13%,0
2004-07-19,203.91,204.12,202.1,202.22,-1.36,-0.67%,0
2004-07-20,202.18,203.02,200.54,201.16,-1.06,-0.52%,0
2004-07-21,201.36,202.32,200.66,202.22,1.06,+0.53%,0
2004-07-22,202.14,202.57,201.3,202.3,0.08,+0.04%,0
2004-07-23,202.44,202.63,201.45,201.69,-0.61,-0.30%,0
2004-07-26,201.81,202.59,201.08,202.36,0.67,+0.33%,0
2004-07-27,202.44,202.9,201.99,202.18,-0.18,-0.09%,0
2004-07-28,202.04,204.16,201.99,203.56,1.38,+0.68%,0
2004-07-29,203.76,204.1,203.06,203.68,0.12,+0.06%,0
2004-07-30,203.54,203.91,202.08,202.51,-1.17,-0.57%,0
2004-08-02,202.67,203.19,201.91,202.55,0.04,+0.02%,0
2004-08-03,202.34,202.51,201.36,201.95,-0.6,-0.30%,0
2004-08-04,201.89,203.35,201.67,202.86,0.91,+0.45%,0
2004-08-05,202.81,203.89,202.47,203.79,0.93,+0.46%,0
2004-08-06,203.89,203.97,202.63,203.14,-0.65,-0.32%,0
2004-08-09,203.52,204.01,203,203.52,0.38,+0.19%,0
2004-08-10,203.7,203.99,203.14,203.64,0.12,+0.06%,0
2004-08-11,203.43,203.76,202.22,202.77,-0.87,-0.43%,0
2004-08-12,203,203.21,202.06,202.06,-0.71,-0.35%,0
2004-08-13,202.12,204.16,201.95,203.91,1.85,+0.92%,0
2004-08-16,203.72,204.75,203.12,203.37,-0.54,-0.26%,0
2004-08-17,203.35,203.56,200.96,201.22,-2.15,-1.06%,0
2004-08-18,201.2,201.36,199.28,199.34,-1.88,-0.93%,0
2004-08-19,199.44,200.6,199.3,200.38,1.04,+0.52%,0
2004-08-20,200.52,200.64,198.41,198.53,-1.85,-0.92%,0
2004-08-23,198.6,199.36,198.19,198.37,-0.16,-0.08%,0
2004-08-24,198.6,198.86,195.79,196.15,-2.22,-1.12%,0
2004-08-25,196.49,198.47,196.18,197.86,1.71,+0.87%,0
2004-08-26,197.92,198.16,196.4,196.68,-1.18,-0.60%,0
2004-08-27,197.09,197.35,196.16,196.17,-0.51,-0.26%,0
2004-08-30,196.28,197.64,196.11,197.4,1.23,+0.63%,0
2004-08-31,197.2,197.9,196.29,196.86,-0.54,-0.27%,0
2004-09-01,196.77,197.05,196,196.16,-0.7,-0.36%,0
2004-09-02,196.32,196.58,195.4,195.92,-0.24,-0.12%,0
2004-09-03,196.05,196.57,195.04,196.21,0.29,+0.15%,0
2004-09-06,196.41,196.46,195.48,196.18,-0.03,-0.02%,0
2004-09-07,196.12,196.32,193.7,194.03,-2.15,-1.10%,0
2004-09-08,193.9,195.53,193.87,195.34,1.31,+0.68%,0
2004-09-09,195.3,196.12,195.03,196.04,0.7,+0.36%,0
2004-09-10,195.87,197.37,195.71,196.78,0.74,+0.38%,0
2004-09-13,197.26,198.64,196.49,197.79,1.01,+0.51%,0
2004-09-14,197.7,198.02,196.85,196.95,-0.84,-0.42%,0
2004-09-15,197.09,197.14,195.09,195.34,-1.61,-0.82%,0
2004-09-16,195.48,196.74,195.1,196.57,1.23,+0.63%,0
2004-09-17,196.52,197.9,196.24,197.17,0.6,+0.31%,0
2004-09-20,197.06,197.38,195.74,196.21,-0.96,-0.49%,0
2004-09-21,196.27,197.72,196.16,197.19,0.98,+0.50%,0
2004-09-22,197,198.5,196.94,198.26,1.07,+0.54%,0
2004-09-23,198.34,199.72,198.25,199.04,0.78,+0.39%,0
2004-09-24,199.04,200.18,198.5,199.65,0.61,+0.31%,0
2004-09-27,199.78,201.41,199.13,201.35,1.7,+0.85%,0
2004-09-28,201.25,202.51,201.24,201.87,0.52,+0.26%,0
2004-09-29,201.86,202.03,199.25,199.48,-2.39,-1.18%,0
2004-09-30,199.5,200.24,198.89,199.47,-0.01,-0.01%,0
2004-10-01,199.4,199.69,197.64,198.61,-0.86,-0.43%,0
2004-10-04,198.7,199.14,197.6,197.75,-0.86,-0.43%,0
2004-10-05,197.99,198.41,197.58,197.99,0.24,+0.12%,0
2004-10-06,198.11,198.94,197.61,197.92,-0.07,-0.04%,0
2004-10-07,198.11,198.35,197.62,198.11,0.19,+0.10%,0
2004-10-08,198.23,198.31,196.19,196.52,-1.59,-0.80%,0
2004-10-11,196.66,196.7,195.9,196.62,0.1,+0.05%,0
2004-10-12,196.68,197.07,196.07,196.41,-0.21,-0.11%,0
2004-10-13,196.59,197.09,195.91,196.93,0.52,+0.26%,0
2004-10-14,196.91,197.33,196.44,196.91,-0.02,-0.01%,0
2004-10-15,197.06,197.3,196.27,196.98,0.07,+0.04%,0
2004-10-18,197.56,197.6,196.39,196.71,-0.27,-0.14%,0
2004-10-19,196.47,196.64,195.27,195.64,-1.07,-0.54%,0
2004-10-20,195.45,196.93,195.32,196.68,1.04,+0.53%,0
2004-10-21,196.78,197.1,195.79,196.47,-0.21,-0.11%,0
2004-10-22,196.41,197.01,195.71,195.83,-0.64,-0.33%,0
2004-10-25,196.1,196.68,195.41,196.5,0.67,+0.34%,0
2004-10-26,196.54,196.84,195.48,195.8,-0.7,-0.36%,0
2004-10-27,195.83,196.49,194.67,194.8,-1.,-0.51%,0
2004-10-28,194.58,195.25,194,194.42,-0.38,-0.20%,0
2004-10-29,194.5,194.68,193.82,194.48,0.06,+0.03%,0
2004-11-01,194.63,195.4,194.55,195.05,0.57,+0.29%,0
2004-11-02,195.25,195.66,194.81,195.28,0.23,+0.12%,0
2004-11-03,195.22,196.73,194.86,196.27,0.99,+0.51%,0
2004-11-04,196.45,196.61,195.16,195.55,-0.72,-0.37%,0
2004-11-05,195.59,196.12,194.95,196.1,0.55,+0.28%,0
2004-11-08,195.83,196.37,195.39,195.69,-0.41,-0.21%,0
2004-11-09,195.77,196.55,195.56,196.37,0.68,+0.35%,0
2004-11-10,196.3,197.96,196.11,197.79,1.42,+0.72%,0
2004-11-11,197.8,197.86,196.31,196.39,-1.4,-0.71%,0
2004-11-12,196.35,196.78,195.23,196.1,-0.29,-0.15%,0
2004-11-15,195.89,196.15,194.31,194.39,-1.71,-0.87%,0
2004-11-16,194.48,195.54,194.39,195.27,0.88,+0.45%,0
2004-11-17,195.18,195.58,192.88,193.28,-1.99,-1.02%,0
2004-11-18,193.44,193.61,192.68,192.87,-0.41,-0.21%,0
2004-11-19,192.75,193.1,191.07,191.33,-1.54,-0.80%,0
2004-11-22,191.58,192.01,191.05,191.85,0.52,+0.27%,0
2004-11-23,191.9,193.7,191.52,193.07,1.22,+0.64%,0
2004-11-24,193.05,193.84,192.86,193.35,0.28,+0.15%,0
2004-11-25,193.39,194.03,193.05,193.63,0.28,+0.14%,0
2004-11-26,193.95,195.01,193.76,194.4,0.77,+0.40%,0
2004-11-29,194.09,195.02,193.94,194.81,0.41,+0.21%,0
2004-11-30,194.76,196.97,194.52,196.7,1.89,+0.97%,0
2004-12-01,196.8,198.59,196.28,198.42,1.72,+0.87%,0
2004-12-02,198.44,198.72,197.46,198.42,0,0.00%,0
2004-12-03,198.66,199.07,198.13,198.28,-0.14,-0.07%,0
2004-12-06,198.6,200.71,198.05,200.55,2.27,+1.14%,0
2004-12-07,200.02,200.33,199.22,200.14,-0.41,-0.20%,0
2004-12-08,200.29,202.02,199.78,201.38,1.24,+0.62%,0
2004-12-09,201.18,201.7,199.78,201.58,0.2,+0.10%,0
2004-12-10,201.57,202.3,200.97,201.43,-0.15,-0.07%,0
2004-12-13,201.9,201.9,200.73,201.74,0.31,+0.15%,0
2004-12-14,201.85,203.68,201.27,203.58,1.84,+0.91%,0
2004-12-15,203.5,203.52,201.75,202.53,-1.05,-0.52%,0
2004-12-16,202.47,203.02,201.62,202.31,-0.22,-0.11%,0
2004-12-17,202.44,202.72,201.58,202.41,0.1,+0.05%,0
2004-12-20,202.65,203.44,202.11,202.47,0.06,+0.03%,0
2004-12-21,202.68,202.89,200.87,201.26,-1.21,-0.60%,0
2004-12-22,201.2,201.51,198.72,199.51,-1.75,-0.87%,0
2004-12-23,199.81,199.94,198.73,199.27,-0.24,-0.12%,0
2004-12-24,199.26,199.94,198.78,199.44,0.17,+0.09%,0
2004-12-27,199.17,199.98,199.02,199.41,-0.03,-0.02%,0
2004-12-28,199.27,200.05,198.81,198.83,-0.58,-0.29%,0
2004-12-29,198.74,199.83,198.53,199.1,0.27,+0.14%,0
2004-12-30,199.27,199.75,197.97,198.21,-0.89,-0.45%,0
2004-12-31,198.45,198.55,196.3,196.51,-1.7,-0.86%,0
2005-01-03,196.95,197.18,195.4,195.55,-0.96,-0.49%,0
2005-01-04,195.73,197.03,195.13,196.8,1.25,+0.64%,0
2005-01-05,196.87,196.99,195.67,196.07,-0.73,-0.37%,0
2005-01-06,196.1,197.24,195.88,197.04,0.97,+0.49%,0
2005-01-07,196.91,197.08,195.52,196.08,-0.96,-0.49%,0
2005-01-10,195.71,196.32,195.14,195.58,-0.5,-0.25%,0
2005-01-11,195.66,195.79,193.69,194.09,-1.49,-0.76%,0
2005-01-12,194.06,194.37,192.68,193.61,-0.48,-0.25%,0
2005-01-13,193.68,193.86,192.49,192.86,-0.75,-0.39%,0
2005-01-14,192.73,193.18,190.08,190.68,-2.18,-1.13%,0
2005-01-17,192.57,192.58,189.6,189.98,-0.7,-0.37%,0
2005-01-18,189.88,192.44,189.8,190.98,1,+0.53%,0
2005-01-19,190.89,192.83,190.5,192.32,1.34,+0.70%,0
2005-01-20,192.31,193.96,191.68,193.49,1.17,+0.61%,0
2005-01-21,193.61,194.26,192.5,193.05,-0.44,-0.23%,0
2005-01-24,192.92,193.82,192.68,193,-0.05,-0.03%,0
2005-01-25,193.03,194.49,192.5,194.18,1.18,+0.61%,0
2005-01-26,193.99,194.44,193.12,193.96,-0.22,-0.11%,0
2005-01-27,194.03,194.9,193.93,194.72,0.76,+0.39%,0
2005-01-28,194.11,195.32,193.64,195.13,0.41,+0.21%,0
2005-01-31,194.9,195.52,194.73,195.06,-0.07,-0.04%,0
2005-02-01,195.24,195.72,194.97,195.26,0.2,+0.10%,0
2005-02-02,195.33,196.02,194.98,195.68,0.42,+0.22%,0
2005-02-03,195.38,196.91,195.32,196.63,0.95,+0.49%,0
2005-02-04,196.61,196.74,194.78,195.04,-1.59,-0.81%,0
2005-02-07,195.39,195.94,194.6,194.76,-0.28,-0.14%,0
2005-02-08,194.73,196.66,194.5,196.08,1.32,+0.68%,0
2005-02-09,196.32,196.93,195.69,196.51,0.43,+0.22%,0
2005-02-10,196.3,197.95,196.13,197.77,1.26,+0.64%,0
2005-02-11,197.57,198.03,196.87,197.49,-0.28,-0.14%,0
2005-02-14,197.04,198.7,196.43,198.52,1.03,+0.52%,0
2005-02-15,198.4,198.75,197.25,197.99,-0.53,-0.27%,0
2005-02-16,198.09,199.05,197.58,198.71,0.72,+0.36%,0
2005-02-17,198.74,200.13,198.36,200.11,1.4,+0.70%,0
2005-02-18,200.03,200.53,199.26,200.18,0.07,+0.03%,0
2005-02-21,200.07,200.69,199.8,200.25,0.07,+0.03%,0
2005-02-22,200.19,200.26,198.27,198.91,-1.34,-0.67%,0
2005-02-23,198.87,200.36,198.65,200.28,1.37,+0.69%,0
2005-02-24,200.08,201.61,199.52,201.46,1.18,+0.59%,0
2005-02-25,201.25,202.01,200.58,201.84,0.38,+0.19%,0
2005-02-28,202.04,202.04,200.13,200.91,-0.93,-0.46%,0
2005-03-01,200.97,201.02,199.98,200.39,-0.52,-0.26%,0
2005-03-02,200.54,200.96,200.05,200.32,-0.07,-0.03%,0
2005-03-03,200.49,200.98,200.08,200.87,0.55,+0.27%,0
2005-03-04,200.71,201.53,200.66,201.53,0.66,+0.33%,0
2005-03-07,201.53,201.66,200.94,201.3,-0.23,-0.11%,0
2005-03-08,201.36,202.06,200.89,201.93,0.63,+0.31%,0
2005-03-09,201.94,201.98,199.63,200.3,-1.63,-0.81%,0
2005-03-10,200.03,201.14,199.86,200.1,-0.2,-0.10%,0
2005-03-11,200.2,200.44,199.62,200.07,-0.03,-0.01%,0
2005-03-14,200.49,201.45,199.94,200.96,0.89,+0.44%,0
2005-03-15,200.54,200.93,199.74,199.84,-1.12,-0.56%,0
2005-03-16,200.03,201,199.63,200.6,0.76,+0.38%,0
2005-03-17,200.63,201.42,200.31,201.18,0.58,+0.29%,0
2005-03-18,201.27,201.56,200.6,201.02,-0.16,-0.08%,0
2005-03-21,201.39,201.39,199.16,199.47,-1.55,-0.77%,0
2005-03-22,199.48,199.82,198.66,199.09,-0.38,-0.19%,0
2005-03-23,199.15,199.22,197.57,197.95,-1.14,-0.57%,0
2005-03-24,198.03,199.31,197.93,198.84,0.89,+0.45%,0
2005-03-25,198.63,199.19,198.62,198.88,0.04,+0.02%,0
2005-03-28,199.01,200.3,198.54,199.94,1.06,+0.53%,0
2005-03-29,200.08,201.83,200.04,201.66,1.72,+0.86%,0
2005-03-30,201.6,202.54,201.15,201.95,0.29,+0.14%,0
2005-03-31,202.08,202.72,200.81,202.61,0.66,+0.33%,0
2005-04-01,202.58,203.02,202.02,202.42,-0.19,-0.09%,0
2005-04-04,202.29,203.07,202.15,202.97,0.55,+0.27%,0
2005-04-05,203.08,204,203.07,203.38,0.41,+0.20%,0
2005-04-06,203.48,204.45,203.05,204.24,0.86,+0.42%,0
2005-04-07,204.41,204.47,202.99,203.12,-1.12,-0.55%,0
2005-04-08,203.1,204.24,202.73,204.24,1.12,+0.55%,0
2005-04-11,204,204.3,203.35,203.89,-0.35,-0.17%,0
2005-04-12,203.92,204.64,203.34,203.78,-0.11,-0.05%,0
2005-04-13,203.89,203.92,202.7,203.44,-0.34,-0.17%,0
2005-04-14,203.34,203.74,203.11,203.43,-0.01,0.00%,0
2005-04-15,203.54,204.16,203.28,203.86,0.43,+0.21%,0
2005-04-18,203.76,204.78,203.56,204.77,0.91,+0.45%,0
2005-04-19,204.63,205.31,204.12,205.04,0.27,+0.13%,0
2005-04-20,204.77,205.35,204.43,204.94,-0.1,-0.05%,0
2005-04-21,205.11,205.3,203.88,203.98,-0.96,-0.47%,0
2005-04-22,204.11,204.15,202.47,202.86,-1.12,-0.55%,0
2005-04-25,203,203,201.66,201.88,-0.98,-0.48%,0
2005-04-26,201.93,202.4,201.64,201.95,0.07,+0.03%,0
2005-04-27,202.1,202.67,201.42,201.64,-0.31,-0.15%,0
2005-04-28,201.78,202.52,201.31,202.05,0.41,+0.20%,0
2005-04-29,202.3,202.51,199.81,199.89,-2.16,-1.07%,0
2005-05-02,199.77,200.9,198.79,198.88,-1.01,-0.51%,0
2005-05-03,199.09,199.42,198.48,198.81,-0.07,-0.04%,0
2005-05-04,198.86,199.2,198,198.86,0.05,+0.03%,0
2005-05-05,198.93,199.14,198.5,198.89,0.03,+0.02%,0
2005-05-06,199.21,199.21,198.17,198.38,-0.51,-0.26%,0
2005-05-09,198.65,199.13,198.37,198.9,0.52,+0.26%,0
2005-05-10,198.98,199.32,198.3,198.59,-0.31,-0.16%,0
2005-05-11,198.72,199.36,197.75,197.93,-0.66,-0.33%,0
2005-05-12,198.07,199.23,197.89,199.17,1.24,+0.63%,0
2005-05-13,199.16,199.49,198.43,198.73,-0.44,-0.22%,0
2005-05-16,198.57,199.02,196.34,196.57,-2.16,-1.09%,0
2005-05-17,196.23,197.42,195.62,197.16,0.59,+0.30%,0
2005-05-18,197.16,197.44,196.46,196.69,-0.47,-0.24%,0
2005-05-19,196.89,197.63,196.76,197.48,0.79,+0.40%,0
2005-05-20,197.71,197.98,197.27,197.52,0.04,+0.02%,0
2005-05-23,197.6,197.65,196.81,196.83,-0.69,-0.35%,0
2005-05-24,197.02,197.21,196.38,196.61,-0.22,-0.11%,0
2005-05-25,196.71,197.43,196.13,197.3,0.69,+0.35%,0
2005-05-26,197.29,197.71,196.4,196.5,-0.8,-0.41%,0
2005-05-27,196.48,197.11,196.34,196.92,0.42,+0.21%,0
2005-05-30,196.74,197.23,196.55,196.8,-0.12,-0.06%,0
2005-05-31,196.88,197.35,195.92,197.19,0.39,+0.20%,0
2005-06-01,197.3,197.41,196.29,196.78,-0.41,-0.21%,0
2005-06-02,196.8,197.02,196.35,196.52,-0.26,-0.13%,0
2005-06-03,196.57,196.64,195.27,195.49,-1.03,-0.52%,0
2005-06-06,195.55,195.56,194.2,194.88,-0.61,-0.31%,0
2005-06-07,195.09,195.71,194.66,195.53,0.65,+0.33%,0
2005-06-08,195.57,196.54,195.33,195.82,0.29,+0.15%,0
2005-06-09,195.61,196.16,195.41,195.65,-0.17,-0.09%,0
2005-06-10,195.59,196.92,195.29,196.71,1.06,+0.54%,0
2005-06-13,196.88,198.09,196.38,197.85,1.14,+0.58%,0
2005-06-14,197.94,198.03,197.37,197.67,-0.18,-0.09%,0
2005-06-15,197.71,199.28,197.35,198.86,1.19,+0.60%,0
2005-06-16,199.04,199.11,198.4,198.45,-0.41,-0.21%,0
2005-06-17,198.49,199.06,198.01,198.82,0.37,+0.19%,0
2005-06-20,198.26,199.78,198.26,199.4,0.58,+0.29%,0
2005-06-21,199.36,199.61,197.81,198.02,-1.38,-0.69%,0
2005-06-22,197.94,198.8,197.76,198.22,0.2,+0.10%,0
2005-06-23,198.33,198.35,197.44,197.64,-0.58,-0.29%,0
2005-06-24,197.76,199.21,197.64,198.98,1.34,+0.68%,0
2005-06-27,198.87,200.15,198.86,199.89,0.91,+0.46%,0
2005-06-28,199.8,200.28,199.4,199.68,-0.21,-0.11%,0
2005-06-29,199.63,200.41,198.87,199.31,-0.37,-0.19%,0
2005-06-30,199.5,199.72,198.2,198.68,-0.63,-0.32%,0
2005-07-01,198.7,198.85,197.1,197.61,-1.07,-0.54%,0
2005-07-04,197.39,197.4,195.97,196.21,-1.4,-0.71%,0
2005-07-05,196.37,196.76,195.94,196.02,-0.19,-0.10%,0
2005-07-06,196.25,197.33,195.94,196.9,0.88,+0.45%,0
2005-07-07,196.77,196.94,194.59,195.35,-1.55,-0.79%,0
2005-07-08,195.58,195.85,194.55,194.92,-0.43,-0.22%,0
2005-07-11,195.09,196.74,194.78,196.48,1.56,+0.80%,0
2005-07-12,196.54,197.26,195.96,197.13,0.65,+0.33%,0
2005-07-13,197,197.41,196.38,197.17,0.04,+0.02%,0
2005-07-14,197.39,197.71,196.86,197.22,0.05,+0.03%,0
2005-07-15,197.35,197.54,196.52,196.62,-0.6,-0.30%,0
2005-07-18,196.45,196.97,195.38,195.62,-1.,-0.51%,0
2005-07-19,195.8,196.61,195.4,196.1,0.48,+0.25%,0
2005-07-20,196.12,196.85,195.73,196.28,0.18,+0.09%,0
2005-07-21,196.17,196.85,192.8,193.4,-2.88,-1.47%,0
2005-07-22,193.39,195,193.02,193.34,-0.06,-0.03%,0
2005-07-25,193.63,195.12,193.33,194.64,1.3,+0.67%,0
2005-07-26,194.65,195.74,194.47,195.43,0.79,+0.41%,0
2005-07-27,195.52,196.31,195.21,196.11,0.68,+0.35%,0
2005-07-28,196.21,197.32,195.55,196.9,0.79,+0.40%,0
2005-07-29,196.9,197.63,196.54,197.62,0.72,+0.37%,0
2005-08-01,197.9,198.66,197.41,198.38,0.76,+0.38%,0
2005-08-02,198.44,198.6,196.95,197.33,-1.05,-0.53%,0
2005-08-03,197.39,198.5,197.19,197.5,0.17,+0.09%,0
2005-08-04,197.47,198.4,197,198.15,0.65,+0.33%,0
2005-08-05,198.05,199.25,197.91,199.12,0.97,+0.49%,0
2005-08-08,199.31,200.25,199.21,200.24,1.12,+0.56%,0
2005-08-09,200.2,200.22,199.58,199.98,-0.26,-0.13%,0
2005-08-10,200,200.18,198.29,198.55,-1.43,-0.72%,0
2005-08-11,198.62,199.08,198.17,198.64,0.09,+0.05%,0
2005-08-12,198.63,199.03,198.45,198.55,-0.09,-0.05%,0
2005-08-15,198.64,199,197.58,197.94,-0.61,-0.31%,0
2005-08-16,197.88,198.31,197.38,198.15,0.21,+0.11%,0
2005-08-17,198.4,198.77,197.74,198.51,0.36,+0.18%,0
2005-08-18,198.5,199.34,198.21,198.59,0.08,+0.04%,0
2005-08-19,198.42,198.75,197.83,198.29,-0.3,-0.15%,0
2005-08-22,198.17,198.57,196.8,197.48,-0.81,-0.41%,0
2005-08-23,197.71,198.09,197.27,197.86,0.38,+0.19%,0
2005-08-24,197.97,198.58,197.84,198.39,0.53,+0.27%,0
2005-08-25,198.54,198.78,197.81,198.36,-0.03,-0.02%,0
2005-08-26,198.4,198.69,197.69,198.44,0.08,+0.04%,0
2005-08-29,198.33,199.44,198.28,198.7,0.26,+0.13%,0
2005-08-30,198.7,199.33,198.45,198.78,0.08,+0.04%,0
2005-08-31,198.73,200,198.54,199.53,0.75,+0.38%,0
2005-09-01,199.58,201.57,199.42,201.38,1.85,+0.93%,0
2005-09-02,201.43,202.38,200.87,202.2,0.82,+0.41%,0
2005-09-05,201.96,202.02,201.14,201.26,-0.94,-0.46%,0
2005-09-06,201.27,202.41,200.98,202.01,0.75,+0.37%,0
2005-09-07,202.08,202.66,201.21,202.12,0.11,+0.05%,0
2005-09-08,202.21,203.47,202.03,202.95,0.83,+0.41%,0
2005-09-09,202.86,203.4,201.62,201.89,-1.06,-0.52%,0
2005-09-12,200.53,201.62,200.04,200.55,-1.34,-0.66%,0
2005-09-13,198.4,202.24,198.36,201.7,1.15,+0.57%,0
2005-09-14,201.66,202.17,200.94,201.24,-0.46,-0.23%,0
2005-09-15,201.28,201.59,199.09,199.86,-1.38,-0.69%,0
2005-09-16,199.81,201.54,199.81,201.3,1.44,+0.72%,0
2005-09-19,201.35,201.35,200.55,201.16,-0.14,-0.07%,0
2005-09-20,201.02,201.53,200.57,201.32,0.16,+0.08%,0
2005-09-21,201.34,201.85,200.97,201.35,0.03,+0.01%,0
2005-09-22,201.42,202.01,199.6,200.11,-1.24,-0.62%,0
2005-09-23,200.02,200.14,198.94,199.82,-0.29,-0.14%,0
2005-09-26,199.73,199.82,199.02,199.58,-0.24,-0.12%,0
2005-09-27,199.55,200.44,199.27,200.24,0.66,+0.33%,0
2005-09-28,200.09,200.34,199.44,199.93,-0.31,-0.15%,0
2005-09-29,199.97,200,198.99,199.14,-0.79,-0.40%,0
2005-09-30,199,200.68,198.93,200.12,0.98,+0.49%,0
2005-10-03,200.01,200.6,199.83,200.36,0.24,+0.12%,0
2005-10-04,200.26,201.23,200.12,201.01,0.65,+0.32%,0
2005-10-05,200.97,201.2,200.24,200.78,-0.23,-0.11%,0
2005-10-06,200.88,202.03,200.65,201.45,0.67,+0.33%,0
2005-10-07,201.57,201.66,200.13,200.42,-1.03,-0.51%,0
2005-10-10,200.33,200.61,199.9,200.33,-0.09,-0.04%,0
2005-10-11,200.38,200.48,199.21,200.01,-0.32,-0.16%,0
2005-10-12,200.06,200.6,199.55,200.34,0.33,+0.16%,0
2005-10-13,200.3,201.38,200.2,200.84,0.5,+0.25%,0
2005-10-14,201.13,201.84,200.71,201.79,0.95,+0.47%,0
2005-10-17,201.73,202.04,201.23,201.58,-0.21,-0.10%,0
2005-10-18,201.6,202.55,201.45,202.36,0.78,+0.39%,0
2005-10-19,202.61,203.76,202.11,203.59,1.23,+0.61%,0
2005-10-20,203.74,204.74,203.29,204.63,1.04,+0.51%,0
2005-10-21,204.6,205.54,204.47,204.83,0.2,+0.10%,0
2005-10-24,204.98,204.98,203.76,204.1,-0.73,-0.36%,0
2005-10-25,204.24,205.26,203.83,205.19,1.09,+0.53%,0
2005-10-26,205.25,205.86,204.85,205.57,0.38,+0.19%,0
2005-10-27,205.63,206.39,205.25,205.95,0.38,+0.18%,0
2005-10-28,205.92,205.97,205.02,205.12,-0.83,-0.40%,0
2005-10-31,205.28,206.63,205.17,206,0.88,+0.43%,0
2005-11-01,204.8,206.63,204.55,205.87,-0.13,-0.06%,0
2005-11-02,205.97,207.53,205.82,207.47,1.6,+0.78%,0
2005-11-03,207.7,208.02,207.26,207.4,-0.07,-0.03%,0
2005-11-04,207.55,208.18,206.49,207.19,-0.21,-0.10%,0
2005-11-07,206.85,206.88,204.9,205.25,-1.94,-0.94%,0
2005-11-08,205.22,205.37,203.92,204.28,-0.97,-0.47%,0
2005-11-09,204.59,205.03,203.77,204.83,0.55,+0.27%,0
2005-11-10,204.85,206.27,204.81,205.77,0.94,+0.46%,0
2005-11-11,205.83,205.83,204.84,205.37,-0.4,-0.19%,0
2005-11-14,205.62,207.12,205.33,206.31,0.94,+0.46%,0
2005-11-15,206.38,206.88,206.08,206.21,-0.1,-0.05%,0
2005-11-16,206.36,206.96,204.23,204.57,-1.64,-0.80%,0
2005-11-17,204.55,204.88,203.81,204.08,-0.49,-0.24%,0
2005-11-18,204.28,204.81,203.83,204.62,0.54,+0.26%,0
2005-11-21,204.71,205.08,204.01,204.36,-0.26,-0.13%,0
2005-11-22,204.19,204.75,203.54,204.59,0.23,+0.11%,0
2005-11-23,204.52,204.88,203.74,204.61,0.02,+0.01%,0
2005-11-24,204.7,205.21,204.29,204.9,0.29,+0.14%,0
2005-11-25,204.89,205.69,204.74,204.98,0.08,+0.04%,0
2005-11-28,205.09,205.64,204.42,205.52,0.54,+0.26%,0
2005-11-29,205.57,205.79,205.09,205.5,-0.02,-0.01%,0
2005-11-30,205.61,207.58,205.23,207.27,1.77,+0.86%,0
2005-12-01,207.18,208.97,206.91,208.52,1.25,+0.60%,0
2005-12-02,208.88,209.54,208.1,208.91,0.39,+0.19%,0
2005-12-05,208.86,210.61,208.84,210.56,1.65,+0.79%,0
2005-12-06,210.49,211.39,209.81,210.37,-0.19,-0.09%,0
2005-12-07,210.41,210.53,209.21,209.88,-0.49,-0.23%,0
2005-12-08,210.01,211.05,208.88,210.91,1.03,+0.49%,0
2005-12-09,210.92,211.83,210.44,211.64,0.73,+0.35%,0
2005-12-12,211.84,212.9,211.27,212.6,0.96,+0.45%,0
2005-12-13,212.75,213.02,211.94,212.36,-0.24,-0.11%,0
2005-12-14,212.29,212.67,206.94,208.06,-4.3,-2.02%,0
2005-12-15,208.04,208.62,205.22,205.51,-2.55,-1.23%,0
2005-12-16,205.19,206.32,203.99,205.18,-0.33,-0.16%,0
2005-12-19,204.94,206.56,204.17,204.5,-0.68,-0.33%,0
2005-12-20,204.77,206,204.51,205.42,0.92,+0.45%,0
2005-12-21,205.7,206,204.14,204.39,-1.03,-0.50%,0
2005-12-22,204.8,205.25,202.4,202.62,-1.77,-0.87%,0
2005-12-23,202.67,203,201.2,201.71,-0.91,-0.45%,0
2005-12-26,201.65,202.39,201.23,201.51,-0.2,-0.10%,0
2005-12-27,201.58,203.51,201.51,202.77,1.26,+0.63%,0
2005-12-28,202.8,203.84,202,202.2,-0.57,-0.28%,0
2005-12-29,202.39,203.51,202.23,203.07,0.87,+0.43%,0
2005-12-30,203.28,203.61,201.88,202.95,-0.12,-0.06%,0
2006-01-02,202.69,203.49,202.28,203.11,0.16,+0.08%,0
2006-01-03,202.63,203.1,202.27,202.99,-0.12,-0.06%,0
2006-01-04,202.81,204.75,202.42,203.98,0.99,+0.49%,0
2006-01-05,204.16,204.59,203.01,203.31,-0.67,-0.33%,0
2006-01-06,203.53,204.01,202.25,202.56,-0.75,-0.37%,0
2006-01-09,202.67,202.74,201.23,201.87,-0.69,-0.34%,0
2006-01-10,202.06,202.62,201.59,201.91,0.04,+0.02%,0
2006-01-11,201.8,202.34,200.59,201.4,-0.51,-0.25%,0
2006-01-12,201.43,201.95,200.78,200.98,-0.42,-0.21%,0
2006-01-13,201.32,203.21,201.25,202.91,1.93,+0.96%,0
2006-01-16,202.93,203.49,202.37,203.13,0.22,+0.11%,0
2006-01-17,203.28,204.36,202.48,204.11,0.98,+0.48%,0
2006-01-18,204.11,204.48,202.86,203.09,-1.02,-0.50%,0
2006-01-19,203.23,203.37,202.06,203.07,-0.02,-0.01%,0
2006-01-20,203.07,204.18,202.39,204.15,1.08,+0.53%,0
2006-01-23,204.11,204.9,203.45,204.41,0.26,+0.13%,0
2006-01-24,204.54,205.11,204.17,204.67,0.26,+0.13%,0
2006-01-25,204.75,207.15,204.66,206.64,1.97,+0.96%,0
2006-01-26,206.67,207.61,206.2,207.23,0.59,+0.29%,0
2006-01-27,207.18,208.17,206.59,207.43,0.2,+0.10%,0
2006-01-30,207.27,208.3,207.01,207.89,0.46,+0.22%,0
2006-01-31,208,209.03,207.38,208.76,0.87,+0.42%,0
2006-02-01,208.52,209.93,208.29,209.28,0.52,+0.25%,0
2006-02-02,209.44,210.97,209.29,210.93,1.65,+0.79%,0
2006-02-03,211.12,211.16,209.45,209.56,-1.37,-0.65%,0
2006-02-06,209.65,209.67,207.56,208.01,-1.55,-0.74%,0
2006-02-07,207.99,208.19,205.48,206.11,-1.9,-0.91%,0
2006-02-08,205.76,206.69,205.22,206.26,0.15,+0.07%,0
2006-02-09,206.41,207.16,206.03,206.79,0.53,+0.26%,0
2006-02-10,206.93,207.29,204.88,205.63,-1.16,-0.56%,0
2006-02-13,205.39,205.64,204.87,205.12,-0.51,-0.25%,0
2006-02-14,205.02,205.13,202.96,203.75,-1.37,-0.67%,0
2006-02-15,203.85,205.35,203.73,205.15,1.4,+0.69%,0
2006-02-16,205.15,205.3,204.11,204.87,-0.28,-0.14%,0
2006-02-17,204.51,206.32,204.18,205.88,1.01,+0.49%,0
2006-02-20,205.92,206.4,205.7,206.2,0.32,+0.16%,0
2006-02-21,206.2,207.79,206.2,207.42,1.22,+0.59%,0
2006-02-22,207.21,207.49,206.08,206.53,-0.89,-0.43%,0
2006-02-23,206.69,206.69,204.7,205.24,-1.29,-0.62%,0
2006-02-24,205.11,205.19,203.67,203.91,-1.33,-0.65%,0
2006-02-27,204.06,204.15,201.73,202.2,-1.71,-0.84%,0
2006-02-28,202.02,203.45,201.97,203.07,0.87,+0.43%,0
2006-03-01,203.02,204.2,202.6,203.13,0.06,+0.03%,0
2006-03-02,203.14,203.53,202.53,203.22,0.09,+0.04%,0
2006-03-03,203.21,204.63,202.78,204.19,0.97,+0.48%,0
2006-03-06,204.35,206.06,204.08,205.74,1.55,+0.76%,0
2006-03-07,205.82,205.86,204.03,204.75,-0.99,-0.48%,0
2006-03-08,204.6,205.1,203.79,204.79,0.04,+0.02%,0
2006-03-09,204.91,205.48,203.73,205.11,0.32,+0.16%,0
2006-03-10,205.17,205.97,204.83,205.51,0.4,+0.20%,0
2006-03-13,205.38,206.2,204.95,205.89,0.38,+0.18%,0
2006-03-14,205.72,206.11,204.69,205.07,-0.82,-0.40%,0
2006-03-15,205.33,205.68,204.74,205.02,-0.05,-0.02%,0
2006-03-16,205.18,205.83,205.07,205.26,0.24,+0.12%,0
2006-03-17,205.3,205.45,203.26,203.47,-1.79,-0.87%,0
2006-03-20,203.57,204.28,202.83,204.03,0.56,+0.28%,0
2006-03-21,204.43,204.85,203.65,204.84,0.81,+0.40%,0
2006-03-22,204.96,205.19,203.88,204.23,-0.61,-0.30%,0
2006-03-23,204.42,204.73,203.56,204.62,0.39,+0.19%,0
2006-03-24,204.46,205.7,204.29,204.73,0.11,+0.05%,0
2006-03-27,204.68,205.03,203.38,204.03,-0.7,-0.34%,0
2006-03-28,203.89,205.77,203.18,205.52,1.49,+0.73%,0
2006-03-29,205.55,205.6,204.06,204.24,-1.28,-0.62%,0
2006-03-30,204.26,205.14,203.92,204.88,0.64,+0.31%,0
2006-03-31,204.83,205.34,204.15,204.34,-0.54,-0.26%,0
2006-04-03,204.6,205.29,204.15,204.68,0.34,+0.17%,0
2006-04-04,204.71,206.34,204.46,206.23,1.55,+0.76%,0
2006-04-05,206.28,206.3,205.24,205.82,-0.41,-0.20%,0
2006-04-06,205.91,206.85,205.62,206.23,0.41,+0.20%,0
2006-04-07,206.44,206.62,205.16,206.1,-0.13,-0.06%,0
2006-04-10,205.87,206.87,205.75,206.35,0.25,+0.12%,0
2006-04-11,206.25,207.35,206.13,206.87,0.52,+0.25%,0
2006-04-12,206.88,207.58,206.36,207.57,0.7,+0.34%,0
2006-04-13,207.39,207.99,207.19,207.65,0.08,+0.04%,0
2006-04-14,207.81,207.99,207.59,207.81,0.16,+0.08%,0
2006-04-17,207.98,208.69,207.59,208.47,0.66,+0.32%,0
2006-04-18,208.45,209.27,208.35,208.82,0.35,+0.17%,0
2006-04-19,208.79,210.77,208.16,210,1.18,+0.57%,0
2006-04-20,210.23,210.53,208.83,209.05,-0.95,-0.45%,0
2006-04-21,209.06,209.75,207.77,207.82,-1.23,-0.59%,0
2006-04-24,208.25,208.25,204.49,204.73,-3.09,-1.49%,0
2006-04-25,205.01,205.51,204.2,205.34,0.61,+0.30%,0
2006-04-26,205.32,205.87,204.65,204.77,-0.57,-0.28%,0
2006-04-27,204.72,205.86,203.94,205.75,0.98,+0.48%,0
2006-04-28,205.57,207.64,205.54,207.46,1.71,+0.83%,0
2006-05-01,207.53,207.7,206.21,207.11,-0.35,-0.17%,0
2006-05-02,207.06,208.85,206.97,208.47,1.36,+0.66%,0
2006-05-03,208.51,209.59,207.95,209.36,0.89,+0.43%,0
2006-05-04,209.27,210.62,209.09,210.32,0.96,+0.46%,0
2006-05-05,210.42,211.01,208.65,209.11,-1.21,-0.58%,0
2006-05-08,209.51,209.59,206.94,207.47,-1.64,-0.78%,0
2006-05-09,207.54,207.68,206.67,207.4,-0.07,-0.03%,0
2006-05-10,207.27,207.52,205.44,205.64,-1.76,-0.85%,0
2006-05-11,205.93,208.37,205.86,208.22,2.58,+1.25%,0
2006-05-12,208.43,208.94,207.27,208.4,0.18,+0.09%,0
2006-05-15,208.52,208.54,206.98,207.12,-1.28,-0.61%,0
2006-05-16,207.68,208.03,206.97,207.1,-0.02,-0.01%,0
2006-05-17,207.18,209.06,206.49,208.89,1.79,+0.86%,0
2006-05-18,208.9,209.85,208.2,209.79,0.9,+0.43%,0
2006-05-19,209.81,210.19,209.1,209.77,-0.02,-0.01%,0
2006-05-22,209.97,211.12,209.49,210.09,0.32,+0.15%,0
2006-05-23,210.51,210.73,209.16,209.89,-0.2,-0.10%,0
2006-05-24,210.53,211.25,210.14,210.9,1.01,+0.48%,0
2006-05-25,211.01,211.08,209.09,209.23,-1.67,-0.79%,0
2006-05-26,209.38,209.81,208.62,209.49,0.26,+0.12%,0
2006-05-29,209.38,209.38,208.73,208.96,-0.53,-0.25%,0
2006-05-30,209.14,211.38,208.91,211.34,2.38,+1.14%,0
2006-05-31,211.3,211.48,209.96,210.45,-0.89,-0.42%,0
2006-06-01,210.57,210.85,209.89,210.05,-0.4,-0.19%,0
2006-06-02,210.28,210.73,209.84,210.21,0.16,+0.08%,0
2006-06-05,210.15,210.82,209.59,210,-0.21,-0.10%,0
2006-06-06,210.13,211.15,209.92,210.63,0.63,+0.30%,0
2006-06-07,210.79,210.98,210.41,210.62,-0.01,0.00%,0
2006-06-08,210.61,211.08,210.22,210.41,-0.21,-0.10%,0
2006-06-09,210.51,210.63,209.66,209.77,-0.64,-0.30%,0
2006-06-12,209.73,210.89,209.73,210.71,0.94,+0.45%,0
2006-06-13,210.74,212.05,210.51,211.47,0.76,+0.36%,0
2006-06-14,211.55,212.44,211.13,212.04,0.57,+0.27%,0
2006-06-15,211.94,212.79,211.73,212.34,0.3,+0.14%,0
2006-06-16,212.24,213.25,212.15,213.06,0.72,+0.34%,0
2006-06-19,213.11,213.72,211.99,212.5,-0.56,-0.26%,0
2006-06-20,212.77,212.77,211.34,211.8,-0.7,-0.33%,0
2006-06-21,211.72,212.18,211.29,211.78,-0.02,-0.01%,0
2006-06-22,211.94,212.63,211.44,212.24,0.46,+0.22%,0
2006-06-23,212.28,212.44,210.92,211.88,-0.36,-0.17%,0
2006-06-26,211.75,212.16,211.38,212.06,0.18,+0.08%,0
2006-06-27,212.02,212.37,211.43,211.95,-0.11,-0.05%,0
2006-06-28,211.77,212.04,211.15,211.79,-0.16,-0.08%,0
2006-06-29,211.75,211.94,209.96,210.07,-1.72,-0.81%,0
2006-06-30,210.51,211.8,209.89,211.49,1.42,+0.68%,0
2006-07-03,211.43,211.89,210.8,211.2,-0.29,-0.14%,0
2006-07-04,211.21,211.76,210.99,211.69,0.49,+0.23%,0
2006-07-05,211.99,212.49,211.52,212.33,0.64,+0.30%,0
2006-07-06,212.29,212.38,211.21,211.5,-0.83,-0.39%,0
2006-07-07,211.54,211.81,210.74,210.92,-0.58,-0.27%,0
2006-07-10,210.99,211,209.56,210.22,-0.7,-0.33%,0
2006-07-11,210.35,210.85,210.07,210.84,0.62,+0.29%,0
2006-07-12,211.01,212.03,210.68,211.84,1,+0.47%,0
2006-07-13,211.92,212.78,211.42,212.65,0.81,+0.38%,0
2006-07-14,212.77,213.75,212.63,213.65,1,+0.47%,0
2006-07-17,213.58,213.89,212.77,213.1,-0.55,-0.26%,0
2006-07-18,213.17,214.7,212.61,214.41,1.31,+0.61%,0
2006-07-19,214.24,215.41,213.89,215.34,0.93,+0.43%,0
2006-07-20,215.25,216.52,214.99,216.04,0.7,+0.33%,0
2006-07-21,216.3,216.49,214.94,216.09,0.05,+0.02%,0
2006-07-24,215.84,216.39,215.63,216.12,0.03,+0.01%,0
2006-07-25,216.03,216.23,215.48,215.66,-0.46,-0.21%,0
2006-07-26,215.63,216.23,214.69,215.52,-0.14,-0.06%,0
2006-07-27,215.59,215.84,214.95,215.12,-0.4,-0.19%,0
2006-07-28,215.05,215.29,213.73,213.92,-1.2,-0.56%,0
2006-07-31,213.67,214.39,212.97,214.11,0.19,+0.09%,0
2006-08-01,214.14,215.3,213.61,214.83,0.72,+0.34%,0
2006-08-02,214.88,215.39,214.36,215.09,0.26,+0.12%,0
2006-08-03,215.2,217.43,214.97,217.04,1.95,+0.91%,0
2006-08-04,217.09,218.52,216.94,218.4,1.36,+0.63%,0
2006-08-07,218.31,219.75,217.77,219.47,1.07,+0.49%,0
2006-08-08,219.59,219.9,218.97,219.57,0.1,+0.05%,0
2006-08-09,219.94,220.16,219.16,219.65,0.08,+0.04%,0
2006-08-10,219.66,219.96,218.05,218.25,-1.4,-0.64%,0
2006-08-11,218.23,220.31,218.09,219.77,1.52,+0.70%,0
2006-08-14,219.93,220.55,219.81,220.29,0.52,+0.24%,0
2006-08-15,220.33,220.56,219.68,219.83,-0.46,-0.21%,0
2006-08-16,219.84,220.28,219.25,219.63,-0.2,-0.09%,0
2006-08-17,219.6,219.73,218.44,218.47,-1.16,-0.53%,0
2006-08-18,218.62,218.9,217.48,217.86,-0.61,-0.28%,0
2006-08-21,217.88,219.82,217.71,219.38,1.52,+0.70%,0
2006-08-22,219.43,220.34,219.26,220.01,0.63,+0.29%,0
2006-08-23,220.06,220.81,219.52,220.26,0.25,+0.11%,0
2006-08-24,220.38,220.56,219.81,219.98,-0.28,-0.13%,0
2006-08-25,219.93,221.68,219.79,221.37,1.39,+0.63%,0
2006-08-28,221.44,222.37,221.2,222.04,0.67,+0.30%,0
2006-08-29,221.8,222.12,220.99,221.47,-0.57,-0.26%,0
2006-08-30,221.54,223.23,221.23,223.01,1.54,+0.70%,0
2006-08-31,223.08,223.85,222.8,223.43,0.42,+0.19%,0
2006-09-01,223.61,223.62,222.26,223.2,-0.23,-0.10%,0
2006-09-04,223.1,223.1,220.72,221.08,-2.12,-0.95%,0
2006-09-05,221.47,221.48,219.37,219.56,-1.52,-0.69%,0
2006-09-06,219.92,220.65,219.23,219.76,0.2,+0.09%,0
2006-09-07,219.78,220.36,217.63,218.33,-1.43,-0.65%,0
2006-09-08,218.4,218.53,217.46,218.04,-0.29,-0.13%,0
2006-09-11,218.08,219.34,217.63,219.16,1.12,+0.51%,0
2006-09-12,219.57,221.26,219.26,221.14,1.98,+0.90%,0
2006-09-13,221.14,221.15,220.24,220.65,-0.49,-0.22%,0
2006-09-14,220.76,222.09,220.34,221.66,1.01,+0.46%,0
2006-09-15,221.84,222.09,220.22,221.26,-0.4,-0.18%,0
2006-09-18,220.26,222.26,220.26,221.7,0.44,+0.20%,0
2006-09-19,221.76,222.22,220.83,221.28,-0.42,-0.19%,0
2006-09-20,221.71,221.96,220.26,221.71,0.43,+0.19%,0
2006-09-21,221.78,222.01,221.12,221.31,-0.4,-0.18%,0
2006-09-22,221.33,221.98,220.91,221.44,0.13,+0.06%,0
2006-09-25,221.4,222.1,221.07,221.52,0.08,+0.04%,0
2006-09-26,221.54,222.24,220.48,221.98,0.46,+0.21%,0
2006-09-27,221.86,222.06,221.08,221.94,-0.04,-0.02%,0
2006-09-28,221.95,222.2,220.71,221.08,-0.86,-0.39%,0
2006-09-29,221.12,221.2,219.97,221.12,0.04,+0.02%,0
2006-10-02,221.73,222.13,220.69,221.99,0.87,+0.39%,0
2006-10-03,221.95,222.74,221.67,222.58,0.59,+0.27%,0
2006-10-04,222.59,222.93,221.82,222.41,-0.17,-0.08%,0
2006-10-05,222.38,222.47,220.48,221.02,-1.39,-0.62%,0
2006-10-06,221.2,222.67,221.12,222.61,1.59,+0.72%,0
2006-10-09,222.51,223.15,222.01,222.41,-0.2,-0.09%,0
2006-10-10,222.39,222.6,221.63,222.05,-0.36,-0.16%,0
2006-10-11,221.98,222.18,221.56,221.94,-0.11,-0.05%,0
2006-10-12,222.02,222.38,221.68,221.88,-0.06,-0.03%,0
2006-10-13,221.92,222.42,221.68,222.12,0.24,+0.11%,0
2006-10-16,222.07,222.22,221.42,221.66,-0.46,-0.21%,0
2006-10-17,221.63,222.58,221.25,222.4,0.74,+0.33%,0
2006-10-18,222.12,222.59,221.53,222.09,-0.31,-0.14%,0
2006-10-19,222.15,222.3,221.39,221.83,-0.26,-0.12%,0
2006-10-20,221.94,223.77,221.81,223.57,1.74,+0.78%,0
2006-10-23,223.65,223.7,223.04,223.56,-0.01,0.00%,0
2006-10-24,223.62,223.82,223.23,223.52,-0.04,-0.02%,0
2006-10-25,223.55,223.78,223.29,223.65,0.13,+0.06%,0
2006-10-26,223.62,224.1,223.34,223.85,0.2,+0.09%,0
2006-10-27,223.8,224.37,222.58,222.87,-0.98,-0.44%,0
2006-10-30,223.01,223.52,222.47,223.27,0.4,+0.18%,0
2006-10-31,223.33,224.02,222.6,223.07,-0.2,-0.09%,0
2006-11-01,223.08,223.53,222.76,223.36,0.29,+0.13%,0
2006-11-02,223.43,223.74,222.69,223.57,0.21,+0.09%,0
2006-11-03,223.53,224.56,223.21,224.22,0.65,+0.29%,0
2006-11-06,224.48,224.69,224.04,224.36,0.14,+0.06%,0
2006-11-07,224.51,224.65,224.02,224.25,-0.11,-0.05%,0
2006-11-08,224.31,224.59,223.97,224.42,0.17,+0.08%,0
2006-11-09,224.51,225.29,224.38,224.68,0.26,+0.12%,0
2006-11-10,224.7,225.05,224.25,224.72,0.04,+0.02%,0
2006-11-13,224.67,224.83,224.25,224.67,-0.05,-0.02%,0
2006-11-14,224.67,224.71,222.65,222.94,-1.73,-0.77%,0
2006-11-15,222.94,223.48,222.5,222.98,0.04,+0.02%,0
2006-11-16,222.93,223.44,222.54,223.27,0.29,+0.13%,0
2006-11-17,223.29,223.4,222.74,223.07,-0.2,-0.09%,0
2006-11-20,223.16,224.2,223.16,223.93,0.86,+0.39%,0
2006-11-21,224.01,224.27,223.72,223.8,-0.13,-0.06%,0
2006-11-22,223.92,223.98,223.01,223.48,-0.32,-0.14%,0
2006-11-23,223.52,223.58,222.37,222.7,-0.78,-0.35%,0
2006-11-24,222.84,223.96,222.65,223.81,1.11,+0.50%,0
2006-11-27,224.79,225.03,223.79,224.9,1.09,+0.49%,0
2006-11-28,225,226.68,224.77,226.62,1.72,+0.76%,0
2006-11-29,226.73,227.17,225.74,226.36,-0.26,-0.11%,0
2006-11-30,226.58,227.85,226.21,227.49,1.13,+0.50%,0
2006-12-01,227.64,229.05,227.16,228.52,1.03,+0.45%,0
2006-12-04,228.71,229.01,228.05,228.36,-0.16,-0.07%,0
2006-12-05,228.43,228.59,226.31,226.71,-1.65,-0.72%,0
2006-12-06,226.69,226.89,225.72,226.6,-0.11,-0.05%,0
2006-12-07,226.61,226.82,225.89,226.19,-0.41,-0.18%,0
2006-12-08,226.29,227.77,225.98,227.51,1.32,+0.58%,0
2006-12-11,227.26,228.94,226.96,228.85,1.34,+0.59%,0
2006-12-12,229.06,230.34,228.8,230.22,1.37,+0.60%,0
2006-12-13,230.19,231.28,229.96,231.07,0.85,+0.37%,0
2006-12-14,231.24,231.4,230.7,231.1,0.03,+0.01%,0
2006-12-15,230.98,231.77,229.52,230.44,-0.66,-0.29%,0
2006-12-18,230.37,230.89,229.47,230.07,-0.37,-0.16%,0
2006-12-19,230.09,232.52,229.73,232.46,2.39,+1.04%,0
2006-12-20,232.63,233.24,232.44,232.48,0.02,+0.01%,0
2006-12-21,232.63,233.05,231.59,231.99,-0.49,-0.21%,0
2006-12-22,232.12,233.03,231.95,232.78,0.79,+0.34%,0
2006-12-25,232.72,234.78,232.36,234.56,1.78,+0.76%,0
2006-12-26,233.45,233.48,232.59,232.63,-1.93,-0.82%,0
2006-12-27,232.76,232.98,231.61,232.3,-0.33,-0.14%,0
2006-12-28,232.49,233.62,232.15,233.37,1.07,+0.46%,0
2006-12-29,233.48,233.88,232.99,233.05,-0.32,-0.14%,0
2007-01-02,233.25,234.57,233.01,234.48,1.43,+0.61%,0
2007-01-03,234.57,234.81,232.7,232.75,-1.73,-0.74%,0
2007-01-04,232.89,233.17,231.29,231.36,-1.39,-0.60%,0
2007-01-05,231.3,231.38,228.82,229.01,-2.35,-1.02%,0
2007-01-08,228.86,230.19,228.08,230.1,1.09,+0.48%,0
2007-01-09,230.22,231.88,230.14,231.58,1.48,+0.64%,0
2007-01-10,231.57,231.74,230.77,231.16,-0.42,-0.18%,0
2007-01-11,231.08,234.85,230.93,234.25,3.09,+1.34%,0
2007-01-12,234.4,235.88,233.95,235.71,1.46,+0.62%,0
2007-01-15,235.9,237,235.01,236.51,0.8,+0.34%,0
2007-01-16,236.63,237.28,236.35,236.69,0.18,+0.08%,0
2007-01-17,236.65,237.9,236.57,237.61,0.92,+0.39%,0
2007-01-18,237.73,240,237.46,239.35,1.74,+0.73%,0
2007-01-19,239.32,239.84,239.02,239.34,-0.01,0.00%,0
2007-01-22,239.3,240.61,239.25,240.3,0.96,+0.40%,0
2007-01-23,240.41,241.47,240.3,241.07,0.77,+0.32%,0
2007-01-24,240.99,241.44,237.55,238.03,-3.04,-1.26%,0
2007-01-25,238.69,238.69,236.41,237.85,-0.18,-0.08%,0
2007-01-26,238.16,239.14,237.58,238.23,0.38,+0.16%,0
2007-01-29,237.99,239.14,237.99,238.6,0.37,+0.16%,0
2007-01-30,238.72,240.04,238.34,238.7,0.1,+0.04%,0
2007-01-31,238.74,238.93,236.49,237.1,-1.6,-0.67%,0
2007-02-01,237.16,237.76,236.58,237.46,0.36,+0.15%,0
2007-02-02,237.6,238.77,237.34,238.19,0.73,+0.31%,0
2007-02-05,238.06,238.19,235.55,235.93,-2.26,-0.95%,0
2007-02-06,235.89,237.27,235.41,236.76,0.83,+0.35%,0
2007-02-07,236.74,237.99,236.44,237.62,0.86,+0.36%,0
2007-02-08,237.8,238.89,236.99,237.07,-0.55,-0.23%,0
2007-02-09,237.1,237.89,236.26,237.28,0.21,+0.09%,0
2007-02-12,237.13,238.57,236.7,237.35,0.07,+0.03%,0
2007-02-13,237.42,237.49,235.46,235.83,-1.52,-0.64%,0
2007-02-14,235.9,237.4,235.67,236.93,1.1,+0.47%,0
2007-02-15,237.02,237.12,233.06,233.06,-3.87,-1.63%,0
2007-02-16,232.69,233.47,232.2,232.62,-0.44,-0.19%,0
2007-02-19,232.8,233.84,232.24,233.42,0.8,+0.34%,0
2007-02-20,233.26,235.12,233.25,234.57,1.15,+0.49%,0
2007-02-21,234.63,236.4,233.86,236.19,1.62,+0.69%,0
2007-02-22,236.28,238,235.75,237.93,1.74,+0.74%,0
2007-02-23,237.85,238.18,237.42,237.58,-0.35,-0.15%,0
2007-02-26,237.55,237.86,236.29,236.82,-0.76,-0.32%,0
2007-02-27,236.91,237.08,231.06,231.11,-5.71,-2.41%,0
2007-02-28,231.4,233.01,231.02,232.49,1.38,+0.60%,0
2007-03-01,232.82,233.4,229.68,230.27,-2.22,-0.95%,0
2007-03-02,230.37,230.6,226.62,227.13,-3.14,-1.36%,0
2007-03-05,226.95,226.95,221.52,222.75,-4.38,-1.93%,0
2007-03-06,221.89,225.44,221.11,225.4,2.65,+1.19%,0
2007-03-07,225.22,226.22,224.1,224.81,-0.59,-0.26%,0
2007-03-08,224.3,226.84,222.96,226,1.19,+0.53%,0
2007-03-09,225.94,228.75,225.9,228.27,2.27,+1.00%,0
2007-03-12,228.59,229.62,226.02,227.41,-0.86,-0.38%,0
2007-03-13,227.43,227.62,224.44,224.47,-2.94,-1.29%,0
2007-03-14,224.3,226.78,222.64,226.57,2.1,+0.94%,0
2007-03-15,226.69,228.02,226.28,227.81,1.24,+0.55%,0
2007-03-16,227.79,227.83,226.43,226.63,-1.18,-0.52%,0
2007-03-19,226.61,229.13,225.42,228.4,1.77,+0.78%,0
2007-03-20,228.52,230.77,228.22,229.9,1.5,+0.66%,0
2007-03-21,230.04,231.4,229.91,231.37,1.47,+0.64%,0
2007-03-22,231.26,232.21,230.7,231.94,0.57,+0.25%,0
2007-03-23,232.06,232.34,230.57,231.54,-0.4,-0.17%,0
2007-03-26,231.64,232.7,230.88,232.54,1,+0.43%,0
2007-03-27,232.63,233,231.49,231.73,-0.81,-0.35%,0
2007-03-28,231.62,231.92,228.8,229.42,-2.31,-1.00%,0
2007-03-29,229.22,231.75,229.11,231.44,2.02,+0.88%,0
2007-03-30,231.64,231.96,230.64,231.85,0.41,+0.18%,0
2007-04-02,232.04,233.1,231.28,232.92,1.07,+0.46%,0
2007-04-03,233.11,235.11,232.88,234.71,1.79,+0.77%,0
2007-04-04,234.82,235.02,234.23,234.43,-0.28,-0.12%,0
2007-04-05,234.62,234.86,233.63,233.89,-0.54,-0.23%,0
2007-04-06,234.02,234.67,233.87,234.41,0.52,+0.22%,0
2007-04-09,234.41,234.54,233.77,234.01,-0.4,-0.17%,0
2007-04-10,234.22,235.37,233.7,234.72,0.71,+0.30%,0
2007-04-11,234.88,236.28,234.63,235.61,0.89,+0.38%,0
2007-04-12,235.77,236.11,235.2,235.62,0.01,0.00%,0
2007-04-13,235.88,236.94,234.8,236.7,1.08,+0.46%,0
2007-04-16,236.82,238.59,236.43,238.28,1.58,+0.67%,0
2007-04-17,238.22,239.42,237.18,238.55,0.27,+0.11%,0
2007-04-18,238.64,238.93,236.83,238.01,-0.54,-0.23%,0
2007-04-19,238.38,238.38,235.29,237,-1.01,-0.42%,0
2007-04-20,237.38,238.3,236.92,237.9,0.9,+0.38%,0
2007-04-23,237.99,238.32,236.4,237.26,-0.64,-0.27%,0
2007-04-24,237.42,237.97,236.01,237.22,-0.04,-0.02%,0
2007-04-25,237.39,237.99,236.94,237.7,0.48,+0.20%,0
2007-04-26,237.66,238.69,237.31,238.11,0.41,+0.17%,0
2007-04-27,238.09,239.39,237.36,238.76,0.65,+0.27%,0
2007-04-30,238.71,239.04,237.81,238.94,0.18,+0.08%,0
2007-05-01,238.95,239.78,238.66,239.43,0.49,+0.21%,0
2007-05-02,239.57,239.59,238.75,238.91,-0.52,-0.22%,0
2007-05-03,239.09,239.56,238.94,239.36,0.45,+0.19%,0
2007-05-04,239.27,239.57,238.82,239.39,0.03,+0.01%,0
2007-05-07,239.66,239.66,239.16,239.36,-0.03,-0.01%,0
2007-05-08,239.38,239.42,238.23,238.67,-0.69,-0.29%,0
2007-05-09,238.64,239.47,237.99,239.31,0.64,+0.27%,0
2007-05-10,239.37,239.77,237.21,237.51,-1.8,-0.75%,0
2007-05-11,237.53,238.45,236.39,238.11,0.6,+0.25%,0
2007-05-14,238.05,238.68,237.85,238.12,0.01,0.00%,0
2007-05-15,238.09,239.03,237.69,238.76,0.64,+0.27%,0
2007-05-16,238.74,239.4,238.51,238.76,0,0.00%,0
2007-05-17,238.75,239.63,238.54,239.52,0.76,+0.32%,0
2007-05-18,239.51,239.89,237.78,239.19,-0.33,-0.14%,0
2007-05-21,239.18,239.62,238.97,239.27,0.08,+0.03%,0
2007-05-22,239.32,240.21,239.05,240.11,0.84,+0.35%,0
2007-05-23,240.04,241.88,240.04,241.64,1.53,+0.64%,0
2007-05-24,241.53,241.61,240.66,240.94,-0.7,-0.29%,0
2007-05-25,240.96,241.7,239.61,241.54,0.6,+0.25%,0
2007-05-28,241.55,241.65,241.11,241.4,-0.14,-0.06%,0
2007-05-29,241.45,241.54,240.46,240.83,-0.57,-0.24%,0
2007-05-30,240.92,241.06,239.69,240.19,-0.64,-0.27%,0
2007-05-31,240.34,241.2,239.1,240.96,0.77,+0.32%,0
2007-06-01,240.94,242.02,240.8,241.91,0.95,+0.39%,0
2007-06-04,241.86,242.66,241.59,242.44,0.53,+0.22%,0
2007-06-05,242.41,242.98,241.49,241.82,-0.62,-0.26%,0
2007-06-06,241.86,242.29,240.86,241.28,-0.54,-0.22%,0
2007-06-07,241.25,242.12,238.88,239.38,-1.9,-0.79%,0
2007-06-08,239.35,240.12,237.62,239.58,0.2,+0.08%,0
2007-06-11,239.54,239.97,238.89,239.92,0.34,+0.14%,0
2007-06-12,239.82,240.82,239.54,240.55,0.63,+0.26%,0
2007-06-13,240.41,242.05,239.69,241.94,1.39,+0.58%,0
2007-06-14,241.93,242.44,241.64,242.1,0.16,+0.07%,0
2007-06-15,242.09,244.37,242.04,243.78,1.68,+0.69%,0
2007-06-18,243.84,245.25,243.84,245.17,1.39,+0.57%,0
2007-06-19,245.19,245.54,244.92,245.32,0.15,+0.06%,0
2007-06-20,245.31,246.6,244.64,246.48,1.16,+0.47%,0
2007-06-21,246.45,246.56,245.8,246.44,-0.04,-0.02%,0
2007-06-22,246.47,247.94,246.44,247.6,1.16,+0.47%,0
2007-06-25,247.42,247.82,246.41,247,-0.6,-0.24%,0
2007-06-26,247,247.05,245.17,246.54,-0.46,-0.19%,0
2007-06-27,246.16,246.16,243.95,245.01,-1.53,-0.62%,0
2007-06-28,245.31,246.76,245.31,246.7,1.69,+0.69%,0
2007-06-29,246.56,247.82,246.42,247.01,0.31,+0.13%,0
2007-07-02,247.39,247.61,246.06,246.71,-0.3,-0.12%,0
2007-07-03,246.8,247.6,246.28,246.9,0.19,+0.08%,0
2007-07-04,246.79,247.41,246.61,247.34,0.44,+0.18%,0
2007-07-05,247.43,247.59,246.69,247.33,-0.01,0.00%,0
2007-07-06,247.31,248.11,247.05,248.07,0.74,+0.30%,0
2007-07-09,248.1,248.79,248.1,248.62,0.55,+0.22%,0
2007-07-10,248.71,248.74,246.96,247.26,-1.36,-0.55%,0
2007-07-11,246.87,248.56,245.17,248.46,1.2,+0.49%,0
2007-07-12,248.92,248.92,247.73,248.69,0.23,+0.09%,0
2007-07-13,248.54,248.9,248.1,248.17,-0.52,-0.21%,0
2007-07-16,247.95,248.64,247.63,248.13,-0.04,-0.02%,0
2007-07-17,248.2,250.45,248.01,250.23,2.1,+0.85%,0
2007-07-18,250.42,250.48,249.62,250.25,0.02,+0.01%,0
2007-07-19,250.37,250.44,249.76,250.13,-0.12,-0.05%,0
2007-07-20,249.97,251.09,248.68,249.11,-1.02,-0.41%,0
2007-07-23,249.33,250.14,248.62,249.59,0.48,+0.19%,0
2007-07-24,249.4,249.45,247.61,247.61,-1.98,-0.79%,0
2007-07-25,248.03,248.12,246.39,247.28,-0.33,-0.13%,0
2007-07-26,247.51,247.7,242.97,243.26,-4.02,-1.63%,0
2007-07-27,243.19,244.36,240.1,240.82,-2.44,-1.00%,0
2007-07-30,240.01,241.4,238.37,240.94,0.12,+0.05%,0
2007-07-31,241.03,242.9,240.79,241.6,0.66,+0.27%,0
2007-08-01,241.23,241.74,237.57,240.35,-1.25,-0.52%,0
2007-08-02,240.62,243.14,240.1,242.76,2.41,+1.00%,0
2007-08-03,242.75,242.98,241.1,241.47,-1.29,-0.53%,0
2007-08-06,240.72,240.72,237.99,240.06,-1.41,-0.58%,0
2007-08-07,241.43,241.51,238.76,240.52,0.46,+0.19%,0
2007-08-08,240.32,244.04,239.8,243.07,2.55,+1.06%,0
2007-08-09,243.12,244.05,238.98,239.36,-3.71,-1.53%,0
2007-08-10,239.46,240.49,236.25,239.73,0.37,+0.15%,0
2007-08-13,239.67,239.67,236.4,238.26,-1.47,-0.61%,0
2007-08-14,237.96,237.96,234.89,235.45,-2.81,-1.18%,0
2007-08-15,234.75,234.75,231.64,232.69,-2.76,-1.17%,0
2007-08-16,231.7,231.7,221.45,224,-8.69,-3.73%,0
2007-08-17,224.54,229,219.15,226.6,2.6,+1.16%,0
2007-08-20,226.72,229.59,224.82,228.32,1.72,+0.76%,0
2007-08-21,228.56,229.08,225.31,226.94,-1.38,-0.60%,0
2007-08-22,226.91,229.7,225.94,229.43,2.49,+1.10%,0
2007-08-23,230.34,234.91,230.34,232.39,2.96,+1.29%,0
2007-08-24,232.45,234.05,230.81,234.05,1.66,+0.71%,0
2007-08-27,234.14,235.53,233.28,233.72,-0.33,-0.14%,0
2007-08-28,232.77,232.77,229.44,229.46,-4.26,-1.82%,0
2007-08-29,229.5,233.98,227.37,233.97,4.51,+1.97%,0
2007-08-30,233.86,234.04,231.17,233.19,-0.78,-0.33%,0
2007-08-31,232.96,235.51,232.7,233.9,0.71,+0.30%,0
2007-09-03,233.9,234.57,232.98,234.15,0.25,+0.11%,0
2007-09-04,234.17,234.4,231.9,234.34,0.19,+0.08%,0
2007-09-05,234.1,234.81,231.84,232.68,-1.66,-0.71%,0
2007-09-06,232.88,233.98,231.83,233.41,0.73,+0.31%,0
2007-09-07,233.39,234.18,229.09,229.91,-3.5,-1.50%,0
2007-09-10,229.95,231.51,228.55,230.67,0.76,+0.33%,0
2007-09-11,230.52,232.35,229.52,232.05,1.38,+0.60%,0
2007-09-12,231.94,232.32,231.03,232,-0.05,-0.02%,0
2007-09-13,231.98,234.79,231.38,234.15,2.15,+0.93%,0
2007-09-14,233.32,233.32,230.12,231.82,-2.33,-1.00%,0
2007-09-17,231.68,231.68,228.75,229.7,-2.12,-0.91%,0
2007-09-18,229.76,233.83,228.17,233.83,4.13,+1.80%,0
2007-09-19,233.88,233.88,231.07,232.31,-1.52,-0.65%,0
2007-09-20,232.27,232.27,229.42,229.8,-2.51,-1.08%,0
2007-09-21,230.32,233.7,230.32,233.02,3.22,+1.40%,0
2007-09-24,233.01,233.57,231.92,232.06,-0.96,-0.41%,0
2007-09-25,232.02,232.32,229.68,231.03,-1.03,-0.44%,0
2007-09-26,231.73,233.28,231.18,232.95,1.92,+0.83%,0
2007-09-27,232.77,234.51,232.4,234.26,1.31,+0.56%,0
2007-09-28,234.29,235.02,232.34,235.02,0.76,+0.32%,0
2007-10-01,234.97,237.08,234.59,236.5,1.48,+0.63%,0
2007-10-02,236.41,236.79,234.9,236.48,-0.02,-0.01%,0
2007-10-03,236.44,237.86,235.83,237.13,0.65,+0.27%,0
2007-10-04,237.1,237.85,236.12,237.43,0.3,+0.13%,0
2007-10-05,237.46,238.87,236.62,238.66,1.23,+0.52%,0
2007-10-08,238.62,239.72,238.52,238.93,0.27,+0.11%,0
2007-10-09,238.96,239.13,236.95,238.59,-0.34,-0.14%,0
2007-10-10,238.72,240.38,238.59,239.35,0.76,+0.32%,0
2007-10-11,239.31,239.87,237.85,237.89,-1.46,-0.61%,0
2007-10-12,237.95,239.38,237.35,239.38,1.49,+0.63%,0
2007-10-15,239.31,240.7,238.9,239.81,0.43,+0.18%,0
2007-10-16,239.74,240.02,236.61,237.61,-2.2,-0.92%,0
2007-10-17,237.12,238.8,235.83,237.42,-0.19,-0.08%,0
2007-10-18,237.49,238.11,236.1,236.51,-0.91,-0.38%,0
2007-10-19,236.5,237.01,234.78,234.94,-1.57,-0.66%,0
2007-10-22,234.46,234.46,230.26,232.91,-2.03,-0.86%,0
2007-10-23,232.96,235.79,232.33,235.39,2.48,+1.06%,0
2007-10-24,235.36,235.68,232.78,234.19,-1.2,-0.51%,0
2007-10-25,234.17,235.14,233,234.21,0.02,+0.01%,0
2007-10-26,234.2,235.37,233.59,234.43,0.22,+0.09%,0
2007-10-29,234.32,236.79,234.29,236.45,2.02,+0.86%,0
2007-10-30,236.44,237.64,235.2,237.1,0.65,+0.27%,0
2007-10-31,237.01,240.1,236.95,240.07,2.97,+1.25%,0
2007-11-01,239.99,241.37,237.92,238.51,-1.56,-0.65%,0
2007-11-02,238.56,240.3,237.68,240.01,1.5,+0.63%,0
2007-11-05,239.71,239.71,237.07,238.28,-1.73,-0.72%,0
2007-11-06,238.37,239.63,237.78,239.5,1.22,+0.51%,0
2007-11-07,239.47,239.67,236.73,236.73,-2.77,-1.16%,0
2007-11-08,236.8,238.81,236.1,237.4,0.67,+0.28%,0
2007-11-09,237.24,238.08,231.06,231.33,-6.07,-2.56%,0
2007-11-12,231.03,231.03,224.63,224.66,-6.67,-2.88%,0
2007-11-13,224.98,229.84,224.98,229.72,5.06,+2.25%,0
2007-11-14,229.57,232.44,228.02,228.51,-1.21,-0.53%,0
2007-11-15,228.44,229.7,225.18,225.6,-2.91,-1.27%,0
2007-11-16,225.62,228.39,223.9,228.23,2.63,+1.17%,0
2007-11-19,228.13,228.35,224.64,225.13,-3.1,-1.36%,0
2007-11-20,225.07,228.33,224.22,227.3,2.17,+0.96%,0
2007-11-21,226.91,226.91,222.38,223.93,-3.37,-1.48%,0
2007-11-22,223.99,225.67,223.17,223.62,-0.31,-0.14%,0
2007-11-23,223.63,224.81,221.23,223.41,-0.21,-0.09%,0
2007-11-26,223.53,224.82,221.97,222.48,-0.93,-0.42%,0
2007-11-27,222.5,225.74,222.01,225.46,2.98,+1.34%,0
2007-11-28,225.4,229.32,223.65,229.16,3.7,+1.64%,0
2007-11-29,229.02,229.17,225.69,226.62,-2.54,-1.11%,0
2007-11-30,226.67,229.33,226.32,228.77,2.15,+0.95%,0
2007-12-03,228.48,228.48,226.49,228.26,-0.51,-0.22%,0
2007-12-04,228.12,228.12,225.52,226.13,-2.13,-0.93%,0
2007-12-05,226.28,227.41,223.8,224.78,-1.35,-0.60%,0
2007-12-06,224.75,226.04,223.91,225.72,0.94,+0.42%,0
2007-12-07,225.68,227.05,224.79,226.77,1.05,+0.47%,0
2007-12-10,226.72,228.86,226.44,228.61,1.84,+0.81%,0
2007-12-11,228.54,229.83,224.9,225.11,-3.5,-1.53%,0
2007-12-12,225.51,230.36,225.51,229.71,4.6,+2.04%,0
2007-12-13,229.43,229.43,227.28,229.11,-0.6,-0.26%,0
2007-12-14,229.14,230.03,228.23,228.55,-0.56,-0.24%,0
2007-12-17,228.68,229.14,227.33,228.23,-0.32,-0.14%,0
2007-12-18,228.32,228.95,227.79,228.46,0.23,+0.10%,0
2007-12-19,228.4,228.54,225.98,226.61,-1.85,-0.81%,0
2007-12-20,226.45,226.45,223.48,224.38,-2.23,-0.98%,0
2007-12-21,224.45,226.42,224.18,226.04,1.66,+0.74%,0
2007-12-24,226.23,226.47,225.52,225.96,-0.08,-0.04%,0
2007-12-26,225.79,226.87,225.39,226.78,0.82,+0.36%,0
2007-12-27,226.66,228.42,226.5,226.92,0.14,+0.06%,0
2007-12-28,226.91,227.64,224.15,224.24,-2.68,-1.18%,0
2007-12-31,224.2,224.91,221.06,221.74,-2.5,-1.11%,0
2008-01-02,221.85,222.22,216.36,217.2,-4.54,-2.05%,0
2008-01-03,217.28,217.62,213.55,215.45,-1.75,-0.81%,0
2008-01-04,215.52,216.82,213.44,214.4,-1.05,-0.49%,0
2008-01-07,214.57,216.17,214.01,215.05,0.65,+0.30%,0
2008-01-08,215.02,217.33,214.42,214.88,-0.17,-0.08%,0
2008-01-09,214.87,216.46,213.79,215.56,0.68,+0.32%,0
2008-01-10,215.29,215.98,213.65,214.44,-1.12,-0.52%,0
2008-01-11,214.53,215.17,211.94,212.92,-1.52,-0.71%,0
2008-01-14,213.04,213.46,210.68,211.55,-1.37,-0.64%,0
2008-01-15,211.61,212.15,209.42,209.59,-1.96,-0.93%,0
2008-01-16,209.64,211.87,206.95,211.37,1.78,+0.85%,0
2008-01-17,211.21,212.4,209.39,210.08,-1.29,-0.61%,0
2008-01-18,210.1,211.54,208.3,208.92,-1.16,-0.55%,0
2008-01-21,209.3,209.3,205.61,205.9,-3.02,-1.45%,0
2008-01-22,206.08,209.99,204.7,208.8,2.9,+1.41%,0
2008-01-23,208.69,210.48,204.58,208.7,-0.1,-0.05%,0
2008-01-24,208.68,211.9,207.06,211.83,3.13,+1.50%,0
2008-01-25,211.79,214.05,211.09,211.69,-0.14,-0.07%,0
2008-01-28,211.69,212.75,209.34,212.12,0.43,+0.20%,0
2008-01-29,212.04,213.43,210.85,213.04,0.92,+0.43%,0
2008-01-30,213.05,213.67,211.17,211.17,-1.87,-0.88%,0
2008-01-31,211.16,212.59,209.91,211.5,0.33,+0.16%,0
2008-02-01,211.47,212.37,208.8,209.41,-2.09,-0.99%,0
2008-02-04,209.5,211.75,209.31,210.63,1.22,+0.58%,0
2008-02-05,210.52,212.12,209.4,209.86,-0.77,-0.37%,0
2008-02-06,209.67,209.67,207.71,209.03,-0.83,-0.40%,0
2008-02-07,209.02,209.32,205.82,208.78,-0.25,-0.12%,0
2008-02-08,208.82,209.94,208.02,208.89,0.11,+0.05%,0
2008-02-11,208.93,209.32,206.77,208.7,-0.19,-0.09%,0
2008-02-12,208.72,210.97,207.78,210.37,1.67,+0.80%,0
2008-02-13,210.11,212.81,209.33,212.66,2.29,+1.09%,0
2008-02-14,212.63,213.88,211.86,212.36,-0.3,-0.14%,0
2008-02-15,212.4,213.31,210.28,211.4,-0.96,-0.45%,0
2008-02-18,211.39,211.8,210.51,211.36,-0.04,-0.02%,0
2008-02-19,211.06,211.06,208.72,209.99,-1.37,-0.65%,0
2008-02-20,210.05,210.91,209.01,209.97,-0.02,-0.01%,0
2008-02-21,209.94,211.97,209.64,210.82,0.85,+0.40%,0
2008-02-22,210.79,211.51,210,210.76,-0.06,-0.03%,0
2008-02-25,210.63,212.82,210.43,212.62,1.86,+0.88%,0
2008-02-26,212.55,213.18,211.79,213.18,0.56,+0.26%,0
2008-02-27,213.12,213.31,210.73,210.98,-2.2,-1.03%,0
2008-02-28,211.06,211.29,209.56,209.56,-1.42,-0.67%,0
2008-02-29,208.83,208.83,205.92,206.35,-3.21,-1.53%,0
2008-03-03,205.78,205.78,203.44,205.3,-1.05,-0.51%,0
2008-03-04,205.35,205.7,203.74,205.33,0.03,+0.01%,0
2008-03-05,205.38,207.75,204.38,207.2,1.87,+0.91%,0
2008-03-06,207.06,207.62,205.82,206.36,-0.84,-0.41%,0
2008-03-07,206.39,207.98,204.81,206.77,0.41,+0.20%,0
2008-03-10,206.83,206.83,204.4,204.4,-2.37,-1.15%,0
2008-03-11,204.46,207.63,203.55,207.54,3.14,+1.54%,0
2008-03-12,207.49,207.99,206.03,206.35,-1.19,-0.57%,0
2008-03-13,206.09,206.09,202.95,204.62,-1.73,-0.84%,0
2008-03-14,204.65,205.13,200.03,200.03,-4.59,-2.24%,0
2008-03-17,198.15,198.15,193.54,194.59,-5.44,-2.72%,0
2008-03-18,194.62,200.56,193.5,200.24,5.65,+2.90%,0
2008-03-19,200.35,201.2,195.94,196.58,-3.66,-1.83%,0
2008-03-20,196.59,198.26,195.07,197.5,0.92,+0.47%,0
2008-03-21,197.45,198,196.79,197.31,-0.19,-0.10%,0
2008-03-24,197.43,200.4,197.03,200.04,2.73,+1.38%,0
2008-03-25,200.01,200.93,198.84,200.59,0.55,+0.27%,0
2008-03-26,200.55,201.04,197.52,199.12,-1.47,-0.73%,0
2008-03-27,199.28,201.76,197.72,199.92,0.8,+0.40%,0
2008-03-28,199.96,200.47,197.6,197.91,-2.01,-1.01%,0
2008-03-31,198.12,200.08,196.96,197.76,-0.15,-0.08%,0
2008-04-01,197.81,201.7,196.98,201.27,3.51,+1.77%,0
2008-04-02,201.23,204.03,200.79,203.52,2.25,+1.12%,0
2008-04-03,203.41,204.58,202.61,204.18,0.66,+0.32%,0
2008-04-04,204.14,205.11,202.28,202.29,-1.89,-0.93%,0
2008-04-07,202.32,204.45,202.31,203.6,1.31,+0.65%,0
2008-04-08,203.59,204.11,201.12,202.15,-1.45,-0.71%,0
2008-04-09,202.25,202.59,200.62,201.19,-0.96,-0.47%,0
2008-04-10,201.15,201.27,198.02,200.96,-0.23,-0.11%,0
2008-04-11,200.98,201.89,198.4,198.87,-2.09,-1.04%,0
2008-04-14,199,200.78,198.02,200.01,1.14,+0.57%,0
2008-04-15,199.97,200.32,198.13,199.82,-0.19,-0.09%,0
2008-04-16,199.89,200.9,199.1,200.85,1.03,+0.52%,0
2008-04-17,200.75,204.36,200.52,204.2,3.35,+1.67%,0
2008-04-18,204.05,209.02,203.51,207.13,2.93,+1.43%,0
2008-04-21,208.11,208.11,203.9,204.52,-2.61,-1.26%,0
2008-04-22,204.57,206.1,203.31,205.51,0.99,+0.48%,0
2008-04-23,205.51,206.07,204.09,204.84,-0.67,-0.33%,0
2008-04-24,204.75,206.11,204.11,205.84,1,+0.49%,0
2008-04-25,205.7,207.97,205.36,207.31,1.47,+0.71%,0
2008-04-28,207.31,208.62,206.7,207.48,0.17,+0.08%,0
2008-04-29,207.44,207.63,203.42,204.88,-2.6,-1.25%,0
2008-04-30,204.94,207.64,203.62,206.44,1.56,+0.76%,0
2008-05-01,206.28,207.15,204.77,206.24,-0.2,-0.10%,0
2008-05-02,206.24,209.05,206.2,207.76,1.52,+0.74%,0
2008-05-05,206.55,208.31,206.55,206.8,-0.96,-0.46%,0
2008-05-06,207.19,207.19,205.48,206.76,-0.04,-0.02%,0
2008-05-07,206.77,206.83,204.35,204.63,-2.13,-1.03%,0
2008-05-08,204.69,204.76,202.34,202.71,-1.92,-0.94%,0
2008-05-09,202.78,203.3,199.74,200.88,-1.83,-0.90%,0
2008-05-12,200.97,203.74,200.14,203.15,2.27,+1.13%,0
2008-05-13,203.01,204.15,201.48,203.79,0.64,+0.32%,0
2008-05-14,203.77,205,203.34,204.37,0.58,+0.28%,0
2008-05-15,204.37,204.83,203.05,203.98,-0.39,-0.19%,0
2008-05-16,204.04,204.41,202.56,203.75,-0.23,-0.11%,0
2008-05-19,203.75,204.09,202.91,203.34,-0.41,-0.20%,0
2008-05-20,203.39,204.83,202.65,204.12,0.78,+0.38%,0
2008-05-21,203.97,203.97,202.59,203.29,-0.83,-0.41%,0
2008-05-22,203.37,206.55,202.67,206.1,2.81,+1.38%,0
2008-05-23,206.08,206.24,204.09,204.62,-1.48,-0.72%,0
2008-05-26,204.76,205.16,204.21,205.02,0.4,+0.20%,0
2008-05-27,204.91,206.16,204.61,206.11,1.09,+0.53%,0
2008-05-28,206,207.71,205.15,207.41,1.3,+0.63%,0
2008-05-29,207.35,208.95,206.75,208.54,1.13,+0.54%,0
2008-05-30,208.49,209.28,207.65,209.15,0.61,+0.29%,0
2008-06-02,208.37,208.37,204.61,205.4,-3.75,-1.79%,0
2008-06-03,205.47,207.12,203.94,206.31,0.91,+0.44%,0
2008-06-04,206.29,206.62,204.46,205.73,-0.58,-0.28%,0
2008-06-05,205.83,207.51,205.48,207.48,1.75,+0.85%,0
2008-06-06,207.43,208.08,206.65,206.82,-0.66,-0.32%,0
2008-06-09,206.8,210,206.14,209.96,3.14,+1.52%,0
2008-06-10,209.88,210.79,208.54,209.95,-0.01,0.00%,0
2008-06-11,209.94,210.62,209.37,209.95,0,0.00%,0
2008-06-12,209.98,210.29,209.49,210.11,0.16,+0.08%,0
2008-06-13,210.1,210.81,209.64,210.69,0.58,+0.28%,0
2008-06-16,210.64,212.84,210.6,212.47,1.78,+0.84%,0
2008-06-17,212.41,212.66,210.59,211.23,-1.24,-0.58%,0
2008-06-18,211.27,211.5,210.39,211.43,0.2,+0.09%,0
2008-06-19,211.4,213.29,210.75,213.01,1.58,+0.75%,0
2008-06-20,213.02,213.13,211.7,212.06,-0.95,-0.45%,0
2008-06-23,212.2,212.21,211.04,211.99,-0.07,-0.03%,0
2008-06-24,212.02,212.87,211.61,212.47,0.48,+0.23%,0
2008-06-25,212.42,213.37,212.1,212.98,0.51,+0.24%,0
2008-06-26,212.88,213.91,211.94,212.43,-0.55,-0.26%,0
2008-06-27,212.52,213,210.54,211.73,-0.7,-0.33%,0
2008-06-30,211.78,212.33,209.37,211.61,-0.12,-0.06%,0
2008-07-01,211.65,211.93,210,211.71,0.1,+0.05%,0
2008-07-02,211.68,212.07,210.77,211.06,-0.65,-0.31%,0
2008-07-03,211.09,211.92,210.54,211.67,0.61,+0.29%,0
2008-07-04,211.66,212.06,211.21,211.74,0.07,+0.03%,0
2008-07-07,211.69,212.44,210.92,211.81,0.07,+0.03%,0
2008-07-08,211.77,211.83,210.17,211.74,-0.07,-0.03%,0
2008-07-09,211.78,212.33,210.98,211.73,-0.01,0.00%,0
2008-07-10,211.73,212.15,211.1,211.81,0.08,+0.04%,0
2008-07-11,211.74,212.12,210.2,211.39,-0.42,-0.20%,0
2008-07-14,211.41,212.28,211.02,211.77,0.38,+0.18%,0
2008-07-15,211.71,212,208.89,210.03,-1.74,-0.82%,0
2008-07-16,210.09,210.33,207.94,210.15,0.12,+0.06%,0
2008-07-17,210.15,213.62,209.59,212.9,2.75,+1.31%,0
2008-07-18,212.91,213.8,211.5,213.8,0.9,+0.42%,0
2008-07-21,213.71,213.82,212.09,213.24,-0.56,-0.26%,0
2008-07-22,213.28,213.83,212.8,213.77,0.53,+0.25%,0
2008-07-23,213.76,215.87,213.39,215.73,1.96,+0.92%,0
2008-07-24,215.65,215.69,212.73,213.26,-2.47,-1.14%,0
2008-07-25,213.29,214.9,211.55,214.81,1.55,+0.73%,0
2008-07-28,214.7,214.88,213.64,214.25,-0.56,-0.26%,0
2008-07-29,214.32,214.83,213.66,213.92,-0.33,-0.15%,0
2008-07-30,213.97,214.37,213.21,214.29,0.37,+0.17%,0
2008-07-31,214.25,214.58,213.31,214.08,-0.21,-0.10%,0
2008-08-01,213.92,213.92,211.97,212.68,-1.4,-0.65%,0
2008-08-04,212.76,212.89,212.02,212.42,-0.26,-0.12%,0
2008-08-05,212.36,212.36,210.53,211.76,-0.66,-0.31%,0
2008-08-06,211.84,213.87,211.58,213.82,2.06,+0.97%,0
2008-08-07,213.73,213.73,212.5,212.74,-1.08,-0.51%,0
2008-08-08,212.73,212.73,210.79,211.69,-1.05,-0.49%,0
2008-08-11,211.54,211.54,209.64,210.4,-1.29,-0.61%,0
2008-08-12,210.37,210.61,207.23,207.26,-3.14,-1.49%,0
2008-08-13,207.33,207.33,202.45,204.89,-2.37,-1.14%,0
2008-08-14,204.82,205.95,203.41,205.18,0.29,+0.14%,0
2008-08-15,205.14,206.51,204.34,206.13,0.95,+0.46%,0
2008-08-18,206.14,206.14,205.12,205.37,-0.76,-0.37%,0
2008-08-19,205.38,205.38,203.84,204.89,-0.48,-0.23%,0
2008-08-20,204.89,205.15,204.08,204.61,-0.28,-0.14%,0
2008-08-21,204.58,204.64,201.75,203.7,-0.91,-0.44%,0
2008-08-22,203.69,204.58,202.73,203.94,0.24,+0.12%,0
2008-08-25,203.75,203.75,202.28,202.51,-1.43,-0.70%,0
2008-08-26,202.6,202.84,200.66,201.67,-0.84,-0.41%,0
2008-08-27,201.73,202.27,200.45,201.04,-0.63,-0.31%,0
2008-08-28,201.09,201.12,199.75,200.37,-0.67,-0.33%,0
2008-08-29,200.32,200.32,197.58,198.13,-2.24,-1.12%,0
2008-09-01,198.27,198.31,195.28,195.55,-2.58,-1.30%,0
2008-09-02,194.27,194.87,192.8,193.75,-1.8,-0.92%,0
2008-09-03,193.73,194.06,191.89,192.37,-1.38,-0.71%,0
2008-09-04,192.45,193.6,189.19,189.39,-2.98,-1.55%,0
2008-09-05,189.4,190.18,186.31,190.18,0.79,+0.42%,0
2008-09-08,190.25,195.66,188.45,190.35,0.17,+0.09%,0
2008-09-09,190.31,190.96,187.84,188.16,-2.19,-1.15%,0
2008-09-10,188.09,190.1,187.13,188.7,0.54,+0.29%,0
2008-09-11,188.77,188.97,185.83,188.28,-0.42,-0.22%,0
2008-09-12,188.44,193.69,187.81,193.62,5.34,+2.84%,0
2008-09-15,192.13,192.13,187.24,188.3,-5.32,-2.75%,0
2008-09-16,188.45,189.94,184.45,188.36,0.06,+0.03%,0
2008-09-17,188.31,191.82,186.81,190.1,1.74,+0.92%,0
2008-09-18,190.02,192.02,188.92,191.65,1.55,+0.82%,0
2008-09-19,191.69,197.04,191.39,196.76,5.11,+2.67%,0
2008-09-22,196.75,197.14,194.22,195.75,-1.01,-0.51%,0
2008-09-23,195.69,196.61,194.89,195.52,-0.23,-0.12%,0
2008-09-24,195.55,197.44,195.25,195.93,0.41,+0.21%,0
2008-09-25,195.89,197.17,195.36,195.83,-0.1,-0.05%,0
2008-09-26,195.82,195.89,193.08,195.77,-0.06,-0.03%,0
2008-09-29,195.5,195.5,188.16,188.42,-7.35,-3.75%,0
2008-09-30,188.31,191.01,186.74,189.03,0.61,+0.32%,0
2008-10-01,188.96,189.93,185.93,187.69,-1.34,-0.71%,0
2008-10-02,187.26,188.11,184.67,185.83,-1.86,-0.99%,0
2008-10-03,185.85,188.47,184.64,186.55,0.72,+0.39%,0
2008-10-06,185.7,185.7,173.99,177.53,-9.02,-4.84%,0
2008-10-07,177.64,182.11,175.89,177.24,-0.29,-0.16%,0
2008-10-08,177.12,178.94,171.49,171.6,-5.64,-3.18%,0
2008-10-09,171.62,176.4,169.96,170.66,-0.94,-0.55%,0
2008-10-10,170.57,171.99,165.88,171.61,0.95,+0.56%,0
2008-10-13,171.56,177.44,168.52,176.87,5.26,+3.07%,0
2008-10-14,176.98,181.38,176.98,177.58,0.71,+0.40%,0
2008-10-15,177.51,178.71,172.64,172.64,-4.94,-2.78%,0
2008-10-16,172.61,176.23,170.61,175.82,3.18,+1.84%,0
2008-10-17,175.66,176.5,173.89,175.69,-0.13,-0.07%,0
2008-10-20,175.84,179.19,173.76,174.67,-1.02,-0.58%,0
2008-10-21,174.77,175.55,166.93,167.23,-7.44,-4.26%,0
2008-10-22,167.3,167.62,157.87,158.91,-8.32,-4.98%,0
2008-10-23,158.96,160.65,154.64,157.98,-0.93,-0.59%,0
2008-10-24,158.18,158.76,138.92,150.06,-7.92,-5.01%,0
2008-10-27,149.85,149.85,140.61,144.39,-5.67,-3.78%,0
2008-10-28,144.29,155.83,142.79,155.83,11.44,+7.92%,0
2008-10-29,155.88,161.13,153.24,159.44,3.61,+2.32%,0
2008-10-30,159.58,165.12,158.14,162.24,2.8,+1.76%,0
2008-10-31,162.14,162.24,155.42,158.33,-3.91,-2.41%,0
2008-11-03,158.46,163.33,155.57,156.91,-1.42,-0.90%,0
2008-11-04,156.79,161.73,153.63,159.02,2.11,+1.34%,0
2008-11-05,159.07,160.86,155.19,155.71,-3.31,-2.08%,0
2008-11-06,155.73,157.65,152.28,152.66,-3.05,-1.96%,0
2008-11-07,152.81,156.24,150.26,153.69,1.03,+0.67%,0
2008-11-10,153.6,157.54,152.19,153.01,-0.68,-0.44%,0
2008-11-11,152.99,154.26,149.68,150.22,-2.79,-1.82%,0
2008-11-12,150.29,151.73,141.03,142.12,-8.1,-5.39%,0
2008-11-13,142.23,145.6,139,145.06,2.94,+2.07%,0
2008-11-14,144.91,146,140.73,143.15,-1.91,-1.32%,0
2008-11-17,143.25,146.5,140.74,144.6,1.45,+1.01%,0
2008-11-18,144.52,146.51,143.75,145.14,0.54,+0.37%,0
2008-11-19,145.16,147.88,143.07,143.07,-2.07,-1.43%,0
2008-11-20,143.14,143.87,137.77,138,-5.07,-3.54%,0
2008-11-21,138.22,143.21,138.22,143.19,5.19,+3.76%,0
2008-11-24,143.09,147.75,141.01,147.75,4.56,+3.18%,0
2008-11-25,147.87,148.56,143.82,147.36,-0.39,-0.26%,0
2008-11-26,147.27,147.27,144.51,146.64,-0.72,-0.49%,0
2008-11-27,146.79,147.9,145.65,146.86,0.22,+0.15%,0
2008-11-28,146.65,147.5,145.53,146.85,-0.01,-0.01%,0
2008-12-01,146.46,146.46,138.19,138.73,-8.12,-5.53%,0
2008-12-02,138.84,140.9,137.06,138.94,0.21,+0.15%,0
2008-12-03,138.99,139.76,136.26,137.87,-1.07,-0.77%,0
2008-12-04,137.92,138.03,134.08,135.42,-2.45,-1.78%,0
2008-12-05,135.44,137.45,133.25,136.31,0.89,+0.66%,0
2008-12-08,136.26,140.73,136.24,138.42,2.11,+1.55%,0
2008-12-09,138.35,138.48,135.44,135.95,-2.47,-1.78%,0
2008-12-10,136.05,138.39,136.05,137.09,1.14,+0.84%,0
2008-12-11,137.1,138.69,135.78,137.4,0.31,+0.23%,0
2008-12-12,137.5,138.23,132.12,136.26,-1.14,-0.83%,0
2008-12-15,136.37,139.23,135.25,138.76,2.5,+1.83%,0
2008-12-16,138.7,139.03,136.78,138.74,-0.02,-0.01%,0
2008-12-17,138.71,139.07,134.84,135.5,-3.24,-2.34%,0
2008-12-18,135.57,138.14,133.7,134.3,-1.2,-0.89%,0
2008-12-19,134.38,135.97,132.38,133.46,-0.84,-0.63%,0
2008-12-22,133.5,134.72,132,133.82,0.36,+0.27%,0
2008-12-23,133.7,134.31,132.5,133.97,0.15,+0.11%,0
2008-12-24,133.94,134.07,132.54,133.26,-0.71,-0.53%,0
2008-12-26,133.38,133.97,132.4,132.49,-0.77,-0.58%,0
2008-12-29,132.35,133.5,130.14,130.5,-1.99,-1.50%,0
2008-12-30,130.64,131.88,129.82,130.08,-0.42,-0.32%,0
2008-12-31,130.26,133.27,129.98,132.65,2.57,+1.98%,0
2009-01-02,133.12,133.97,131.34,133.55,0.9,+0.68%,0
2009-01-05,133.54,137.58,132.8,137.2,3.65,+2.73%,0
2009-01-06,137.13,140.86,135.38,139.72,2.52,+1.84%,0
2009-01-07,139.68,141.54,137.88,139.97,0.25,+0.18%,0
2009-01-08,139.89,140.08,137.22,138.85,-1.12,-0.80%,0
2009-01-09,138.81,139.96,136.48,137,-1.85,-1.33%,0
2009-01-12,136.22,136.22,131.71,132.19,-4.81,-3.51%,0
2009-01-13,132.23,132.52,128.92,129.69,-2.5,-1.89%,0
2009-01-14,129.65,132.06,129.01,130.08,0.39,+0.30%,0
2009-01-15,130.09,131.99,129.06,131.51,1.43,+1.10%,0
2009-01-16,131.71,135.71,131.71,133.54,2.03,+1.54%,0
2009-01-19,133.68,135.75,130.43,130.84,-2.7,-2.02%,0
2009-01-20,130.76,130.76,124.73,125,-5.84,-4.46%,0
2009-01-21,125,126.18,119.36,124.89,-0.11,-0.09%,0
2009-01-22,124.82,124.82,121.07,123.33,-1.56,-1.25%,0
2009-01-23,123.38,123.78,118.79,122.49,-0.84,-0.68%,0
2009-01-27,124.62,127.65,124.2,125.73,3.24,+2.65%,0
2009-01-28,125.66,129.48,125.59,128.67,2.94,+2.34%,0
2009-01-29,128.4,129.41,126.45,128.69,0.02,+0.02%,0
2009-01-30,128.72,130.79,126.67,130.79,2.1,+1.63%,0
2009-02-02,129.57,129.57,125.26,127.64,-3.15,-2.41%,0
2009-02-03,127.63,129.38,126.65,129.26,1.62,+1.27%,0
2009-02-04,129.27,130.67,127.25,129.38,0.12,+0.09%,0
2009-02-05,129.29,135.55,128.44,133.22,3.84,+2.97%,0
2009-02-06,133.24,136.69,132.42,135.89,2.67,+2.00%,0
2009-02-09,135.79,137.35,133.57,136.27,0.38,+0.28%,0
2009-02-10,136.21,136.24,130.29,131.61,-4.66,-3.42%,0
2009-02-11,131.61,131.78,128.84,130.13,-1.48,-1.12%,0
2009-02-12,130.02,130.02,127.08,129.81,-0.32,-0.25%,0
2009-02-13,129.78,133.88,129.24,131.93,2.12,+1.63%,0
2009-02-16,131.44,131.44,129.57,131.12,-0.81,-0.61%,0
2009-02-17,131.21,132.14,129.63,131.56,0.44,+0.34%,0
2009-02-18,131.54,133.7,130.35,133.27,1.71,+1.30%,0
2009-02-19,133.24,136.41,132.85,134.65,1.38,+1.04%,0
2009-02-20,134.59,135.25,132.7,134.66,0.01,+0.01%,0
2009-02-23,134.68,139.13,133.77,137.1,2.44,+1.81%,0
2009-02-24,136.99,140.63,136.2,139.95,2.85,+2.08%,0
2009-02-25,139.93,141.82,137.63,138.34,-1.61,-1.15%,0
2009-02-26,138.38,141.69,138.28,141.03,2.69,+1.94%,0
2009-02-27,140.62,140.62,136.66,139.79,-1.24,-0.88%,0
2009-03-02,139.52,139.52,135.48,136.98,-2.81,-2.01%,0
2009-03-03,137.04,138.63,135.99,137.92,0.94,+0.69%,0
2009-03-04,137.9,140.79,137.34,140.71,2.79,+2.02%,0
2009-03-05,140.69,141.49,138.09,138.54,-2.17,-1.54%,0
2009-03-06,138.45,140.18,137.22,138.58,0.04,+0.03%,0
2009-03-09,138.61,139.31,135.88,136.19,-2.39,-1.72%,0
2009-03-10,136.21,137.03,135.25,135.69,-0.5,-0.37%,0
2009-03-11,135.72,136.19,133.84,134.96,-0.73,-0.54%,0
2009-03-12,134.97,136.5,131.42,136.21,1.25,+0.93%,0
2009-03-13,136.18,138.37,135.25,137.2,0.99,+0.73%,0
2009-03-16,137.12,140,136.85,138.09,0.89,+0.65%,0
2009-03-17,138.03,139.36,137.9,138.43,0.34,+0.25%,0
2009-03-18,138.36,138.91,135.63,137.27,-1.16,-0.84%,0
2009-03-19,137.36,137.97,135.2,137.13,-0.14,-0.10%,0
2009-03-20,137.11,138.95,136.55,138.79,1.66,+1.21%,0
2009-03-23,138.75,141.86,138.72,141.19,2.4,+1.73%,0
2009-03-24,141.22,145.07,141.22,143.74,2.55,+1.81%,0
2009-03-25,143.7,144.6,141.05,141.99,-1.75,-1.22%,0
2009-03-26,142.04,143.57,142.04,142.67,0.68,+0.48%,0
2009-03-27,142.62,142.91,138.99,140.2,-2.47,-1.73%,0
2009-03-30,140.25,140.46,135.68,138.72,-1.48,-1.06%,0
2009-03-31,138.8,142.53,138.53,141.79,3.07,+2.21%,0
2009-04-01,141.69,142.84,140.51,142.52,0.73,+0.51%,0
2009-04-02,142.49,146.92,142.25,146.56,4.04,+2.83%,0
2009-04-03,146.52,148.91,145.51,148.91,2.35,+1.60%,0
2009-04-06,148.83,151.53,147.65,149.2,0.29,+0.19%,0
2009-04-07,148.94,148.94,145.79,147.92,-1.28,-0.86%,0
2009-04-08,147.97,148.53,145.67,146.82,-1.1,-0.74%,0
2009-04-09,146.83,148.02,146.26,147.39,0.57,+0.39%,0
2009-04-13,147.03,148.78,146.38,148.72,1.33,+0.90%,0
2009-04-14,148.65,149.27,147,147.43,-1.29,-0.87%,0
2009-04-15,147.47,149.29,145.79,149.05,1.62,+1.10%,0
2009-04-16,149.09,149.83,146.53,148.23,-0.82,-0.55%,0
2009-04-17,148.31,148.8,146.15,146.73,-1.5,-1.01%,0
2009-04-20,146.95,147.05,142.08,142.38,-4.35,-2.96%,0
2009-04-21,142.36,145.12,141.46,144.95,2.57,+1.81%,0
2009-04-22,144.84,144.95,140.56,142.08,-2.87,-1.98%,0
2009-04-23,142.1,144.41,141.03,144.24,2.16,+1.52%,0
2009-04-24,144.12,144.12,141.11,142.57,-1.67,-1.16%,0
2009-04-27,142.06,142.06,140.09,141.66,-0.91,-0.64%,0
2009-04-28,141.68,141.96,138.97,141.1,-0.56,-0.40%,0
2009-04-29,141.16,144.46,141.06,144.23,3.13,+2.22%,0
2009-04-30,144.24,146.94,143.6,145.93,1.7,+1.18%,0
2009-05-01,145.86,148.34,145.66,147.87,1.94,+1.33%,0
2009-05-04,147.96,149.06,147.32,148.38,0.51,+0.34%,0
2009-05-05,148.33,149.8,147.8,149.28,0.9,+0.61%,0
2009-05-06,149.07,149.24,146.94,148.66,-0.62,-0.42%,0
2009-05-07,148.8,150.81,148.13,148.78,0.12,+0.08%,0
2009-05-08,148.77,150.05,148.19,149.96,1.18,+0.79%,0
2009-05-11,149.83,150.37,146.73,147.45,-2.51,-1.67%,0
2009-05-12,147.4,149.38,146.34,147.31,-0.14,-0.09%,0
2009-05-13,147.3,148.03,144.26,144.39,-2.92,-1.98%,0
2009-05-14,144.55,146.05,143.44,145.94,1.55,+1.07%,0
2009-05-15,145.94,146.35,143.52,144.43,-1.51,-1.03%,0
2009-05-18,144.66,147.88,143.02,147.79,3.36,+2.33%,0
2009-05-19,147.76,149.6,147.07,148.52,0.73,+0.49%,0
2009-05-20,148.48,149.81,147.6,149.45,0.93,+0.63%,0
2009-05-21,149.5,150.05,146.83,149.51,0.06,+0.04%,0
2009-05-22,149.47,151.01,148.2,150.93,1.42,+0.95%,0
2009-05-25,150.69,151.46,149.79,150.88,-0.05,-0.03%,0
2009-05-26,150.88,151.54,149.57,151.33,0.45,+0.30%,0
2009-05-27,151.46,153,151.46,152.17,0.84,+0.56%,0
2009-05-28,152.23,154.83,152.23,154.37,2.2,+1.45%,0
2009-05-29,154.37,155.77,153.37,154.21,-0.16,-0.10%,0
2009-06-01,154.4,159.18,153.49,158.98,4.77,+3.09%,0
2009-06-02,158.73,159.13,156.88,158.73,-0.25,-0.16%,0
2009-06-03,158.85,160.44,155.67,156.59,-2.14,-1.35%,0
2009-06-04,156.7,158.55,155.21,156.23,-0.36,-0.23%,0
2009-06-05,156.29,158.42,154.89,157.64,1.41,+0.90%,0
2009-06-08,157.68,158.42,155.55,158.13,0.49,+0.31%,0
2009-06-09,158.04,159.16,156.65,158.85,0.72,+0.46%,0
2009-06-10,158.81,161.24,158.46,160.54,1.69,+1.06%,0
2009-06-11,160.47,162.05,159.95,161.92,1.38,+0.86%,0
2009-06-12,161.91,162.55,160.48,161.82,-0.1,-0.06%,0
2009-06-15,161.64,161.75,158.84,159.68,-2.14,-1.32%,0
2009-06-16,159.75,160.34,156.51,158.14,-1.54,-0.96%,0
2009-06-17,158.25,159.33,155.61,157.03,-1.11,-0.70%,0
2009-06-18,157.09,158.43,155.02,157.71,0.68,+0.43%,0
2009-06-19,157.61,159.57,157.4,158.76,1.05,+0.67%,0
2009-06-22,158.63,158.63,156.43,156.7,-2.06,-1.30%,0
2009-06-23,156.76,156.82,154.06,156.68,-0.02,-0.01%,0
2009-06-24,156.69,158.21,156.14,156.92,0.24,+0.15%,0
2009-06-25,156.88,158.51,155.93,157.09,0.17,+0.11%,0
2009-06-26,157.01,158.17,156.67,157.33,0.24,+0.15%,0
2009-06-29,157.31,159.27,156.74,159.15,1.82,+1.16%,0
2009-06-30,159.1,160.23,158.21,158.58,-0.57,-0.36%,0
2009-07-01,158.65,159.88,158.26,159.26,0.68,+0.43%,0
2009-07-02,159.25,159.3,156.86,157.28,-1.98,-1.24%,0
2009-07-03,157.32,157.79,156.4,156.82,-0.46,-0.29%,0
2009-07-06,156.44,156.44,153.05,155.3,-1.52,-0.97%,0
2009-07-07,155.31,155.31,152.75,153.13,-2.17,-1.40%,0
2009-07-08,152.76,152.76,146.86,149.28,-3.85,-2.51%,0
2009-07-09,149.31,152.32,148.16,151.91,2.63,+1.76%,0
2009-07-10,151.85,152.13,148.55,150.08,-1.83,-1.20%,0
2009-07-13,150.09,150.99,147.17,150.77,0.69,+0.46%,0
2009-07-14,150.77,153.01,150.69,152.53,1.76,+1.17%,0
2009-07-15,152.51,155.13,152.37,154.76,2.23,+1.46%,0
2009-07-16,154.72,155.05,153.07,154.4,-0.36,-0.23%,0
2009-07-17,154.44,154.63,152.42,153.94,-0.46,-0.30%,0
2009-07-20,153.92,156.44,153.74,155.84,1.9,+1.23%,0
2009-07-21,155.82,156.01,153.13,154.29,-1.55,-0.99%,0
2009-07-22,154.36,154.62,152.35,154.42,0.13,+0.08%,0
2009-07-23,154.41,157.62,153.87,156.48,2.06,+1.33%,0
2009-07-24,156.42,157.16,155.4,155.76,-0.72,-0.46%,0
2009-07-27,155.76,157.47,155.2,156.95,1.19,+0.76%,0
2009-07-28,156.9,157.46,154.17,155.34,-1.61,-1.03%,0
2009-07-29,155.34,156.34,153.89,155.56,0.22,+0.14%,0
2009-07-30,155.54,158.08,155.26,157.63,2.07,+1.33%,0
2009-07-31,157.56,158.59,156.95,158.24,0.61,+0.39%,0
2009-08-03,158.19,161.78,158.14,161.27,3.03,+1.91%,0
2009-08-04,161.22,162.22,160.06,161.36,0.09,+0.06%,0
2009-08-05,161.29,162.44,160.44,161.34,-0.02,-0.01%,0
2009-08-06,161.35,162.4,159.91,160.2,-1.14,-0.71%,0
2009-08-07,160.24,163.07,158.99,162.78,2.58,+1.61%,0
2009-08-10,162.75,163,159.41,160.08,-2.7,-1.66%,0
2009-08-11,160.17,160.21,157.85,158.21,-1.87,-1.17%,0
2009-08-12,158.24,159.75,156,158.35,0.14,+0.09%,0
2009-08-13,158.3,160.33,157.41,158.28,-0.07,-0.04%,0
2009-08-14,158.31,158.4,156.04,157.02,-1.26,-0.80%,0
2009-08-17,157.11,157.11,153.48,154.49,-2.53,-1.61%,0
2009-08-18,154.54,157.08,154.09,156.84,2.35,+1.52%,0
2009-08-19,156.71,157.52,153.66,155.52,-1.32,-0.84%,0
2009-08-20,155.52,156.7,154.58,155.47,-0.05,-0.03%,0
2009-08-21,155.51,156.58,153.6,155.81,0.34,+0.22%,0
2009-08-24,155.78,156.81,154.86,155.23,-0.58,-0.37%,0
2009-08-25,155.29,155.52,153.44,153.94,-1.29,-0.83%,0
2009-08-26,154,154.1,152.25,153.14,-0.8,-0.52%,0
2009-08-27,153.21,153.21,151.08,152.29,-0.85,-0.56%,0
2009-08-28,152.34,153.62,152.03,152.32,0.03,+0.02%,0
2009-08-31,152.27,152.86,150.07,151.68,-0.64,-0.42%,0
2009-09-01,151.69,152.76,149.86,150.18,-1.5,-0.99%,0
2009-09-02,150.2,150.56,149.08,150.04,-0.14,-0.09%,0
2009-09-03,150.11,151.76,149.45,151.21,1.17,+0.78%,0
2009-09-04,151.12,152.71,150.87,152.46,1.25,+0.83%,0
2009-09-07,152.51,153.25,151.62,152.16,-0.3,-0.20%,0
2009-09-08,152.2,152.92,151.35,152.25,0.09,+0.06%,0
2009-09-09,152.21,153.02,151.67,152.29,0.04,+0.03%,0
2009-09-10,152.26,153.12,151.95,152.78,0.49,+0.32%,0
2009-09-11,152.7,152.87,150.53,151.12,-1.66,-1.09%,0
2009-09-14,151.2,151.33,149.93,150.77,-0.35,-0.23%,0
2009-09-15,150.86,151.73,149.49,150.14,-0.63,-0.42%,0
2009-09-16,150.16,150.58,148.64,149.94,-0.2,-0.13%,0
2009-09-17,150.05,151.2,149.64,149.83,-0.11,-0.07%,0
2009-09-18,149.9,150.05,148.28,148.59,-1.24,-0.83%,0
2009-09-21,148.59,149.61,148.11,149.08,0.49,+0.33%,0
2009-09-22,149.02,149.42,148.51,149.05,-0.03,-0.02%,0
2009-09-23,149.07,150.37,148.28,149.2,0.15,+0.10%,0
2009-09-24,149.2,149.55,146.32,146.57,-2.63,-1.76%,0
2009-09-25,146.62,146.69,142.77,142.97,-3.6,-2.46%,0
2009-09-28,143.03,143.44,139.81,142.37,-0.6,-0.42%,0
2009-09-29,142.42,143.96,142.07,143.78,1.41,+0.99%,0
2009-09-30,143.73,144.53,142.86,143.36,-0.42,-0.29%,0
2009-10-01,143.41,144.23,142.87,142.96,-0.4,-0.28%,0
2009-10-02,143,143.18,140.84,143.16,0.2,+0.14%,0
2009-10-05,143.19,143.96,142.37,142.66,-0.5,-0.35%,0
2009-10-06,142.7,143.23,141,141.42,-1.24,-0.87%,0
2009-10-07,141.44,142.02,139.73,141.53,0.11,+0.08%,0
2009-10-08,141.46,142.54,141.02,142.06,0.53,+0.37%,0
2009-10-09,142.01,143.1,141.68,142.19,0.13,+0.09%,0
2009-10-12,142.2,143.24,141.58,141.93,-0.26,-0.18%,0
2009-10-13,141.96,143.2,141.2,142.83,0.9,+0.63%,0
2009-10-14,142.81,143.84,141.77,142.91,0.08,+0.06%,0
2009-10-15,142.88,147.58,142.86,147.35,4.44,+3.11%,0
2009-10-16,147.28,149.31,147.22,148.7,1.35,+0.92%,0
2009-10-19,148.62,149.12,147.11,148.69,-0.01,-0.01%,0
2009-10-20,148.69,149.4,147.52,148.72,0.03,+0.02%,0
2009-10-21,148.67,151.55,148.47,151.1,2.38,+1.60%,0
2009-10-22,151.07,151.96,150.58,151.73,0.63,+0.42%,0
2009-10-23,151.7,153.24,149.93,150.11,-1.62,-1.07%,0
2009-10-26,150.15,151.16,149.18,150.59,0.48,+0.32%,0
2009-10-27,150.52,151.15,149.9,150.3,-0.29,-0.19%,0
2009-10-28,150.29,150.41,148.33,148.57,-1.73,-1.15%,0
2009-10-29,148.57,151.61,147.7,151.26,2.69,+1.81%,0
2009-10-30,151.22,151.75,147.69,148.19,-3.07,-2.03%,0
2009-11-02,148.24,148.92,145.84,148.05,-0.14,-0.09%,0
2009-11-03,148.08,148.57,146.41,148.49,0.44,+0.30%,0
2009-11-04,148.43,151.31,147.85,150.29,1.8,+1.21%,0
2009-11-05,150.21,150.59,148.56,150.44,0.15,+0.10%,0
2009-11-06,150.41,150.77,148.45,149.31,-1.13,-0.75%,0
2009-11-09,149.31,151.61,149.26,150.76,1.45,+0.97%,0
2009-11-10,150.67,151.03,149.06,150.4,-0.36,-0.24%,0
2009-11-11,150.42,151.15,148.59,148.92,-1.48,-0.98%,0
2009-11-12,148.95,150.14,148.28,149.81,0.89,+0.60%,0
2009-11-13,149.75,150.44,149.03,149.5,-0.31,-0.21%,0
2009-11-16,149.57,150.43,149.15,149.79,0.29,+0.19%,0
2009-11-17,149.73,150.22,149.39,150.08,0.29,+0.19%,0
2009-11-18,150.02,150.32,149.36,149.59,-0.49,-0.33%,0
2009-11-19,149.63,149.68,147.36,148.31,-1.28,-0.86%,0
2009-11-20,148.32,148.39,146.48,146.64,-1.67,-1.13%,0
2009-11-23,146.69,148.22,146.35,147.76,1.12,+0.76%,0
2009-11-24,147.7,147.92,146.28,146.77,-0.99,-0.67%,0
2009-11-25,146.83,147.65,145.68,145.93,-0.84,-0.57%,0
2009-11-26,145.99,146.21,142.41,143.06,-2.87,-1.97%,0
2009-11-27,143.17,143.48,139.34,142.65,-0.41,-0.29%,0
2009-11-30,142.76,144.02,141.07,142.04,-0.61,-0.43%,0
2009-12-01,142.15,144.43,141.67,144.02,1.98,+1.39%,0
2009-12-02,143.97,145.73,143.84,145.3,1.28,+0.89%,0
2009-12-03,145.26,146.86,145.26,145.98,0.68,+0.47%,0
2009-12-04,145.96,149.16,145.47,149.15,3.17,+2.17%,0
2009-12-07,149.16,149.31,146.67,147.2,-1.95,-1.31%,0
2009-12-08,147.24,147.24,143.55,144.03,-3.17,-2.15%,0
2009-12-09,144.08,144.33,142.04,142.91,-1.12,-0.78%,0
2009-12-10,142.93,144.39,142.52,143.59,0.68,+0.48%,0
2009-12-11,143.55,145.65,143.55,144.88,1.29,+0.90%,0
2009-12-14,144.85,145.09,143.19,144.58,-0.3,-0.21%,0
2009-12-15,144.61,146.07,144.39,145.81,1.23,+0.85%,0
2009-12-16,145.74,146.91,145.29,146.63,0.82,+0.56%,0
2009-12-17,146.59,146.86,144.71,145.32,-1.31,-0.89%,0
2009-12-18,145.38,146.54,143.79,146.16,0.84,+0.58%,0
2009-12-21,146.16,146.5,145.45,146.26,0.1,+0.07%,0
2009-12-22,146.19,147.03,146.06,146.62,0.36,+0.25%,0
2009-12-23,146.56,146.71,145.81,146.22,-0.4,-0.27%,0
2009-12-24,146.28,146.43,145.74,146.14,-0.08,-0.05%,0
2009-12-28,145.74,146.67,145.57,146.64,0.5,+0.34%,0
2009-12-29,146.58,147.12,146.02,146.27,-0.37,-0.25%,0
2009-12-30,146.34,148.93,146.09,148.63,2.36,+1.61%,0
2009-12-31,148.56,150.68,148.3,150.39,1.76,+1.18%,0
2010-01-04,150.31,150.7,148.69,148.83,-1.56,-1.04%,0
2010-01-05,148.83,149.13,146.17,146.63,-2.2,-1.48%,0
2010-01-06,146.69,148.44,146.02,147.86,1.23,+0.84%,0
2010-01-07,147.86,148.74,147.09,148.7,0.84,+0.57%,0
2010-01-08,148.68,149.45,148.08,148.51,-0.19,-0.13%,0
2010-01-11,148.44,149.59,148.1,148.41,-0.1,-0.07%,0
2010-01-12,148.44,148.62,146.69,147.09,-1.32,-0.89%,0
2010-01-13,147.11,149.03,146.74,148.76,1.67,+1.14%,0
2010-01-14,148.72,150.01,148.4,148.98,0.22,+0.15%,0
2010-01-15,148.93,149.2,147.2,147.7,-1.28,-0.86%,0
2010-01-18,147.79,148.89,147.53,148.34,0.64,+0.43%,0
2010-01-19,148.31,149.46,148.02,149.11,0.77,+0.52%,0
2010-01-20,149.08,149.25,147.59,148.65,-0.46,-0.31%,0
2010-01-21,148.69,149.08,146.12,146.48,-2.17,-1.46%,0
2010-01-22,146.5,147.22,144.64,144.72,-1.76,-1.20%,0
2010-01-25,144.79,146.72,144.71,146.6,1.88,+1.30%,0
2010-01-26,146.6,147.29,144.11,144.72,-1.88,-1.28%,0
2010-01-27,144.78,145.68,143.66,145.51,0.79,+0.55%,0
2010-01-28,145.5,147.21,144.66,145.08,-0.43,-0.30%,0
2010-01-29,145.16,146.24,144.27,144.3,-0.78,-0.54%,0
2010-02-01,144.32,144.86,143.08,144.6,0.3,+0.21%,0
2010-02-02,144.54,145.19,143.88,144.39,-0.21,-0.15%,0
2010-02-03,144.4,145.27,144.24,144.54,0.15,+0.10%,0
2010-02-04,144.56,144.77,139.37,140.28,-4.26,-2.95%,0
2010-02-05,140.28,141.41,138.28,139.57,-0.71,-0.51%,0
2010-02-08,139.58,139.92,138.66,139.09,-0.48,-0.34%,0
2010-02-09,139.18,141.2,138.82,140.99,1.9,+1.37%,0
2010-02-10,140.93,141.41,139.47,140.26,-0.73,-0.52%,0
2010-02-11,140.32,141.02,139.65,140.96,0.7,+0.50%,0
2010-02-12,140.92,141.89,139.82,141.27,0.31,+0.22%,0
2010-02-15,141.23,141.4,140.74,140.96,-0.31,-0.22%,0
2010-02-16,141,142.57,140.75,142.34,1.38,+0.98%,0
2010-02-17,142.3,143.6,142.12,143.02,0.68,+0.48%,0
2010-02-18,142.97,143.08,141,142.51,-0.51,-0.36%,0
2010-02-19,142.58,142.66,140.87,141.6,-0.91,-0.64%,0
2010-02-22,141.64,142.16,140.82,141.11,-0.49,-0.35%,0
2010-02-23,141.16,141.66,138.77,139.15,-1.96,-1.39%,0
2010-02-24,139.18,139.58,138.39,138.91,-0.24,-0.17%,0
2010-02-25,138.94,139.21,134.99,136.03,-2.88,-2.07%,0
2010-02-26,136.04,136.68,134.68,135.5,-0.53,-0.39%,0
2010-03-01,135.6,135.62,132.05,133.58,-1.92,-1.42%,0
2010-03-02,133.64,133.74,132.52,133,-0.58,-0.43%,0
2010-03-03,133.06,134,132.78,133.56,0.56,+0.42%,0
2010-03-04,133.54,134.81,132.61,133.86,0.3,+0.22%,0
2010-03-05,133.77,137.04,133.77,136.61,2.75,+2.05%,0
2010-03-08,136.6,137.36,135.7,136.05,-0.56,-0.41%,0
2010-03-09,136.11,136.11,133.95,134.9,-1.15,-0.85%,0
2010-03-10,134.96,135.88,133.95,135.57,0.67,+0.50%,0
2010-03-11,135.52,136.48,134.94,136.3,0.73,+0.54%,0
2010-03-12,136.26,138.06,136.12,137.69,1.39,+1.02%,0
2010-03-15,137.68,138.09,135.84,136.29,-1.4,-1.02%,0
2010-03-16,136.35,137.82,135.2,137.63,1.34,+0.98%,0
2010-03-17,137.61,139.35,137.14,138.4,0.77,+0.56%,0
2010-03-18,138.35,138.57,137.05,137.76,-0.64,-0.46%,0
2010-03-19,137.83,138.09,135.66,135.97,-1.79,-1.30%,0
2010-03-22,135.98,136.2,134.57,136.12,0.15,+0.11%,0
2010-03-23,136.06,136.52,135.26,136.05,-0.07,-0.05%,0
2010-03-24,136.06,137.42,135.53,137.23,1.18,+0.87%,0
2010-03-25,137.17,138.12,136.68,137.35,0.12,+0.09%,0
2010-03-26,137.33,138.04,137.08,137.83,0.48,+0.35%,0
2010-03-29,137.8,139.11,137.71,138.57,0.74,+0.54%,0
2010-03-30,138.54,140.54,138.06,139.82,1.25,+0.90%,0
2010-03-31,139.75,142.02,139.75,141.88,2.06,+1.47%,0
2010-04-01,141.87,143.62,141.78,143.46,1.58,+1.11%,0
2010-04-02,143.43,143.95,142.8,143.85,0.39,+0.27%,0
2010-04-05,143.75,144.89,143.75,144.35,0.5,+0.35%,0
2010-04-06,144.3,144.42,142.09,143.19,-1.16,-0.80%,0
2010-04-07,143.24,143.84,141.81,142.25,-0.94,-0.66%,0
2010-04-08,142.3,142.8,140.99,142.69,0.44,+0.31%,0
2010-04-09,142.63,144.32,142.63,143.26,0.57,+0.40%,0
2010-04-12,143.3,144.5,143.2,143.32,0.06,+0.04%,0
2010-04-13,143.27,143.78,142.07,143.34,0.02,+0.01%,0
2010-04-14,143.33,144.63,143.25,144.21,0.87,+0.61%,0
2010-04-15,144.13,145.04,143.29,144.15,-0.06,-0.04%,0
2010-04-16,144.19,144.23,141.37,141.55,-2.6,-1.80%,0
2010-04-19,141.62,141.75,139.41,141.73,0.18,+0.13%,0
2010-04-20,141.67,143.52,141.57,143.18,1.45,+1.02%,0
2010-04-21,143.12,144.16,142.66,143.61,0.43,+0.30%,0
2010-04-22,143.56,144.18,142.46,143.75,0.14,+0.10%,0
2010-04-23,143.72,144.75,143.12,144.47,0.72,+0.50%,0
2010-04-26,144.45,145.95,144.45,145.25,0.78,+0.54%,0
2010-04-27,145.21,145.4,141.61,142.36,-2.89,-1.99%,0
2010-04-28,142.4,143.5,141.74,143.03,0.67,+0.47%,0
2010-04-29,142.97,144.35,142.22,144.05,1.02,+0.71%,0
2010-04-30,144.03,145.2,143.29,143.35,-0.7,-0.49%,0
2010-05-03,143.4,144.62,143.01,144.15,0.8,+0.56%,0
2010-05-04,144.1,144.9,142.63,143.16,-0.99,-0.69%,0
2010-05-05,143.21,144.03,141.25,141.7,-1.46,-1.02%,0
2010-05-06,141.72,142.3,129.97,134.28,-7.42,-5.24%,0
2010-05-07,134.4,138.16,133.17,135.61,1.33,+0.99%,0
2010-05-10,135.56,140.56,135.41,138.52,2.91,+2.15%,0
2010-05-11,138.47,139.65,135.93,138.58,0.06,+0.04%,0
2010-05-12,138.51,139.83,137.44,138.21,-0.37,-0.27%,0
2010-05-13,138.28,139.52,135.35,135.54,-2.67,-1.93%,0
2010-05-14,135.57,136.04,133.24,134.45,-1.09,-0.80%,0
2010-05-17,134.43,134.43,131.14,134.03,-0.42,-0.31%,0
2010-05-18,134.07,134.79,131.83,132.23,-1.8,-1.34%,0
2010-05-19,132.25,132.58,129.77,132.47,0.24,+0.18%,0
2010-05-20,132.39,132.79,126.77,128.8,-3.67,-2.77%,0
2010-05-21,128.85,130.81,127.78,130.12,1.32,+1.02%,0
2010-05-24,130.23,131.36,129.43,130.23,0.11,+0.08%,0
2010-05-25,130.2,130.22,127.68,129.99,-0.24,-0.18%,0
2010-05-26,130.06,130.58,129.1,129.38,-0.61,-0.47%,0
2010-05-27,129.41,132.95,129.11,132.78,3.4,+2.63%,0
2010-05-28,132.71,133.22,130.91,131.68,-1.1,-0.83%,0
2010-05-31,131.64,132.91,130.73,132.68,1,+0.76%,0
2010-06-01,132.67,134.45,130.83,133.25,0.57,+0.43%,0
2010-06-02,133.22,135.4,133.04,134.98,1.73,+1.30%,0
2010-06-03,134.93,136.4,134.59,135.48,0.5,+0.37%,0
2010-06-04,135.44,136.25,132.18,132.83,-2.65,-1.96%,0
2010-06-07,132.76,133.83,131.12,132.19,-0.64,-0.48%,0
2010-06-08,132.23,133.38,130.47,132.33,0.14,+0.11%,0
2010-06-09,132.29,133.76,131.46,132.61,0.28,+0.21%,0
2010-06-10,132.61,134.42,132.27,134.36,1.75,+1.32%,0
2010-06-11,134.36,135.13,132.71,133.33,-1.03,-0.77%,0
2010-06-14,133.44,135.88,133.39,135.03,1.7,+1.28%,0
2010-06-15,134.96,135.66,133.96,135.37,0.34,+0.25%,0
2010-06-16,135.34,135.96,134.55,134.69,-0.68,-0.50%,0
2010-06-17,134.74,135.48,133.55,134.89,0.2,+0.15%,0
2010-06-18,134.89,135.18,134.02,134.5,-0.39,-0.29%,0
2010-06-21,134.5,136.01,133.94,134.43,-0.07,-0.05%,0
2010-06-22,134.49,134.76,133.11,134.15,-0.28,-0.21%,0
2010-06-23,134.25,134.96,133.72,134.32,0.17,+0.13%,0
2010-06-24,134.3,134.86,133.49,133.81,-0.51,-0.38%,0
2010-06-25,133.87,134.6,133.14,134.39,0.58,+0.43%,0
2010-06-28,134.36,135.24,134.22,134.99,0.6,+0.45%,0
2010-06-29,134.95,135.15,132.85,133.48,-1.51,-1.12%,0
2010-06-30,133.54,133.59,132.02,132.16,-1.32,-0.99%,0
2010-07-01,132.17,133.07,131.31,132.94,0.78,+0.59%,0
2010-07-02,132.92,133.87,132.72,133.42,0.48,+0.36%,0
2010-07-05,133.2,133.65,132.42,132.82,-0.6,-0.45%,0
2010-07-06,132.88,133.66,131.89,132.58,-0.24,-0.18%,0
2010-07-07,132.64,133.35,131.28,133.2,0.62,+0.47%,0
2010-07-08,133.17,134.58,133.02,133.97,0.77,+0.58%,0
2010-07-09,133.96,134.63,133.24,133.52,-0.45,-0.34%,0
2010-07-12,133.5,133.98,132.6,133.19,-0.33,-0.25%,0
2010-07-13,133.24,134.68,132.46,134.64,1.45,+1.09%,0
2010-07-14,134.64,135.81,134.29,134.94,0.3,+0.22%,0
2010-07-15,134.9,135.55,134.02,135.13,0.19,+0.14%,0
2010-07-16,135.09,135.2,132.05,132.48,-2.65,-1.96%,0
2010-07-19,132.56,133.43,131.82,132.04,-0.44,-0.33%,0
2010-07-20,132.05,133.74,131.52,133.56,1.52,+1.15%,0
2010-07-21,133.52,133.72,131.61,131.98,-1.58,-1.18%,0
2010-07-22,132.02,133.28,130.86,132.66,0.68,+0.52%,0
2010-07-23,132.62,134.99,132.46,134.87,2.21,+1.67%,0
2010-07-26,134.85,135.57,134.43,134.58,-0.29,-0.22%,0
2010-07-27,134.61,137.22,134.48,137.07,2.49,+1.85%,0
2010-07-28,137.02,137.55,135.9,136.45,-0.62,-0.45%,0
2010-07-29,136.47,136.87,135,135.51,-0.94,-0.69%,0
2010-07-30,135.55,136.03,134.22,135.69,0.18,+0.13%,0
2010-08-02,135.61,137.65,135.42,137.41,1.72,+1.27%,0
2010-08-03,137.36,137.76,136.36,136.85,-0.56,-0.41%,0
2010-08-04,136.9,137.23,135.87,137.02,0.17,+0.12%,0
2010-08-05,136.97,137.48,135.81,136.47,-0.55,-0.40%,0
2010-08-06,136.48,137.05,135.5,136.34,-0.13,-0.10%,0
2010-08-09,136.34,136.98,136.18,136.58,0.24,+0.18%,0
2010-08-10,136.51,136.72,134.99,135.43,-1.15,-0.84%,0
2010-08-11,135.46,135.49,132.83,133.59,-1.84,-1.36%,0
2010-08-12,133.64,134.68,133.02,133.81,0.22,+0.16%,0
2010-08-13,133.78,134.81,133.38,134.43,0.62,+0.46%,0
2010-08-16,134.52,134.52,133.15,133.67,-0.76,-0.57%,0
2010-08-17,133.7,133.92,133.09,133.28,-0.39,-0.29%,0
2010-08-18,133.35,133.74,132.48,133.27,-0.01,-0.01%,0
2010-08-19,133.26,134.03,132.82,133.21,-0.06,-0.05%,0
2010-08-20,133.25,133.33,132.01,133.01,-0.2,-0.15%,0
2010-08-23,132.91,133.32,132.05,132.12,-0.89,-0.67%,0
2010-08-24,132.12,132.12,128.81,129.22,-2.9,-2.19%,0
2010-08-25,129.2,131.09,129.17,130.7,1.48,+1.15%,0
2010-08-26,130.69,132.02,130.69,131.15,0.45,+0.34%,0
2010-08-27,131.09,132.54,130.47,132.38,1.23,+0.94%,0
2010-08-30,132.68,133.6,130.67,130.82,-1.56,-1.18%,0
2010-08-31,130.87,131.4,128.78,129.24,-1.58,-1.21%,0
2010-09-01,129.26,130.93,128.83,130.5,1.26,+0.97%,0
2010-09-02,130.46,130.59,129.2,129.8,-0.7,-0.54%,0
2010-09-03,129.85,131.66,129.68,130.51,0.71,+0.55%,0
2010-09-06,130.36,130.65,129.28,129.61,-0.9,-0.69%,0
2010-09-07,129.67,129.67,127.93,128.77,-0.84,-0.65%,0
2010-09-08,128.8,130.31,128.09,129.78,1.01,+0.78%,0
2010-09-09,129.72,129.97,128.6,129.28,-0.5,-0.39%,0
2010-09-10,129.32,130.05,129.03,129.28,0,0.00%,0
2010-09-13,129.65,130.11,128.79,129.14,-0.14,-0.11%,0
2010-09-14,129.18,129.42,127.67,129.02,-0.12,-0.09%,0
2010-09-15,129.07,134.06,128.58,133.95,4.93,+3.82%,0
2010-09-16,133.92,134.25,133,134.02,0.07,+0.05%,0
2010-09-17,133.98,135.04,133.66,134.03,0.01,+0.01%,0
2010-09-20,133.81,134.44,133.23,133.23,-0.8,-0.60%,0
2010-09-21,133.25,133.43,132.36,132.94,-0.29,-0.22%,0
2010-09-22,132.96,133.4,131.74,132.34,-0.6,-0.45%,0
2010-09-23,132.41,132.78,131.85,132.35,0.01,+0.01%,0
2010-09-24,132.33,133.75,132.2,133.35,1,+0.76%,0
2010-09-27,133.33,133.66,132.94,133.46,0.11,+0.08%,0
2010-09-28,133.42,133.76,131.99,132.52,-0.94,-0.70%,0
2010-09-29,132.59,132.93,131.86,132.14,-0.38,-0.29%,0
2010-09-30,132.15,132.72,130.88,131.25,-0.89,-0.67%,0
2010-10-01,131.29,132.07,131.15,131.91,0.66,+0.50%,0
2010-10-04,131.46,132.37,131.2,131.96,0.05,+0.04%,0
2010-10-05,131.92,132.62,131.92,132.23,0.27,+0.20%,0
2010-10-06,132.2,132.42,131.48,131.78,-0.45,-0.34%,0
2010-10-07,131.82,131.88,130.5,130.82,-0.96,-0.73%,0
2010-10-08,130.89,131.26,130.18,130.94,0.12,+0.09%,0
2010-10-11,130.74,131,129.91,130.34,-0.6,-0.46%,0
2010-10-12,130.37,130.73,129,129.2,-1.14,-0.87%,0
2010-10-13,129.23,130.17,129.03,130.05,0.85,+0.66%,0
2010-10-14,129.99,130.49,129.69,130.45,0.4,+0.31%,0
2010-10-15,130.42,130.71,130.03,130.13,-0.32,-0.25%,0
2010-10-18,129.93,130.21,128.72,129.05,-1.08,-0.83%,0
2010-10-19,129.06,129.39,127.81,128.13,-0.92,-0.71%,0
2010-10-20,128.18,128.77,127.39,128.52,0.39,+0.30%,0
2010-10-21,128.5,129.22,127.53,127.73,-0.79,-0.61%,0
2010-10-22,127.75,127.9,127.11,127.57,-0.16,-0.13%,0
2010-10-25,126.89,127.74,126.47,127.07,-0.5,-0.39%,0
2010-10-26,127.1,129.15,126.85,129.03,1.96,+1.54%,0
2010-10-27,129,129.58,128.56,128.91,-0.12,-0.09%,0
2010-10-28,128.95,129.36,128.11,129.16,0.25,+0.19%,0
2010-10-29,129.16,129.29,128,128.91,-0.25,-0.19%,0
2010-11-01,128.58,130.32,128.5,129.1,0.19,+0.15%,0
2010-11-02,129.04,129.66,128.99,129.31,0.21,+0.16%,0
2010-11-03,129.29,131.24,129.06,130.41,1.1,+0.85%,0
2010-11-04,130.36,131.51,130.14,131.34,0.93,+0.71%,0
2010-11-05,131.29,132,130.52,131.51,0.17,+0.13%,0
2010-11-08,131.53,131.69,130.56,131.04,-0.47,-0.36%,0
2010-11-09,131.05,131.07,129.86,130.58,-0.46,-0.35%,0
2010-11-10,130.62,133.08,130.39,132.63,2.05,+1.57%,0
2010-11-11,132.61,133.24,132.28,132.99,0.36,+0.27%,0
2010-11-12,132.95,133.56,131.01,132.99,0,0.00%,0
2010-11-15,132.97,133.76,132.93,133.38,0.39,+0.29%,0
2010-11-16,133.33,133.76,132.21,132.36,-1.02,-0.76%,0
2010-11-17,132.35,132.97,132.25,132.37,0.01,+0.01%,0
2010-11-18,132.35,134.2,132.26,133.98,1.61,+1.22%,0
2010-11-19,133.93,134.21,133.05,133.48,-0.5,-0.37%,0
2010-11-22,133.47,134.18,132.65,132.97,-0.51,-0.38%,0
2010-11-23,133.01,133.37,130.87,131.17,-1.8,-1.35%,0
2010-11-24,131.22,132,130.87,131.74,0.57,+0.43%,0
2010-11-25,131.68,132.02,131.39,131.76,0.02,+0.02%,0
2010-11-26,131.75,132.11,130.99,131.12,-0.64,-0.49%,0
2010-11-29,130.22,131.35,130.22,131.21,0.09,+0.07%,0
2010-11-30,131.17,131.24,129.33,130.22,-0.99,-0.75%,0
2010-12-01,130.18,131.59,129.9,131.52,1.3,+1.00%,0
2010-12-02,131.46,131.73,130.19,130.76,-0.76,-0.58%,0
2010-12-03,130.71,131.04,129.5,130.43,-0.33,-0.25%,0
2010-12-06,130.5,130.59,130.27,130.42,-0.01,-0.01%,52530
2010-12-07,129.872,131.766,129.524,131.528,1.108,+0.85%,110473
2010-12-08,131.53,132.988,131.321,132.763,1.235,+0.94%,208094
2010-12-09,132.749,132.889,131.724,132.022,-0.741,-0.56%,199558
2010-12-10,132.02,132.766,131.928,132.713,0.691,+0.52%,158682
2010-12-13,132.58,133.035,131.793,132.25,-0.463,-0.35%,172439
2010-12-14,132.24,132.634,131.278,131.942,-0.308,-0.23%,187445
2010-12-15,131.94,132.285,130.761,130.909,-1.033,-0.78%,185329
2010-12-16,130.903,131.609,130.838,131.146,0.237,+0.18%,345616
2010-12-17,131.135,131.376,129.983,130.123,-1.023,-0.78%,388836
2010-12-20,130.19,130.457,129.568,129.909,-0.214,-0.16%,168068
2010-12-21,129.911,130.29,129.238,129.51,-0.399,-0.31%,165729
2010-12-22,129.49,129.687,128.322,128.536,-0.974,-0.75%,165816
2010-12-23,128.533,128.729,127.438,127.875,-0.661,-0.51%,158878
2010-12-24,127.891,128.396,127.802,127.946,0.071,+0.06%,109969
2010-12-27,127.79,128,127.362,127.647,-0.299,-0.23%,163528
2010-12-28,127.65,128,126.097,126.573,-1.074,-0.84%,210463
2010-12-29,126.55,126.779,126.087,126.457,-0.116,-0.09%,199674
2010-12-30,126.456,126.667,125.476,125.719,-0.738,-0.58%,188585
2010-12-31,125.71,126.953,125.672,126.603,0.884,+0.70%,144062
2011-01-03,126.47,126.564,125.755,126.559,-0.044,-0.03%,171210
2011-01-04,126.55,128.565,126.322,127.844,1.285,+1.02%,239357
2011-01-05,127.838,129.207,127.43,129.121,1.277,+1.00%,257089
2011-01-06,129.12,129.267,128.405,128.902,-0.219,-0.17%,246604
2011-01-07,128.902,129.399,128.566,129.087,0.185,+0.14%,253911
2011-01-10,129.2,129.325,128.309,128.76,-0.327,-0.25%,255255
2011-01-11,128.76,130.336,128.722,129.808,1.048,+0.81%,286433
2011-01-12,129.813,131.106,129.6,130.81,1.002,+0.77%,299383
2011-01-13,130.803,131.389,130.468,131.123,0.313,+0.24%,278024
2011-01-14,131.145,131.842,130.436,131.717,0.594,+0.45%,265464
2011-01-17,131.35,131.669,130.961,131.308,-0.409,-0.31%,222352
2011-01-18,131.303,132.464,131.254,131.733,0.425,+0.32%,283911
2011-01-19,131.735,132.126,130.813,131.151,-0.582,-0.44%,306836
2011-01-20,131.15,132.09,130.665,131.91,0.759,+0.58%,273059
2011-01-21,131.91,132.31,131.462,132.153,0.243,+0.18%,270679
2011-01-24,132.14,132.308,131.69,131.891,-0.262,-0.20%,237001
2011-01-25,131.874,131.994,129.633,130.059,-1.832,-1.39%,279649
2011-01-26,130.062,131.043,129.489,130.897,0.838,+0.64%,273994
2011-01-27,130.89,132.627,130.557,132.038,1.141,+0.87%,269121
2011-01-28,132.034,132.057,129.796,130.253,-1.785,-1.35%,280776
2011-01-31,129.83,131.565,129.822,131.342,1.089,+0.84%,240000
2011-02-01,131.341,131.957,130.926,131.273,-0.069,-0.05%,270203
2011-02-02,131.28,132.27,131.226,132.002,0.729,+0.56%,105651
2011-02-03,132,132.905,131.435,131.68,-0.322,-0.24%,253212
2011-02-04,131.705,132.697,131.15,132.316,0.636,+0.48%,231382
2011-02-07,132.32,133.219,132.2,132.585,0.269,+0.20%,220331
2011-02-08,132.578,132.883,131.561,132.317,-0.268,-0.20%,216180
2011-02-09,132.31,132.954,132.085,132.586,0.269,+0.20%,246301
2011-02-10,132.567,134.221,132.493,133.933,1.347,+1.02%,229270
2011-02-11,133.937,134.202,133.227,133.526,-0.407,-0.30%,203623
2011-02-14,133.42,133.739,133.155,133.594,0.068,+0.05%,216524
2011-02-15,133.597,135.404,133.485,135.054,1.46,+1.09%,218240
2011-02-16,135.062,135.431,134.177,134.635,-0.419,-0.31%,237543
2011-02-17,134.64,134.927,134.332,134.695,0.06,+0.04%,215303
2011-02-18,134.709,135.461,134.431,134.883,0.188,+0.14%,210758
2011-02-21,135,135.142,134.671,134.879,-0.004,0.00%,168979
2011-02-22,134.878,135.435,133.234,133.522,-1.357,-1.01%,243930
2011-02-23,133.519,134.611,133.35,133.727,0.205,+0.15%,233130
2011-02-24,133.725,133.837,131.483,132.124,-1.603,-1.20%,232455
2011-02-25,132.129,132.439,131.108,131.573,-0.551,-0.42%,209082
2011-02-28,131.53,133.274,131.26,132.92,1.347,+1.02%,219504
2011-03-01,132.915,134.096,132.912,133.114,0.194,+0.15%,237867
2011-03-02,133.116,133.731,132.8,133.605,0.491,+0.37%,210998
2011-03-03,133.612,134.168,132.907,134.156,0.551,+0.41%,211052
2011-03-04,134.148,135.15,133.634,133.913,-0.243,-0.18%,208065
2011-03-07,133.93,134.04,132.894,133.198,-0.715,-0.53%,229359
2011-03-08,133.206,133.751,133.082,133.551,0.353,+0.27%,205565
2011-03-09,133.543,134.236,133.534,134.026,0.475,+0.36%,224303
2011-03-10,134.033,134.3,132.899,133.233,-0.793,-0.59%,235255
2011-03-11,133.234,133.707,130.854,131.697,-1.536,-1.15%,232835
2011-03-14,131.24,132.35,129.772,131.984,0.287,+0.22%,268062
2011-03-15,131.983,132.505,129.175,129.744,-2.24,-1.70%,290660
2011-03-16,129.755,130.496,127.461,127.513,-2.231,-1.72%,288968
2011-03-17,127.513,128,122.681,127.257,-0.256,-0.20%,351597
2011-03-18,127.268,132.468,127.156,130.777,3.52,+2.77%,316658
2011-03-21,131.1,132.303,130.914,132.122,1.345,+1.03%,232058
2011-03-22,132.113,132.953,131.759,132.459,0.337,+0.26%,262151
2011-03-23,132.454,132.677,131.136,131.323,-1.136,-0.86%,323069
2011-03-24,131.33,131.68,130.222,130.511,-0.812,-0.62%,303199
2011-03-25,130.515,131.043,130.199,130.453,-0.058,-0.04%,308447
2011-03-28,130.26,131.059,130.124,130.603,0.15,+0.11%,271435
2011-03-29,130.607,132.027,130.287,131.998,1.395,+1.07%,276205
2011-03-30,132,133.606,131.798,133.183,1.185,+0.90%,324283
2011-03-31,133.19,133.826,132.462,133.201,0.018,+0.01%,318786
2011-04-01,133.206,135.804,133.204,135.413,2.212,+1.66%,327331
2011-04-04,135.61,136.105,135.175,135.555,0.142,+0.10%,271647
2011-04-05,135.56,138.278,135.505,138.264,2.709,+2.00%,297064
2011-04-06,138.27,139.666,138.117,139.574,1.31,+0.95%,335284
2011-04-07,139.577,139.595,137.891,138.561,-1.013,-0.73%,327174
2011-04-08,138.55,139.998,138.419,138.813,0.252,+0.18%,315656
2011-04-11,138.99,139.528,138.012,138.237,-0.576,-0.41%,305263
2011-04-12,138.24,138.559,135.727,135.836,-2.401,-1.74%,411287
2011-04-13,135.83,137.182,135.686,136.357,0.521,+0.38%,326326
2011-04-14,136.36,136.742,135.286,136.473,0.116,+0.09%,359027
2011-04-15,136.497,137.031,135.267,135.661,-0.812,-0.59%,325902
2011-04-18,135.6,135.85,132.985,134.409,-1.252,-0.92%,337844
2011-04-19,134.41,134.782,133.752,134.704,0.295,+0.22%,163781
2011-04-20,134.71,135.765,134.648,135.426,0.722,+0.54%,266824
2011-04-21,135.42,135.945,134.702,135.197,-0.229,-0.17%,333577
2011-04-25,134.96,135.884,134.694,134.97,-0.227,-0.17%,190681
2011-04-26,134.981,135.147,134.236,134.376,-0.594,-0.44%,312691
2011-04-27,134.382,136.67,134.077,136.545,2.169,+1.61%,324995
2011-04-28,136.53,137.023,135.503,135.564,-0.981,-0.72%,310927
2011-04-29,135.574,135.992,135.164,135.615,0.051,+0.04%,228364
2011-05-02,135.61,136.091,135.099,135.233,-0.382,-0.28%,263433
2011-05-03,135.234,135.348,132.925,133.391,-1.842,-1.36%,269684
2011-05-04,133.4,134.226,132.747,132.89,-0.501,-0.38%,298593
2011-05-05,132.89,133.175,130.894,131.187,-1.703,-1.28%,313041
2011-05-06,131.177,132.73,131.173,131.908,0.721,+0.55%,311620
2011-05-09,131.78,132.388,131.214,131.774,-0.134,-0.10%,344051
2011-05-10,131.8,132.487,131.443,132.332,0.558,+0.42%,345811
2011-05-11,132.337,134.017,131.818,132.437,0.105,+0.08%,360989
2011-05-12,132.437,133.154,131.216,131.823,-0.614,-0.46%,345854
2011-05-13,131.84,132.006,130.275,130.813,-1.01,-0.77%,329888
2011-05-16,129.72,131.456,129.72,130.768,-0.045,-0.03%,287873
2011-05-17,130.759,133.13,130.712,132.276,1.508,+1.15%,292111
2011-05-18,132.285,132.48,130.759,132.013,-0.263,-0.20%,285333
2011-05-19,132.022,132.93,131.814,132.462,0.449,+0.34%,283179
2011-05-20,132.47,132.949,132.126,132.583,0.121,+0.09%,256387
2011-05-23,132.568,132.897,131.261,132.171,-0.412,-0.31%,281749
2011-05-24,132.159,133.092,131.406,132.57,0.399,+0.30%,304670
2011-05-25,132.56,133.657,132.071,133.355,0.785,+0.59%,297426
2011-05-26,133.362,133.761,132.609,133.298,-0.057,-0.04%,275170
2011-05-27,133.294,133.6,132.687,133.283,-0.015,-0.01%,241681
2011-05-30,133.16,133.46,132.982,133.297,0.014,+0.01%,135544
2011-05-31,133.304,135.078,133.266,134.051,0.754,+0.57%,232228
2011-06-01,134.05,134.323,132.038,132.184,-1.867,-1.39%,303020
2011-06-02,132.18,132.818,131.762,132.395,0.211,+0.16%,299825
2011-06-03,132.4,132.546,130.666,131.804,-0.591,-0.45%,257386
2011-06-06,131.64,132.264,130.787,130.983,-0.821,-0.62%,259137
2011-06-07,130.98,132.03,130.856,131.681,0.698,+0.53%,267155
2011-06-08,131.674,131.927,130.463,131.003,-0.678,-0.51%,298891
2011-06-09,131,131.928,130.89,131.472,0.469,+0.36%,290497
2011-06-10,131.46,131.635,129.866,130.296,-1.176,-0.89%,289737
2011-06-13,130.33,131.415,130.22,131.356,1.06,+0.81%,269833
2011-06-14,131.37,132.282,131.031,131.729,0.373,+0.28%,274211
2011-06-15,131.72,131.999,130.675,131.064,-0.665,-0.50%,305736
2011-06-16,131.055,131.306,129.734,130.262,-0.802,-0.61%,342675
2011-06-17,130.262,130.32,129.324,129.587,-0.675,-0.52%,284798
2011-06-20,129.72,130.189,128.898,129.999,0.412,+0.32%,280343
2011-06-21,130,130.319,129.647,130.252,0.253,+0.19%,273925
2011-06-22,130.237,130.496,128.963,129,-1.252,-0.96%,296583
2011-06-23,128.997,129.305,128.45,128.838,-0.162,-0.13%,298929
2011-06-24,128.827,128.994,128.212,128.447,-0.391,-0.30%,285028
2011-06-27,128.16,129.525,128.105,129.303,0.856,+0.67%,311933
2011-06-28,129.29,129.913,128.64,129.761,0.458,+0.35%,325822
2011-06-29,129.76,130.043,129.103,129.71,-0.051,-0.04%,294708
2011-06-30,129.71,129.836,128.402,129.287,-0.423,-0.33%,338035
2011-07-01,129.3,130.05,129.025,129.834,0.547,+0.42%,325617
2011-07-04,129.87,130.127,129.631,129.887,0.053,+0.04%,255953
2011-07-05,129.9,130.812,129.731,130.157,0.27,+0.21%,296106
2011-07-06,130.165,130.261,128.975,129.456,-0.701,-0.54%,319835
2011-07-07,129.45,130.083,129.059,129.732,0.276,+0.21%,277048
2011-07-08,129.74,130.011,128.925,129.374,-0.358,-0.28%,298387
2011-07-11,129.18,129.411,127.407,127.632,-1.742,-1.35%,321972
2011-07-12,127.633,127.825,125.124,126.058,-1.574,-1.23%,379294
2011-07-13,126.044,127.364,124.891,127.176,1.118,+0.89%,367744
2011-07-14,127.178,128.13,126.785,127.696,0.52,+0.41%,331865
2011-07-15,127.7,128.003,127.155,127.639,-0.057,-0.04%,277506
2011-07-18,127.57,127.639,126.637,126.874,-0.765,-0.60%,320774
2011-07-19,126.88,127.834,126.773,127.617,0.743,+0.59%,293380
2011-07-20,127.621,127.808,126.7,127.209,-0.408,-0.32%,270534
2011-07-21,127.219,128.207,126.98,127.819,0.61,+0.48%,336421
2011-07-22,127.82,128.394,127.471,127.964,0.145,+0.11%,310511
2011-07-25,127.58,128.03,127.089,127.371,-0.593,-0.46%,307130
2011-07-26,127.383,128.149,127.058,127.716,0.345,+0.27%,334278
2011-07-27,127.995,128.101,127.173,127.302,-0.414,-0.32%,141957
2011-07-28,127.29,127.383,126.687,127.154,-0.148,-0.12%,314871
2011-07-29,127.122,127.357,125.96,126.107,-1.047,-0.82%,339528
2011-08-01,126.63,128.493,124.197,125.777,-0.33,-0.26%,366857
2011-08-02,125.76,126.918,125.325,125.695,-0.082,-0.07%,365980
2011-08-03,125.697,126.605,125.272,126.542,0.847,+0.67%,345712
2011-08-04,126.544,130.814,126.468,128.151,1.609,+1.27%,382058
2011-08-05,128.15,129.02,127.385,128.524,0.373,+0.29%,371568
2011-08-08,128.25,128.844,126.473,126.897,-1.627,-1.27%,351612
2011-08-09,126.899,127.023,124.559,125.532,-1.365,-1.08%,392558
2011-08-10,125.522,126.193,123.291,123.962,-1.57,-1.25%,373513
2011-08-11,123.98,124.824,123.379,124.727,0.765,+0.62%,360835
2011-08-12,124.724,125.168,123.957,124.842,0.115,+0.09%,324851
2011-08-15,125.02,125.972,124.916,125.888,1.046,+0.84%,298719
2011-08-16,125.876,126.403,125.286,126.347,0.459,+0.36%,290816
2011-08-17,126.33,126.95,125.286,126.681,0.334,+0.26%,296547
2011-08-18,126.68,126.774,125.667,126.433,-0.248,-0.20%,291033
2011-08-19,126.432,126.772,125.72,126.002,-0.431,-0.34%,337812
2011-08-22,126.31,127.313,126.126,126.312,0.31,+0.25%,298847
2011-08-23,126.29,126.944,126.137,126.383,0.071,+0.06%,301898
2011-08-24,126.382,126.731,125.607,126.003,-0.38,-0.30%,305038
2011-08-25,126,126.518,125.717,126.077,0.074,+0.06%,285093
2011-08-26,126.08,126.203,124.487,125.363,-0.714,-0.57%,273621
2011-08-29,125.68,126.552,125.177,126.028,0.665,+0.53%,241248
2011-08-30,126.027,126.322,124.658,125.049,-0.979,-0.78%,276852
2011-08-31,125.048,125.295,124.258,124.53,-0.519,-0.42%,277103
2011-09-01,124.519,125.285,124.106,124.423,-0.107,-0.09%,314472
2011-09-02,124.425,124.694,124.164,124.183,-0.24,-0.19%,292149
2011-09-05,124.34,124.392,123.507,123.88,-0.303,-0.24%,254835
2011-09-06,123.88,125.028,123.056,123.763,-0.117,-0.09%,293653
2011-09-07,123.765,123.869,123.171,123.475,-0.288,-0.23%,274762
2011-09-08,123.49,124.356,123.121,123.643,0.168,+0.14%,306514
2011-09-09,123.64,124.216,122.363,123.209,-0.434,-0.35%,340238
2011-09-12,122.45,123,121.286,122.436,-0.773,-0.63%,341123
2011-09-13,122.44,122.463,121.235,121.373,-1.063,-0.87%,337024
2011-09-14,121.377,121.548,120.703,120.804,-0.569,-0.47%,318794
2011-09-15,120.788,122.088,120.669,121.144,0.34,+0.28%,265006
2011-09-16,121.146,121.736,120.765,121.206,0.062,+0.05%,274557
2011-09-19,121.18,121.204,119.472,120.228,-0.978,-0.81%,278920
2011-09-20,120.237,120.552,119.746,120.264,0.036,+0.03%,313341
2011-09-21,120.26,120.536,118.36,118.448,-1.816,-1.51%,284365
2011-09-22,118.461,119.089,116.826,116.929,-1.519,-1.28%,324022
2011-09-23,116.935,118.854,116.919,118.365,1.436,+1.23%,312417
2011-09-26,118.45,118.998,117.758,118.814,0.449,+0.38%,328676
2011-09-27,118.817,120.432,118.505,120.05,1.236,+1.04%,313020
2011-09-28,120.065,120.201,118.942,119.29,-0.76,-0.63%,310830
2011-09-29,119.294,120.815,118.745,120.034,0.744,+0.62%,315975
2011-09-30,120.027,120.759,119.096,120.047,0.013,+0.01%,325159
2011-10-03,119.78,120.324,118.167,118.197,-1.85,-1.54%,326011
2011-10-04,118.194,119.069,117.725,118.92,0.723,+0.61%,321396
2011-10-05,118.921,119.087,118.082,118.688,-0.232,-0.20%,303480
2011-10-06,118.67,118.818,116.974,118.454,-0.234,-0.20%,317397
2011-10-07,118.465,119.963,118.23,119.371,0.917,+0.77%,272016
2011-10-10,119.33,120.277,119.13,120.083,0.712,+0.60%,247459
2011-10-11,120.09,120.194,119.351,119.358,-0.725,-0.60%,279171
2011-10-12,119.364,122.346,119.205,121.667,2.309,+1.93%,301922
2011-10-13,121.66,121.675,120.34,121.201,-0.466,-0.38%,296141
2011-10-14,121.19,122.59,120.926,122.125,0.924,+0.76%,271285
2011-10-17,121.86,122.618,120.796,120.922,-1.203,-0.99%,277484
2011-10-18,120.93,121.548,119.964,120.665,-0.257,-0.21%,305460
2011-10-19,120.682,121.681,120.428,121.121,0.456,+0.38%,287709
2011-10-20,121.118,121.5,120.353,121.22,0.099,+0.08%,290773
2011-10-21,121.22,122.059,120.784,121.654,0.434,+0.36%,278830
2011-10-24,121.95,122.073,120.984,121.701,0.047,+0.04%,276565
2011-10-25,121.703,122.016,120.94,121.72,0.019,+0.02%,277362
2011-10-26,121.72,121.924,120.686,121.626,-0.094,-0.08%,273163
2011-10-27,121.628,122.495,121.102,122.234,0.608,+0.50%,294567
2011-10-28,122.23,122.336,121.816,122.259,0.025,+0.02%,254314
2011-10-31,122.01,127.267,121.861,125.715,3.456,+2.83%,390118
2011-11-01,125.863,126.777,124.267,124.974,-0.741,-0.59%,314433
2011-11-02,124.98,125.273,124.339,124.44,-0.534,-0.43%,307943
2011-11-03,124.45,125.287,123.895,125.183,0.743,+0.60%,338608
2011-11-04,125.17,125.546,124.611,125.377,0.194,+0.15%,306743
2011-11-07,125.37,125.598,124.795,125.286,-0.091,-0.07%,289571
2011-11-08,125.28,125.59,124.959,125.022,-0.264,-0.21%,304590
2011-11-09,125.014,125.152,123.606,123.82,-1.202,-0.96%,317445
2011-11-10,123.81,124.062,123.073,123.697,-0.123,-0.10%,336579
2011-11-11,123.7,124.143,122.947,123.961,0.264,+0.21%,338386
2011-11-14,124.09,124.289,122.307,122.576,-1.385,-1.12%,338731
2011-11-15,122.61,123.092,121.656,121.831,-0.745,-0.61%,367058
2011-11-16,121.855,121.968,121.131,121.202,-0.629,-0.52%,370673
2011-11-17,121.18,121.674,120.862,121.245,0.043,+0.04%,378564
2011-11-18,121.242,121.739,121.027,121.493,0.248,+0.20%,362891
2011-11-21,121.25,121.478,120.025,120.217,-1.276,-1.05%,326105
2011-11-22,120.22,120.896,120.106,120.299,0.082,+0.07%,346338
2011-11-23,120.3,120.45,119.819,119.98,-0.319,-0.27%,342363
2011-11-24,119.977,120.136,119.35,119.451,-0.529,-0.44%,305982
2011-11-25,119.451,120.447,119.366,119.977,0.526,+0.44%,331375
2011-11-28,120.07,121.65,119.917,120.917,0.94,+0.78%,348445
2011-11-29,120.911,121.826,120.75,121.503,0.586,+0.48%,368083
2011-11-30,121.54,122.497,121.027,121.853,0.35,+0.29%,361116
2011-12-01,121.85,122.489,121.42,121.867,0.014,+0.01%,327257
2011-12-02,121.85,122.572,121.292,121.588,-0.279,-0.23%,301601
2011-12-05,121.9,122.274,121.432,121.743,0.155,+0.13%,297348
2011-12-06,121.75,121.777,120.951,121.232,-0.511,-0.42%,337105
2011-12-07,121.217,122.189,121.108,121.994,0.762,+0.63%,318185
2011-12-08,122.005,122.036,120.928,121.3,-0.694,-0.57%,328842
2011-12-09,121.29,122.201,120.984,121.621,0.321,+0.26%,307144
2011-12-12,121.49,121.763,120.688,121.384,-0.237,-0.19%,289458
2011-12-13,121.4,121.644,120.49,120.7,-0.684,-0.56%,296376
2011-12-14,120.711,121.109,120.279,120.713,0.013,+0.01%,284085
2011-12-15,120.712,120.906,120.452,120.743,0.03,+0.02%,284309
2011-12-16,120.736,121.124,120.195,120.195,-0.548,-0.45%,254775
2011-12-19,120.81,121.08,120.495,120.926,0.731,+0.61%,242742
2011-12-20,120.924,122.143,120.881,121.958,1.032,+0.85%,248679
2011-12-21,121.96,122.554,121.816,122.331,0.373,+0.31%,279360
2011-12-22,122.33,122.747,122.202,122.515,0.184,+0.15%,240124
2011-12-23,122.497,122.634,121.615,121.663,-0.852,-0.70%,206076
2011-12-26,122.22,122.22,121.492,121.846,0.183,+0.15%,54044
2011-12-27,121.85,122.101,121.587,122.002,0.156,+0.13%,181616
2011-12-28,122.02,122.02,120.295,120.444,-1.558,-1.28%,239428
2011-12-29,120.431,120.528,119.452,119.658,-0.786,-0.65%,250236
2011-12-30,119.66,120.035,119.264,119.383,-0.275,-0.23%,262093
2012-01-03,119.28,120.137,119.166,120.042,0.659,+0.55%,238464
2012-01-04,120.05,120.17,119.577,119.787,-0.255,-0.21%,260276
2012-01-05,119.77,119.932,119.161,119.463,-0.324,-0.27%,279950
2012-01-06,119.47,119.711,118.522,118.758,-0.705,-0.59%,246403
2012-01-09,118.46,118.852,118.237,118.741,-0.017,-0.01%,254727
2012-01-10,118.73,119.052,118.699,118.957,0.216,+0.18%,259462
2012-01-11,118.96,119.086,117.693,117.774,-1.183,-0.99%,255758
2012-01-12,117.771,118.091,117.505,117.661,-0.113,-0.10%,270945
2012-01-13,117.66,118.173,117.278,117.894,0.233,+0.20%,341712
2012-01-16,117.62,117.783,117.361,117.638,-0.256,-0.22%,274099
2012-01-17,117.65,118.258,117.541,117.797,0.159,+0.14%,328489
2012-01-18,117.81,118.613,117.526,118.564,0.767,+0.65%,341613
2012-01-19,118.563,119.703,118.302,119.395,0.831,+0.70%,340034
2012-01-20,119.391,119.966,119.171,119.904,0.509,+0.43%,331215
2012-01-23,119.55,120.184,119.468,119.868,-0.036,-0.03%,301477
2012-01-24,119.87,121.398,119.628,121.328,1.46,+1.22%,340318
2012-01-25,121.328,122.03,121.218,121.753,0.425,+0.35%,360435
2012-01-26,121.745,121.849,121.299,121.485,-0.268,-0.22%,279210
2012-01-27,121.47,121.566,120.003,120.577,-0.908,-0.75%,322475
2012-01-30,120.59,120.698,119.568,119.896,-0.681,-0.56%,289089
2012-01-31,119.902,120.609,119.743,120.156,0.26,+0.22%,347486
2012-02-01,120.153,120.96,119.569,120.63,0.474,+0.39%,342198
2012-02-02,120.613,120.742,120.201,120.437,-0.193,-0.16%,311806
2012-02-03,120.425,121.264,120.251,121.157,0.72,+0.60%,315388
2012-02-06,121.05,121.22,120.459,121.069,-0.088,-0.07%,315192
2012-02-07,121.076,122.224,120.985,121.987,0.918,+0.76%,327747
2012-02-08,121.972,122.83,121.393,121.822,-0.165,-0.14%,350630
2012-02-09,121.84,122.958,121.692,122.812,0.99,+0.81%,351318
2012-02-10,122.798,123.153,122.013,122.373,-0.439,-0.36%,334648
2012-02-13,122.28,122.895,122.163,122.275,-0.098,-0.08%,281838
2012-02-14,122.27,123.145,121.669,123.059,0.784,+0.64%,401747
2012-02-15,123.07,123.479,122.589,123.059,0,0.00%,397869
2012-02-16,123.052,124.794,122.799,124.685,1.626,+1.32%,366597
2012-02-17,124.674,126.036,124.505,125.861,1.176,+0.94%,374537
2012-02-20,126.25,126.802,125.759,126.18,0.319,+0.25%,341997
2012-02-21,126.18,126.629,125.634,125.786,-0.394,-0.31%,407095
2012-02-22,125.8,126.593,125.578,125.775,-0.011,-0.01%,391168
2012-02-23,125.77,126.185,125.448,125.917,0.142,+0.11%,353330
2012-02-24,125.907,128.928,125.784,128.883,2.966,+2.36%,377768
2012-02-27,129.08,129.692,126.963,127.516,-1.367,-1.06%,388854
2012-02-28,127.51,128.214,126.658,127.902,0.386,+0.30%,396020
2012-02-29,127.902,129.478,127.795,129.127,1.225,+0.96%,393620
2012-03-01,129.113,129.569,128.745,129.385,0.258,+0.20%,384998
2012-03-02,129.4,130.083,129.125,129.382,-0.003,0.00%,378195
2012-03-05,129.55,129.628,128.2,129.356,-0.026,-0.02%,402317
2012-03-06,129.351,129.469,126.533,127.099,-2.257,-1.74%,437329
2012-03-07,127.097,127.828,126.614,127.61,0.511,+0.40%,393718
2012-03-08,127.63,129.227,127.555,129.071,1.461,+1.14%,406930
2012-03-09,129.07,129.736,128.637,129.266,0.195,+0.15%,421940
2012-03-12,129.25,129.297,128.163,128.586,-0.68,-0.53%,551839
2012-03-13,128.59,130.344,128.237,130.225,1.639,+1.27%,650167
2012-03-14,130.238,131.454,130.105,131.213,0.988,+0.76%,644753
2012-03-15,131.212,131.699,130.212,131.262,0.049,+0.04%,634727
2012-03-16,131.26,132.417,130.888,132.152,0.89,+0.68%,615650
2012-03-19,131.96,132.656,131.441,132.425,0.273,+0.21%,554259
2012-03-20,132.43,132.955,132.248,132.748,0.323,+0.24%,546537
2012-03-21,132.739,133.478,132.163,132.355,-0.393,-0.30%,663025
2012-03-22,132.38,132.468,130.072,130.538,-1.817,-1.37%,745301
2012-03-23,130.529,131.548,130.038,130.633,0.095,+0.07%,757838
2012-03-26,130.78,132.352,130.722,132.244,1.611,+1.23%,624625
2012-03-27,132.238,133.352,132.005,132.633,0.389,+0.29%,622882
2012-03-28,132.64,132.714,131.026,131.671,-0.962,-0.73%,487445
2012-03-29,131.669,131.811,130.157,131.548,-0.123,-0.09%,700513
2012-03-30,131.56,132.698,130.623,132.696,1.148,+0.87%,710944
2012-04-02,132.68,133.228,131.209,131.488,-1.208,-0.91%,639170
2012-04-03,131.487,131.961,130.762,131.74,0.252,+0.19%,398652
2012-04-04,131.742,131.822,130.24,130.989,-0.751,-0.57%,410511
2012-04-05,131,131.125,129.499,130.33,-0.659,-0.50%,383656
2012-04-09,130.39,130.39,128.81,129.467,-0.863,-0.66%,273410
2012-04-10,129.47,130.213,127.853,127.937,-1.53,-1.18%,637628
2012-04-11,127.94,129.163,127.86,128.579,0.642,+0.50%,584475
2012-04-12,128.574,129.333,128.543,129.055,0.476,+0.37%,558487
2012-04-13,129.056,129.556,128.102,128.223,-0.832,-0.64%,368368
2012-04-16,128.09,128.309,127.178,127.809,-0.414,-0.32%,383129
2012-04-17,127.82,128.96,127.544,128.702,0.893,+0.70%,358567
2012-04-18,128.698,130.434,128.698,130.149,1.447,+1.12%,395274
2012-04-19,130.146,131.085,130.083,130.949,0.8,+0.61%,387248
2012-04-20,130.947,131.772,130.836,131.511,0.562,+0.43%,346819
2012-04-23,131.49,131.706,130.191,130.925,-0.586,-0.45%,273198
2012-04-24,130.94,131.395,130.306,131.242,0.317,+0.24%,327641
2012-04-25,131.25,131.802,130.507,131.433,0.191,+0.15%,375447
2012-04-26,131.44,131.574,130.504,131.047,-0.386,-0.29%,344826
2012-04-27,131.05,131.699,130.208,130.594,-0.453,-0.35%,383254
2012-04-30,130.47,130.84,129.352,129.545,-1.049,-0.80%,294467
2012-05-01,129.57,130.135,129.055,129.878,0.333,+0.26%,285814
2012-05-02,129.88,130.748,129.475,129.786,-0.092,-0.07%,341841
2012-05-03,129.788,130.435,129.662,129.68,-0.106,-0.08%,290502
2012-05-04,129.68,129.893,128.665,128.665,-1.015,-0.78%,280389
2012-05-07,128.67,129.466,128.377,129.31,0.645,+0.50%,336756
2012-05-08,129.32,129.557,128.62,129.023,-0.287,-0.22%,350789
2012-05-09,129.021,129.078,127.826,128.405,-0.618,-0.48%,394081
2012-05-10,128.399,129.37,128.103,129.018,0.613,+0.48%,374891
2012-05-11,129.022,129.078,128.252,128.447,-0.571,-0.44%,349735
2012-05-14,128.53,128.848,128.03,128.446,-0.001,0.00%,359986
2012-05-15,128.449,128.743,128.078,128.203,-0.243,-0.19%,395838
2012-05-16,128.198,128.485,127.652,127.768,-0.435,-0.34%,422649
2012-05-17,127.768,127.959,125.12,125.188,-2.58,-2.02%,415664
2012-05-18,125.195,125.621,124.63,124.997,-0.191,-0.15%,415689
2012-05-21,125.15,125.798,124.927,125.535,0.538,+0.43%,382437
2012-05-22,125.542,126.426,125.409,125.994,0.459,+0.37%,407176
2012-05-23,125.996,126.155,124.305,124.685,-1.309,-1.04%,458938
2012-05-24,124.693,124.941,124.133,124.699,0.014,+0.01%,426744
2012-05-25,124.69,124.947,124.41,124.853,0.154,+0.12%,381359
2012-05-28,124.92,125.065,124.368,124.593,-0.26,-0.21%,317301
2012-05-29,124.61,124.956,123.888,124.304,-0.289,-0.23%,389333
2012-05-30,124.3,124.394,122.325,122.353,-1.951,-1.57%,435323
2012-05-31,122.34,122.471,120.321,120.602,-1.751,-1.43%,440843
2012-06-01,120.597,121.027,118.867,119.847,-0.755,-0.63%,467741
2012-06-04,120.01,120.655,119.747,120.491,0.644,+0.54%,389628
2012-06-05,120.48,121.269,119.741,121.104,0.613,+0.51%,409048
2012-06-06,121.097,122.945,120.861,122.68,1.576,+1.30%,459620
2012-06-07,122.701,124.288,122.302,123.617,0.937,+0.76%,452002
2012-06-08,123.614,123.809,121.905,122.948,-0.669,-0.54%,469035
2012-06-11,123.35,124.048,122.924,122.986,0.038,+0.03%,404423
2012-06-12,122.98,123.95,122.532,123.778,0.792,+0.64%,450143
2012-06-13,123.763,124.257,123.058,123.207,-0.571,-0.46%,424140
2012-06-14,123.21,123.503,122.745,123.445,0.238,+0.19%,390707
2012-06-15,123.434,123.804,122.111,123.707,0.262,+0.21%,414891
2012-06-18,123.57,124.622,123.346,123.908,0.201,+0.16%,394906
2012-06-19,123.91,124.452,123.232,124.117,0.209,+0.17%,378563
2012-06-20,124.11,125.288,123.575,124.977,0.86,+0.69%,397918
2012-06-21,124.97,125.808,124.592,125.137,0.16,+0.13%,412845
2012-06-22,125.128,125.731,124.753,125.303,0.166,+0.13%,367088
2012-06-25,125.23,125.629,123.572,124.038,-1.265,-1.01%,328619
2012-06-26,124.03,124.411,123.515,124.342,0.304,+0.25%,365320
2012-06-27,124.342,124.535,123.861,124.072,-0.27,-0.22%,324874
2012-06-28,124.07,124.15,122.915,123.264,-0.808,-0.65%,356142
2012-06-29,123.261,125.465,122.893,125.347,2.083,+1.69%,425287
2012-07-02,125.33,125.46,124.296,124.73,-0.617,-0.49%,398330
2012-07-03,124.73,125.434,124.574,125.154,0.424,+0.34%,340845
2012-07-04,125.15,125.263,124.244,124.474,-0.68,-0.54%,278836
2012-07-05,124.46,124.841,123.861,124.042,-0.432,-0.35%,355581
2012-07-06,124.05,124.254,123.043,123.373,-0.669,-0.54%,353508
2012-07-09,123.21,123.663,122.951,123.492,0.119,+0.10%,306036
2012-07-10,123.49,123.579,122.767,123.225,-0.267,-0.22%,332808
2012-07-11,123.24,123.967,122.924,123.615,0.39,+0.32%,336253
2012-07-12,123.61,123.923,122.023,122.329,-1.286,-1.04%,358981
2012-07-13,122.35,123.492,122.153,123.337,1.008,+0.82%,319326
2012-07-16,123.43,123.498,122.503,123.279,-0.058,-0.05%,291337
2012-07-17,123.27,123.838,122.987,123.726,0.447,+0.36%,338041
2012-07-18,123.72,123.895,123.082,123.315,-0.411,-0.33%,342937
2012-07-19,123.33,123.648,122.899,123.535,0.22,+0.18%,350480
2012-07-20,123.537,123.78,122.455,122.573,-0.962,-0.78%,344891
2012-07-23,122.39,122.557,121.113,121.518,-1.055,-0.86%,370855
2012-07-24,121.532,121.686,120.95,121.196,-0.322,-0.26%,355204
2012-07-25,121.198,121.68,120.922,121.105,-0.091,-0.08%,368804
2012-07-26,121.11,122.949,120.807,122.67,1.565,+1.29%,389569
2012-07-27,122.662,123.705,122.454,123.517,0.847,+0.69%,394297
2012-07-30,123.43,123.584,122.48,122.776,-0.741,-0.60%,307497
2012-07-31,122.79,123.02,122.219,122.439,-0.337,-0.27%,337678
2012-08-01,122.422,122.656,121.784,121.819,-0.62,-0.51%,335737
2012-08-02,121.814,122.555,121.139,121.336,-0.483,-0.40%,370599
2012-08-03,121.33,123.025,121.061,122.727,1.391,+1.15%,340490
2012-08-06,122.43,123.151,121.714,122.044,-0.683,-0.56%,298053
2012-08-07,122.045,123.24,121.758,122.748,0.704,+0.58%,299783
2012-08-08,122.75,122.951,121.89,122.773,0.025,+0.02%,312205
2012-08-09,122.765,123.167,122.393,122.829,0.056,+0.05%,313982
2012-08-10,122.822,122.922,121.771,122.737,-0.092,-0.07%,296624
2012-08-13,122.68,123.063,122.376,122.796,0.059,+0.05%,258359
2012-08-14,122.797,123.887,122.748,123.393,0.597,+0.49%,277429
2012-08-15,123.391,124.008,123.297,123.85,0.457,+0.37%,277436
2012-08-16,123.857,124.906,123.722,124.789,0.939,+0.76%,312893
2012-08-17,124.788,124.94,124.503,124.835,0.046,+0.04%,228106
2012-08-20,124.92,124.985,124.563,124.746,-0.089,-0.07%,262693
2012-08-21,124.754,125.472,124.601,125.111,0.365,+0.29%,343932
2012-08-22,125.11,125.498,124.113,124.76,-0.351,-0.28%,261902
2012-08-23,124.757,124.965,124.31,124.455,-0.305,-0.24%,250113
2012-08-24,124.457,124.789,124.11,124.477,0.022,+0.02%,234743
2012-08-27,124.38,124.618,124.197,124.334,-0.143,-0.11%,204877
2012-08-28,124.34,124.374,123.672,124.155,-0.179,-0.14%,264998
2012-08-29,124.151,124.737,124.043,124.577,0.422,+0.34%,243438
2012-08-30,124.59,124.784,123.895,124.077,-0.5,-0.40%,252095
2012-08-31,124.07,124.573,123.722,124.313,0.236,+0.19%,288817
2012-09-03,124.39,124.531,123.933,124.282,-0.031,-0.02%,211907
2012-09-04,124.272,124.772,124.272,124.409,0.127,+0.10%,271124
2012-09-05,124.411,124.894,124.013,124.623,0.214,+0.17%,296058
2012-09-06,124.63,125.827,124.611,125.611,0.988,+0.79%,282868
2012-09-07,125.62,126.172,125.023,125.268,-0.343,-0.27%,330875
2012-09-10,125.23,125.363,124.883,125.135,-0.133,-0.11%,269210
2012-09-11,125.13,125.36,124.682,124.937,-0.198,-0.16%,313277
2012-09-12,124.93,125.597,124.888,125.358,0.421,+0.34%,353614
2012-09-13,125.36,125.398,124.406,125.138,-0.22,-0.18%,331726
2012-09-14,125.134,127.2,125.065,127.075,1.937,+1.55%,389903
2012-09-17,127.21,128.219,126.813,127.862,0.787,+0.62%,312886
2012-09-18,127.88,128.075,127.421,127.991,0.129,+0.10%,332277
2012-09-19,127.992,128.805,126.943,127.099,-0.892,-0.70%,394664
2012-09-20,127.12,127.267,126.223,126.837,-0.262,-0.21%,367031
2012-09-21,126.834,127.589,126.747,126.867,0.03,+0.02%,342254
2012-09-24,126.79,126.996,125.956,126.251,-0.616,-0.49%,281610
2012-09-25,126.23,126.673,125.8,125.896,-0.355,-0.28%,323257
2012-09-26,125.898,126.082,125.338,125.64,-0.256,-0.20%,366686
2012-09-27,125.64,126.086,125.569,125.961,0.321,+0.26%,373661
2012-09-28,125.96,126.193,125.431,125.907,-0.054,-0.04%,417441
2012-10-01,125.9,126.279,125.473,125.75,-0.157,-0.12%,539172
2012-10-02,125.77,126.434,125.762,126.049,0.299,+0.24%,680458
2012-10-03,126.038,126.427,125.695,126.146,0.097,+0.08%,923449
2012-10-04,126.16,127.085,126.007,127.032,0.886,+0.70%,1012714
2012-10-05,127.04,127.799,126.456,126.903,-0.129,-0.10%,963650
2012-10-08,127.67,127.67,125.074,125.49,-1.413,-1.11%,741859
2012-10-09,125.513,125.822,124.738,125.129,-0.361,-0.29%,895830
2012-10-10,125.201,125.597,124.871,125.102,-0.027,-0.02%,887870
2012-10-11,125.1,126.111,124.673,125.649,0.547,+0.44%,932762
2012-10-12,125.68,126.159,125.19,126.073,0.424,+0.34%,810553
2012-10-15,126.12,126.667,125.489,126.344,0.271,+0.21%,747529
2012-10-16,126.346,127.308,126.184,127.056,0.712,+0.56%,879598
2012-10-17,127.084,127.658,126.687,127.433,0.377,+0.30%,996441
2012-10-18,127.436,128.162,126.966,127.097,-0.336,-0.26%,1067027
2012-10-19,127.15,127.505,126.416,126.903,-0.194,-0.15%,854570
2012-10-22,126.9,128.167,126.584,127.989,1.086,+0.86%,887321
2012-10-23,128,128.165,126.943,127.354,-0.635,-0.50%,704026
2012-10-24,127.35,128.073,127.11,127.957,0.603,+0.47%,407197
2012-10-25,127.947,129.595,127.922,129.402,1.445,+1.13%,434497
2012-10-26,129.415,129.558,127.985,128.217,-1.185,-0.92%,417623
2012-10-29,128.24,128.298,127.536,127.91,-0.307,-0.24%,272492
2012-10-30,127.909,128.446,127.026,127.947,0.037,+0.03%,340585
2012-10-31,127.949,128.895,127.849,128.63,0.683,+0.53%,379567
2012-11-01,128.62,129.425,128.62,129.226,0.596,+0.46%,331430
2012-11-02,129.22,129.587,128.672,128.799,-0.427,-0.33%,375774
2012-11-05,128.77,129.063,127.979,128.265,-0.534,-0.41%,326452
2012-11-06,128.275,128.716,127.83,128.509,0.244,+0.19%,344436
2012-11-07,128.497,128.833,127.408,127.835,-0.674,-0.52%,465641
2012-11-08,127.831,127.889,126.708,126.989,-0.846,-0.66%,404694
2012-11-09,127,127.457,125.933,126.297,-0.692,-0.54%,423253
2012-11-12,126.37,126.528,125.958,126.176,-0.121,-0.10%,286021
2012-11-13,126.173,126.622,125.659,125.958,-0.218,-0.17%,380055
2012-11-14,125.97,127.495,125.957,127.083,1.125,+0.89%,403807
2012-11-15,127.083,128.967,126.919,128.75,1.667,+1.31%,426414
2012-11-16,128.744,129.263,128.234,129.227,0.477,+0.37%,398296
2012-11-19,129.31,129.707,128.905,129.479,0.252,+0.20%,348825
2012-11-20,129.449,130.172,128.997,130.047,0.568,+0.44%,376346
2012-11-21,130.046,131.678,129.995,131.615,1.568,+1.21%,417802
2012-11-22,131.61,132.314,131.065,131.383,-0.232,-0.18%,360474
2012-11-23,131.353,132.205,130.776,132.097,0.714,+0.54%,349141
2012-11-26,132.02,132.435,131.129,131.507,-0.59,-0.45%,374626
2012-11-27,131.513,132.077,131.158,131.594,0.087,+0.07%,396274
2012-11-28,131.582,131.673,130.445,131.413,-0.181,-0.14%,418009
2012-11-29,131.42,131.845,131.237,131.689,0.276,+0.21%,390462
2012-11-30,131.673,132.785,131.557,132.047,0.358,+0.27%,420138
2012-12-03,131.91,132.525,131.579,132.324,0.277,+0.21%,364352
2012-12-04,132.32,132.366,131.545,131.836,-0.488,-0.37%,372060
2012-12-05,131.83,132.734,131.669,132.713,0.877,+0.67%,413578
2012-12-06,132.71,132.895,132.051,132.213,-0.5,-0.38%,377816
2012-12-07,132.209,132.589,131.67,132.307,0.094,+0.07%,363167
2012-12-10,132.22,132.46,131.657,132.378,0.071,+0.05%,308261
2012-12-11,132.389,133.072,132.324,132.937,0.559,+0.42%,319968
2012-12-12,132.938,134.608,132.842,134.426,1.489,+1.12%,387870
2012-12-13,134.43,135.061,134.128,134.742,0.316,+0.24%,402698
2012-12-14,134.75,135.385,134.293,135.077,0.335,+0.25%,387860
2012-12-17,136.27,136.339,135.423,135.9,0.823,+0.61%,352808
2012-12-18,135.91,136.892,135.801,136.821,0.921,+0.68%,329049
2012-12-19,136.83,137.832,136.739,137.093,0.272,+0.20%,359895
2012-12-20,137.097,137.527,136.197,137.324,0.231,+0.17%,365352
2012-12-21,137.271,137.387,135.863,136.231,-1.093,-0.80%,360213
2012-12-24,136.33,136.928,136.206,136.897,0.666,+0.49%,241721
2012-12-25,136.674,136.915,136.567,136.819,-0.078,-0.06%,37940
2012-12-26,136.674,138.199,136.638,138.139,1.32,+0.96%,235088
2012-12-27,138.118,139.153,137.887,138.584,0.445,+0.32%,346891
2012-12-28,138.61,139.498,138.167,138.854,0.27,+0.19%,325110
2012-12-31,138.7,140.989,138.517,140.825,1.971,+1.42%,263058
2013-01-01,140.756,141.183,140.632,140.804,-0.021,-0.01%,22434
2013-01-02,140.779,142.712,140.528,141.938,1.134,+0.81%,330153
2013-01-03,141.94,141.954,140.151,140.486,-1.452,-1.02%,345115
2013-01-04,140.48,141.787,140.396,141.658,1.172,+0.83%,432587
2013-01-07,141.64,142.051,140.485,141.446,-0.212,-0.15%,387232
2013-01-08,141.438,141.501,139.46,139.738,-1.708,-1.21%,404871
2013-01-09,139.73,141.012,139.376,140.772,1.034,+0.74%,422068
2013-01-10,140.77,143.514,140.764,143.501,2.729,+1.94%,452595
2013-01-11,143.503,144.395,142.987,143.857,0.356,+0.25%,462944
2013-01-14,143.97,144.782,142.825,143.816,-0.041,-0.03%,429754
2013-01-15,143.791,144.166,141.647,142.608,-1.208,-0.84%,540628
2013-01-16,142.603,142.759,140.499,141.433,-1.175,-0.82%,528327
2013-01-17,141.45,144.227,140.84,143.696,2.263,+1.60%,543463
2013-01-18,143.705,144.072,142.509,142.928,-0.768,-0.53%,493285
2013-01-21,142.81,143.037,141.744,141.804,-1.124,-0.79%,378665
2013-01-22,141.8,142.744,139.792,140.467,-1.337,-0.94%,513099
2013-01-23,140.451,140.831,139.245,140.377,-0.09,-0.06%,453746
2013-01-24,140.39,142.897,139.856,142.605,2.228,+1.59%,478634
2013-01-25,142.615,144.23,142.466,143.588,0.983,+0.69%,440434
2013-01-28,143.67,143.955,142.165,142.559,-1.029,-0.72%,409795
2013-01-29,142.548,143.126,141.869,142.971,0.412,+0.29%,452971
2013-01-30,142.967,144.17,142.871,143.886,0.915,+0.64%,453612
2013-01-31,143.893,145.474,143.428,145.395,1.509,+1.05%,449404
2013-02-01,145.379,146.464,144.896,145.618,0.223,+0.15%,518780
2013-02-04,145.5,146.602,145.179,145.565,-0.053,-0.04%,432929
2013-02-05,145.562,147.236,144.827,146.588,1.023,+0.70%,508185
2013-02-06,146.59,147.215,145.942,146.599,0.011,+0.01%,470341
2013-02-07,146.6,147.933,145.978,147.101,0.502,+0.34%,492843
2013-02-08,147.11,147.268,145.05,146.488,-0.613,-0.42%,486800
2013-02-11,146.44,147.897,145.828,147.648,1.16,+0.79%,430609
2013-02-12,147.65,147.746,145.294,146.381,-1.267,-0.86%,452522
2013-02-13,146.38,146.567,144.954,145.107,-1.274,-0.87%,425078
2013-02-14,145.123,145.357,143.564,143.862,-1.245,-0.86%,432344
2013-02-15,143.859,145.623,142.746,145.098,1.236,+0.86%,468745
2013-02-18,145.2,145.864,145,145.276,0.178,+0.12%,380613
2013-02-19,145.266,145.353,143.863,144.299,-0.977,-0.67%,414371
2013-02-20,144.315,144.718,142.48,142.494,-1.805,-1.25%,326578
2013-02-21,142.5,142.943,141.326,141.983,-0.511,-0.36%,439216
2013-02-22,142.012,143.007,141.523,141.618,-0.365,-0.26%,411156
2013-02-25,142.93,142.93,137.893,139.182,-2.436,-1.72%,559848
2013-02-26,139.208,140.567,137.853,139.067,-0.115,-0.08%,621592
2013-02-27,139.055,139.934,138.146,139.784,0.717,+0.52%,522452
2013-02-28,139.8,140.869,139.455,140.313,0.529,+0.38%,462926
2013-03-01,140.3,140.897,139.103,140.722,0.409,+0.29%,465910
2013-03-04,140.83,141.271,140.192,141.26,0.538,+0.38%,385425
2013-03-05,141.25,141.43,140.552,141.089,-0.171,-0.12%,436016
2013-03-06,141.1,141.477,140.672,141.24,0.151,+0.11%,411923
2013-03-07,141.251,142.973,140.577,142.337,1.097,+0.78%,461918
2013-03-08,142.312,144.692,142.276,143.218,0.881,+0.62%,472489
2013-03-11,143.08,143.772,142.799,143.564,0.346,+0.24%,376451
2013-03-12,143.558,144.122,142.008,143.154,-0.41,-0.29%,465910
2013-03-13,143.16,143.798,142.635,143.407,0.253,+0.18%,434504
2013-03-14,143.4,145,143.018,144.924,1.517,+1.06%,447273
2013-03-15,144.94,145.856,143.787,143.977,-0.947,-0.65%,470362
2013-03-18,144.57,144.57,142.269,143.795,-0.182,-0.13%,489443
2013-03-19,143.792,144.619,143.156,143.654,-0.141,-0.10%,487158
2013-03-20,143.64,145.24,143.213,144.929,1.275,+0.89%,481910
2013-03-21,144.9,145.206,143.456,143.958,-0.971,-0.67%,502412
2013-03-22,143.97,144.524,143.019,143.753,-0.205,-0.14%,485388
2013-03-25,143.84,144.763,141.894,142.85,-0.903,-0.63%,509457
2013-03-26,142.844,143.528,142.461,143.14,0.29,+0.20%,470471
2013-03-27,143.126,143.792,142.053,142.868,-0.272,-0.19%,467782
2013-03-28,142.87,143.084,142.187,142.996,0.128,+0.09%,422256
2013-03-29,142.996,143.321,142.636,143.104,0.108,+0.08%,218208
2013-04-01,143.12,143.382,141.802,141.971,-1.133,-0.79%,323926
2013-04-02,141.94,142.1,140.933,141.089,-0.882,-0.62%,429199
2013-04-03,141.088,141.507,140.439,140.729,-0.36,-0.26%,394692
2013-04-04,140.73,146.793,140.357,146.723,5.994,+4.26%,553407
2013-04-05,146.72,150.012,145.969,149.498,2.775,+1.89%,512600
2013-04-08,149.92,151.766,149.92,151.527,2.029,+1.36%,539539
2013-04-09,151.924,152.364,150.56,151.698,0.171,+0.11%,504912
2013-04-10,151.701,153.031,151.399,152.926,1.228,+0.81%,480853
2013-04-11,152.93,153.842,152.276,153.321,0.395,+0.26%,482155
2013-04-12,153.34,153.52,150.568,150.901,-2.42,-1.58%,487323
2013-04-15,150.72,151.717,147.192,147.869,-3.032,-2.01%,577975
2013-04-16,147.829,150.281,146.505,149.793,1.924,+1.30%,587453
2013-04-17,149.804,151.147,148.101,149.494,-0.299,-0.20%,557889
2013-04-18,149.496,150.47,148.729,149.957,0.463,+0.31%,505878
2013-04-19,149.959,152.505,149.858,151.528,1.571,+1.05%,503472
2013-04-22,152.02,152.208,150.896,151.725,0.197,+0.13%,491463
2013-04-23,151.725,152.008,149.964,151.531,-0.194,-0.13%,550857
2013-04-24,151.544,152.276,151.088,151.907,0.376,+0.25%,474598
2013-04-25,151.9,153.746,151.421,153.155,1.248,+0.82%,501831
2013-04-26,153.152,153.402,151.119,151.559,-1.596,-1.04%,548055
2013-04-29,151.72,152.199,151.027,151.488,-0.071,-0.05%,425822
2013-04-30,151.496,151.97,150.74,151.298,-0.19,-0.13%,460802
2013-05-01,151.284,152.21,150.846,151.452,0.154,+0.10%,418912
2013-05-02,151.461,153.218,150.931,152.095,0.643,+0.42%,476550
2013-05-03,152.095,154.655,152.024,154.188,2.093,+1.38%,428006
2013-05-06,154.34,154.775,154.123,154.33,0.142,+0.09%,276102
2013-05-07,154.335,154.477,152.994,153.253,-1.077,-0.70%,442815
2013-05-08,153.251,154.106,152.734,153.763,0.51,+0.33%,456887
2013-05-09,153.771,155.792,153.259,155.368,1.605,+1.04%,511329
2013-05-10,155.37,156.664,155.31,156.077,0.709,+0.46%,568118
2013-05-13,156.38,156.739,155.558,155.754,-0.323,-0.21%,460616
2013-05-14,155.74,156.039,154.963,155.702,-0.052,-0.03%,581371
2013-05-15,155.668,156.447,155.394,155.737,0.035,+0.02%,565565
2013-05-16,155.722,156.503,155.347,156.111,0.374,+0.24%,541693
2013-05-17,156.103,156.677,155.674,156.588,0.477,+0.31%,506538
2013-05-20,156.39,156.391,155.098,155.982,-0.606,-0.39%,510135
2013-05-21,156,156.53,155.132,155.266,-0.716,-0.46%,604002
2013-05-22,155.25,156.083,154.542,155.197,-0.069,-0.04%,692341
2013-05-23,155.224,155.573,151.787,154.088,-1.109,-0.71%,821287
2013-05-24,154.089,154.741,152.281,153.148,-0.94,-0.61%,744028
2013-05-27,153.25,153.25,152.344,152.386,-0.762,-0.50%,390202
2013-05-28,152.43,154.613,152.411,153.908,1.522,+1.00%,655708
2013-05-29,153.898,154.027,152.236,153.011,-0.897,-0.58%,712706
2013-05-30,153.008,153.988,152.252,153.383,0.372,+0.24%,749488
2013-05-31,153.37,154.215,152.373,152.71,-0.673,-0.44%,732851
2013-06-03,152.95,153.229,151.921,152.413,-0.297,-0.19%,770198
2013-06-04,152.461,153.797,152.267,153.148,0.735,+0.48%,729703
2013-06-05,153.116,153.722,152.387,152.573,-0.575,-0.38%,826921
2013-06-06,152.538,153.566,150.34,151.243,-1.33,-0.87%,926495
2013-06-07,151.236,152.018,148.198,151.728,0.485,+0.32%,1092646
2013-06-10,151.603,154.19,151.602,153.765,2.037,+1.34%,776408
2013-06-11,153.74,154.196,149.352,150.185,-3.58,-2.33%,982037
2013-06-12,150.164,152.011,149.277,150.511,0.326,+0.22%,821552
2013-06-13,150.512,150.581,147.093,149.878,-0.633,-0.42%,942451
2013-06-14,149.894,150.537,147.401,147.718,-2.16,-1.44%,847370
2013-06-17,148.099,149.438,147.837,148.52,0.802,+0.54%,657567
2013-06-18,148.535,149.465,148.409,149.076,0.556,+0.37%,677987
2013-06-19,149.059,150.284,148.256,149.291,0.215,+0.14%,706864
2013-06-20,149.269,151.909,148.864,150.828,1.537,+1.03%,936358
2013-06-21,150.852,151.913,149.75,150.963,0.135,+0.09%,907131
2013-06-24,150.52,151.727,149.706,150.811,-0.152,-0.10%,900815
2013-06-25,150.787,151.448,149.659,150.803,-0.008,-0.01%,660525
2013-06-26,150.82,151.37,149.233,149.644,-1.159,-0.77%,651541
2013-06-27,149.64,150.59,149.418,150.038,0.394,+0.26%,574450
2013-06-28,150.059,151.143,149.993,150.79,0.752,+0.50%,611396
2013-07-01,150.912,152.057,150.766,151.608,0.818,+0.54%,514935
2013-07-02,151.579,152.716,151.238,152.468,0.86,+0.57%,529235
2013-07-03,152.474,153.006,151.228,152.606,0.138,+0.09%,617209
2013-07-04,152.587,152.847,150.281,150.715,-1.891,-1.24%,511803
2013-07-05,150.744,151.1,149.471,150.599,-0.116,-0.08%,570710
2013-07-08,150.74,151.119,150.188,150.918,0.319,+0.21%,508965
2013-07-09,150.889,151.592,149.763,150.348,-0.57,-0.38%,551391
2013-07-10,150.331,150.426,148.76,149.572,-0.776,-0.52%,596027
2013-07-11,149.63,150.612,148.919,150.225,0.653,+0.44%,786242
2013-07-12,150.24,150.656,149.402,149.918,-0.307,-0.20%,544167
2013-07-15,149.981,151.247,149.682,150.758,0.84,+0.56%,384505
2013-07-16,150.77,151.101,149.779,150.207,-0.551,-0.37%,548487
2013-07-17,150.215,152.017,149.873,151.463,1.256,+0.84%,574666
2013-07-18,151.479,153.088,151.348,152.875,1.412,+0.93%,565357
2013-07-19,152.879,153.64,152.159,153.589,0.714,+0.47%,592252
2013-07-22,153.049,153.585,152.362,153.046,-0.543,-0.35%,521717
2013-07-23,153.064,153.654,152.324,152.768,-0.278,-0.18%,545564
2013-07-24,152.724,154.033,152.724,153.516,0.748,+0.49%,562868
2013-07-25,153.527,153.813,152.248,152.773,-0.743,-0.48%,623407
2013-07-26,152.766,152.887,150.718,151.149,-1.624,-1.06%,608387
2013-07-29,150.804,151.231,149.989,150.227,-0.922,-0.61%,544424
2013-07-30,150.227,150.906,149.171,149.338,-0.889,-0.59%,535415
2013-07-31,149.334,149.498,148.278,148.806,-0.532,-0.36%,625299
2013-08-01,148.817,150.673,148.235,150.468,1.662,+1.12%,590585
2013-08-02,150.49,151.49,150.19,151.33,0.862,+0.57%,577832
2013-08-05,151.25,151.486,150.311,150.9,-0.43,-0.28%,512909
2013-08-06,150.909,151.423,149.876,149.984,-0.916,-0.61%,540969
2013-08-07,150.001,150.681,147.592,149.18,-0.804,-0.54%,675370
2013-08-08,149.164,150.299,148.915,150.236,1.056,+0.71%,620670
2013-08-09,150.237,150.622,149.053,149.15,-1.086,-0.72%,500346
2013-08-12,148.994,149.904,148.854,149.8,0.65,+0.44%,470232
2013-08-13,149.8,152.076,149.734,151.686,1.886,+1.26%,573321
2013-08-14,151.682,152.568,151.182,152.081,0.395,+0.26%,519868
2013-08-15,152.07,153.222,151.483,152.246,0.165,+0.11%,658629
2013-08-16,152.241,152.743,151.765,152.395,0.149,+0.10%,504728
2013-08-19,152.29,153.566,152.195,152.633,0.238,+0.16%,481025
2013-08-20,152.633,153.098,151.726,152.358,-0.275,-0.18%,539639
2013-08-21,152.337,153.623,152.113,152.919,0.561,+0.37%,560840
2013-08-22,152.931,154.001,152.644,153.841,0.922,+0.60%,570414
2013-08-23,153.829,154.651,153.404,153.659,-0.182,-0.12%,537273
2013-08-26,153.31,153.96,153.223,153.394,-0.265,-0.17%,369827
2013-08-27,153.41,153.469,150.683,150.807,-2.587,-1.69%,552789
2013-08-28,150.819,151.888,150.467,151.568,0.761,+0.50%,546250
2013-08-29,151.567,152.645,151.486,152.45,0.882,+0.58%,523522
2013-08-30,152.441,152.645,151.674,152.122,-0.328,-0.22%,499130
2013-09-02,152.911,154.913,152.386,154.365,2.243,+1.47%,439503
2013-09-03,154.38,155.411,154.335,154.868,0.503,+0.33%,557838
2013-09-04,154.846,155.987,154.736,155.831,0.963,+0.62%,498847
2013-09-05,155.844,156.416,155.486,156.034,0.203,+0.13%,555533
2013-09-06,156.043,156.196,154.13,154.919,-1.115,-0.71%,517561
2013-09-09,155.714,156.626,155.493,156.249,1.33,+0.86%,450256
2013-09-10,156.27,158.034,156.159,157.9,1.651,+1.06%,488530
2013-09-11,157.881,158.526,157.504,157.962,0.062,+0.04%,508190
2013-09-12,157.986,158.203,156.687,157.295,-0.667,-0.42%,512163
2013-09-13,157.309,157.955,157.112,157.718,0.423,+0.27%,464439
2013-09-16,157.55,157.922,156.808,157.432,-0.286,-0.18%,413448
2013-09-17,157.429,158.148,157.393,157.608,0.176,+0.11%,410135
2013-09-18,157.62,158.224,157.323,158.07,0.462,+0.29%,466903
2013-09-19,158.051,159.956,158.026,159.42,1.35,+0.85%,558602
2013-09-20,159.419,159.682,158.909,158.952,-0.468,-0.29%,437412
2013-09-23,158.75,159.033,158.19,158.525,-0.427,-0.27%,408058
2013-09-24,158.324,158.945,157.336,158.002,-0.523,-0.33%,460520
2013-09-25,158,158.81,157.366,158.259,0.257,+0.16%,458580
2013-09-26,158.26,159.255,157.996,158.743,0.484,+0.31%,499712
2013-09-27,158.723,159.051,158.241,158.51,-0.233,-0.15%,491209
2013-09-30,157.784,159.41,157.385,158.947,0.437,+0.28%,532219
2013-10-01,158.954,159.928,158.431,158.686,-0.261,-0.16%,564693
2013-10-02,158.68,158.797,157.488,157.916,-0.77,-0.49%,555106
2013-10-03,157.925,158.83,156.695,157.111,-0.805,-0.51%,548833
2013-10-04,157.089,157.355,155.713,156.049,-1.062,-0.68%,506998
2013-10-07,155.66,156.163,155.409,155.632,-0.417,-0.27%,444873
2013-10-08,155.63,156.645,155.379,155.773,0.141,+0.09%,496600
2013-10-09,155.779,156.544,154.712,155.28,-0.493,-0.32%,525350
2013-10-10,155.27,156.988,155.262,156.701,1.421,+0.92%,491670
2013-10-11,156.68,157.509,156.422,157.219,0.518,+0.33%,450264
2013-10-14,156.79,157.611,156.668,157.502,0.283,+0.18%,317602
2013-10-15,157.324,157.699,156.769,156.986,-0.516,-0.33%,510841
2013-10-16,156.925,158.018,156.92,157.495,0.509,+0.32%,554518
2013-10-17,157.288,158.287,157.059,158.247,0.752,+0.48%,582438
2013-10-18,158.245,158.662,157.938,158.027,-0.22,-0.14%,426091
2013-10-21,157.994,158.744,157.994,158.514,0.487,+0.31%,315129
2013-10-22,158.387,159.511,158.27,159.299,0.785,+0.50%,437532
2013-10-23,159.313,159.35,156.854,157.365,-1.934,-1.21%,527776
2013-10-24,157.36,158.194,157.032,157.584,0.219,+0.14%,511434
2013-10-25,157.585,157.939,157.123,157.439,-0.145,-0.09%,508668
2013-10-28,158,158.289,157.558,157.617,0.178,+0.11%,403263
2013-10-29,157.58,157.674,156.746,157.522,-0.095,-0.06%,507442
2013-10-30,157.52,158.162,157.323,157.973,0.451,+0.29%,490043
2013-10-31,157.96,158.02,157.263,157.719,-0.254,-0.16%,547999
2013-11-01,157.72,157.793,156.803,157.182,-0.537,-0.34%,512863
2013-11-04,157.249,157.668,157.087,157.432,0.25,+0.16%,367454
2013-11-05,157.42,158.242,156.623,158.006,0.574,+0.36%,484519
2013-11-06,157.925,158.973,157.903,158.624,0.618,+0.39%,457980
2013-11-07,158.606,159.26,157.291,157.869,-0.755,-0.48%,615920
2013-11-08,157.87,158.837,157.533,158.659,0.79,+0.50%,556566
2013-11-11,158.724,158.811,158.328,158.51,-0.149,-0.09%,384863
2013-11-12,158.513,159.221,158.015,158.443,-0.067,-0.04%,527135
2013-11-13,158.438,159.403,157.961,159.311,0.868,+0.55%,516185
2013-11-14,159.286,160.903,159.076,160.651,1.34,+0.84%,609731
2013-11-15,160.652,161.636,160.64,161.45,0.799,+0.50%,496796
2013-11-18,161.648,161.737,160.71,161.058,-0.392,-0.24%,425907
2013-11-19,161.07,161.602,160.398,161.383,0.325,+0.20%,546221
2013-11-20,161.374,161.702,160.835,161.058,-0.325,-0.20%,618424
2013-11-21,161.07,163.861,160.999,163.81,2.752,+1.71%,611117
2013-11-22,163.844,164.368,163.49,164.362,0.552,+0.34%,525401
2013-11-25,164.34,165.267,163.804,164.219,-0.143,-0.09%,501494
2013-11-26,164.208,164.368,163.658,164.214,-0.005,0.00%,495578
2013-11-27,164.22,166.44,164,166.349,2.135,+1.30%,537205
2013-11-28,166.36,167.299,165.953,167.157,0.808,+0.49%,397378
2013-11-29,167.198,167.877,166.826,167.602,0.445,+0.27%,517186
2013-12-02,167.779,168.781,167.648,168.333,0.731,+0.44%,527673
2013-12-03,168.325,169.125,167.323,167.985,-0.348,-0.21%,580205
2013-12-04,168,168.369,166.861,167.637,-0.348,-0.21%,692472
2013-12-05,167.652,167.755,165.863,166.235,-1.402,-0.84%,672151
2013-12-06,166.252,168.243,166.002,168.209,1.974,+1.19%,595893
2013-12-09,168.23,169.712,168.1,169.62,1.411,+0.84%,515799
2013-12-10,169.62,170.044,168.669,169.088,-0.532,-0.31%,533694
2013-12-11,169.091,169.336,167.525,167.68,-1.408,-0.83%,552856
2013-12-12,167.69,169.063,167.614,168.98,1.3,+0.78%,564695
2013-12-13,168.992,169.803,167.703,168.162,-0.818,-0.48%,561096
2013-12-16,168.179,168.42,167.326,167.856,-0.306,-0.18%,504347
2013-12-17,167.844,168.156,166.568,166.933,-0.923,-0.55%,455407
2013-12-18,166.925,171.172,166.851,170.885,3.952,+2.37%,623795
2013-12-19,170.915,171.063,169.899,170.595,-0.29,-0.17%,543043
2013-12-20,170.63,171.041,169.763,169.942,-0.653,-0.38%,487019
2013-12-23,169.804,170.34,169.758,170.207,0.265,+0.16%,318435
2013-12-24,170.228,170.806,170.112,170.548,0.341,+0.20%,285361
2013-12-26,170.562,172.177,170.562,171.924,1.376,+0.81%,248925
2013-12-27,171.949,173.926,171.877,173.302,1.378,+0.80%,440591
2013-12-30,173.249,173.84,173.086,173.464,0.162,+0.09%,379532
2013-12-31,173.483,174.523,172.809,174.233,0.769,+0.44%,313161
2014-01-02,174.249,174.826,171.813,172.359,-1.874,-1.08%,531449
2014-01-03,172.365,172.486,171.03,172.124,-0.235,-0.14%,512093
2014-01-06,171.82,172.216,170.383,170.945,-1.179,-0.68%,527744
2014-01-07,170.95,171.687,170.816,171.517,0.572,+0.33%,426859
2014-01-08,171.528,172.825,171.486,172.43,0.913,+0.53%,474061
2014-01-09,172.439,173.115,172.174,172.733,0.303,+0.18%,427281
2014-01-10,172.712,173.015,171.237,171.652,-1.081,-0.63%,446365
2014-01-13,171.38,171.631,168.334,168.702,-2.95,-1.72%,443652
2014-01-14,168.71,171.428,168.707,171.281,2.579,+1.53%,450344
2014-01-15,171.299,171.574,170.43,171.125,-0.156,-0.09%,429054
2014-01-16,171.14,171.775,170.186,170.617,-0.508,-0.30%,437153
2014-01-17,170.621,171.855,170.159,171.299,0.682,+0.40%,399588
2014-01-20,170.94,171.469,170.288,171.112,-0.187,-0.11%,315660
2014-01-21,170.973,172.355,170.963,171.824,0.712,+0.42%,426327
2014-01-22,171.834,173.286,171.31,173.192,1.368,+0.80%,456964
2014-01-23,173.213,173.636,171.2,171.774,-1.418,-0.82%,574395
2014-01-24,171.716,172.297,168.461,168.59,-3.184,-1.85%,650993
2014-01-27,168.79,170.524,167.747,170.046,1.456,+0.86%,586538
2014-01-28,170.05,171.295,169.892,170.637,0.591,+0.35%,483896
2014-01-29,170.65,171.452,168.69,169.375,-1.262,-0.74%,607060
2014-01-30,169.371,169.763,168.165,169.302,-0.073,-0.04%,537122
2014-01-31,169.31,169.733,167.568,167.75,-1.552,-0.92%,550126
2014-02-03,167.534,168.205,164.285,164.609,-3.141,-1.87%,563744
2014-02-04,164.585,166.006,163.87,165.907,1.298,+0.79%,573337
2014-02-05,165.891,166.139,163.951,165.416,-0.491,-0.30%,541742
2014-02-06,165.431,166.812,165.038,166.617,1.201,+0.73%,489136
2014-02-07,166.594,168.03,166.158,167.969,1.352,+0.81%,452604
2014-02-10,168.024,168.424,167.18,167.702,-0.267,-0.16%,329712
2014-02-11,167.71,169.078,167.488,168.79,1.088,+0.65%,410087
2014-02-12,168.815,170.214,168.297,170.127,1.337,+0.79%,453678
2014-02-13,170.109,170.409,169.22,170.166,0.039,+0.02%,480893
2014-02-14,170.16,170.587,169.106,170.459,0.293,+0.17%,431260
2014-02-17,170.418,171.051,169.898,170.308,-0.151,-0.09%,332042
2014-02-18,170.32,171.866,170.209,170.726,0.418,+0.25%,474263
2014-02-19,170.699,171.15,169.604,170.607,-0.119,-0.07%,440801
2014-02-20,170.62,170.76,169.218,170.248,-0.359,-0.21%,497508
2014-02-21,170.27,171.722,170.1,170.263,0.015,+0.01%,434601
2014-02-24,170.244,170.842,169.838,170.693,0.43,+0.25%,415781
2014-02-25,170.71,171.075,170.059,170.502,-0.191,-0.11%,453157
2014-02-26,170.48,170.933,169.944,170.6,0.098,+0.06%,481381
2014-02-27,170.619,170.808,169.043,170.399,-0.201,-0.12%,509062
2014-02-28,170.404,171.193,169.363,170.35,-0.049,-0.03%,538419
2014-03-03,169.58,170.069,168.808,169.043,-1.307,-0.77%,503574
2014-03-04,169.055,170.503,168.948,170.286,1.243,+0.74%,453529
2014-03-05,170.291,171.38,170.132,171.015,0.729,+0.43%,424698
2014-03-06,170.994,172.81,170.966,172.501,1.486,+0.87%,463444
2014-03-07,172.515,173.549,172.029,172.563,0.062,+0.04%,434067
2014-03-10,172.24,172.852,171.524,171.861,-0.702,-0.41%,397289
2014-03-11,171.873,172.104,170.923,171.151,-0.71,-0.41%,410233
2014-03-12,171.16,171.434,170.154,170.733,-0.418,-0.24%,434690
2014-03-13,170.746,171.611,168.69,169.275,-1.458,-0.85%,512048
2014-03-14,169.29,169.345,167.93,168.676,-0.599,-0.35%,517313
2014-03-17,168.45,169.592,168.449,169.28,0.604,+0.36%,375963
2014-03-18,169.292,169.582,167.749,168.281,-0.999,-0.59%,426407
2014-03-19,168.277,169.645,168.058,169.217,0.936,+0.56%,425524
2014-03-20,169.213,169.706,168.691,168.956,-0.261,-0.15%,436122
2014-03-21,168.953,169.096,168.084,168.585,-0.371,-0.22%,339430
2014-03-24,168.34,169.427,168.137,168.657,0.072,+0.04%,398393
2014-03-25,168.656,169.267,168.364,169.008,0.351,+0.21%,413082
2014-03-26,168.992,169.668,168.887,169.175,0.167,+0.10%,399932
2014-03-27,169.17,170.312,168.628,169.705,0.53,+0.31%,454317
2014-03-28,169.7,171.303,169.535,171.062,1.357,+0.80%,377421
2014-03-31,171.407,172.105,170.969,171.984,0.922,+0.54%,402215
2014-04-01,171.984,172.504,171.73,172.337,0.353,+0.21%,362999
2014-04-02,172.316,172.987,172.282,172.686,0.349,+0.20%,360245
2014-04-03,172.697,173.132,172.144,172.471,-0.215,-0.12%,378397
2014-04-04,172.443,172.487,170.994,171.18,-1.291,-0.75%,361100
2014-04-07,170.948,171.585,170.657,171.19,0.01,+0.01%,329447
2014-04-08,171.173,171.541,169.995,170.483,-0.707,-0.41%,426607
2014-04-09,170.467,171.298,170.445,171.254,0.771,+0.45%,371848
2014-04-10,171.25,171.616,170.075,170.384,-0.87,-0.51%,416809
2014-04-11,170.38,170.898,169.498,170.008,-0.376,-0.22%,405816
2014-04-14,169.869,170.499,169.58,170.356,0.348,+0.20%,353264
2014-04-15,170.363,170.653,169.507,170.472,0.116,+0.07%,371923
2014-04-16,170.479,172.09,170.286,171.688,1.216,+0.71%,342835
2014-04-17,171.68,172.096,171.437,171.923,0.235,+0.14%,309772
2014-04-21,171.98,172.479,171.927,172.261,0.338,+0.20%,184990
2014-04-22,172.26,172.729,172.004,172.617,0.356,+0.21%,299964
2014-04-23,172.622,172.782,171.35,172.051,-0.566,-0.33%,344355
2014-04-24,172.05,172.179,171.466,171.888,-0.163,-0.09%,352579
2014-04-25,171.88,172.253,171.367,171.66,-0.228,-0.13%,329203
2014-04-28,171.689,172.566,171.247,172.23,0.57,+0.33%,353764
2014-04-29,172.23,172.898,172.215,172.7,0.47,+0.27%,311445
2014-04-30,172.688,172.724,171.927,172.484,-0.216,-0.13%,403800
2014-05-01,172.421,172.926,172.368,172.831,0.347,+0.20%,277848
2014-05-02,172.854,173.456,172.331,172.432,-0.399,-0.23%,344766
2014-05-05,172.43,172.565,171.759,172.258,-0.174,-0.10%,247010
2014-05-06,172.246,172.937,172.181,172.584,0.326,+0.19%,362373
2014-05-07,172.592,172.966,172.134,172.728,0.144,+0.08%,386124
2014-05-08,172.72,172.839,171.85,172.111,-0.617,-0.36%,410426
2014-05-09,172.093,172.291,171.212,171.542,-0.569,-0.33%,345190
2014-05-12,171.61,172.493,171.479,172.237,0.695,+0.41%,307842
2014-05-13,172.217,172.723,171.905,172.03,-0.207,-0.12%,368247
2014-05-14,172.04,172.348,170.58,170.819,-1.211,-0.70%,374216
2014-05-15,170.81,171.017,170.165,170.521,-0.298,-0.17%,401662
2014-05-16,170.5,170.987,170.212,170.662,0.141,+0.08%,352292
2014-05-19,170.893,170.95,170.04,170.637,-0.025,-0.01%,576683
2014-05-20,170.65,170.926,170.367,170.606,-0.031,-0.02%,711607
2014-05-21,170.614,171.447,169.803,171.278,0.672,+0.39%,894653
2014-05-22,171.26,171.849,171.2,171.608,0.33,+0.19%,797472
2014-05-23,171.629,171.784,171.247,171.61,0.002,0.00%,672975
2014-05-26,171.57,171.787,171.458,171.657,0.047,+0.03%,439732
2014-05-27,171.669,171.964,171.263,171.395,-0.262,-0.15%,727776
2014-05-28,171.406,171.49,169.873,170.162,-1.233,-0.72%,414809
2014-05-29,170.169,170.208,169.523,170.119,-0.043,-0.03%,365104
2014-05-30,170.126,170.699,169.769,170.55,0.431,+0.25%,357058
2014-06-02,170.719,171.607,170.435,171.429,0.879,+0.52%,382898
2014-06-03,171.403,171.805,171.252,171.671,0.242,+0.14%,367795
2014-06-04,171.67,172.064,171.339,171.951,0.28,+0.16%,377559
2014-06-05,171.926,172.299,171.594,172.225,0.274,+0.16%,410495
2014-06-06,172.249,172.489,171.807,172.182,-0.043,-0.02%,362431
2014-06-09,172.187,172.525,171.978,172.255,0.073,+0.04%,305179
2014-06-10,172.229,172.318,171.338,171.487,-0.768,-0.45%,351052
2014-06-11,171.488,171.789,170.956,171.339,-0.148,-0.09%,353141
2014-06-12,171.32,172.248,171.013,172.13,0.791,+0.46%,407616
2014-06-13,172.111,173.35,172.103,173.05,0.92,+0.53%,421436
2014-06-16,173.18,173.231,172.707,172.926,-0.124,-0.07%,339245
2014-06-17,172.905,173.438,172.836,173.263,0.337,+0.19%,371517
2014-06-18,173.278,173.768,172.881,173.174,-0.089,-0.05%,431100
2014-06-19,173.194,173.778,172.991,173.668,0.494,+0.29%,407160
2014-06-20,173.66,174.081,173.526,173.642,-0.026,-0.01%,347421
2014-06-23,173.73,173.814,173.16,173.559,-0.083,-0.05%,325902
2014-06-24,173.551,173.7,172.933,173.179,-0.38,-0.22%,358029
2014-06-25,173.191,173.193,172.711,172.981,-0.198,-0.11%,337804
2014-06-26,172.98,173.43,172.601,173.168,0.187,+0.11%,361497
2014-06-27,173.19,173.19,172.439,172.722,-0.446,-0.26%,310422
2014-06-30,172.581,173.402,172.359,173.299,0.577,+0.33%,319818
2014-07-01,173.308,174.277,173.245,174.094,0.795,+0.46%,334572
2014-07-02,174.064,174.792,173.982,174.68,0.586,+0.34%,310246
2014-07-03,174.689,175.357,174.485,175.283,0.603,+0.35%,345853
2014-07-04,175.281,175.34,174.814,175.12,-0.163,-0.09%,241877
2014-07-07,175.038,175.241,174.264,174.446,-0.674,-0.38%,266724
2014-07-08,174.325,174.545,173.704,173.979,-0.467,-0.27%,298433
2014-07-09,173.962,174.384,173.791,174.362,0.383,+0.22%,308953
2014-07-10,174.342,174.398,172.956,173.596,-0.766,-0.44%,346651
2014-07-11,173.608,173.79,173.077,173.092,-0.504,-0.29%,304847
2014-07-14,173.56,173.989,173.336,173.44,0.348,+0.20%,293025
2014-07-15,173.442,174.543,173.261,174.292,0.852,+0.49%,381483
2014-07-16,174.29,174.418,173.988,174.216,-0.076,-0.04%,339346
2014-07-17,174.212,174.261,172.968,172.986,-1.23,-0.71%,342649
2014-07-18,172.987,173.575,172.654,173.111,0.125,+0.07%,339183
2014-07-21,173.17,173.23,172.782,173.117,0.006,0.00%,268438
2014-07-22,173.11,173.459,172.961,173.115,-0.002,0.00%,296379
2014-07-23,173.12,173.315,172.588,172.931,-0.184,-0.11%,302077
2014-07-24,172.956,173.049,172.627,172.912,-0.019,-0.01%,318008
2014-07-25,172.915,173.156,172.625,172.872,-0.04,-0.02%,309816
2014-07-28,172.78,173.076,172.737,172.967,0.095,+0.05%,284231
2014-07-29,172.963,173.197,172.704,173.001,0.034,+0.02%,371158
2014-07-30,173.002,174.195,172.891,173.831,0.83,+0.48%,430845
2014-07-31,173.829,173.985,173.378,173.548,-0.283,-0.16%,398170
2014-08-01,173.555,173.838,172.368,172.589,-0.959,-0.55%,448559
2014-08-04,172.54,172.984,172.424,172.935,0.346,+0.20%,337731
2014-08-05,172.939,173.494,172.756,173.214,0.279,+0.16%,385867
2014-08-06,173.212,173.26,171.573,172.051,-1.163,-0.67%,412764
2014-08-07,172.041,172.614,171.677,171.819,-0.232,-0.13%,419288
2014-08-08,171.829,171.861,170.691,171.14,-0.679,-0.40%,349072
2014-08-11,171.43,171.606,171.215,171.516,0.376,+0.22%,302465
2014-08-12,171.533,171.955,171.359,171.896,0.38,+0.22%,336791
2014-08-13,171.896,172.571,170.839,170.89,-1.006,-0.59%,379869
2014-08-14,170.862,171.222,170.639,170.926,0.036,+0.02%,347662
2014-08-15,170.933,171.446,170.415,170.938,0.012,+0.01%,367186
2014-08-18,171.159,171.667,170.99,171.551,0.613,+0.36%,315076
2014-08-19,171.553,171.624,170.695,170.982,-0.569,-0.33%,337475
2014-08-20,170.989,172.3,170.943,172.169,1.187,+0.69%,435328
2014-08-21,172.15,172.382,171.88,172.156,-0.013,-0.01%,380028
2014-08-22,172.139,172.611,171.596,172.202,0.046,+0.03%,369926
2014-08-25,172.457,172.565,172.282,172.488,0.286,+0.17%,155062
2014-08-26,172.461,172.582,172.089,172.092,-0.396,-0.23%,427107
2014-08-27,172.08,172.525,172.046,172.165,0.073,+0.04%,426500
2014-08-28,172.184,172.286,171.649,172.009,-0.156,-0.09%,443611
2014-08-29,172.008,172.788,171.928,172.684,0.675,+0.39%,432687
2014-09-01,172.79,173.403,172.707,173.272,0.588,+0.34%,308940
2014-09-02,173.271,173.944,172.994,173.058,-0.214,-0.12%,475690
2014-09-03,173.07,173.357,172.357,172.473,-0.585,-0.34%,447891
2014-09-04,172.495,172.763,171.731,171.897,-0.576,-0.33%,447673
2014-09-05,171.891,172.242,170.964,171.542,-0.355,-0.21%,476869
2014-09-08,169.934,171.093,169.331,170.727,-0.815,-0.48%,493528
2014-09-09,170.723,171.52,170.508,171.026,0.299,+0.18%,531085
2014-09-10,171.045,173.247,170.979,173.168,2.142,+1.25%,566705
2014-09-11,173.201,174.224,172.757,174.079,0.911,+0.53%,521616
2014-09-12,174.077,174.637,173.688,174.6,0.521,+0.30%,487967
2014-09-15,174.39,174.585,173.827,173.969,-0.631,-0.36%,426858
2014-09-16,173.967,174.466,172.985,174.347,0.378,+0.22%,513629
2014-09-17,174.347,176.435,174.122,176.348,2.001,+1.15%,512977
2014-09-18,176.36,178.36,176.15,178.181,1.833,+1.04%,556559
2014-09-19,178.118,180.693,177.447,177.59,-0.591,-0.33%,613315
2014-09-22,177.74,178.342,177.51,178.052,0.462,+0.26%,455779
2014-09-23,178.055,178.727,176.638,178.429,0.377,+0.21%,487054
2014-09-24,178.435,178.465,177.628,178.155,-0.274,-0.15%,483006
2014-09-25,178.157,178.49,177.117,177.423,-0.732,-0.41%,542331
2014-09-26,177.42,178.095,177.138,177.529,0.106,+0.06%,502766
2014-09-29,177.339,178.169,177.196,177.809,0.28,+0.16%,509400
2014-09-30,177.8,178.098,177.355,177.746,-0.063,-0.04%,517672
2014-10-01,177.697,178.112,176.167,176.231,-1.515,-0.85%,555752
2014-10-02,176.227,176.633,174.301,175.011,-1.22,-0.69%,598946
2014-10-03,175.003,175.892,174.915,175.226,0.215,+0.12%,507943
2014-10-06,175.039,175.347,174.461,174.926,-0.3,-0.17%,469114
2014-10-07,174.92,175.131,173.684,173.851,-1.075,-0.61%,609495
2014-10-08,173.85,174.95,173.427,174.734,0.883,+0.51%,600944
2014-10-09,174.728,174.992,173.564,173.776,-0.958,-0.55%,635699
2014-10-10,173.778,173.987,172.728,173.06,-0.716,-0.41%,520202
2014-10-13,172.86,173.008,171.711,171.827,-1.233,-0.71%,538952
2014-10-14,171.82,172.466,169.917,170.229,-1.598,-0.93%,592707
2014-10-15,170.235,171.136,168.004,169.653,-0.576,-0.34%,666072
2014-10-16,169.62,171.198,168.454,171.048,1.395,+0.82%,655783
2014-10-17,171.039,172.034,170.183,171.96,0.912,+0.53%,567999
2014-10-20,172.527,172.993,172.198,172.842,0.882,+0.51%,496166
2014-10-21,172.83,172.923,171.78,172.387,-0.455,-0.26%,487557
2014-10-22,172.366,172.661,171.066,171.943,-0.444,-0.26%,507981
2014-10-23,171.939,173.651,171.7,173.526,1.583,+0.92%,519648
2014-10-24,173.524,174.009,172.943,173.982,0.456,+0.26%,466070
2014-10-27,174.2,174.286,173.377,173.78,-0.202,-0.12%,460871
2014-10-28,173.76,174.735,173.679,174.442,0.662,+0.38%,478163
2014-10-29,174.428,174.677,173.955,174.339,-0.103,-0.06%,473496
2014-10-30,174.328,175.15,173.974,174.735,0.396,+0.23%,546353
2014-10-31,174.73,179.799,174.645,179.593,4.858,+2.78%,633846
2014-11-03,180.094,182.509,179.653,182.12,2.527,+1.41%,541458
2014-11-04,182.1,182.116,181.118,181.76,-0.36,-0.20%,576486
2014-11-05,181.767,183.415,181.486,183.132,1.372,+0.75%,634684
2014-11-06,183.12,184.311,181.86,182.367,-0.765,-0.42%,689027
2014-11-07,182.359,182.72,181.214,181.899,-0.468,-0.26%,637338
2014-11-10,181.68,182.245,181.061,181.935,0.036,+0.02%,541636
2014-11-11,181.93,184.371,181.748,184.285,2.35,+1.29%,614919
2014-11-12,184.278,184.644,181.968,182.194,-2.091,-1.13%,707619
2014-11-13,182.181,182.773,181.521,181.852,-0.342,-0.19%,574526
2014-11-14,181.84,182.644,181.589,182.19,0.338,+0.19%,601652
2014-11-17,182.579,183.367,181.085,182.418,0.228,+0.13%,584671
2014-11-18,182.422,183.322,182.23,182.651,0.233,+0.13%,557582
2014-11-19,182.66,185.064,182.515,184.978,2.327,+1.27%,596915
2014-11-20,184.96,186.117,184.858,185.47,0.492,+0.27%,603587
2014-11-21,185.462,185.679,183.965,184.519,-0.951,-0.51%,646693
2014-11-24,184.37,185.941,184.037,185.729,1.21,+0.66%,496246
2014-11-25,185.706,186.066,184.511,185.279,-0.45,-0.24%,616356
2014-11-26,185.283,186.096,184.763,185.892,0.613,+0.33%,573044
2014-11-27,185.892,185.911,185,185.187,-0.705,-0.38%,478842
2014-11-28,185.177,185.91,185.176,185.67,0.483,+0.26%,592915
2014-12-01,185.72,186.328,185.04,186.205,0.535,+0.29%,601691
2014-12-02,186.209,186.917,186.014,186.39,0.185,+0.10%,556021
2014-12-03,186.369,188.181,186.265,187.878,1.488,+0.80%,562951
2014-12-04,187.86,188.222,187.595,187.715,-0.163,-0.09%,607220
2014-12-05,187.721,189.693,187.281,189.272,1.557,+0.83%,604909
2014-12-08,189.43,189.667,188.416,188.876,-0.396,-0.21%,593801
2014-12-09,188.889,189.195,185.195,187.502,-1.374,-0.73%,716669
2014-12-10,187.48,187.811,184.955,185.123,-2.379,-1.27%,727271
2014-12-11,185.13,187.736,184.951,186.618,1.495,+0.81%,700473
2014-12-12,186.614,187.337,185.596,186.56,-0.058,-0.03%,645580
2014-12-15,186.504,187.027,183.823,184.219,-2.341,-1.25%,665895
2014-12-16,184.213,185.071,181.61,183.298,-0.921,-0.50%,714814
2014-12-17,183.31,185.012,183.115,184.751,1.453,+0.79%,744693
2014-12-18,184.746,186.714,184.409,186.179,1.428,+0.77%,649464
2014-12-19,186.18,187.232,186.033,186.74,0.561,+0.30%,578910
2014-12-22,186.779,187.534,186.488,187.121,0.381,+0.20%,412731
2014-12-23,187.122,187.47,186.464,187.28,0.159,+0.08%,399995
2014-12-24,187.29,187.439,186.603,187.359,0.079,+0.04%,307094
2014-12-26,186.551,187.438,186.549,187.362,0.003,0.00%,190579
2014-12-29,187.27,187.779,187.029,187.203,-0.159,-0.08%,408845
2014-12-30,187.21,187.275,184.934,185.879,-1.324,-0.71%,455669
2014-12-31,185.849,186.983,185.682,186.285,0.406,+0.22%,329000
2015-01-02,186.485,187.295,184.323,184.639,-1.646,-0.88%,497912
2015-01-05,184.5,184.551,181.71,182.411,-2.228,-1.21%,667161
2015-01-06,182.414,182.428,179.237,179.342,-3.069,-1.68%,737395
2015-01-07,179.321,180.628,179.152,180.168,0.826,+0.46%,756147
2015-01-08,180.195,180.921,179.976,180.545,0.377,+0.21%,654468
2015-01-09,180.538,180.9,179.451,179.652,-0.893,-0.49%,685487
2015-01-12,179.522,180.534,179.008,179.525,-0.127,-0.07%,613063
2015-01-13,179.53,180.08,178.095,178.748,-0.777,-0.43%,718226
2015-01-14,178.755,178.857,176.86,178.684,-0.064,-0.04%,797894
2015-01-15,178.66,179.568,176.287,176.289,-2.395,-1.34%,827208
2015-01-16,176.29,178.317,175.791,178,1.711,+0.97%,556532
2015-01-19,177.516,178.355,176.982,177.64,-0.36,-0.20%,526905
2015-01-20,177.552,180.259,177.514,179.902,2.262,+1.27%,678225
2015-01-21,179.89,179.919,177.052,178.591,-1.311,-0.73%,712433
2015-01-22,178.596,179.21,177.202,177.831,-0.76,-0.43%,702554
2015-01-23,177.827,178.502,176.143,176.908,-0.923,-0.52%,716816
2015-01-26,176.301,178.923,175.732,178.605,1.697,+0.96%,596664
2015-01-27,178.6,179.406,177.836,179.102,0.497,+0.28%,672588
2015-01-28,179.102,179.358,177.665,177.889,-1.213,-0.68%,684126
2015-01-29,177.93,178.932,177.695,178.182,0.293,+0.16%,686682
2015-01-30,178.183,178.55,176.122,177.094,-1.088,-0.61%,670001
2015-02-02,176.559,177.708,176.102,176.811,-0.283,-0.16%,636447
2015-02-03,176.816,178.382,175.488,178.283,1.472,+0.83%,685287
2015-02-04,178.26,179.279,177.591,178.008,-0.275,-0.15%,675957
2015-02-05,177.98,180.394,177.712,180.115,2.107,+1.18%,664812
2015-02-06,180.11,181.794,179.565,181.57,1.455,+0.81%,604904
2015-02-09,181.138,181.611,180.148,180.468,-1.102,-0.61%,606446
2015-02-10,180.459,182.248,180.243,182.153,1.685,+0.93%,605516
2015-02-11,182.157,183.957,181.982,183.462,1.309,+0.72%,580310
2015-02-12,183.482,184.166,181.1,183.214,-0.248,-0.14%,703865
2015-02-13,183.19,183.343,182.485,182.657,-0.557,-0.30%,611974
2015-02-16,182.409,183.202,181.501,181.994,-0.663,-0.36%,462662
2015-02-17,181.94,183.379,181.564,183.054,1.06,+0.58%,569898
2015-02-18,183.024,184.194,182.584,183.338,0.284,+0.16%,659715
2015-02-19,183.339,184.023,183.026,183.316,-0.022,-0.01%,616045
2015-02-20,183.319,183.652,181.653,183.229,-0.087,-0.05%,669015
2015-02-23,183.4,184.006,182.59,183.618,0.389,+0.21%,586393
2015-02-24,183.619,184.706,183.526,183.812,0.194,+0.11%,648371
2015-02-25,183.825,184.657,183.514,184.543,0.731,+0.40%,614237
2015-02-26,184.565,185.016,183.585,183.946,-0.597,-0.32%,635273
2015-02-27,183.94,184.996,183.539,184.499,0.553,+0.30%,646761
2015-03-02,184.7,184.912,184.146,184.57,0.071,+0.04%,513201
2015-03-03,184.565,184.705,183.634,183.873,-0.697,-0.38%,577951
2015-03-04,183.872,183.981,182.522,182.641,-1.232,-0.67%,558640
2015-03-05,182.652,183.707,182.371,183.05,0.409,+0.22%,572329
2015-03-06,183.055,183.244,181.459,181.68,-1.37,-0.75%,616215
2015-03-09,181.62,183.582,181.492,183.253,1.573,+0.87%,558401
2015-03-10,183.255,183.908,182.349,182.491,-0.762,-0.42%,697020
2015-03-11,182.496,183.134,180.778,181.276,-1.215,-0.67%,742184
2015-03-12,181.276,181.774,180.183,180.483,-0.793,-0.44%,677643
2015-03-13,180.5,180.742,178.224,178.886,-1.597,-0.88%,631710
2015-03-16,178.86,180.186,178.783,179.896,1.01,+0.56%,547875
2015-03-17,179.895,180.123,178.54,178.99,-0.906,-0.50%,544129
2015-03-18,178.97,180.943,177.149,179.867,0.877,+0.49%,643340
2015-03-19,179.868,180.103,177.711,178.151,-1.716,-0.95%,743435
2015-03-20,178.14,180.084,177.93,179.449,1.298,+0.73%,632736
2015-03-23,179.39,179.666,178.139,178.99,-0.459,-0.26%,633875
2015-03-24,178.982,179.204,177.503,177.809,-1.181,-0.66%,610505
2015-03-25,177.824,178.367,177.532,177.78,-0.029,-0.02%,572933
2015-03-26,177.781,177.908,176.472,176.941,-0.839,-0.47%,650385
2015-03-27,176.933,177.918,176.689,177.066,0.125,+0.07%,611719
2015-03-30,177.545,178.192,176.67,177.81,0.744,+0.42%,531308
2015-03-31,177.817,178.309,177.094,177.975,0.165,+0.09%,584367
2015-04-01,177.958,178.42,176.783,177.487,-0.488,-0.27%,583552
2015-04-02,177.481,177.939,176.757,177.477,-0.01,-0.01%,545026
2015-04-06,177.35,178.279,177.199,177.824,0.347,+0.20%,361805
2015-04-07,177.755,179.172,177.683,178.051,0.227,+0.13%,562721
2015-04-08,178.053,179.282,177.614,178.579,0.528,+0.30%,584541
2015-04-09,178.561,179.075,177.091,177.366,-1.213,-0.68%,516639
2015-04-10,177.355,177.52,175.662,175.837,-1.529,-0.86%,542682
2015-04-13,175.715,176.523,175.317,176.249,0.412,+0.23%,562556
2015-04-14,176.24,176.611,174.862,176.457,0.208,+0.12%,633263
2015-04-15,176.453,176.942,175.687,176.796,0.339,+0.19%,613786
2015-04-16,176.801,178.019,176.547,177.679,0.883,+0.50%,630148
2015-04-17,177.67,178.734,177.435,177.95,0.271,+0.15%,607280
2015-04-20,177.66,178.191,177.189,177.599,-0.351,-0.20%,549100
2015-04-21,177.587,178.893,177.473,178.598,0.999,+0.56%,535534
2015-04-22,178.606,180.397,178.452,180.281,1.683,+0.94%,574678
2015-04-23,180.255,180.451,179.305,180.023,-0.258,-0.14%,580068
2015-04-24,180,181.004,179.644,180.554,0.531,+0.29%,573229
2015-04-27,180.205,181.538,180.204,181.355,0.801,+0.44%,565087
2015-04-28,181.358,182.395,180.69,182.298,0.943,+0.52%,640150
2015-04-29,182.286,184.106,182.097,183.698,1.4,+0.77%,718587
2015-04-30,183.675,184.143,182.565,183.222,-0.476,-0.26%,765824
2015-05-01,183.223,184.457,181.764,181.872,-1.35,-0.74%,549399
2015-05-04,181.95,182.285,181.394,181.592,-0.28,-0.15%,515581
2015-05-05,181.581,182.775,181.432,181.933,0.341,+0.19%,587343
2015-05-06,181.897,182.517,181.443,182.096,0.163,+0.09%,660558
2015-05-07,182.099,182.983,180.936,182.524,0.428,+0.24%,666064
2015-05-08,182.501,186.025,182.454,184.969,2.445,+1.34%,789109
2015-05-11,184.88,187.387,184.559,187.127,2.158,+1.17%,609743
2015-05-12,187.14,188.363,186.708,187.808,0.681,+0.36%,659356
2015-05-13,187.781,188.572,187.014,187.57,-0.238,-0.13%,667433
2015-05-14,187.576,188.513,187.347,187.971,0.401,+0.21%,632826
2015-05-15,187.93,188.609,187.551,187.632,-0.339,-0.18%,631872
2015-05-18,187.651,188.259,187.298,187.769,0.137,+0.07%,553903
2015-05-19,187.75,187.957,185.956,187.159,-0.61,-0.32%,637051
2015-05-20,187.128,188.606,187.077,188.474,1.315,+0.70%,706638
2015-05-21,188.44,190.011,187.934,189.526,1.052,+0.56%,633370
2015-05-22,189.482,189.647,187.921,188.198,-1.328,-0.70%,593599
2015-05-25,188.05,188.596,187.79,187.996,-0.202,-0.11%,286774
2015-05-26,188.037,189.662,187.877,189.322,1.326,+0.71%,523606
2015-05-27,189.325,190.337,189.224,189.81,0.488,+0.26%,525094
2015-05-28,189.829,190.698,189.27,189.8,-0.01,-0.01%,544203
2015-05-29,189.813,189.999,188.684,189.752,-0.048,-0.03%,504656
2015-06-01,189.77,189.983,188.526,189.63,-0.122,-0.06%,448062
2015-06-02,189.628,190.527,189.122,190.393,0.763,+0.40%,496695
2015-06-03,190.381,190.799,189.552,190.554,0.161,+0.08%,470080
2015-06-04,190.57,191.681,189.825,191.021,0.467,+0.25%,450776
2015-06-05,190.984,191.95,190.747,191.74,0.719,+0.38%,437978
2015-06-08,191.35,191.849,190.673,191.039,-0.701,-0.37%,414374
2015-06-09,191.053,191.351,189.512,191.266,0.227,+0.12%,457141
2015-06-10,191.26,191.604,188.956,190.493,-0.773,-0.40%,552192
2015-06-11,190.448,191.938,190.291,191.464,0.971,+0.51%,447136
2015-06-12,191.46,192.2,191.228,191.86,0.396,+0.21%,439617
2015-06-15,191.529,192.608,191.399,192.501,0.641,+0.33%,389743
2015-06-16,192.5,193.14,192.055,192.998,0.497,+0.26%,396233
2015-06-17,192.992,195.606,192.944,195.376,2.378,+1.23%,464691
2015-06-18,195.369,195.82,194.353,195.208,-0.168,-0.09%,459277
2015-06-19,195.201,195.488,194.596,194.839,-0.369,-0.19%,393660
2015-06-22,195.272,195.567,194.609,195.182,0.343,+0.18%,399758
2015-06-23,195.165,195.489,194.567,194.919,-0.263,-0.13%,427861
2015-06-24,194.915,195.871,194.237,194.479,-0.44,-0.23%,426945
2015-06-25,194.46,194.752,193.471,194.624,0.145,+0.07%,410485
2015-06-26,194.627,195.247,193.931,195.002,0.378,+0.19%,399754
2015-06-29,192.276,193.516,191.36,192.815,-2.187,-1.12%,587163
2015-06-30,192.812,193.01,191.697,192.401,-0.414,-0.21%,535344
2015-07-01,192.381,192.914,191.856,192.322,-0.079,-0.04%,458079
2015-07-02,192.33,192.925,191.917,192.045,-0.277,-0.14%,426882
2015-07-03,192.01,192.467,190.891,191.221,-0.824,-0.43%,365639
2015-07-06,189.347,191.644,189.283,191.222,0.001,0.00%,473993
2015-07-07,191.191,191.55,188.226,189.426,-1.796,-0.94%,495649
2015-07-08,189.395,189.481,184.986,185.385,-4.041,-2.13%,560491
2015-07-09,185.4,187.338,185.138,186.575,1.19,+0.64%,501772
2015-07-10,186.599,190.76,186.501,190.399,3.824,+2.05%,504598
2015-07-13,189.44,192.321,189.275,191.113,0.714,+0.38%,470766
2015-07-14,191.08,192.939,190.564,192.899,1.786,+0.93%,463454
2015-07-15,192.889,193.749,192.654,193.561,0.662,+0.34%,463164
2015-07-16,193.537,193.93,193.031,193.759,0.198,+0.10%,481442
2015-07-17,193.768,194.361,192.9,193.509,-0.25,-0.13%,371750
2015-07-20,193.46,193.937,193.043,193.4,-0.109,-0.06%,361459
2015-07-21,193.372,193.858,192.506,192.67,-0.73,-0.38%,426934
2015-07-22,192.67,193.97,192.289,193.498,0.828,+0.43%,427216
2015-07-23,193.487,193.912,191.925,192.208,-1.29,-0.67%,427432
2015-07-24,192.202,192.443,191.65,191.95,-0.258,-0.13%,339285
2015-07-27,191.76,192.185,191.003,191.728,-0.222,-0.12%,436629
2015-07-28,191.71,193.221,191.438,192.886,1.158,+0.60%,447705
2015-07-29,192.892,194.161,192.555,193.369,0.483,+0.25%,455589
2015-07-30,193.383,194.577,193.222,193.647,0.278,+0.14%,453665
2015-07-31,193.622,193.984,193.155,193.509,-0.138,-0.07%,452301
2015-08-03,193.803,194.234,193.031,193.29,-0.219,-0.11%,420241
2015-08-04,193.282,193.815,193.042,193.541,0.251,+0.13%,462353
2015-08-05,193.527,195.212,193.191,194.797,1.256,+0.65%,487895
2015-08-06,194.803,195.242,193.116,193.46,-1.337,-0.69%,444723
2015-08-07,193.464,193.713,191.972,192.41,-1.05,-0.54%,440083
2015-08-10,192.373,194.447,192.263,194.284,1.874,+0.97%,409027
2015-08-11,194.267,194.979,193.969,194.806,0.522,+0.27%,494324
2015-08-12,194.777,195.022,193.441,193.89,-0.916,-0.47%,542594
2015-08-13,193.878,194.724,193.673,194.173,0.283,+0.15%,452582
2015-08-14,194.175,194.561,193.842,194.436,0.263,+0.14%,416302
2015-08-17,194.464,195.16,193.773,193.842,-0.594,-0.31%,393369
2015-08-18,193.838,195.263,193.527,194.785,0.943,+0.49%,403568
2015-08-19,194.757,195.025,194.011,194.087,-0.698,-0.36%,477759
2015-08-20,194.06,194.533,193.283,193.574,-0.513,-0.26%,499484
2015-08-21,193.526,193.728,191.321,191.54,-2.034,-1.05%,570656
2015-08-24,190.84,191.409,183.294,186.758,-4.782,-2.50%,748985
2015-08-25,186.724,189.981,186.074,186.363,-0.395,-0.21%,755733
2015-08-26,186.342,188.08,184.158,185.385,-0.978,-0.52%,702187
2015-08-27,185.307,186.825,185.307,186.372,0.987,+0.53%,615535
2015-08-28,186.364,187.357,185.373,187.31,0.938,+0.50%,524133
2015-08-31,187.381,187.534,185.842,185.988,-1.322,-0.71%,461512
2015-09-01,185.982,186.217,182.531,182.666,-3.322,-1.79%,548690
2015-09-02,182.66,184.261,182.473,184.069,1.403,+0.77%,531317
2015-09-03,184.06,184.702,182.667,183.156,-0.913,-0.50%,506868
2015-09-04,183.159,183.328,180.401,180.532,-2.624,-1.43%,546503
2015-09-07,180.439,182.512,180.384,182.175,1.643,+0.91%,437325
2015-09-08,182.112,184.946,181.809,184.437,2.262,+1.24%,537977
2015-09-09,184.43,186.415,184.402,185.136,0.699,+0.38%,556712
2015-09-10,185.096,187.319,184.209,186.262,1.126,+0.61%,601299
2015-09-11,186.29,186.862,185.688,185.972,-0.29,-0.16%,476989
2015-09-14,185.83,186.629,184.601,185.442,-0.53,-0.28%,461315
2015-09-15,185.421,186.087,184.209,184.726,-0.716,-0.39%,502104
2015-09-16,184.714,187.187,184.227,186.75,2.024,+1.10%,482849
2015-09-17,186.76,188.112,186.698,187.072,0.322,+0.17%,520491
2015-09-18,187.056,187.355,185.933,186.25,-0.822,-0.44%,563343
2015-09-21,186.25,187.32,186.003,186.913,0.663,+0.36%,478915
2015-09-22,186.92,187.006,184.089,184.581,-2.332,-1.25%,507488
2015-09-23,184.572,184.649,182.918,183.315,-1.266,-0.69%,543882
2015-09-24,183.286,183.547,181.604,182.997,-0.318,-0.17%,569519
2015-09-25,183,184.419,182.636,182.947,-0.05,-0.03%,563462
2015-09-28,183.032,183.295,181.634,181.926,-1.021,-0.56%,512986
2015-09-29,181.94,182.504,180.943,181.375,-0.551,-0.30%,565594
2015-09-30,181.38,183.029,180.841,181.319,-0.056,-0.03%,500088
2015-10-01,181.32,182.021,181.074,181.438,0.119,+0.07%,479851
2015-10-02,181.43,182.577,180.651,181.92,0.482,+0.27%,531797
2015-10-05,182.17,183.192,181.868,182.423,0.503,+0.28%,509968
2015-10-06,182.432,183.263,181.965,183.016,0.593,+0.33%,470847
2015-10-07,183.05,184.042,182.516,183.807,0.791,+0.43%,512605
2015-10-08,183.82,184.265,182.999,184.023,0.216,+0.12%,467996
2015-10-09,184.04,184.843,183.935,184.133,0.11,+0.06%,374124
2015-10-12,184.18,184.686,183.929,184.201,0.068,+0.04%,344579
2015-10-13,184.177,184.338,181.828,182.552,-1.649,-0.90%,454510
2015-10-14,182.56,184.316,182.318,183.861,1.309,+0.72%,449500
2015-10-15,183.88,184.355,182.755,183.763,-0.098,-0.05%,435507
2015-10-16,183.99,184.717,183.514,184.341,0.578,+0.31%,364063
2015-10-19,184.125,185.09,183.824,184.765,0.424,+0.23%,328556
2015-10-20,184.77,185.582,184.668,185.05,0.285,+0.15%,324471
2015-10-21,185.066,185.557,184.715,184.853,-0.197,-0.11%,332668
2015-10-22,184.86,185.885,184.488,185.759,0.906,+0.49%,357762
2015-10-23,185.74,186.247,185.244,185.908,0.149,+0.08%,417724
2015-10-26,185.8,186.07,185.168,185.86,-0.048,-0.03%,344913
2015-10-27,185.86,185.884,183.928,184.248,-1.612,-0.87%,372877
2015-10-28,184.25,185.03,183.888,184.788,0.54,+0.29%,389921
2015-10-29,184.8,185.539,184.079,185.398,0.61,+0.33%,402206
2015-10-30,185.385,186.715,184.386,186.009,0.611,+0.33%,491588
2015-11-02,185.824,186.961,185.548,186.117,0.108,+0.06%,340568
2015-11-03,186.12,186.883,185.873,186.659,0.542,+0.29%,323682
2015-11-04,186.62,187.305,186.469,186.998,0.339,+0.18%,393857
2015-11-05,186.986,187.681,184.957,185.127,-1.871,-1.00%,421360
2015-11-06,185.142,185.81,184.295,185.194,0.067,+0.04%,413099
2015-11-09,185.57,186.599,185.368,186.136,0.942,+0.51%,357769
2015-11-10,186.14,186.506,185.886,186.134,-0.002,0.00%,371961
2015-11-11,186.089,187.043,185.941,186.827,0.693,+0.37%,353833
2015-11-12,186.811,187.501,186.543,186.711,-0.116,-0.06%,413565
2015-11-13,186.611,187.022,186.401,186.763,0.052,+0.03%,374296
2015-11-16,186.151,187.454,185.993,187.208,0.445,+0.24%,373729
2015-11-17,187.22,187.979,186.859,187.742,0.534,+0.29%,362272
2015-11-18,187.762,188.368,187.271,188.336,0.594,+0.32%,350998
2015-11-19,188.346,188.794,187.675,187.838,-0.498,-0.26%,414145
2015-11-20,187.84,188.076,186.446,186.465,-1.373,-0.73%,361123
2015-11-23,186.42,186.967,185.633,185.726,-0.739,-0.40%,319860
2015-11-24,185.781,185.999,184.322,184.734,-0.992,-0.53%,366070
2015-11-25,184.73,185.789,184.494,185.655,0.921,+0.50%,384945
2015-11-26,185.61,185.643,184.648,185.062,-0.593,-0.32%,297164
2015-11-27,185.171,185.31,184.235,184.425,-0.637,-0.34%,304385
2015-11-30,184.62,185.65,184.337,185.304,0.879,+0.48%,338121
2015-12-01,185.285,186.015,184.938,185.252,-0.052,-0.03%,375075
2015-12-02,185.24,185.629,183.966,184.218,-1.034,-0.56%,390037
2015-12-03,184.218,185.88,184,185.592,1.374,+0.75%,480130
2015-12-04,185.631,186.239,185.118,185.885,0.293,+0.16%,467046
2015-12-07,186.07,186.336,185.46,185.71,-0.175,-0.09%,337987
2015-12-08,185.699,185.735,183.764,184.454,-1.256,-0.68%,389841
2015-12-09,184.424,185.375,183.681,184.316,-0.138,-0.07%,407907
2015-12-10,184.24,184.965,183.367,184.218,-0.098,-0.05%,375873
2015-12-11,184.27,185.049,183.556,183.857,-0.361,-0.20%,377974
2015-12-14,184.33,184.508,182.113,183.208,-0.649,-0.35%,392673
2015-12-15,183.258,184.196,182.582,182.895,-0.313,-0.17%,372704
2015-12-16,182.822,183.683,182.577,183.301,0.406,+0.22%,402171
2015-12-17,183.328,183.612,182.359,182.574,-0.727,-0.40%,371985
2015-12-18,182.56,183.887,180.348,180.381,-2.193,-1.20%,424645
2015-12-21,180.65,181.214,179.958,180.291,-0.09,-0.05%,327604
2015-12-22,180.338,180.61,179.019,179.475,-0.816,-0.45%,316864
2015-12-23,179.49,180.148,179.299,179.762,0.287,+0.16%,275481
2015-12-24,179.76,179.947,178.953,179.381,-0.381,-0.21%,219043
2015-12-28,177.971,180.037,177.971,179.118,-0.263,-0.15%,240926
2015-12-29,179.1,179.539,178.111,178.438,-0.68,-0.38%,239593
2015-12-30,178.373,179.029,178.238,178.498,0.06,+0.03%,255005
2015-12-31,178.48,178.7,176.949,176.961,-1.537,-0.86%,246962
2016-01-04,177.112,177.356,174.965,175.699,-1.262,-0.71%,384765
2016-01-05,175.684,176.159,174.083,174.681,-1.018,-0.58%,375477
2016-01-06,174.686,174.912,173.091,173.288,-1.393,-0.80%,429022
2016-01-07,173.29,173.747,170.756,171.957,-1.331,-0.77%,462066
2016-01-08,171.97,173.354,170.077,170.119,-1.838,-1.07%,449504
2016-01-11,170.24,172.265,169.305,171.214,1.095,+0.64%,409697
2016-01-12,171.22,171.663,169.163,169.91,-1.304,-0.76%,433829
2016-01-13,169.9,171.286,169.483,169.504,-0.406,-0.24%,420997
2016-01-14,169.517,170.512,168.825,170.108,0.604,+0.36%,449182
2016-01-15,170.133,170.558,166.249,166.594,-3.514,-2.07%,473449
2016-01-18,166.46,168.137,166.197,167.038,0.444,+0.27%,344200
2016-01-19,167.023,169.093,166.356,166.496,-0.542,-0.32%,438907
2016-01-20,166.484,166.809,163.972,165.903,-0.593,-0.36%,497426
2016-01-21,165.91,167.707,164.45,167.34,1.437,+0.87%,532188
2016-01-22,167.34,170.326,167.071,169.389,2.049,+1.22%,450508
2016-01-25,169.36,170.001,168.303,168.521,-0.868,-0.51%,391298
2016-01-26,168.526,170.262,166.967,169.901,1.38,+0.82%,415266
2016-01-27,169.91,170.02,168.553,168.871,-1.03,-0.61%,402750
2016-01-28,168.886,171.136,168.664,170.587,1.716,+1.02%,417614
2016-01-29,170.573,174.166,170.084,172.475,1.888,+1.11%,544517
2016-02-01,172.78,174.992,172.408,174.565,2.09,+1.21%,406414
2016-02-02,174.596,174.646,172.745,172.829,-1.736,-0.99%,426526
2016-02-03,172.82,173.741,171.067,172.076,-0.753,-0.44%,507442
2016-02-04,172.05,172.466,170.019,170.339,-1.737,-1.01%,521096
2016-02-05,170.34,170.525,168.977,169.349,-0.99,-0.58%,445078
2016-02-08,169.25,170.624,165.996,167.156,-2.193,-1.29%,471816
2016-02-09,167.143,167.176,164.543,166.547,-0.609,-0.36%,568733
2016-02-10,166.571,167.627,164.434,164.565,-1.982,-1.19%,594950
2016-02-11,164.596,165.053,159.802,162.698,-1.867,-1.13%,624168
2016-02-12,162.68,164.765,161.677,164.017,1.319,+0.81%,566446
2016-02-15,164.148,165.745,164.148,165.345,1.328,+0.81%,398286
2016-02-16,165.356,166.075,162.443,163.126,-2.219,-1.34%,457027
2016-02-17,163.142,163.871,161.555,163.009,-0.117,-0.07%,459331
2016-02-18,163.01,163.956,162.036,162.274,-0.735,-0.45%,438019
2016-02-19,162.269,162.497,160.718,162.091,-0.183,-0.11%,448921
2016-02-22,160.45,161.547,159.126,159.7,-2.391,-1.48%,431628
2016-02-23,159.673,159.906,156.951,157.133,-2.567,-1.61%,487759
2016-02-24,157.12,157.298,154.759,156.171,-0.962,-0.61%,462826
2016-02-25,156.16,157.892,155.777,157.719,1.548,+0.99%,464257
2016-02-26,157.721,158.548,157.199,158.045,0.326,+0.21%,429996
2016-02-29,157.88,157.982,156.193,156.757,-1.288,-0.81%,431989
2016-03-01,156.778,159.515,156.178,159.002,2.245,+1.43%,430635
2016-03-02,159.005,160.507,158.723,159.707,0.705,+0.44%,407000
2016-03-03,159.731,161.281,159.656,161.117,1.41,+0.88%,385022
2016-03-04,161.12,162.426,160.445,161.83,0.713,+0.44%,372266
2016-03-07,161.98,162.22,160.368,161.75,-0.08,-0.05%,342365
2016-03-08,161.756,161.857,159.6,160.047,-1.703,-1.05%,383483
2016-03-09,160.042,161.335,159.469,161.076,1.029,+0.64%,368743
2016-03-10,161.085,162.806,160.712,161.564,0.488,+0.30%,441908
2016-03-11,161.57,164.088,161.046,163.666,2.102,+1.30%,378427
2016-03-14,163.82,163.97,162.575,162.713,-0.953,-0.58%,310177
2016-03-15,162.721,162.899,159.533,160.038,-2.675,-1.64%,369511
2016-03-16,160.06,160.88,159.627,160.406,0.368,+0.23%,379431
2016-03-17,160.45,161.567,158.995,161.257,0.851,+0.53%,433536
2016-03-18,161.23,161.768,160.345,161.401,0.144,+0.09%,349854
2016-03-21,161.05,161.364,160.133,160.821,-0.58,-0.36%,306231
2016-03-22,160.82,161.484,158.43,159.609,-1.212,-0.75%,389831
2016-03-23,159.628,160.006,158.525,158.578,-1.031,-0.65%,331388
2016-03-24,158.575,159.846,158.439,159.744,1.166,+0.74%,299899
2016-03-25,159.731,160.088,159.325,159.645,-0.099,-0.06%,117518
2016-03-28,159.85,161.712,159.771,161.668,2.023,+1.27%,223244
2016-03-29,161.66,162.493,161.326,162.039,0.371,+0.23%,359847
2016-03-30,162.05,162.568,161.333,161.59,-0.449,-0.28%,370183
2016-03-31,161.604,162.016,160.877,161.611,0.021,+0.01%,397326
2016-04-01,161.604,161.715,158.556,158.556,-3.055,-1.89%,424967
2016-04-04,158.757,159.568,158.166,158.744,0.188,+0.12%,374871
2016-04-05,158.72,158.841,155.694,156.181,-2.563,-1.61%,466034
2016-04-06,156.16,156.649,154.531,155.032,-1.149,-0.74%,471329
2016-04-07,155.037,155.315,151.654,152.055,-2.977,-1.92%,536442
2016-04-08,152.028,154.221,151.898,152.58,0.525,+0.35%,443304
2016-04-11,152.34,154.457,151.957,153.66,1.08,+0.71%,423748
2016-04-12,153.651,155.511,153.487,154.912,1.252,+0.81%,411132
2016-04-13,154.91,155.747,154.712,155.278,0.366,+0.24%,409690
2016-04-14,155.285,155.359,153.883,154.753,-0.525,-0.34%,397267
2016-04-15,154.74,155.307,154.076,154.332,-0.421,-0.27%,342657
2016-04-18,153.67,155.691,152.502,155.339,1.007,+0.65%,367958
2016-04-19,155.329,157.701,155.256,157.133,1.794,+1.15%,389882
2016-04-20,157.199,157.875,156.184,157.393,0.26,+0.17%,397856
2016-04-21,157.406,158.368,156.608,156.74,-0.653,-0.41%,414778
2016-04-22,156.746,161.242,156.518,160.698,3.958,+2.53%,463769
2016-04-25,161.04,161.871,160.008,161.009,0.311,+0.19%,425813
2016-04-26,160.99,162.695,160.446,162.27,1.261,+0.78%,435247
2016-04-27,162.288,162.805,161.641,162.032,-0.238,-0.15%,406794
2016-04-28,162.034,162.567,157.058,157.831,-4.201,-2.59%,554876
2016-04-29,157.884,158.045,155.249,155.351,-2.48,-1.57%,486588
2016-05-02,155.158,156.638,154.905,156.101,0.75,+0.48%,324070
2016-05-03,156.103,156.145,154.414,154.894,-1.207,-0.77%,347594
2016-05-04,154.936,156.133,154.404,155.066,0.172,+0.11%,343323
2016-05-05,155.074,155.851,154.866,155.312,0.246,+0.16%,291138
2016-05-06,155.32,155.607,153.619,154.35,-0.962,-0.62%,333209
2016-05-09,154.34,156.415,154.282,156.016,1.666,+1.08%,294425
2016-05-10,156.01,157.913,156.009,157.769,1.753,+1.12%,317219
2016-05-11,157.773,157.981,156.402,156.575,-1.194,-0.76%,287989
2016-05-12,156.57,158.47,156.254,157.471,0.896,+0.57%,324424
2016-05-13,157.476,157.637,155.748,155.748,-1.723,-1.09%,342824
2016-05-16,155.76,157.084,155.672,156.985,1.237,+0.79%,243445
2016-05-17,156.96,158.973,156.928,157.806,0.821,+0.52%,320551
2016-05-18,157.79,160.868,157.018,160.833,3.027,+1.92%,308308
2016-05-19,160.83,161.615,160.122,160.639,-0.194,-0.12%,327806
2016-05-20,160.637,161.054,159.514,159.598,-1.041,-0.65%,287357
2016-05-23,159.8,159.811,158.013,158.172,-1.426,-0.89%,307732
2016-05-24,158.196,161.033,158.05,160.934,2.762,+1.75%,304555
2016-05-25,160.92,162.517,160.434,161.878,0.944,+0.59%,296175
2016-05-26,161.887,162.167,160.72,160.991,-0.887,-0.55%,290044
2016-05-27,160.988,161.417,160.147,161.109,0.118,+0.07%,248053
2016-05-30,161.296,162.882,161.196,162.613,1.504,+0.93%,218363
2016-05-31,162.638,163.888,159.847,160.292,-2.321,-1.43%,305556
2016-06-01,160.314,160.634,157.215,157.888,-2.404,-1.50%,342777
2016-06-02,157.903,157.952,156.575,156.993,-0.895,-0.57%,246524
2016-06-03,157.007,157.268,154.469,154.469,-2.524,-1.61%,363155
2016-06-06,154.57,155.633,152.95,155.255,0.786,+0.51%,368635
2016-06-07,155.271,157.921,154.993,156.091,0.836,+0.54%,322517
2016-06-08,156.1,156.241,154.943,155.13,-0.961,-0.62%,313053
2016-06-09,155.141,155.291,153.638,154.764,-0.366,-0.24%,340784
2016-06-10,154.76,155.018,151.496,152.404,-2.36,-1.52%,325441
2016-06-13,152.11,152.415,149.455,151.487,-0.917,-0.60%,376273
2016-06-14,151.445,151.449,149.166,149.704,-1.783,-1.18%,414496
2016-06-15,149.705,151.165,149.295,150.524,0.82,+0.55%,371465
2016-06-16,150.522,150.64,145.38,148.038,-2.486,-1.65%,478241
2016-06-17,148.053,149.91,147.972,149.258,1.22,+0.82%,389033
2016-06-20,151.23,153.608,150.895,152.549,3.291,+2.20%,396012
2016-06-21,152.524,154.379,151.798,153.423,0.874,+0.57%,356275
2016-06-22,153.421,154.566,152.845,153.481,0.058,+0.04%,357928
2016-06-23,153.526,158.219,153.49,157.25,3.769,+2.46%,479023
2016-06-24,157.247,160.082,133.266,139.367,-17.883,-11.37%,641830
2016-06-27,137.4,137.823,133.352,134.755,-4.612,-3.31%,466341
2016-06-28,134.793,137.434,134.275,137.069,2.314,+1.72%,324385
2016-06-29,137.075,139.006,135.84,138.004,0.935,+0.68%,350080
2016-06-30,137.979,138.83,135.911,137.24,-0.764,-0.55%,327102
2016-07-01,137.28,137.655,135.758,136.003,-1.237,-0.90%,345515
2016-07-04,135.8,136.786,135.795,136.177,0.174,+0.13%,220097
2016-07-05,136.161,136.245,132.024,132.418,-3.759,-2.76%,268793
2016-07-06,132.392,132.506,128.788,130.957,-1.461,-1.10%,339750
2016-07-07,130.93,131.937,129.573,130.025,-0.932,-0.71%,322458
2016-07-08,130,130.803,129.639,129.965,-0.06,-0.05%,308952
2016-07-11,130.26,133.745,130.154,133.355,3.39,+2.61%,348056
2016-07-12,133.394,139.462,132.988,138.635,5.28,+3.96%,399780
2016-07-13,138.627,139.499,136.91,137.307,-1.328,-0.96%,386892
2016-07-14,137.31,141.701,136.384,140.535,3.228,+2.35%,380353
2016-07-15,140.541,143.224,137.81,138.076,-2.459,-1.75%,414739
2016-07-18,139.29,141.28,138.915,140.679,2.603,+1.89%,265913
2016-07-19,140.701,141.067,138.485,139.08,-1.599,-1.14%,244718
2016-07-20,139.11,141.466,138.337,141.051,1.971,+1.42%,221135
2016-07-21,141.121,142.376,139.068,139.984,-1.067,-0.76%,374467
2016-07-22,139.862,141.061,138.428,138.921,-1.063,-0.76%,266246
2016-07-25,139.53,140.123,138.757,138.974,0.053,+0.04%,223433
2016-07-26,138.954,139.104,135.959,137.322,-1.652,-1.19%,274558
2016-07-27,137.267,139.895,137.267,139.319,1.997,+1.45%,314335
2016-07-28,139.305,139.444,137.468,138.531,-0.788,-0.57%,272881
2016-07-29,138.524,139.043,134.891,134.905,-3.626,-2.62%,416429
2016-08-01,134.984,136.197,134.502,134.893,-0.012,-0.01%,251465
2016-08-02,134.924,135.556,133.906,134.729,-0.164,-0.12%,278742
2016-08-03,134.695,135.429,134.173,134.878,0.149,+0.11%,236710
2016-08-04,134.88,135.241,132.547,132.618,-2.26,-1.68%,252206
2016-08-05,132.64,133.235,132.238,133.027,0.409,+0.31%,194180
2016-08-08,133.163,134.013,133.155,133.528,0.501,+0.38%,161652
2016-08-09,133.514,133.705,132.099,132.436,-1.092,-0.82%,173195
2016-08-10,132.437,132.82,131.553,131.735,-0.701,-0.53%,186800
2016-08-11,131.692,132.242,130.999,132.063,0.328,+0.25%,175656
2016-08-12,132.061,132.524,130.339,130.817,-1.246,-0.94%,199681
2016-08-15,130.69,131.205,129.972,130.39,-0.427,-0.33%,178528
2016-08-16,130.39,130.88,129.227,130.814,0.424,+0.33%,270806
2016-08-17,130.814,131.806,130.275,130.741,-0.073,-0.06%,245319
2016-08-18,130.73,132.22,130.014,131.479,0.738,+0.56%,278241
2016-08-19,131.478,132.013,130.343,130.949,-0.53,-0.40%,231445
2016-08-22,131.44,132.148,131.14,131.763,0.814,+0.62%,224962
2016-08-23,131.765,132.314,131.442,132.247,0.484,+0.37%,222790
2016-08-24,132.25,133.29,131.97,132.889,0.642,+0.49%,202517
2016-08-25,132.89,133.278,132.366,132.591,-0.298,-0.22%,177727
2016-08-26,132.547,133.862,132.372,133.63,1.039,+0.78%,228833
2016-08-29,133.81,134.387,133.42,133.524,-0.106,-0.08%,177957
2016-08-30,133.519,134.867,133.336,134.621,1.097,+0.82%,205565
2016-08-31,134.559,135.892,134.559,135.854,1.233,+0.92%,229772
2016-09-01,135.84,138.006,135.398,136.945,1.091,+0.80%,230314
2016-09-02,136.93,138.818,136.9,138.003,1.058,+0.77%,247521
2016-09-05,138.216,138.47,137.318,137.562,-0.441,-0.32%,186519
2016-09-06,137.528,138.31,136.862,137.073,-0.489,-0.36%,233936
2016-09-07,137.08,137.113,135.385,135.704,-1.369,-1.00%,257771
2016-09-08,135.688,136.427,135.012,136.111,0.407,+0.30%,244494
2016-09-09,136.17,137.129,135.732,136.124,0.013,+0.01%,260252
2016-09-12,136.28,136.284,135.074,135.8,-0.324,-0.24%,256805
2016-09-13,135.81,136.071,134.462,135.246,-0.554,-0.41%,272734
2016-09-14,135.259,136.619,134.884,135.506,0.26,+0.19%,264821
2016-09-15,135.502,136.126,134.648,135.088,-0.418,-0.31%,282816
2016-09-16,135.065,135.237,132.838,132.838,-2.25,-1.67%,239762
2016-09-19,132.872,133.469,132.437,132.78,-0.058,-0.04%,187483
2016-09-20,132.76,133.099,131.642,132.062,-0.718,-0.54%,211974
2016-09-21,132.08,133.254,130.403,130.696,-1.366,-1.03%,376566
2016-09-22,130.72,132.26,130.541,131.688,0.992,+0.76%,232459
2016-09-23,131.7,132.268,130.442,130.748,-0.94,-0.71%,240221
2016-09-26,131.096,131.225,129.692,130.126,-0.622,-0.48%,199070
2016-09-27,130.132,131.21,129.634,130.755,0.629,+0.48%,246452
2016-09-28,130.736,131.276,130.474,131.023,0.268,+0.20%,210735
2016-09-29,131.018,132.429,130.677,130.974,-0.049,-0.04%,223315
2016-09-30,130.945,131.941,130.421,131.35,0.376,+0.29%,266573
2016-10-03,130.579,131.456,130.075,130.46,-0.89,-0.68%,214764
2016-10-04,130.477,131.347,130.264,130.928,0.468,+0.36%,272386
2016-10-05,130.949,132.225,130.497,131.918,0.99,+0.76%,216465
2016-10-06,131.888,132.065,131.073,131.116,-0.802,-0.61%,189973
2016-10-07,131.086,131.251,122.251,127.905,-3.211,-2.45%,399616
2016-10-10,127.96,128.601,127.473,128.036,0.131,+0.10%,187259
2016-10-11,128.026,128.362,124.83,125.44,-2.596,-2.03%,270521
2016-10-12,125.398,127.699,125.293,126.925,1.485,+1.18%,345938
2016-10-13,126.944,127.464,125.915,127.059,0.134,+0.11%,294837
2016-10-14,127.058,127.916,126.673,126.736,-0.323,-0.25%,269106
2016-10-17,126.63,127.06,126.276,126.547,-0.189,-0.15%,220691
2016-10-18,126.529,128.142,126.427,127.699,1.152,+0.91%,222697
2016-10-19,127.7,127.883,126.607,127.026,-0.673,-0.53%,206091
2016-10-20,127.017,127.581,126.584,127.348,0.322,+0.25%,216458
2016-10-21,127.345,127.674,126.118,126.748,-0.6,-0.47%,204933
2016-10-24,127.09,127.565,126.61,127.472,0.724,+0.57%,181325
2016-10-25,127.44,127.937,126.593,126.993,-0.479,-0.38%,232237
2016-10-26,126.934,127.981,126.625,127.905,0.912,+0.72%,224762
2016-10-27,127.885,128.418,127.416,128,0.095,+0.07%,260023
2016-10-28,128.01,128.278,127.411,127.424,-0.576,-0.45%,294837
2016-10-31,127.89,128.488,126.919,128.255,0.831,+0.65%,207772
2016-11-01,128.254,129.023,127.127,127.489,-0.766,-0.60%,251792
2016-11-02,127.48,127.493,126.728,127.075,-0.414,-0.32%,288319
2016-11-03,127.07,128.902,126.482,128.251,1.176,+0.93%,333130
2016-11-04,128.27,129.446,128.243,129.038,0.787,+0.61%,278666
2016-11-07,129.655,130.231,129.257,129.439,0.401,+0.31%,272283
2016-11-08,129.44,130.348,129.266,130.107,0.668,+0.52%,230426
2016-11-09,130.144,131.71,126.679,131.052,0.945,+0.73%,716035
2016-11-10,131.06,134.319,130.283,134.069,3.017,+2.30%,416386
2016-11-11,133.973,134.9,133.421,134.072,0.003,0.00%,377335
2016-11-14,134.347,135.622,134.125,135.333,1.261,+0.94%,359415
2016-11-15,135.302,136.551,134.169,135.957,0.624,+0.46%,338778
2016-11-16,135.969,136.759,135.622,135.698,-0.259,-0.19%,321090
2016-11-17,135.65,136.895,134.981,136.631,0.933,+0.69%,340756
2016-11-18,136.72,137.579,135.411,136.731,0.1,+0.07%,366377
2016-11-21,137.04,138.859,136.281,138.342,1.611,+1.18%,344446
2016-11-22,138.43,138.829,137.619,138.028,-0.314,-0.23%,312491
2016-11-23,138.025,140.335,137.267,139.852,1.824,+1.32%,279017
2016-11-24,139.837,141.283,139.634,140.999,1.147,+0.82%,240432
2016-11-25,140.996,141.735,139.955,140.998,-0.001,0.00%,283613
2016-11-28,141.1,141.101,138.86,138.923,-2.075,-1.47%,354656
2016-11-29,138.925,141.365,138.505,140.338,1.415,+1.02%,253134
2016-11-30,140.36,143.249,139.972,143.061,2.723,+1.94%,344533
2016-12-01,143.034,145.188,142.638,143.608,0.547,+0.38%,329627
2016-12-02,143.533,144.654,142.905,144.285,0.677,+0.47%,306056
2016-12-05,143.79,146.028,142.526,144.884,0.599,+0.42%,364960
2016-12-06,144.808,145.618,144.163,144.484,-0.4,-0.28%,258499
2016-12-07,144.477,144.786,142.994,143.563,-0.921,-0.64%,246351
2016-12-08,143.605,144.44,143.096,143.399,-0.164,-0.11%,320956
2016-12-09,143.47,145.108,143.358,144.755,1.356,+0.95%,266807
2016-12-12,144.87,146.372,144.87,145.75,0.995,+0.69%,288779
2016-12-13,145.757,146.695,145.494,145.772,0.022,+0.02%,283391
2016-12-14,145.776,147.282,145.187,146.976,1.204,+0.83%,303615
2016-12-15,146.955,148.449,146.34,146.685,-0.291,-0.20%,431046
2016-12-16,146.656,147.3,146.257,147.145,0.46,+0.31%,336225
2016-12-19,147.12,147.278,144.527,145.071,-2.074,-1.41%,302489
2016-12-20,145.09,146.349,144.915,145.703,0.632,+0.44%,307241
2016-12-21,145.657,145.865,144.885,145.179,-0.524,-0.36%,249217
2016-12-22,145.196,145.569,144.301,144.301,-0.878,-0.60%,229299
2016-12-23,144.25,144.488,143.497,143.891,-0.41,-0.28%,139416
2016-12-26,144.04,144.19,143.341,143.742,-0.149,-0.10%,64132
2016-12-27,143.849,144.254,143.584,143.989,0.247,+0.17%,123647
2016-12-28,143.95,144.688,143.005,143.302,-0.687,-0.48%,168577
2016-12-29,143.323,143.324,142.167,142.811,-0.491,-0.34%,198557
2016-12-30,142.89,144.608,142.687,144.112,1.301,+0.91%,244036
2017-01-02,144.27,144.968,143.878,144.211,0.099,+0.07%,78750
2017-01-03,144.215,145.388,143.524,144.058,-0.153,-0.11%,221085
2017-01-04,144.016,144.929,143.692,144.42,0.362,+0.25%,231931
2017-01-05,144.45,144.642,142.492,143.163,-1.257,-0.87%,315966
2017-01-06,143.101,144.039,142.972,143.541,0.378,+0.26%,263060
2017-01-09,143.41,143.848,141.053,141.063,-2.478,-1.73%,245906
2017-01-10,141.047,141.44,140.181,140.922,-0.141,-0.10%,272538
2017-01-11,140.942,141.468,139.946,140.905,-0.017,-0.01%,305519
2017-01-12,140.91,140.975,138.92,139.468,-1.437,-1.02%,331918
2017-01-13,139.48,140.569,139.157,139.266,-0.202,-0.14%,277780
2017-01-16,136.857,138.143,136.457,137.475,-1.791,-1.29%,343556
2017-01-17,137.476,140.123,137.057,139.712,2.237,+1.63%,455514
2017-01-18,139.738,140.668,139.134,140.478,0.766,+0.55%,390551
2017-01-19,140.447,142.166,140.359,141.723,1.245,+0.89%,404413
2017-01-20,141.736,142.064,141.167,141.772,0.049,+0.03%,407658
2017-01-23,141.44,142.024,140.76,141.215,-0.557,-0.39%,396222
2017-01-24,141.208,142.501,140.775,142.435,1.22,+0.86%,360279
2017-01-25,142.435,143.703,141.824,143.063,0.628,+0.44%,363882
2017-01-26,143.094,144.52,142.886,144.219,1.156,+0.81%,397073
2017-01-27,144.204,144.777,144.014,144.375,0.156,+0.11%,345767
2017-01-30,144.286,144.61,141.666,141.986,-2.389,-1.65%,339322
2017-01-31,142,142.456,140.488,141.836,-0.15,-0.11%,437068
2017-02-01,141.88,144.095,141.647,143.259,1.423,+1.00%,382807
2017-02-02,143.254,143.524,140.761,141.253,-2.006,-1.40%,332797
2017-02-03,141.22,141.969,140.376,140.475,-0.778,-0.55%,359534
2017-02-06,140.472,140.754,139.212,139.255,-1.22,-0.87%,329375
2017-02-07,139.234,140.588,138.539,140.525,1.27,+0.91%,355848
2017-02-08,140.531,140.676,139.801,140.348,-0.177,-0.13%,340026
2017-02-09,140.348,141.802,140.049,141.441,1.093,+0.78%,317777
2017-02-10,141.51,142.366,141.061,141.113,-0.328,-0.23%,335083
2017-02-13,141.735,142.616,141.39,142.431,1.318,+0.93%,296406
2017-02-14,142.41,142.71,141.035,142.382,-0.049,-0.03%,316002
2017-02-15,142.365,142.798,141.835,142.215,-0.167,-0.12%,328235
2017-02-16,142.185,142.454,141.254,141.39,-0.825,-0.58%,318843
2017-02-17,141.365,141.943,139.628,139.929,-1.461,-1.03%,298879
2017-02-20,139.989,141.256,139.983,140.868,0.939,+0.67%,223379
2017-02-21,140.869,141.86,140.854,141.756,0.888,+0.63%,279986
2017-02-22,141.76,142.031,140.475,140.997,-0.759,-0.54%,314033
2017-02-23,141.007,141.543,140.684,141.352,0.355,+0.25%,294706
2017-02-24,141.335,141.763,139.411,139.62,-1.732,-1.23%,295514
2017-02-27,139.767,140.366,139.004,140.166,0.546,+0.39%,315556
2017-02-28,140.099,140.317,138.828,139.571,-0.595,-0.42%,308972
2017-03-01,139.598,140.728,139.548,139.776,0.205,+0.15%,365559
2017-03-02,139.78,140.735,139.763,140.317,0.541,+0.39%,301949
2017-03-03,140.33,140.495,139.601,140.105,-0.212,-0.15%,304678
2017-03-06,139.86,140.306,139.276,139.324,-0.781,-0.56%,249677
2017-03-07,139.317,139.628,138.727,139.017,-0.307,-0.22%,245033
2017-03-08,138.992,139.656,138.436,139.047,0.03,+0.02%,272821
2017-03-09,139.053,140.014,139.047,139.796,0.749,+0.54%,318824
2017-03-10,139.8,140.534,139.481,139.481,-0.315,-0.23%,306192
2017-03-13,139.467,140.488,139.369,140.338,0.857,+0.61%,277518
2017-03-14,140.317,140.414,139.153,139.403,-0.935,-0.67%,271068
2017-03-15,139.389,140.59,139.175,139.324,-0.079,-0.06%,286536
2017-03-16,139.343,140.179,138.557,140.015,0.691,+0.50%,359819
2017-03-17,140.016,140.461,139.154,139.639,-0.376,-0.27%,299084
2017-03-20,139.73,140.134,138.89,139.068,-0.571,-0.41%,231934
2017-03-21,139.082,140.404,138.926,139.381,0.313,+0.23%,308963
2017-03-22,139.36,139.498,137.843,138.743,-0.638,-0.46%,315359
2017-03-23,138.76,139.323,138.296,138.881,0.138,+0.10%,361107
2017-03-24,138.895,139.15,138.304,138.836,-0.045,-0.03%,333330
2017-03-27,138.343,139.103,138.042,138.959,0.123,+0.09%,324968
2017-03-28,138.943,139.39,138.044,138.306,-0.653,-0.47%,300068
2017-03-29,138.214,138.5,137.517,138.044,-0.262,-0.19%,348322
2017-03-30,138.03,139.596,137.744,139.51,1.466,+1.06%,306439
2017-03-31,139.479,140.085,138.975,139.669,0.159,+0.11%,349667
2017-04-03,139.601,139.896,138.305,138.421,-1.248,-0.89%,279867
2017-04-04,138.45,138.482,137.084,137.74,-0.681,-0.49%,293507
2017-04-05,137.719,139.019,137.452,138.17,0.43,+0.31%,334639
2017-04-06,138.149,138.707,137.72,138.142,-0.028,-0.02%,327476
2017-04-07,138.14,138.336,136.998,137.321,-0.821,-0.59%,389497
2017-04-10,137.422,138.257,137.402,137.687,0.366,+0.27%,247791
2017-04-11,137.7,137.727,136.859,136.899,-0.788,-0.57%,280221
2017-04-12,136.897,137.331,136.521,136.648,-0.251,-0.18%,409251
2017-04-13,136.625,137.107,136.327,136.362,-0.286,-0.21%,311397
2017-04-14,136.346,136.609,135.877,135.877,-0.485,-0.36%,84639
2017-04-17,136.33,136.971,135.595,136.811,0.934,+0.69%,216542
2017-04-18,136.815,139.806,136.14,139.184,2.373,+1.73%,379231
2017-04-19,139.174,140.182,138.927,139.049,-0.135,-0.10%,326834
2017-04-20,139.033,140.335,139.01,140.037,0.988,+0.71%,283128
2017-04-21,140.05,140.146,139.229,139.64,-0.397,-0.28%,269405
2017-04-24,141.652,142.068,140.192,140.423,0.783,+0.56%,314599
2017-04-25,140.411,142.647,140.05,142.585,2.162,+1.54%,280091
2017-04-26,142.584,143.487,142.341,142.664,0.079,+0.06%,330477
2017-04-27,142.639,143.885,142.581,143.539,0.875,+0.61%,291475
2017-04-28,143.53,144.493,143.299,144.347,0.808,+0.56%,362709
2017-05-01,143.99,144.613,143.795,144.086,-0.261,-0.18%,258566
2017-05-02,144.083,145.107,144.055,144.885,0.799,+0.55%,310140
2017-05-03,144.882,145.35,144.511,145.072,0.187,+0.13%,322737
2017-05-04,145.05,145.721,144.652,145.309,0.237,+0.16%,316828
2017-05-05,145.31,146.424,144.804,146.221,0.912,+0.63%,266367
2017-05-08,146.468,146.666,145.656,146.488,0.267,+0.18%,267599
2017-05-09,146.493,147.873,146.441,147.376,0.888,+0.61%,295502
2017-05-10,147.388,148.102,147.118,147.82,0.444,+0.30%,303205
2017-05-11,147.795,147.918,146.178,146.704,-1.116,-0.75%,292103
2017-05-12,146.7,146.79,145.797,146.056,-0.648,-0.44%,269674
2017-05-15,145.912,146.993,145.687,146.694,0.638,+0.44%,259704
2017-05-16,146.656,147.108,145.832,146.028,-0.666,-0.45%,302119
2017-05-17,146.085,146.097,143.63,143.683,-2.345,-1.61%,359670
2017-05-18,143.691,144.793,143.379,144.173,0.49,+0.34%,457296
2017-05-19,144.101,145.372,143.822,144.932,0.759,+0.53%,278786
2017-05-22,144.586,145.079,144.027,144.625,-0.307,-0.21%,274530
2017-05-23,144.692,145.109,143.76,144.828,0.203,+0.14%,327109
2017-05-24,144.814,145.403,144.503,144.602,-0.226,-0.16%,492481
2017-05-25,144.62,145.423,144.548,144.698,0.096,+0.07%,417128
2017-05-26,144.681,144.731,142.127,142.488,-2.21,-1.53%,459970
2017-05-29,142.377,143.076,142.328,142.812,0.324,+0.23%,306183
2017-05-30,142.829,143.089,141.822,142.508,-0.304,-0.21%,454497
2017-05-31,142.509,142.905,141.486,142.758,0.25,+0.18%,538652
2017-06-01,142.745,143.698,142.514,143.417,0.659,+0.46%,477356
2017-06-02,143.42,143.944,142.026,142.262,-1.155,-0.81%,461895
2017-06-05,141.89,143.095,141.852,142.497,0.235,+0.17%,363008
2017-06-06,142.502,142.642,140.713,141.195,-1.302,-0.91%,465488
2017-06-07,141.217,142.372,140.743,142.278,1.083,+0.77%,477178
2017-06-08,142.262,142.757,140.849,140.855,-1.423,-1.00%,481982
2017-06-09,140.898,141.134,139.531,140.499,-0.356,-0.25%,692775
2017-06-12,140.282,140.794,138.668,139.152,-1.347,-0.96%,474147
2017-06-13,139.142,140.387,138.958,140.343,1.191,+0.86%,438799
2017-06-14,140.329,140.897,139.129,139.68,-0.663,-0.47%,652462
2017-06-15,139.696,141.578,139.193,141.439,1.759,+1.26%,618193
2017-06-16,141.415,142.327,141.345,141.576,0.137,+0.10%,513133
2017-06-19,141.463,142.328,141.366,142.025,0.449,+0.32%,425660
2017-06-20,142.008,142.535,140.581,140.72,-1.305,-0.92%,513694
2017-06-21,140.756,141.753,139.841,141.11,0.39,+0.28%,514313
2017-06-22,141.133,141.229,140.469,141.165,0.055,+0.04%,461834
2017-06-23,141.179,141.881,141.012,141.471,0.306,+0.22%,417225
2017-06-26,141.58,142.361,141.509,142.263,0.792,+0.56%,410308
2017-06-27,142.246,144.131,141.961,143.919,1.656,+1.16%,524070
2017-06-28,143.93,145.514,143.262,145.1,1.181,+0.82%,631828
2017-06-29,145.137,146.526,145.1,145.868,0.768,+0.53%,636339
2017-06-30,145.856,146.536,145.135,146.286,0.418,+0.29%,613479
2017-07-03,145.682,146.911,145.622,146.644,0.358,+0.24%,483185
2017-07-04,146.632,146.834,145.98,146.272,-0.372,-0.25%,490417
2017-07-05,146.245,146.796,146.006,146.461,0.189,+0.13%,521666
2017-07-06,146.438,147.251,146.045,146.802,0.341,+0.23%,535573
2017-07-07,146.82,147.604,146.464,146.747,-0.055,-0.04%,552031
2017-07-10,146.597,147.448,146.597,146.872,0.125,+0.09%,436894
2017-07-11,146.87,147.765,146.192,146.331,-0.541,-0.37%,506763
2017-07-12,146.308,146.42,145.262,145.738,-0.593,-0.41%,625629
2017-07-13,145.76,146.846,145.546,146.499,0.761,+0.52%,598725
2017-07-14,146.483,147.53,146.008,147.368,0.869,+0.59%,563193
2017-07-17,147.382,147.602,146.753,146.996,-0.372,-0.25%,457375
2017-07-18,146.964,147.317,145.395,146.094,-0.902,-0.61%,624434
2017-07-19,146.066,146.319,145.256,145.737,-0.357,-0.24%,504925
2017-07-20,145.79,146.268,144.692,145.122,-0.615,-0.42%,679471
2017-07-21,145.115,145.323,144.055,144.376,-0.746,-0.51%,529383
2017-07-24,144.358,144.981,144.025,144.718,0.342,+0.24%,488421
2017-07-25,144.717,145.884,144.461,145.707,0.989,+0.68%,559758
2017-07-26,145.71,146.402,145.503,145.752,0.045,+0.03%,633013
2017-07-27,145.749,146.551,145.131,145.327,-0.425,-0.29%,775218
2017-07-28,145.299,145.769,145.011,145.322,-0.005,0.00%,712947
2017-07-31,145.217,145.828,144.814,145.671,0.349,+0.24%,552411
2017-08-01,145.644,146.161,145.402,145.684,0.013,+0.01%,611201
2017-08-02,145.676,146.747,145.601,146.341,0.657,+0.45%,571802
2017-08-03,146.361,146.782,144.385,144.515,-1.826,-1.25%,454437
2017-08-04,144.513,145.172,144.206,144.218,-0.297,-0.21%,483218
2017-08-07,144.285,144.712,144.183,144.283,0.065,+0.05%,353036
2017-08-08,144.272,144.457,143.201,143.298,-0.985,-0.68%,438789
2017-08-09,143.293,143.366,142.277,143.085,-0.213,-0.15%,583839
2017-08-10,143.071,143.328,141.639,141.663,-1.422,-0.99%,568789
2017-08-11,141.672,142.074,141.248,141.981,0.318,+0.22%,568779
2017-08-14,141.903,142.734,141.699,142.094,0.113,+0.08%,448045
2017-08-15,142.07,143.187,141.972,142.382,0.288,+0.20%,543957
2017-08-16,142.367,143.091,141.738,142.028,-0.354,-0.25%,470483
2017-08-17,142.035,142.06,140.851,140.951,-1.077,-0.76%,550810
2017-08-18,140.937,141.094,139.79,140.468,-0.483,-0.34%,574887
2017-08-21,140.571,140.838,140.106,140.551,0.083,+0.06%,415184
2017-08-22,140.54,141.034,140.059,140.472,-0.079,-0.06%,392109
2017-08-23,140.48,140.786,139.435,139.562,-0.91,-0.65%,430789
2017-08-24,139.542,140.428,139.304,140.206,0.644,+0.46%,411167
2017-08-25,140.21,140.835,140.138,140.786,0.58,+0.41%,449595
2017-08-28,141.25,141.409,140.433,141.257,0.471,+0.33%,328960
2017-08-29,141.27,141.988,140.001,141.639,0.382,+0.27%,618732
2017-08-30,141.608,142.769,141.524,142.463,0.824,+0.58%,474066
2017-08-31,142.441,142.898,141.653,142.081,-0.382,-0.27%,500502
2017-09-01,141.927,142.989,141.837,142.744,0.663,+0.47%,443620
2017-09-04,141.766,142.485,141.579,141.841,-0.903,-0.63%,357157
2017-09-05,141.706,141.922,141.197,141.784,-0.057,-0.04%,508390
2017-09-06,141.79,142.678,141.367,142.41,0.626,+0.44%,480301
2017-09-07,142.423,142.673,141.482,142.042,-0.368,-0.26%,513378
2017-09-08,142.07,142.5,141.342,142.245,0.203,+0.14%,554068
2017-09-11,142.697,144.167,142.53,143.954,1.709,+1.20%,397012
2017-09-12,143.929,146.524,143.898,146.31,2.356,+1.64%,383794
2017-09-13,146.217,146.658,145.744,145.921,-0.389,-0.27%,429165
2017-09-14,145.896,148.338,145.28,147.65,1.729,+1.18%,539962
2017-09-15,147.651,151.534,146.617,150.663,3.013,+2.04%,584139
2017-09-18,150.562,151.508,150.142,150.518,-0.145,-0.10%,401040
2017-09-19,150.53,151.584,150.132,150.619,0.101,+0.07%,478852
2017-09-20,150.583,152.08,150.465,151.395,0.776,+0.52%,504132
2017-09-21,151.393,152.853,151.371,152.65,1.255,+0.83%,480770
2017-09-22,152.618,152.767,150.667,151.081,-1.569,-1.03%,478218
2017-09-25,151.54,152.265,149.745,150.419,-0.662,-0.44%,467991
2017-09-26,150.379,151.064,149.983,151.006,0.587,+0.39%,465212
2017-09-27,151.03,151.596,150.554,150.988,-0.018,-0.01%,522872
2017-09-28,150.983,151.575,150.465,150.977,-0.011,-0.01%,482825
2017-09-29,150.97,151.269,150.198,150.585,-0.392,-0.26%,457160
2017-10-02,150.864,150.983,149.275,149.66,-0.925,-0.61%,396522
2017-10-03,149.642,150.236,149.294,149.339,-0.321,-0.21%,384694
2017-10-04,149.34,149.898,149.035,149.343,0.004,0.00%,381254
2017-10-05,149.34,149.45,147.679,148,-1.343,-0.90%,361338
2017-10-06,147.98,148.024,147.036,147.073,-0.927,-0.63%,491120
2017-10-09,147.581,148.543,146.94,148.042,0.969,+0.66%,266107
2017-10-10,148.031,148.511,147.752,148.448,0.406,+0.27%,389109
2017-10-11,148.43,148.844,147.837,148.673,0.225,+0.15%,348751
2017-10-12,148.716,149.126,147.294,148.863,0.19,+0.13%,419958
2017-10-13,148.855,149.258,148.448,148.448,-0.415,-0.28%,425383
2017-10-16,148.62,148.949,148.181,148.655,0.207,+0.14%,331574
2017-10-17,148.659,149.053,147.787,147.977,-0.678,-0.46%,387544
2017-10-18,147.97,149.12,147.885,149.102,1.125,+0.76%,394629
2017-10-19,149.104,149.43,147.911,148.041,-1.061,-0.71%,458863
2017-10-20,148.048,149.819,147.989,149.598,1.557,+1.05%,464049
2017-10-23,150.096,150.483,149.48,149.675,0.077,+0.05%,392559
2017-10-24,149.653,150.085,149.127,149.524,-0.151,-0.10%,386569
2017-10-25,149.555,151.387,149.279,150.755,1.231,+0.82%,520700
2017-10-26,150.754,150.893,149.761,149.968,-0.787,-0.52%,488831
2017-10-27,149.99,150.035,148.974,149.112,-0.856,-0.57%,447883
2017-10-30,149.27,150.008,149.176,149.464,0.352,+0.24%,363391
2017-10-31,149.467,151.058,149.185,150.929,1.465,+0.98%,390709
2017-11-01,150.925,151.909,150.908,151.191,0.262,+0.17%,556334
2017-11-02,151.194,151.463,148.679,148.966,-2.225,-1.47%,566424
2017-11-03,148.95,149.517,148.698,149.134,0.168,+0.11%,365313
2017-11-06,149.036,149.89,148.976,149.731,0.597,+0.40%,366681
2017-11-07,149.736,150.316,149.662,150.06,0.329,+0.22%,380308
2017-11-08,150.06,150.119,148.547,149.312,-0.748,-0.50%,361259
2017-11-09,149.3,149.69,148.449,149.147,-0.165,-0.11%,463339
2017-11-10,149.145,149.992,148.838,149.678,0.531,+0.36%,372932
2017-11-13,149.606,149.671,148.052,148.996,-0.682,-0.46%,363032
2017-11-14,148.999,149.536,148.617,149.34,0.344,+0.23%,381094
2017-11-15,149.33,149.364,148.135,148.64,-0.7,-0.47%,496114
2017-11-16,148.605,149.451,148.511,149.137,0.497,+0.33%,421379
2017-11-17,149.143,149.311,147.932,147.994,-1.143,-0.77%,462316
2017-11-20,148.03,149.225,147.63,149.009,1.015,+0.69%,444410
2017-11-21,149.023,149.365,148.627,148.825,-0.184,-0.12%,368537
2017-11-22,148.84,148.966,148.019,148.101,-0.724,-0.49%,419489
2017-11-23,148.109,148.471,147.81,147.974,-0.127,-0.09%,278111
2017-11-24,147.947,148.975,147.87,148.592,0.618,+0.42%,346278
2017-11-27,148.391,148.861,147.831,148.066,-0.526,-0.35%,371022
2017-11-28,148.08,149.271,146.978,148.653,0.587,+0.40%,511905
2017-11-29,148.68,150.422,148.63,150.046,1.393,+0.94%,460303
2017-11-30,150.05,152.402,149.978,152.185,2.139,+1.43%,558674
2017-12-01,152.213,152.478,150.587,151.042,-1.143,-0.75%,543670
2017-12-04,151.734,152.942,151.264,151.509,0.467,+0.31%,320709
2017-12-05,151.51,151.809,150.527,151.335,-0.174,-0.11%,269255
2017-12-06,151.32,151.381,149.758,150.334,-1.001,-0.66%,279216
2017-12-07,150.347,152.455,150.136,152.332,1.998,+1.33%,276548
2017-12-08,152.28,153.404,151.629,151.752,-0.58,-0.38%,268584
2017-12-11,151.819,152.33,151.232,151.444,-0.308,-0.20%,203430
2017-12-12,151.432,151.753,151.026,151.186,-0.258,-0.17%,213728
2017-12-13,151.193,151.513,150.471,150.978,-0.208,-0.14%,276978
2017-12-14,150.97,151.851,150.419,150.908,-0.07,-0.05%,289756
2017-12-15,150.915,151.012,149.408,150.042,-0.866,-0.57%,261055
2017-12-18,150.049,151.019,149.766,150.59,0.548,+0.37%,226769
2017-12-19,150.604,151.255,150.387,151.071,0.481,+0.32%,253998
2017-12-20,151.06,151.997,151.059,151.63,0.559,+0.37%,184289
2017-12-21,151.659,151.913,151.284,151.661,0.031,+0.02%,206626
2017-12-22,151.633,151.852,151.189,151.262,-0.399,-0.26%,247996
2017-12-25,151.53,151.668,150.97,151.306,0.044,+0.03%,15447
2017-12-26,151.33,151.575,151.183,151.406,0.1,+0.07%,141618
2017-12-27,151.428,152.082,151.323,151.737,0.331,+0.22%,204281
2017-12-28,151.606,151.975,151.478,151.633,-0.104,-0.07%,242386
2017-12-29,151.665,152.499,151.523,152.07,0.437,+0.29%,269303
2018-01-01,152.23,152.333,151.783,152.153,0.083,+0.05%,6052
2018-01-02,152.16,152.729,151.861,152.523,0.37,+0.24%,261583
2018-01-03,152.515,152.817,151.765,152.008,-0.515,-0.34%,222653
2018-01-04,152.039,152.96,151.963,152.736,0.728,+0.48%,265690
2018-01-05,152.721,153.614,152.692,153.293,0.557,+0.36%,273069
2018-01-08,153.309,153.663,152.871,153.404,0.111,+0.07%,184452
2018-01-09,153.389,153.568,151.954,152.507,-0.897,-0.58%,241656
2018-01-10,152.488,152.595,150.356,150.482,-2.025,-1.33%,302915
2018-01-11,150.441,150.992,150.193,150.559,0.077,+0.05%,294400
2018-01-12,150.59,152.624,150.486,152.322,1.763,+1.17%,323952
2018-01-15,152.593,152.799,151.925,152.422,0.1,+0.07%,270871
2018-01-16,152.47,153.094,152.046,152.287,-0.135,-0.09%,277147
2018-01-17,152.299,154.26,152.136,153.847,1.56,+1.02%,340590
2018-01-18,153.88,154.578,153.628,154.319,0.472,+0.31%,303732
2018-01-19,154.33,154.404,153.118,153.31,-1.009,-0.65%,295648
2018-01-22,153.611,155.246,153.447,155.068,1.758,+1.15%,244171
2018-01-23,155.064,155.391,153.732,154.386,-0.682,-0.44%,304410
2018-01-24,154.378,155.683,154.12,155.482,1.096,+0.71%,398922
2018-01-25,155.482,156.072,154.423,154.624,-0.858,-0.55%,530025
2018-01-26,154.658,155.846,153.424,153.659,-0.965,-0.62%,437974
2018-01-29,153.663,154.017,152.821,153.326,-0.333,-0.22%,350906
2018-01-30,153.279,154.068,151.97,153.843,0.517,+0.34%,380229
2018-01-31,153.89,155.335,153.542,154.912,1.069,+0.69%,434914
2018-02-01,154.771,156.437,154.745,155.979,1.067,+0.69%,384540
2018-02-02,155.861,156.605,155.407,155.41,-0.569,-0.36%,436549
2018-02-05,155.285,155.532,152.177,152.199,-3.211,-2.07%,436408
2018-02-06,152.187,152.904,151.198,152.778,0.579,+0.38%,676327
2018-02-07,152.77,153.104,151.323,151.699,-1.079,-0.71%,456011
2018-02-08,151.74,154.03,150.879,151.256,-0.443,-0.29%,636326
2018-02-09,151.253,152.749,148.927,150.37,-0.886,-0.59%,691472
2018-02-12,150.22,150.817,149.667,150.303,-0.067,-0.04%,355658
2018-02-13,150.306,150.615,148.974,149.754,-0.549,-0.37%,370908
2018-02-14,149.731,150.015,147.98,149.754,0,0.00%,447876
2018-02-15,149.787,150.175,148.933,149.59,-0.164,-0.11%,432928
2018-02-16,149.61,149.958,148.797,148.985,-0.605,-0.40%,375564
2018-02-19,148.974,149.469,148.873,149.247,0.262,+0.18%,233096
2018-02-20,149.19,150.374,149.076,150.192,0.945,+0.63%,313541
2018-02-21,150.19,150.927,149.434,149.96,-0.232,-0.15%,357477
2018-02-22,149.958,149.975,148.537,148.934,-1.026,-0.68%,352117
2018-02-23,148.78,149.512,148.641,149.21,0.276,+0.19%,293228
2018-02-26,149.403,150.008,148.995,149.284,0.074,+0.05%,296565
2018-02-27,149.276,149.809,148.841,149.256,-0.028,-0.02%,342954
2018-02-28,149.25,149.512,146.722,146.73,-2.526,-1.69%,345481
2018-03-01,146.705,147.451,146.01,146.308,-0.422,-0.29%,453929
2018-03-02,146.301,146.44,144.987,145.847,-0.461,-0.32%,431239
2018-03-05,145.605,147.116,145.082,147.055,1.208,+0.83%,383423
2018-03-06,147.06,148.007,146.549,147.358,0.303,+0.21%,355907
2018-03-07,147.377,147.564,146.229,147.322,-0.036,-0.02%,423783
2018-03-08,147.366,147.659,146.41,146.624,-0.698,-0.47%,369765
2018-03-09,146.663,148.543,146.577,147.879,1.255,+0.86%,358901
2018-03-12,147.81,148.207,147.413,147.953,0.074,+0.05%,260240
2018-03-13,147.95,149.362,147.759,148.742,0.789,+0.53%,340724
2018-03-14,148.78,149.16,147.764,148.422,-0.32,-0.22%,326670
2018-03-15,148.4,148.489,147.443,148.169,-0.253,-0.17%,334794
2018-03-16,148.175,148.236,147.248,147.673,-0.496,-0.33%,305858
2018-03-19,147.529,149.681,147.04,148.765,1.092,+0.74%,422401
2018-03-20,148.774,149.783,148.566,149.111,0.346,+0.23%,394243
2018-03-21,149.113,150.285,148.95,149.941,0.83,+0.56%,318321
2018-03-22,149.943,150.141,148.293,148.374,-1.567,-1.05%,440943
2018-03-23,148.38,148.954,147.669,147.956,-0.418,-0.28%,457945
2018-03-26,147.987,150.101,147.872,149.955,1.999,+1.35%,304939
2018-03-27,149.962,150.492,148.933,149.073,-0.882,-0.59%,329387
2018-03-28,149.04,150.584,149.012,150.359,1.286,+0.86%,369290
2018-03-29,150.38,150.458,149.034,149.163,-1.196,-0.80%,417494
2018-03-30,149.163,149.443,148.831,148.837,-0.326,-0.22%,185194
2018-04-02,149.16,149.669,148.386,148.65,-0.187,-0.13%,195723
2018-04-03,148.653,149.944,148.489,149.821,1.171,+0.79%,296254
2018-04-04,149.81,150.421,148.801,150.31,0.489,+0.33%,340857
2018-04-05,150.34,150.683,149.96,150.343,0.033,+0.02%,311064
2018-04-06,150.36,151.21,149.881,150.59,0.247,+0.16%,428006
2018-04-09,150.594,151.488,150.487,150.835,0.245,+0.16%,295188
2018-04-10,150.85,152.13,150.704,151.948,1.113,+0.74%,364733
2018-04-11,151.96,152.241,151.278,151.35,-0.598,-0.39%,317024
2018-04-12,151.36,152.872,151.168,152.627,1.277,+0.84%,311949
2018-04-13,152.62,153.844,152.577,152.725,0.098,+0.06%,278298
2018-04-16,153.173,153.751,152.651,153.558,0.833,+0.55%,246899
2018-04-17,153.516,153.751,152.779,152.847,-0.711,-0.46%,256222
2018-04-18,152.884,153.626,152.054,152.274,-0.573,-0.37%,261839
2018-04-19,152.26,152.952,151.085,151.205,-1.069,-0.70%,325305
2018-04-20,151.2,151.695,150.598,150.624,-0.581,-0.38%,299932
2018-04-23,150.981,151.636,150.736,151.504,0.88,+0.58%,260036
2018-04-24,151.514,152.576,151.4,152.052,0.548,+0.36%,325944
2018-04-25,152.08,152.558,152.048,152.394,0.342,+0.22%,316284
2018-04-26,152.4,152.72,151.97,152.059,-0.335,-0.22%,385720
2018-04-27,152.053,152.274,150.157,150.238,-1.821,-1.20%,391342
2018-04-30,150.179,150.791,149.837,150.423,0.185,+0.12%,272647
2018-05-01,150.446,150.629,149.154,149.557,-0.866,-0.58%,324098
2018-05-02,149.54,150.118,149.004,149.073,-0.484,-0.32%,318906
2018-05-03,149.073,149.461,147.614,148.191,-0.882,-0.59%,315885
2018-05-04,148.192,148.268,147.082,147.564,-0.627,-0.42%,256827
2018-05-07,147.717,148.258,147.338,147.881,0.317,+0.21%,191095
2018-05-08,147.875,148.065,147.049,147.819,-0.062,-0.04%,287474
2018-05-09,147.817,149.191,147.708,148.588,0.769,+0.52%,300303
2018-05-10,148.585,149.293,147.49,147.855,-0.733,-0.49%,370364
2018-05-11,147.85,148.483,147.58,148.036,0.181,+0.12%,257045
2018-05-14,148.032,149.063,147.97,148.621,0.585,+0.40%,209872
2018-05-15,148.63,149.191,148.381,148.912,0.291,+0.20%,298942
2018-05-16,148.719,149.055,148.184,148.824,-0.088,-0.06%,293853
2018-05-17,148.83,149.83,148.712,149.689,0.865,+0.58%,291841
2018-05-18,149.672,150.003,149.043,149.091,-0.598,-0.40%,247905
2018-05-21,149.387,149.643,148.809,149.03,-0.061,-0.04%,227579
2018-05-22,149.046,149.717,148.764,148.908,-0.122,-0.08%,252628
2018-05-23,148.905,148.995,145.944,146.912,-1.996,-1.34%,384117
2018-05-24,146.86,147.259,145.702,146.126,-0.786,-0.54%,358670
2018-05-25,146.14,146.715,145.303,145.401,-0.725,-0.50%,325354
2018-05-28,146.19,146.19,145.318,145.601,0.2,+0.14%,228296
2018-05-29,145.625,145.705,143.192,144.006,-1.595,-1.10%,455490
2018-05-30,144.04,145.02,143.591,144.659,0.653,+0.45%,401573
2018-05-31,144.672,145.309,144.121,144.645,-0.014,-0.01%,371243
2018-06-01,144.647,146.286,144.482,146.11,1.465,+1.01%,335148
2018-06-04,145.96,146.895,145.837,146.152,0.042,+0.03%,260126
2018-06-05,146.147,147.09,146.032,146.965,0.813,+0.56%,288153
2018-06-06,146.97,148.002,146.601,147.749,0.784,+0.53%,277706
2018-06-07,147.76,148.115,146.939,147.222,-0.527,-0.36%,323896
2018-06-08,147.21,147.433,146.093,146.778,-0.444,-0.30%,288461
2018-06-11,146.414,147.841,146.387,147.163,0.385,+0.26%,226768
2018-06-12,147.19,147.982,147.112,147.567,0.404,+0.27%,315816
2018-06-13,147.568,147.889,147.209,147.569,0.002,0.00%,254228
2018-06-14,147.57,147.843,146.654,146.685,-0.884,-0.60%,327349
2018-06-15,146.689,147.061,146.295,146.85,0.165,+0.11%,292727
2018-06-18,146.814,146.997,146.104,146.387,-0.463,-0.32%,214839
2018-06-19,146.384,146.46,144.396,144.964,-1.423,-0.97%,335981
2018-06-20,144.953,145.618,144.582,145.339,0.375,+0.26%,291019
2018-06-21,145.343,146.21,144.595,145.575,0.236,+0.16%,340864
2018-06-22,145.6,146.646,145.47,145.717,0.142,+0.10%,283300
2018-06-25,145.459,146.105,144.692,145.723,0.006,0.00%,289997
2018-06-26,145.724,145.764,144.97,145.452,-0.271,-0.19%,301045
2018-06-27,145.37,145.656,144.523,144.56,-0.892,-0.61%,360264
2018-06-28,144.527,144.673,143.777,144.472,-0.088,-0.06%,343678
2018-06-29,144.47,146.316,144.339,146.114,1.642,+1.14%,372889
2018-07-02,145.55,146.484,145.194,145.713,-0.401,-0.27%,300520
2018-07-03,145.71,146.381,145.279,145.821,0.108,+0.07%,309246
2018-07-04,145.827,146.358,145.569,146.084,0.263,+0.18%,285689
2018-07-05,145.988,146.868,145.835,146.153,0.069,+0.05%,329077
2018-07-06,146.186,146.768,146.02,146.686,0.533,+0.36%,273101
2018-07-09,146.966,147.605,146.174,146.923,0.237,+0.16%,295549
2018-07-10,146.95,147.785,146.814,147.318,0.395,+0.27%,260463
2018-07-11,147.3,148.115,146.794,147.852,0.534,+0.36%,408451
2018-07-12,147.857,148.884,147.776,148.571,0.719,+0.49%,359314
2018-07-13,148.498,148.718,147.644,148.558,-0.013,-0.01%,319271
2018-07-16,148.48,149.307,148.281,148.578,0.02,+0.01%,214105
2018-07-17,148.57,149.086,147.6,147.9,-0.678,-0.46%,311505
2018-07-18,148.012,148.224,146.861,147.433,-0.467,-0.32%,280003
2018-07-19,147.432,147.585,146.178,146.33,-1.103,-0.75%,335556
2018-07-20,146.34,146.657,145.971,146.237,-0.093,-0.06%,361087
2018-07-23,146.044,146.42,145.672,145.823,-0.414,-0.28%,261035
2018-07-24,145.84,146.321,145.45,146.113,0.29,+0.20%,276229
2018-07-25,146.125,146.497,145.778,146.312,0.199,+0.14%,275018
2018-07-26,146.321,146.496,145.751,145.763,-0.549,-0.38%,267050
2018-07-27,145.766,145.807,145.268,145.326,-0.437,-0.30%,216516
2018-07-30,145.36,145.919,145.3,145.799,0.473,+0.33%,188303
2018-07-31,145.789,146.995,145.344,146.747,0.948,+0.65%,251210
2018-08-01,146.808,147.143,146.313,146.621,-0.126,-0.09%,219839
2018-08-02,146.61,146.648,145.005,145.307,-1.314,-0.90%,229283
2018-08-03,145.29,145.539,144.515,144.58,-0.727,-0.50%,213088
2018-08-06,144.492,144.732,144.042,144.163,-0.417,-0.29%,150297
2018-08-07,144.158,144.433,143.809,144.086,-0.077,-0.05%,172449
2018-08-08,144.077,144.272,142.732,142.916,-1.17,-0.81%,186447
2018-08-09,142.971,143.487,142.349,142.432,-0.484,-0.34%,188965
2018-08-10,142.438,142.551,140.99,141.374,-1.058,-0.74%,276052
2018-08-13,140.692,141.829,140.241,141.297,-0.077,-0.05%,261765
2018-08-14,141.299,142.465,141.044,141.346,0.049,+0.03%,245251
2018-08-15,141.337,141.766,139.899,140.574,-0.772,-0.55%,276805
2018-08-16,140.565,141.315,140.206,140.928,0.354,+0.25%,290042
2018-08-17,140.96,141.162,140.268,140.827,-0.101,-0.07%,241982
2018-08-20,140.82,141.213,140.717,140.834,0.007,0.00%,171629
2018-08-21,140.82,142.673,140.665,142.194,1.36,+0.97%,229660
2018-08-22,142.23,142.791,141.997,142.693,0.499,+0.35%,223966
2018-08-23,142.685,143.009,142.425,142.475,-0.218,-0.15%,206290
2018-08-24,142.552,143.233,142.496,142.783,0.308,+0.22%,206530
2018-08-27,142.812,143.278,142.526,143.189,0.406,+0.28%,167421
2018-08-28,143.19,143.663,143.046,143.086,-0.103,-0.07%,214066
2018-08-29,143.11,145.562,142.822,145.459,2.373,+1.66%,264378
2018-08-30,145.459,145.682,144.33,144.344,-1.115,-0.77%,251606
2018-08-31,144.331,144.686,143.503,143.729,-0.615,-0.43%,275811
2018-09-03,143.686,143.713,142.795,142.807,-0.922,-0.64%,199736
2018-09-04,142.75,143.373,142.592,143.118,0.311,+0.22%,252185
2018-09-05,143.152,144.937,142.649,143.917,0.799,+0.56%,281711
2018-09-06,143.904,144.232,142.932,143.16,-0.757,-0.53%,268259
2018-09-07,143.128,144.384,142.609,143.334,0.174,+0.12%,301142
2018-09-10,143.32,145.023,143.07,144.725,1.391,+0.97%,205398
2018-09-11,144.733,145.897,144.44,145.431,0.706,+0.49%,226499
2018-09-12,145.414,145.455,144.674,145.085,-0.346,-0.24%,230229
2018-09-13,145.089,146.81,144.989,146.68,1.595,+1.10%,259714
2018-09-14,146.67,147.01,146.249,146.336,-0.344,-0.23%,254805
2018-09-17,146.32,147.448,146.311,147.03,0.694,+0.47%,190332
2018-09-18,147.01,147.903,146.784,147.709,0.679,+0.46%,264633
2018-09-19,147.709,148.515,147.26,147.502,-0.207,-0.14%,228258
2018-09-20,147.53,149.279,147.345,149.098,1.596,+1.08%,303921
2018-09-21,149.19,149.712,146.993,147.101,-1.997,-1.34%,272930
2018-09-24,146.61,148.296,146.61,147.923,0.822,+0.56%,187411
2018-09-25,147.981,149.008,147.803,148.877,0.954,+0.64%,211697
2018-09-26,148.9,149.087,148.279,148.386,-0.491,-0.33%,230714
2018-09-27,148.391,148.726,147.596,148.227,-0.159,-0.11%,261378
2018-09-28,148.27,148.629,147.549,148.099,-0.128,-0.09%,237520
2018-10-01,148.283,149.175,148.158,148.523,0.424,+0.29%,205644
2018-10-02,148.557,148.718,147.192,147.46,-1.063,-0.72%,244985
2018-10-03,147.465,148.581,147.267,148.164,0.704,+0.48%,272624
2018-10-04,148.154,148.625,147.702,148.258,0.094,+0.06%,295710
2018-10-05,148.27,149.232,148.076,149.03,0.772,+0.52%,329335
2018-10-08,149.305,149.506,147.499,148.197,-0.833,-0.56%,265627
2018-10-09,148.152,148.732,147.348,148.443,0.246,+0.17%,341370
2018-10-10,148.43,149.299,148.041,148.08,-0.363,-0.24%,316373
2018-10-11,148.09,148.769,147.826,148.313,0.233,+0.16%,419169
2018-10-12,148.198,149.003,147.17,147.483,-0.83,-0.56%,356768
2018-10-15,146.823,147.424,146.507,146.98,-0.503,-0.34%,309110
2018-10-16,146.96,148.399,146.826,147.905,0.925,+0.63%,287916
2018-10-17,147.849,148.246,147.051,147.704,-0.201,-0.14%,176313
2018-10-18,147.7,147.755,145.821,146.015,-1.689,-1.14%,188344
2018-10-19,146.002,147.221,145.978,146.975,0.96,+0.66%,184335
2018-10-22,146.792,147.576,146.053,146.2,-0.775,-0.53%,171930
2018-10-23,146.173,146.37,145.312,145.944,-0.256,-0.18%,197461
2018-10-24,145.947,146.298,144.444,144.581,-1.363,-0.93%,203705
2018-10-25,144.57,145.031,144.014,144.041,-0.54,-0.37%,219042
2018-10-26,144.027,144.15,142.794,143.462,-0.579,-0.40%,206127
2018-10-29,143.302,144.393,143.302,143.728,0.266,+0.19%,156831
2018-10-30,143.74,144.38,143.222,143.637,-0.091,-0.06%,159327
2018-10-31,143.69,145.101,143.61,144.148,0.511,+0.36%,167440
2018-11-01,144.139,146.788,144.02,146.545,2.397,+1.66%,199783
2018-11-02,146.59,147.253,146.28,146.702,0.157,+0.11%,171777
2018-11-05,147.53,147.787,146.857,147.487,0.785,+0.54%,142695
2018-11-06,147.458,148.676,147.296,148.531,1.044,+0.71%,182142
2018-11-07,148.511,149.211,148.335,148.972,0.441,+0.30%,234657
2018-11-08,148.994,149.479,148.661,148.96,-0.012,-0.01%,205528
2018-11-09,148.95,149.017,147.497,147.501,-1.459,-0.98%,208336
2018-11-12,146.914,147.572,146.082,146.251,-1.25,-0.85%,216662
2018-11-13,146.239,148.674,145.988,147.582,1.331,+0.91%,235183
2018-11-14,147.647,148.418,146.339,147.537,-0.045,-0.03%,224282
2018-11-15,147.59,147.911,144.271,145.078,-2.459,-1.67%,266704
2018-11-16,145.078,145.442,144.539,144.719,-0.359,-0.25%,225671
2018-11-19,144.622,145.3,144.304,144.583,-0.136,-0.09%,161550
2018-11-20,144.62,144.901,144.025,144.171,-0.412,-0.28%,222329
2018-11-21,144.19,144.885,144.001,144.417,0.246,+0.17%,192055
2018-11-22,144.413,145.929,144.258,145.403,0.986,+0.68%,189358
2018-11-23,145.44,145.524,144.362,144.617,-0.786,-0.54%,165002
2018-11-26,144.73,145.732,144.634,145.446,0.829,+0.57%,172680
2018-11-27,145.409,145.515,144.596,144.963,-0.483,-0.33%,221114
2018-11-28,144.99,145.828,144.852,145.757,0.794,+0.55%,189670
2018-11-29,145.808,145.808,144.515,145.07,-0.687,-0.47%,203407
2018-11-30,145.09,145.284,144.595,144.625,-0.445,-0.31%,218173
2018-12-03,145.344,145.509,144.177,144.566,-0.059,-0.04%,188120
2018-12-04,144.555,144.751,142.875,143.367,-1.199,-0.83%,224302
2018-12-05,143.377,144.535,143.258,144.111,0.744,+0.52%,166773
2018-12-06,144.119,144.152,143.247,143.974,-0.137,-0.10%,220373
2018-12-07,143.99,144.195,143.239,143.331,-0.643,-0.45%,185565
2018-12-10,142.939,143.674,141.217,142.298,-1.033,-0.72%,194351
2018-12-11,142.321,142.905,141.501,141.549,-0.749,-0.53%,219164
2018-12-12,141.54,143.423,141.495,143.027,1.478,+1.04%,254734
2018-12-13,143.011,143.92,142.761,143.615,0.588,+0.41%,194819
2018-12-14,143.731,143.847,142.387,142.615,-1.,-0.70%,203418
2018-12-17,142.78,143.231,142.162,142.319,-0.296,-0.21%,177153
2018-12-18,142.362,142.652,141.932,142.158,-0.161,-0.11%,209929
2018-12-19,142.18,142.52,141.583,141.781,-0.377,-0.27%,168726
2018-12-20,141.769,142.095,140.592,140.822,-0.959,-0.68%,277679
2018-12-21,140.79,141.163,140.245,140.392,-0.43,-0.31%,242184
2018-12-24,140.016,140.853,139.948,140.125,-0.267,-0.19%,200501
2018-12-26,140.215,140.847,139.754,140.548,0.423,+0.30%,61251
2018-12-27,140.008,140.57,139.696,140.276,-0.272,-0.19%,98591
2018-12-28,140.32,140.361,139.491,139.963,-0.313,-0.22%,203141
2018-12-31,140.173,140.869,139.52,139.705,-0.258,-0.18%,180505
2019-01-02,139.81,139.909,137.219,137.224,-2.481,-1.78%,253177
2019-01-03,137.23,137.237,131.773,135.931,-1.293,-0.94%,282059
2019-01-04,135.817,138.284,135.804,137.846,1.915,+1.41%,263933
2019-01-07,138.2,138.903,137.619,138.848,1.002,+0.73%,183293
2019-01-08,138.85,139.412,137.973,138.212,-0.636,-0.46%,196567
2019-01-09,138.208,139.098,137.79,138.288,0.076,+0.05%,236046
2019-01-10,138.27,138.521,137.444,138.167,-0.121,-0.09%,289414
2019-01-11,138.179,139.466,137.646,139.225,1.058,+0.77%,265586
2019-01-14,139.462,140.023,138.598,139.086,-0.139,-0.10%,183496
2019-01-15,139.12,140.424,137.391,139.69,0.604,+0.43%,256440
2019-01-16,139.73,140.693,138.987,140.457,0.767,+0.55%,222103
2019-01-17,140.45,142.203,139.52,141.855,1.398,+1.00%,217755
2019-01-18,141.849,142.076,141.081,141.26,-0.595,-0.42%,206414
2019-01-21,141.38,141.521,140.68,141.348,0.088,+0.06%,138023
2019-01-22,141.336,141.884,140.622,141.628,0.28,+0.20%,201629
2019-01-23,141.609,143.527,141.608,143.221,1.593,+1.12%,212476
2019-01-24,143.203,143.541,142.726,143.2,-0.021,-0.01%,212661
2019-01-25,143.197,144.837,143.057,144.526,1.326,+0.93%,236073
2019-01-28,144.27,144.708,143.605,143.781,-0.745,-0.52%,179605
2019-01-29,143.795,144.457,142.737,142.888,-0.893,-0.62%,240494
2019-01-30,142.89,143.593,142.724,142.982,0.094,+0.07%,210382
2019-01-31,142.983,143.182,142.248,142.712,-0.27,-0.19%,203550
2019-02-01,142.5,143.492,142.076,143.098,0.386,+0.27%,171164
2019-02-04,143.052,144.164,143.048,143.203,0.105,+0.07%,164335
2019-02-05,143.176,143.528,142.04,142.302,-0.901,-0.63%,161302
2019-02-06,142.3,142.507,141.757,142.168,-0.134,-0.09%,169606
2019-02-07,142.166,142.617,141.121,142.18,0.012,+0.01%,250531
2019-02-08,142.23,142.514,141.844,141.963,-0.217,-0.15%,209012
2019-02-11,141.942,142.548,141.805,141.854,-0.109,-0.08%,175187
2019-02-12,141.88,142.63,141.834,142.4,0.546,+0.38%,173213
2019-02-13,142.4,143.318,142.346,142.56,0.16,+0.11%,177678
2019-02-14,142.537,143.025,141.31,141.374,-1.186,-0.83%,201221
2019-02-15,141.41,142.396,141.011,142.303,0.929,+0.66%,185198
2019-02-18,142.628,143.02,142.492,142.864,0.561,+0.39%,145013
2019-02-19,142.91,144.692,142.476,144.459,1.595,+1.12%,176499
2019-02-20,144.455,145.037,144.12,144.614,0.155,+0.11%,176991
2019-02-21,144.63,144.904,144.077,144.301,-0.313,-0.22%,173208
2019-02-22,144.297,144.727,143.781,144.419,0.118,+0.08%,164793
2019-02-25,144.568,145.663,144.442,145.434,1.015,+0.70%,157713
2019-02-26,145.319,147.016,145.319,146.514,1.08,+0.74%,202887
2019-02-27,146.519,148.035,146.159,147.688,1.174,+0.80%,196402
2019-02-28,147.67,148.254,146.981,147.693,0.005,0.00%,181979
2019-03-01,147.697,148.564,147.511,147.645,-0.048,-0.03%,172556
2019-03-04,148.33,148.39,147.091,147.202,-0.443,-0.30%,164374
2019-03-05,147.27,147.775,146.607,147.413,0.211,+0.14%,167915
2019-03-06,147.393,147.399,146.69,147.172,-0.241,-0.16%,176147
2019-03-07,147.17,147.275,145.784,145.904,-1.268,-0.86%,175187
2019-03-08,145.864,146.166,144.316,144.628,-1.276,-0.87%,187259
2019-03-11,144.8,146.486,143.718,146.184,1.556,+1.08%,176466
2019-03-12,146.21,147.759,144.58,145.507,-0.677,-0.46%,228496
2019-03-13,145.453,148.67,145.351,148.201,2.694,+1.85%,202313
2019-03-14,148.14,148.869,147.388,147.864,-0.337,-0.23%,220694
2019-03-15,147.863,148.373,147.426,148.031,0.167,+0.11%,199576
2019-03-18,148.33,148.381,147.022,147.667,-0.364,-0.25%,152243
2019-03-19,147.659,148.038,147.505,147.729,0.062,+0.04%,209890
2019-03-20,147.738,148.07,145.876,146.011,-1.718,-1.16%,291933
2019-03-21,146.06,146.387,144.149,145.189,-0.822,-0.56%,203944
2019-03-22,145.11,145.745,144.531,145.128,-0.061,-0.04%,214962
2019-03-25,145.33,145.789,144.636,145.064,-0.064,-0.04%,188773
2019-03-26,145.079,146.444,144.909,146.054,0.99,+0.68%,208908
2019-03-27,146.012,146.492,145.534,145.702,-0.352,-0.24%,228466
2019-03-28,145.731,145.916,144.226,144.235,-1.467,-1.01%,239210
2019-03-29,144.28,145.473,143.874,144.415,0.18,+0.12%,224590
2019-04-01,144.668,146.342,144.389,145.862,1.447,+1.00%,182844
2019-04-02,145.851,146.424,144.935,146.156,0.294,+0.20%,206877
2019-04-03,145.941,147.182,145.94,146.665,0.509,+0.35%,200734
2019-04-04,146.661,146.952,145.68,145.981,-0.684,-0.47%,178425
2019-04-05,145.918,146.531,145.111,145.606,-0.375,-0.26%,163264
2019-04-08,145.62,145.767,145.106,145.584,-0.022,-0.02%,141099
2019-04-09,145.424,146.033,144.773,144.979,-0.605,-0.42%,158448
2019-04-10,144.76,145.657,144.76,145.251,0.272,+0.19%,164724
2019-04-11,145.27,145.945,145.072,145.694,0.443,+0.30%,153124
2019-04-12,145.661,147.003,145.661,146.333,0.639,+0.44%,160368
2019-04-15,146.378,146.979,146.344,146.691,0.358,+0.24%,128239
2019-04-16,146.641,146.75,146.009,146.123,-0.568,-0.39%,152663
2019-04-17,146.026,146.323,145.837,146.047,-0.076,-0.05%,209856
2019-04-18,145.977,146.075,145.229,145.255,-0.792,-0.54%,263392
2019-04-19,145.24,145.548,145.222,145.222,-0.033,-0.02%,138443
2019-04-22,145.332,145.505,145.212,145.278,0.056,+0.04%,80492
2019-04-23,145.28,145.611,144.584,144.69,-0.588,-0.40%,148540
2019-04-24,144.672,145.015,144.399,144.704,0.014,+0.01%,170152
2019-04-25,144.698,144.854,143.793,143.996,-0.708,-0.49%,214747
2019-04-26,143.934,144.424,143.764,144.08,0.084,+0.06%,157601
2019-04-29,144.12,144.714,144.107,144.406,0.326,+0.23%,166404
2019-04-30,144.4,145.372,144.04,145.223,0.817,+0.57%,176853
2019-05-01,145.23,145.691,145.164,145.364,0.141,+0.10%,118594
2019-05-02,145.322,145.872,145.093,145.269,-0.095,-0.07%,154378
2019-05-03,145.143,146.501,144.809,146.155,0.886,+0.61%,150913
2019-05-06,145.259,145.941,144.985,145.085,-1.07,-0.73%,168244
2019-05-07,145.036,145.361,143.868,144.106,-0.979,-0.67%,162122
2019-05-08,144.06,144.164,143.038,143.175,-0.931,-0.65%,173487
2019-05-09,143.164,143.237,142.247,142.715,-0.46,-0.32%,171435
2019-05-10,142.532,143.234,142.51,142.888,0.173,+0.12%,469158
2019-05-13,142.74,142.869,141.206,141.6,-1.288,-0.90%,373793
2019-05-14,141.644,142.173,141.35,141.43,-0.17,-0.12%,406523
2019-05-15,141.424,141.65,140.203,140.705,-0.725,-0.51%,414821
2019-05-16,140.978,140.978,140.198,140.485,-0.22,-0.16%,400340
2019-05-17,140.635,140.677,139.548,139.935,-0.55,-0.39%,444195
2019-05-20,140.3,140.524,139.703,140.006,0.071,+0.05%,349257
2019-05-21,140.027,141.703,139.646,140.33,0.324,+0.23%,418307
2019-05-22,140.339,140.699,139.313,139.547,-0.783,-0.56%,411952
2019-05-23,139.818,139.818,138.526,138.685,-0.862,-0.62%,442572
2019-05-24,138.742,139.496,138.509,138.919,0.234,+0.17%,414862
2019-05-27,139.238,139.644,138.676,138.785,-0.134,-0.10%,337420
2019-05-28,138.86,139.02,138.287,138.365,-0.42,-0.30%,444630
2019-05-29,138.417,138.58,137.866,138.33,-0.035,-0.03%,433152
2019-05-30,138.362,138.734,138.064,138.13,-0.2,-0.14%,395651
2019-05-31,138.247,138.27,136.629,136.76,-1.37,-0.99%,484437
2019-06-03,136.748,137.12,136.605,136.838,0.078,+0.06%,397801
2019-06-04,136.844,137.467,136.54,137.274,0.436,+0.32%,449836
2019-06-05,137.152,137.783,137.152,137.53,0.256,+0.19%,444477
2019-06-06,137.561,137.81,136.989,137.49,-0.04,-0.03%,455755
2019-06-07,137.54,138.166,137.422,137.718,0.228,+0.17%,425377
2019-06-10,138.228,138.29,137.479,137.537,-0.181,-0.13%,381129
2019-06-11,137.597,138.325,137.453,137.999,0.462,+0.34%,427252
2019-06-12,137.917,138.243,137.556,137.65,-0.349,-0.25%,461007
2019-06-13,137.808,137.808,137.103,137.253,-0.397,-0.29%,443255
2019-06-14,137.445,137.445,136.469,136.624,-0.629,-0.46%,432366
2019-06-17,136.66,136.935,135.937,136.01,-0.614,-0.45%,331706
2019-06-18,136.206,136.249,135.373,136.16,0.15,+0.11%,444516
2019-06-19,136.046,137.011,135.786,136.608,0.448,+0.33%,412560
2019-06-20,136.512,137.176,136.167,136.24,-0.368,-0.27%,546153
2019-06-21,136.43,136.837,135.942,136.676,0.436,+0.32%,513379
2019-06-24,136.673,137.129,136.49,136.672,-0.004,0.00%,395238
2019-06-25,136.671,136.848,135.807,135.818,-0.854,-0.62%,458858
2019-06-26,136.01,136.892,135.813,136.73,0.912,+0.67%,386252
2019-06-27,136.642,137.325,136.417,136.485,-0.245,-0.18%,331344
2019-06-28,136.477,137.202,136.266,136.94,0.455,+0.33%,307045
2019-07-01,137.309,137.785,136.72,137.025,0.085,+0.06%,301758
2019-07-02,137,137.219,135.837,135.837,-1.188,-0.87%,258137
2019-07-03,135.91,135.91,135.15,135.53,-0.307,-0.23%,235798
2019-07-04,135.759,135.759,135.37,135.574,0.044,+0.03%,152948
2019-07-05,135.569,136.043,135.447,135.767,0.193,+0.14%,236221
2019-07-08,135.764,136.127,135.541,136.073,0.306,+0.23%,181084
2019-07-09,136.072,136.276,135.391,135.64,-0.433,-0.32%,202173
2019-07-10,135.85,136.054,135.488,135.589,-0.051,-0.04%,239432
2019-07-11,135.589,136.054,135.071,135.732,0.143,+0.11%,241366
2019-07-12,135.688,136.02,135.496,135.632,-0.1,-0.07%,237427
2019-07-15,135.654,135.841,134.949,135.036,-0.596,-0.44%,184912
2019-07-16,135.1,135.26,133.963,134.255,-0.781,-0.58%,251428
2019-07-17,134.332,134.624,133.967,134.183,-0.072,-0.05%,225855
2019-07-18,134.221,134.823,133.845,134.591,0.408,+0.30%,254085
2019-07-19,134.587,134.998,134.486,134.619,0.028,+0.02%,225762
2019-07-22,134.685,135.079,134.407,134.511,-0.108,-0.08%,180060
2019-07-23,134.514,134.974,134.309,134.655,0.144,+0.11%,226144
2019-07-24,134.588,135.27,134.24,135.037,0.382,+0.28%,213401
2019-07-25,135.036,135.662,134.707,135.298,0.261,+0.19%,250913
2019-07-26,135.304,135.386,134.502,134.524,-0.774,-0.57%,204286
2019-07-29,134.52,134.549,132.853,132.879,-1.645,-1.22%,184385
2019-07-30,132.878,133.053,131.596,131.933,-0.946,-0.71%,269590
2019-07-31,131.933,132.987,131.844,132.247,0.314,+0.24%,263184
2019-08-01,132.245,132.544,130.091,130.091,-2.156,-1.63%,319673
2019-08-02,130.131,130.408,129.082,129.575,-0.516,-0.40%,367576
2019-08-05,129.556,129.593,128.165,128.617,-0.958,-0.74%,334920
2019-08-06,128.604,130.058,128.092,129.493,0.876,+0.68%,360006
2019-08-07,129.483,129.539,128.226,129.021,-0.472,-0.36%,317348
2019-08-08,129.017,129.324,128.275,128.679,-0.342,-0.27%,298735
2019-08-09,128.68,128.732,126.941,126.982,-1.697,-1.32%,248867
2019-08-12,127.348,127.51,126.541,127.126,0.144,+0.11%,293081
2019-08-13,127.115,129.201,126.795,128.711,1.585,+1.25%,316504
2019-08-14,128.71,128.737,127.495,127.647,-1.064,-0.83%,373600
2019-08-15,127.643,128.968,127.454,128.18,0.533,+0.42%,375987
2019-08-16,128.167,129.568,128.115,129.134,0.954,+0.74%,327478
2019-08-19,129.141,129.524,128.965,129.282,0.148,+0.11%,231087
2019-08-20,129.281,129.548,128.265,129.235,-0.047,-0.04%,306068
2019-08-21,129.228,129.662,128.884,129.219,-0.016,-0.01%,268837
2019-08-22,129.22,130.683,128.756,130.372,1.153,+0.89%,308753
2019-08-23,130.361,130.546,129.007,129.454,-0.918,-0.70%,321587
2019-08-26,128.634,130.031,128.201,129.603,0.149,+0.12%,441138
2019-08-27,129.592,130.363,129.002,129.908,0.305,+0.24%,341852
2019-08-28,129.901,130.061,128.479,129.531,-0.377,-0.29%,363601
2019-08-29,129.53,130.024,128.972,129.723,0.192,+0.15%,346580
2019-08-30,129.722,129.809,129.076,129.205,-0.518,-0.40%,337039
2019-09-02,128.71,129.309,127.865,128.089,-1.116,-0.86%,256771
2019-09-03,128.081,128.243,126.672,127.948,-0.141,-0.11%,353681
2019-09-04,127.925,130.418,127.902,130.337,2.389,+1.87%,352694
2019-09-05,130.333,132.154,129.912,131.834,1.497,+1.15%,383648
2019-09-06,131.821,132.119,131.261,131.261,-0.573,-0.43%,337068
2019-09-09,131.151,132.54,130.805,132.353,1.092,+0.83%,297104
2019-09-10,132.351,132.896,132.013,132.828,0.475,+0.36%,303714
2019-09-11,132.812,133.359,132.669,132.862,0.034,+0.03%,296546
2019-09-12,132.848,133.635,132.169,133.244,0.382,+0.29%,371100
2019-09-13,133.234,135.181,133.206,135.047,1.803,+1.35%,316758
2019-09-16,134.429,134.852,133.875,134.351,-0.696,-0.52%,294881
2019-09-17,134.342,135.413,133.986,135.118,0.767,+0.57%,285165
2019-09-18,135.118,135.643,134.592,135.225,0.107,+0.08%,262626
2019-09-19,135.225,135.511,134.246,135.242,0.017,+0.01%,341813
2019-09-20,135.244,135.729,134.058,134.129,-1.113,-0.82%,325546
2019-09-23,134.428,134.54,133.346,133.672,-0.457,-0.34%,255988
2019-09-24,133.668,134.574,133.547,133.729,0.057,+0.04%,306209
2019-09-25,133.711,133.994,132.842,133.06,-0.669,-0.50%,319707
2019-09-26,133.063,133.281,132.376,132.797,-0.263,-0.20%,289820
2019-09-27,132.802,133.272,132.317,132.593,-0.204,-0.15%,288821
2019-09-30,132.788,133.326,132.472,132.815,0.222,+0.17%,254515
2019-10-01,132.816,133.348,131.778,132.533,-0.282,-0.21%,294527
2019-10-02,132.519,132.582,131.573,131.797,-0.736,-0.56%,293182
2019-10-03,131.798,132.53,131.485,131.785,-0.012,-0.01%,322753
2019-10-04,131.783,131.982,131.272,131.799,0.014,+0.01%,254623
2019-10-07,131.765,132.232,131.177,131.778,-0.021,-0.02%,228422
2019-10-08,131.781,132.107,130.429,130.823,-0.955,-0.72%,290530
2019-10-09,130.822,131.761,130.649,131.15,0.327,+0.25%,257695
2019-10-10,131.147,134.543,130.717,134.273,3.123,+2.38%,374134
2019-10-11,134.274,137.831,133.988,137.006,2.733,+2.04%,393677
2019-10-14,136.604,137.156,135.5,136.623,-0.383,-0.28%,288035
2019-10-15,136.623,139.288,136.448,139.124,2.501,+1.83%,372734
2019-10-16,139.121,140.027,137.506,139.488,0.364,+0.26%,386021
2019-10-17,139.482,141.407,138.621,140.025,0.537,+0.38%,384961
2019-10-18,140.026,140.663,139.342,140.663,0.638,+0.46%,328509
2019-10-21,140.248,141.337,139.468,140.723,0.06,+0.04%,293556
2019-10-22,140.723,141.099,139.508,139.616,-1.107,-0.79%,268443
2019-10-23,139.613,140.408,139.076,140.305,0.689,+0.49%,294445
2019-10-24,140.304,140.724,138.869,139.564,-0.741,-0.53%,249660
2019-10-25,139.56,139.784,139.018,139.341,-0.223,-0.16%,214202
2019-10-28,139.367,140.244,139.28,140.029,0.688,+0.49%,190549
2019-10-29,140.026,140.523,139.461,140.062,0.033,+0.02%,225160
2019-10-30,140.04,140.471,139.838,140.291,0.229,+0.16%,230287
2019-10-31,140.295,140.674,139.6,139.774,-0.517,-0.37%,271227
2019-11-01,139.768,140.142,139.586,139.929,0.155,+0.11%,229677
2019-11-04,139.903,140.229,139.834,139.857,-0.072,-0.05%,197644
2019-11-05,139.856,140.742,139.791,140.595,0.738,+0.53%,285776
2019-11-06,140.594,140.646,139.867,140.064,-0.531,-0.38%,230331
2019-11-07,140.06,140.525,139.486,140.006,-0.058,-0.04%,302568
2019-11-08,140.004,140.2,139.411,139.497,-0.509,-0.36%,247616
2019-11-11,139.692,140.48,139.358,140.131,0.634,+0.45%,198050
2019-11-12,140.127,140.575,139.941,140.017,-0.114,-0.08%,258016
2019-11-13,140.014,140.247,139.433,139.796,-0.221,-0.16%,238075
2019-11-14,139.798,139.846,139.39,139.619,-0.177,-0.13%,242681
2019-11-15,139.618,140.456,139.598,140.294,0.675,+0.48%,214415
2019-11-18,140.52,141.556,140.354,140.741,0.447,+0.32%,209933
2019-11-19,140.742,140.929,140.106,140.269,-0.472,-0.34%,230090
2019-11-20,140.269,140.479,139.692,140.331,0.062,+0.04%,247318
2019-11-21,140.327,140.866,139.966,140.18,-0.151,-0.11%,263638
2019-11-22,140.175,140.492,139.317,139.366,-0.814,-0.58%,232009
2019-11-25,139.735,140.617,139.596,140.453,1.087,+0.78%,192394
2019-11-26,140.448,140.881,139.984,140.249,-0.204,-0.15%,223509
2019-11-27,140.248,141.525,140.048,141.5,1.251,+0.89%,221324
2019-11-28,141.502,141.823,141.249,141.34,-0.16,-0.11%,206954
2019-11-29,141.34,141.676,141.111,141.482,0.142,+0.10%,218401
2019-12-02,141.412,141.812,140.936,141.006,-0.476,-0.34%,191354
2019-12-03,141.005,141.706,140.917,141.145,0.139,+0.10%,224007
2019-12-04,141.142,142.753,140.827,142.634,1.489,+1.05%,253174
2019-12-05,142.635,143.244,142.585,143.088,0.454,+0.32%,222685
2019-12-06,143.087,143.136,142.367,142.57,-0.518,-0.36%,214747
2019-12-09,142.672,143.095,142.559,142.613,0.043,+0.03%,186451
2019-12-10,142.61,143.65,142.591,142.973,0.36,+0.25%,217178
2019-12-11,142.972,143.371,142.542,143.226,0.253,+0.18%,250253
2019-12-12,143.226,144.128,142.507,143.735,0.509,+0.36%,267081
2019-12-13,143.726,147.946,143.726,145.619,1.884,+1.31%,379696
2019-12-16,145.869,146.801,145.725,146,0.381,+0.26%,233790
2019-12-17,145.988,146.073,143.475,143.719,-2.281,-1.56%,281713
2019-12-18,143.716,143.853,143.069,143.227,-0.492,-0.34%,273488
2019-12-19,143.225,143.854,141.977,142.243,-0.984,-0.69%,280377
2019-12-20,142.244,143.045,142.087,142.21,-0.033,-0.02%,220620
2019-12-23,142.288,142.537,141.163,141.469,-0.741,-0.52%,212405
2019-12-24,141.467,141.834,141.155,141.521,0.052,+0.04%,181787
2019-12-26,140.558,142.713,140.558,142.336,0.815,+0.58%,163983
2019-12-27,142.323,143.669,141.992,143.253,0.917,+0.64%,245680
2019-12-30,143.333,143.419,142.584,142.759,-0.494,-0.34%,215118
2019-12-31,142.759,144.357,142.419,144.044,1.285,+0.90%,230565
2020-01-02,144.092,144.177,142.269,142.575,-1.469,-1.02%,249165
2020-01-03,142.576,142.773,140.998,141.346,-1.229,-0.86%,316480
2020-01-06,141.184,142.778,140.838,142.68,1.334,+0.94%,245312
2020-01-07,142.672,143.284,142.012,142.266,-0.414,-0.29%,275258
2020-01-08,142.26,143.099,141.115,142.859,0.593,+0.42%,386881
2020-01-09,142.847,143.445,142.419,143.093,0.234,+0.16%,262064
2020-01-10,143.092,143.486,142.888,142.946,-0.147,-0.10%,229712
2020-01-13,142.648,142.96,142.361,142.774,-0.172,-0.12%,209196
2020-01-14,142.771,143.427,142.447,143.16,0.386,+0.27%,246155
2020-01-15,143.152,143.377,142.668,143.273,0.113,+0.08%,225830
2020-01-16,143.273,144.126,143.221,144.038,0.765,+0.53%,221062
2020-01-17,144.036,144.513,143.211,143.218,-0.82,-0.57%,226609
2020-01-20,143.057,143.348,142.795,143.305,0.087,+0.06%,150625
2020-01-21,143.306,143.964,142.858,143.333,0.028,+0.02%,238958
2020-01-22,143.334,144.602,143.208,144.312,0.979,+0.68%,241654
2020-01-23,144.313,144.389,143.206,143.68,-0.632,-0.44%,226055
2020-01-24,143.676,144.373,142.711,142.81,-0.87,-0.61%,219995
2020-01-27,142.323,142.737,142.069,142.138,-0.672,-0.47%,222245
2020-01-28,142.14,142.447,141.481,142.173,0.035,+0.02%,224261
2020-01-29,142.173,142.336,141.714,141.906,-0.267,-0.19%,184673
2020-01-30,141.904,142.699,141.257,142.608,0.702,+0.49%,258923
2020-01-31,142.592,143.279,142.392,143.024,0.416,+0.29%,216177
2020-02-03,142.908,143.099,141.066,141.17,-1.854,-1.30%,248354
2020-02-04,141.166,142.835,140.928,142.7,1.53,+1.08%,249835
2020-02-05,142.699,143.368,142.233,142.742,0.042,+0.03%,232432
2020-02-06,142.74,142.813,142.086,142.177,-0.565,-0.40%,210133
2020-02-07,142.177,142.363,141.339,141.343,-0.834,-0.59%,247056
2020-02-10,141.393,142.078,141.227,141.737,0.394,+0.28%,229767
2020-02-11,141.739,142.455,141.667,142.186,0.449,+0.32%,211872
2020-02-12,142.182,142.878,141.888,142.629,0.443,+0.31%,211853
2020-02-13,142.628,143.466,142.143,143.2,0.571,+0.40%,262071
2020-02-14,143.2,143.4,142.77,143.183,-0.017,-0.01%,205898
2020-02-17,143.223,143.357,142.807,142.853,-0.33,-0.23%,158987
2020-02-18,142.849,143.225,142.317,142.781,-0.072,-0.05%,233619
2020-02-19,142.78,144.16,142.623,143.847,1.066,+0.75%,242199
2020-02-20,143.838,144.596,143.534,144.385,0.538,+0.37%,279116
2020-02-21,144.387,144.949,143.718,144.496,0.111,+0.08%,263394
2020-02-24,144.161,144.611,142.63,143.108,-1.388,-0.96%,245183
2020-02-25,143.087,143.636,142.894,143.294,0.186,+0.13%,313458
2020-02-26,143.294,143.713,142.233,142.418,-0.876,-0.61%,281781
2020-02-27,142.412,142.543,141.16,141.171,-1.247,-0.88%,324211
2020-02-28,141.162,141.383,137.561,138.474,-2.697,-1.91%,337210
2020-03-02,137.24,139.166,136.988,138.086,-0.388,-0.28%,314705
2020-03-03,138.076,138.553,136.947,137.227,-0.859,-0.62%,295750
2020-03-04,137.211,138.415,137.033,138.388,1.161,+0.85%,310503
2020-03-05,138.386,138.663,137.362,137.485,-0.903,-0.65%,273935
2020-03-06,137.47,137.729,136.436,137.441,-0.044,-0.03%,314488
2020-03-09,137.408,137.408,132.664,134.235,-3.206,-2.33%,548345
2020-03-10,134.236,137.196,133.6,136.285,2.05,+1.53%,524194
2020-03-11,136.281,136.543,133.809,133.907,-2.378,-1.74%,542013
2020-03-12,133.909,134.281,131.279,131.435,-2.472,-1.85%,624759
2020-03-13,131.437,134.295,130.501,132.479,1.044,+0.79%,724545
2020-03-16,132.424,133.011,128.892,129.88,-2.599,-1.96%,605285
2020-03-17,129.882,131.196,128.589,129.732,-0.148,-0.11%,871424
2020-03-18,129.731,130.263,124.152,125.548,-4.184,-3.23%,806631
2020-03-19,125.542,129.549,124.333,127.101,1.553,+1.24%,851948
2020-03-20,127.099,132.007,126.336,129.008,1.907,+1.50%,733731
2020-03-23,134.262,134.262,127.332,128.353,-0.655,-0.51%,698115
2020-03-24,128.351,131.411,127.728,130.7,2.347,+1.83%,660091
2020-03-25,130.699,133.385,129.857,132.092,1.392,+1.07%,590112
2020-03-26,132.091,133.807,130.524,133.691,1.599,+1.21%,648737
2020-03-27,133.693,134.706,131.695,134.35,0.659,+0.49%,646550
2020-03-30,133.877,134.401,132.748,133.85,-0.5,-0.37%,473665
2020-03-31,133.839,134.607,133.068,133.446,-0.404,-0.30%,553149
2020-04-01,133.445,133.72,132.482,132.502,-0.944,-0.71%,441013
2020-04-02,132.507,133.935,132.413,133.683,1.181,+0.89%,430734
2020-04-03,133.676,134.066,132.545,133.072,-0.611,-0.46%,381613
2020-04-06,133.038,134.503,132.331,133.542,0.47,+0.35%,376082
2020-04-07,133.533,134.972,132.914,134.091,0.549,+0.41%,410404
2020-04-08,134.074,135.008,133.694,134.712,0.621,+0.46%,346512
2020-04-09,134.701,135.738,134.631,135.108,0.396,+0.29%,354868
2020-04-10,135.106,135.35,134.732,134.82,-0.288,-0.21%,139294
2020-04-13,134.903,135.18,134.493,134.693,-0.127,-0.09%,251407
2020-04-14,134.691,135.481,134.567,135.316,0.623,+0.46%,279861
2020-04-15,135.304,135.312,133.642,134.448,-0.868,-0.64%,298036
2020-04-16,134.444,134.872,133.709,134.393,-0.055,-0.04%,321917
2020-04-17,134.389,134.916,133.892,134.368,-0.025,-0.02%,327247
2020-04-20,134.48,134.712,133.772,133.783,-0.585,-0.44%,243481
2020-04-21,133.778,134.043,131.901,132.451,-1.332,-1.00%,323774
2020-04-22,132.45,133.283,132.039,132.853,0.402,+0.30%,270240
2020-04-23,132.849,133.669,132.393,132.73,-0.123,-0.09%,304188
2020-04-24,132.724,133.137,132.387,132.829,0.099,+0.07%,260863
2020-04-27,133.016,133.556,132.814,133.253,0.424,+0.32%,228198
2020-04-28,133.256,133.548,132.712,132.748,-0.505,-0.38%,260299
2020-04-29,132.744,132.995,131.935,132.931,0.183,+0.14%,252562
2020-04-30,132.931,135.438,132.659,134.926,1.995,+1.50%,310213
2020-05-01,134.911,135.065,133.362,133.505,-1.421,-1.05%,215258
2020-05-04,133.527,133.527,132.515,132.751,-0.754,-0.56%,194098
2020-05-05,132.75,133.17,132.392,132.392,-0.359,-0.27%,202496
2020-05-06,132.395,132.629,130.832,130.882,-1.51,-1.14%,248501
2020-05-07,130.869,131.992,130.655,131.326,0.444,+0.34%,264271
2020-05-08,131.327,132.671,131.154,132.231,0.905,+0.69%,210962
2020-05-11,132.184,133.176,131.874,132.74,0.509,+0.38%,246191
2020-05-12,132.732,132.847,131.291,131.291,-1.449,-1.09%,270594
2020-05-13,131.287,131.922,130.646,130.929,-0.362,-0.28%,287431
2020-05-14,130.917,131.292,130.134,131.109,0.18,+0.14%,271336
2020-05-15,131.101,131.405,129.502,129.51,-1.599,-1.22%,260016
2020-05-18,129.473,131.271,129.285,130.79,1.28,+0.99%,236210
2020-05-19,130.785,132.49,130.709,131.928,1.138,+0.87%,260444
2020-05-20,131.93,132.411,131.433,131.544,-0.384,-0.29%,232695
2020-05-21,131.543,131.938,131.213,131.494,-0.05,-0.04%,231892
2020-05-22,131.493,131.767,130.67,130.866,-0.628,-0.48%,215480
2020-05-25,131.084,131.4,130.877,131.172,0.306,+0.23%,165432
2020-05-26,131.163,133.03,131.023,132.613,1.441,+1.10%,231360
2020-05-27,132.605,132.996,131.631,132.033,-0.58,-0.44%,302192
2020-05-28,132.034,132.872,131.82,132.599,0.566,+0.43%,274080
2020-05-29,132.595,133.448,131.778,133.037,0.438,+0.33%,331523
2020-06-01,132.772,134.524,132.651,134.34,1.303,+0.98%,246833
2020-06-02,134.337,136.512,134.212,136.373,2.033,+1.51%,286215
2020-06-03,136.371,137.377,136.251,136.929,0.556,+0.41%,308152
2020-06-04,136.917,137.797,135.95,137.459,0.53,+0.39%,314370
2020-06-05,137.457,139.727,137.27,138.793,1.334,+0.97%,319193
2020-06-08,138.931,139.564,137.42,137.945,-0.848,-0.61%,246554
2020-06-09,137.944,138.223,136.227,137.116,-0.829,-0.60%,291912
2020-06-10,137.113,137.402,136.462,136.537,-0.579,-0.42%,326587
2020-06-11,136.522,136.57,134.463,134.648,-1.889,-1.38%,386357
2020-06-12,134.645,136.034,133.79,134.629,-0.019,-0.01%,390846
2020-06-15,134.239,135.304,133.493,135.242,0.613,+0.46%,355362
2020-06-16,135.244,136.332,134.725,134.91,-0.332,-0.25%,366170
2020-06-17,134.91,135.199,134.065,134.321,-0.589,-0.44%,295225
2020-06-18,134.331,134.507,132.395,132.859,-1.462,-1.09%,310774
2020-06-19,132.859,133.238,131.938,131.957,-0.902,-0.68%,265941
2020-06-22,131.885,133.411,131.761,133.289,1.332,+1.01%,236816
2020-06-23,133.287,133.978,132.598,133.354,0.065,+0.05%,303596
2020-06-24,133.339,133.605,132.677,132.926,-0.428,-0.32%,310181
2020-06-25,132.885,133.602,132.782,133.095,0.169,+0.13%,266994
2020-06-26,133.095,133.248,132.036,132.236,-0.859,-0.65%,247906
2020-06-29,132.173,132.675,131.955,132.275,0.039,+0.03%,212968
2020-06-30,132.274,133.871,132.02,133.819,1.544,+1.17%,238967
2020-07-01,133.818,134.213,132.943,134.036,0.217,+0.16%,229109
2020-07-02,134.02,134.695,133.781,134.006,-0.03,-0.02%,214845
2020-07-03,133.989,134.192,133.694,134.145,0.139,+0.10%,184294
2020-07-06,134.078,134.665,133.932,134.057,-0.088,-0.07%,185535
2020-07-07,134.034,135.397,134.001,134.819,0.762,+0.57%,212568
2020-07-08,134.82,135.41,134.575,135.236,0.417,+0.31%,222723
2020-07-09,135.222,135.91,135.041,135.115,-0.121,-0.09%,240116
2020-07-10,135.101,135.191,134.283,134.929,-0.186,-0.14%,222983
2020-07-13,134.977,135.475,134.581,134.674,-0.255,-0.19%,202995
2020-07-14,134.675,134.766,133.977,134.6,-0.074,-0.05%,257024
2020-07-15,134.6,135.072,134.464,134.58,-0.02,-0.01%,230128
2020-07-16,134.565,135.157,134.051,134.638,0.058,+0.04%,221672
2020-07-17,134.639,134.897,134.121,134.494,-0.144,-0.11%,178794
2020-07-20,134.399,135.899,134.334,135.788,1.294,+0.96%,195857
2020-07-21,135.785,136.43,135.647,135.952,0.164,+0.12%,236292
2020-07-22,135.931,136.611,135.281,136.438,0.486,+0.36%,248720
2020-07-23,136.437,136.613,135.838,136.125,-0.313,-0.23%,245857
2020-07-24,136.13,136.13,134.997,135.767,-0.358,-0.26%,257700
2020-07-27,135.644,135.816,135.144,135.719,-0.048,-0.04%,254473
2020-07-28,135.712,136.12,135.324,135.879,0.16,+0.12%,265024
2020-07-29,135.86,136.458,135.671,136.345,0.466,+0.34%,254171
2020-07-30,136.344,137.379,136.062,137.127,0.782,+0.57%,286899
2020-07-31,137.116,139.191,136.785,138.429,1.302,+0.95%,353335
2020-08-03,138.336,139.014,137.746,138.513,0.084,+0.06%,316799
2020-08-04,138.511,138.872,137.798,138.168,-0.345,-0.25%,253871
2020-08-05,138.145,138.994,138.035,138.454,0.286,+0.21%,257549
2020-08-06,138.443,139.222,138.407,138.693,0.239,+0.17%,288268
2020-08-07,138.692,138.737,137.846,138.228,-0.465,-0.34%,272030
2020-08-10,138.403,138.64,138.098,138.505,0.277,+0.20%,195458
2020-08-11,138.5,139.492,138.314,138.931,0.426,+0.31%,267344
2020-08-12,138.93,139.612,138.871,139.273,0.342,+0.25%,280366
2020-08-13,139.26,140.197,139.195,139.709,0.436,+0.31%,245320
2020-08-14,139.709,140.003,139.341,139.457,-0.252,-0.18%,206548
2020-08-17,139.582,139.67,138.73,138.885,-0.572,-0.41%,200209
2020-08-18,138.863,139.631,138.594,139.527,0.642,+0.46%,253520
2020-08-19,139.51,139.943,138.793,138.963,-0.564,-0.40%,277965
2020-08-20,138.964,139.859,138.563,139.785,0.822,+0.59%,298973
2020-08-21,139.784,139.936,138.248,138.504,-1.281,-0.92%,284919
2020-08-24,138.662,138.994,138.29,138.422,-0.082,-0.06%,209485
2020-08-25,138.422,140.019,138.286,139.894,1.472,+1.06%,250128
2020-08-26,139.875,140.295,139.633,139.989,0.095,+0.07%,230020
2020-08-27,139.97,140.847,139.697,140.654,0.665,+0.48%,331681
2020-08-28,140.637,141.599,140.009,140.654,0,0.00%,340117
2020-08-31,140.14,142.017,140.14,141.566,0.912,+0.65%,263635
2020-09-01,141.566,142.706,141.323,141.785,0.219,+0.15%,310078
2020-09-02,141.775,141.959,141.011,141.746,-0.039,-0.03%,275152
2020-09-03,141.732,141.848,140.473,141.007,-0.739,-0.52%,305620
2020-09-04,140.992,141.425,140.113,141.076,0.069,+0.05%,277733
2020-09-07,140.803,140.985,139.594,139.803,-1.273,-0.90%,201707
2020-09-08,139.808,139.961,137.605,137.626,-2.177,-1.56%,292113
2020-09-09,137.626,138.351,136.732,138.03,0.404,+0.29%,286757
2020-09-10,138.01,138.347,135.563,135.868,-2.162,-1.57%,311237
2020-09-11,135.86,136.555,135.574,135.818,-0.05,-0.04%,274103
2020-09-14,135.726,136.579,135.513,135.778,-0.04,-0.03%,216343
2020-09-15,135.774,136.424,135.41,135.89,0.112,+0.08%,239232
2020-09-16,135.886,136.46,135.553,136.051,0.161,+0.12%,287861
2020-09-17,136.052,136.203,134.571,135.857,-0.194,-0.14%,343282
2020-09-18,135.848,136.148,134.947,135.056,-0.801,-0.59%,273693
2020-09-21,135.276,135.321,133.536,134.091,-0.965,-0.71%,304459
2020-09-22,134.08,134.377,133.041,133.514,-0.577,-0.43%,299275
2020-09-23,133.517,134.607,133.136,134.046,0.532,+0.40%,317985
2020-09-24,134.03,134.641,133.607,134.301,0.255,+0.19%,325617
2020-09-25,134.302,134.817,133.828,134.489,0.188,+0.14%,275579
2020-09-28,134.755,136.199,134.354,135.29,0.801,+0.60%,250998
2020-09-29,135.291,136.236,135.265,135.779,0.489,+0.36%,284786
2020-09-30,135.785,136.527,135.18,136.123,0.344,+0.25%,326678
2020-10-01,136.124,137.002,135.356,135.85,-0.273,-0.20%,333660
2020-10-02,135.856,136.38,135.049,136.073,0.223,+0.16%,359029
2020-10-05,136.108,137.336,135.991,137.161,1.088,+0.80%,239423
2020-10-06,137.158,137.438,135.848,135.848,-1.313,-0.96%,289131
2020-10-07,135.853,136.985,135.83,136.776,0.928,+0.68%,278923
2020-10-08,136.768,137.393,136.676,137.105,0.329,+0.24%,252002
2020-10-09,137.106,137.824,136.737,137.67,0.565,+0.41%,251647
2020-10-12,137.791,137.839,137.213,137.515,-0.155,-0.11%,215708
2020-10-13,137.509,137.765,136.37,136.375,-1.14,-0.83%,280026
2020-10-14,136.374,137.315,135.659,136.817,0.442,+0.32%,267269
2020-10-15,136.814,137.161,135.765,136.008,-0.809,-0.59%,293812
2020-10-16,135.998,136.404,135.345,136.01,0.002,0.00%,280056
2020-10-19,135.72,137.227,135.72,136.387,0.377,+0.28%,249462
2020-10-20,136.386,137.02,136.324,136.561,0.174,+0.13%,211608
2020-10-21,136.552,137.655,136.42,137.414,0.853,+0.62%,235634
2020-10-22,137.418,137.579,136.963,137.067,-0.347,-0.25%,200599
2020-10-23,137.059,137.306,136.358,136.535,-0.532,-0.39%,195323
2020-10-26,136.519,137.05,136.295,136.521,-0.014,-0.01%,189021
2020-10-27,136.521,136.58,136.146,136.171,-0.35,-0.26%,175871
2020-10-28,136.168,136.262,134.876,135.423,-0.748,-0.55%,238641
2020-10-29,135.405,135.938,134.646,135.172,-0.251,-0.19%,243601
2020-10-30,135.175,135.792,134.399,135.284,0.112,+0.08%,314798
2020-11-02,135.166,135.422,134.866,135.243,-0.041,-0.03%,246763
2020-11-03,135.242,136.682,135.144,136.286,1.043,+0.77%,278566
2020-11-04,136.297,137.36,135.366,135.714,-0.572,-0.42%,497633
2020-11-05,135.714,136.285,135.052,136.074,0.36,+0.27%,388760
2020-11-06,136.056,136.211,135.466,135.892,-0.182,-0.13%,371526
2020-11-09,135.981,138.898,135.745,138.686,2.794,+2.06%,404738
2020-11-10,138.669,139.762,138.156,139.69,1.004,+0.72%,398874
2020-11-11,139.693,140.269,139.196,139.398,-0.292,-0.21%,261329
2020-11-12,139.394,139.417,137.741,137.786,-1.612,-1.16%,259046
2020-11-13,137.778,138.499,137.534,137.95,0.164,+0.12%,231925
2020-11-16,137.913,138.847,137.657,137.941,-0.009,-0.01%,222615
2020-11-17,137.925,138.344,137.809,137.932,-0.009,-0.01%,228648
2020-11-18,137.924,138.181,137.628,137.628,-0.304,-0.22%,220756
2020-11-19,137.623,137.985,137.187,137.467,-0.161,-0.12%,253058
2020-11-20,137.461,138.045,137.416,137.832,0.365,+0.27%,222556
2020-11-23,138.059,139.33,137.81,139.262,1.43,+1.04%,240335
2020-11-24,139.21,139.828,139.102,139.496,0.234,+0.17%,252996
2020-11-25,139.497,139.842,138.995,139.821,0.325,+0.23%,257627
2020-11-26,139.789,139.81,138.922,139.219,-0.602,-0.43%,194501
2020-11-27,139.211,139.246,138.28,138.509,-0.71,-0.51%,209703
2020-11-30,138.68,139.459,138.417,138.955,0.446,+0.32%,255418
2020-12-01,138.94,140.287,138.891,139.858,0.903,+0.65%,256178
2020-12-02,139.851,140.438,138.886,139.486,-0.372,-0.27%,275350
2020-12-03,139.441,140.275,139.441,139.62,0.134,+0.10%,262546
2020-12-04,139.6,140.7,139.461,139.867,0.247,+0.18%,268859
2020-12-07,139.381,139.87,137.9,139.163,-0.704,-0.50%,263350
2020-12-08,139.151,139.352,138.402,139.105,-0.058,-0.04%,277163
2020-12-09,139.097,140.32,139.026,139.627,0.522,+0.38%,250818
2020-12-10,139.631,139.743,138.383,138.44,-1.187,-0.85%,288282
2020-12-11,138.434,138.722,136.784,137.513,-0.927,-0.67%,259837
2020-12-14,138.766,139.418,138.261,138.652,1.139,+0.83%,238049
2020-12-15,138.652,139.593,138.274,139.55,0.898,+0.65%,258103
2020-12-16,139.532,140.052,139.133,139.687,0.137,+0.10%,276419
2020-12-17,139.684,140.428,139.576,139.964,0.277,+0.20%,253859
2020-12-18,139.96,140.314,139.31,139.646,-0.318,-0.23%,248043
2020-12-21,138.924,139.49,136.963,138.925,-0.721,-0.52%,340139
2020-12-22,138.925,139.124,137.992,138.436,-0.489,-0.35%,288536
2020-12-23,138.421,140.303,138.315,139.705,1.269,+0.92%,281437
2020-12-24,139.703,141.206,139.619,140.405,0.7,+0.50%,195161
2020-12-28,141.37,141.37,139.473,139.562,-0.843,-0.60%,211664
2020-12-29,139.563,140.157,139.446,139.787,0.225,+0.16%,239949
2020-12-30,139.777,140.655,139.681,140.558,0.771,+0.55%,255465
2020-12-31,140.554,141.24,140.358,141.127,0.569,+0.40%,237873
2021-01-04,140.986,141.295,139.684,139.905,-1.222,-0.87%,296148
2021-01-05,139.885,140.136,139.508,139.901,-0.004,0.00%,294970
2021-01-06,139.889,140.564,139.777,140.213,0.312,+0.22%,362080
2021-01-07,140.207,140.987,140.084,140.732,0.519,+0.37%,305260
2021-01-08,140.716,141.364,140.688,140.918,0.186,+0.13%,331172
2021-01-11,140.778,140.924,140.333,140.833,-0.085,-0.06%,258477
2021-01-12,140.831,142.019,140.701,141.753,0.92,+0.65%,260412
2021-01-13,141.738,142.243,141.524,141.6,-0.153,-0.11%,249094
2021-01-14,141.591,142.23,141.435,142.047,0.447,+0.32%,264717
2021-01-15,142.048,142.113,140.955,141.047,-1.,-0.70%,238323
2021-01-18,141.076,141.186,140.349,140.859,-0.188,-0.13%,207088
2021-01-19,140.857,141.727,140.735,141.6,0.741,+0.53%,221923
2021-01-20,141.59,142.317,141.08,141.332,-0.268,-0.19%,229179
2021-01-21,141.333,142.207,141.294,142.101,0.769,+0.54%,229890
2021-01-22,142.089,142.194,141.508,141.935,-0.166,-0.12%,219384
2021-01-25,142.05,142.313,141.65,141.871,-0.064,-0.05%,213229
2021-01-26,141.866,142.448,141.272,142.277,0.406,+0.29%,211834
2021-01-27,142.271,142.842,142.195,142.453,0.176,+0.12%,264442
2021-01-28,142.452,143.259,142.183,143.006,0.553,+0.39%,281485
2021-01-29,142.987,143.944,142.905,143.476,0.47,+0.33%,304387
2021-02-01,143.639,144.089,143.311,143.315,-0.161,-0.11%,234350
2021-02-02,143.303,143.762,143.126,143.455,0.14,+0.10%,229154
2021-02-03,143.452,143.678,143.108,143.254,-0.201,-0.14%,201712
2021-02-04,143.254,144.353,142.83,144.224,0.97,+0.68%,226129
2021-02-05,144.214,144.879,144.14,144.526,0.302,+0.21%,210573
2021-02-08,144.502,144.92,144.403,144.452,-0.074,-0.05%,180019
2021-02-09,144.441,144.656,144.029,144.393,-0.059,-0.04%,206356
2021-02-10,144.386,145.052,144.335,144.688,0.295,+0.20%,198749
2021-02-11,144.677,144.891,144.562,144.617,-0.071,-0.05%,159215
2021-02-12,144.612,145.466,144.485,145.32,0.703,+0.49%,166059
2021-02-15,145.388,146.625,145.304,146.421,1.101,+0.76%,149401
2021-02-16,146.415,147.44,146.363,147.404,0.983,+0.67%,221591
2021-02-17,147.403,147.55,146.413,146.759,-0.645,-0.44%,231191
2021-02-18,146.756,147.772,146.541,147.624,0.865,+0.59%,208670
2021-02-19,147.619,148.15,147.277,147.638,0.014,+0.01%,191214
2021-02-22,147.751,148.28,147.534,147.68,0.042,+0.03%,209155
2021-02-23,147.669,148.598,147.647,148.469,0.789,+0.53%,187238
2021-02-24,148.471,150.033,148.395,149.612,1.143,+0.77%,254313
2021-02-25,149.602,150.432,148.476,148.802,-0.81,-0.54%,329852
2021-02-26,148.801,149.148,147.395,148.242,-0.56,-0.38%,383001
2021-03-01,148.453,149.281,148.314,148.623,0.381,+0.26%,229921
2021-03-02,148.615,149.187,148.107,148.763,0.14,+0.09%,237641
2021-03-03,148.765,149.688,148.765,149.252,0.489,+0.33%,260452
2021-03-04,149.242,150.706,149.041,149.969,0.717,+0.48%,312503
2021-03-05,149.957,150.357,149.355,149.888,-0.081,-0.05%,332390
2021-03-08,149.947,150.683,149.606,150.521,0.633,+0.42%,142848
2021-03-09,150.515,151.266,150.384,150.661,0.14,+0.09%,143865
2021-03-10,150.662,151.174,150.575,150.986,0.325,+0.22%,176315
2021-03-11,150.97,151.825,150.835,151.784,0.798,+0.53%,255772
2021-03-12,151.778,152.229,151.227,151.642,-0.142,-0.09%,265012
2021-03-15,151.846,152.106,151.196,151.671,0.029,+0.02%,224507
2021-03-16,151.671,151.751,150.787,151.364,-0.307,-0.20%,226046
2021-03-17,151.359,152.06,151.252,151.908,0.544,+0.36%,244065
2021-03-18,151.901,152.542,151.45,151.501,-0.407,-0.27%,315023
2021-03-19,151.47,151.781,150.566,150.778,-0.723,-0.48%,271609
2021-03-22,151.189,151.189,150.228,150.875,0.097,+0.06%,196806
2021-03-23,150.87,150.883,149.078,149.311,-1.564,-1.04%,232367
2021-03-24,149.295,149.439,148.524,148.733,-0.578,-0.39%,215661
2021-03-25,148.732,150.05,148.722,149.903,1.17,+0.79%,232672
2021-03-26,149.904,151.536,149.818,151.15,1.247,+0.83%,204065
2021-03-29,151.411,151.804,150.575,151.021,-0.129,-0.09%,214213
2021-03-30,151.018,151.932,150.991,151.588,0.567,+0.38%,218212
2021-03-31,151.587,152.776,151.406,152.452,0.864,+0.57%,247142
2021-04-01,152.439,153.069,152.296,152.908,0.456,+0.30%,226923
2021-04-02,152.903,153.188,152.673,152.999,0.091,+0.06%,99189
2021-04-05,152.889,153.357,152.878,152.992,-0.007,0.00%,139771
2021-04-06,152.964,153.398,151.606,151.606,-1.386,-0.91%,215447
2021-04-07,151.602,152.059,150.659,150.863,-0.743,-0.49%,226214
2021-04-08,150.861,151.078,149.878,149.96,-0.903,-0.60%,200352
2021-04-09,149.947,150.925,149.588,150.257,0.297,+0.20%,189948
2021-04-12,150.467,150.575,149.753,150.211,-0.046,-0.03%,169301
2021-04-13,150.192,150.821,149.67,149.929,-0.282,-0.19%,210771
2021-04-14,149.924,150.451,149.579,150.036,0.107,+0.07%,190524
2021-04-15,150.025,150.189,149.688,149.855,-0.181,-0.12%,189350
2021-04-16,149.839,150.581,149.385,150.523,0.668,+0.45%,182388
2021-04-19,150.356,151.311,149.889,151.205,0.682,+0.45%,215170
2021-04-20,151.203,151.969,150.526,150.526,-0.679,-0.45%,201535
2021-04-21,150.514,150.96,150.043,150.464,-0.062,-0.04%,183072
2021-04-22,150.457,150.636,149.353,149.353,-1.111,-0.74%,199393
2021-04-23,149.347,149.942,149.058,149.669,0.316,+0.21%,184163
2021-04-26,149.829,150.371,149.535,150.127,0.458,+0.31%,170769
2021-04-27,150.115,151.236,150.104,151.153,1.026,+0.68%,173239
2021-04-28,151.143,151.561,150.978,151.26,0.107,+0.07%,222874
2021-04-29,151.252,152.397,151.24,151.802,0.542,+0.36%,194999
2021-04-30,151.799,152.102,150.865,150.933,-0.869,-0.57%,216558
2021-05-03,150.971,151.927,150.85,151.659,0.726,+0.48%,166454
2021-05-04,151.657,152.052,150.998,151.745,0.086,+0.06%,216993
2021-05-05,151.744,152.225,151.713,151.75,0.005,0.00%,174864
2021-05-06,151.736,152.112,151.249,151.464,-0.286,-0.19%,230685
2021-05-07,151.451,152.109,151.257,151.765,0.301,+0.20%,236963
2021-05-10,151.976,154.014,151.891,153.599,1.834,+1.21%,219905
2021-05-11,153.596,153.951,153.143,153.555,-0.044,-0.03%,242859
2021-05-12,153.551,154.424,153.514,154.086,0.531,+0.35%,264718
2021-05-13,154.079,154.314,153.467,153.763,-0.323,-0.21%,249272
2021-05-14,153.743,154.273,153.608,153.991,0.228,+0.15%,202191
2021-05-17,154.178,154.452,153.728,154.242,0.251,+0.16%,190472
2021-05-18,154.226,154.817,154.211,154.406,0.164,+0.11%,207733
2021-05-19,154.402,154.794,153.537,154.111,-0.295,-0.19%,273472
2021-05-20,154.113,154.405,153.631,154.321,0.21,+0.14%,226393
2021-05-21,154.315,154.663,154.007,154.118,-0.203,-0.13%,221828
2021-05-24,154.188,154.188,153.768,153.907,-0.211,-0.14%,183340
2021-05-25,153.909,154.445,153.721,153.822,-0.085,-0.06%,220184
2021-05-26,153.826,154.339,153.765,154.027,0.205,+0.13%,203785
2021-05-27,154.022,156.062,153.834,155.909,1.882,+1.22%,224966
2021-05-28,155.911,156.048,155.585,155.827,-0.082,-0.05%,238662
2021-05-31,155.673,155.91,155.297,155.648,-0.179,-0.11%,155506
2021-06-01,155.639,155.927,154.852,154.883,-0.765,-0.49%,213352
2021-06-02,154.874,155.493,154.765,155.167,0.284,+0.18%,196905
2021-06-03,155.162,155.808,155.158,155.518,0.351,+0.23%,219233
2021-06-04,155.512,155.75,154.936,154.982,-0.536,-0.34%,211827
2021-06-07,154.955,155.271,154.546,154.847,-0.135,-0.09%,185720
2021-06-08,154.847,155.083,154.555,154.932,0.085,+0.05%,191659
2021-06-09,154.932,155.306,154.482,154.693,-0.239,-0.15%,165853
2021-06-10,154.69,155.207,154.129,154.962,0.269,+0.17%,220704
2021-06-11,154.961,155.2,154.508,154.515,-0.447,-0.29%,196792
2021-06-14,154.66,155.333,154.318,155.236,0.721,+0.47%,160161
2021-06-15,155.228,155.473,154.537,154.946,-0.29,-0.19%,186897
2021-06-16,154.934,155.371,154.669,154.752,-0.194,-0.13%,224894
2021-06-17,154.753,155.003,153.139,153.403,-1.349,-0.87%,265171
2021-06-18,153.367,153.763,151.985,152.009,-1.394,-0.91%,282259
2021-06-21,152.367,153.724,151.307,153.576,1.567,+1.03%,258294
2021-06-22,153.562,154.458,153.095,154.301,0.725,+0.47%,213925
2021-06-23,154.289,155.144,154.208,154.883,0.582,+0.38%,213621
2021-06-24,154.882,155.131,153.823,154.219,-0.664,-0.43%,229836
2021-06-25,154.223,154.523,153.566,153.729,-0.49,-0.32%,191993
2021-06-28,153.91,154.216,153.384,153.52,-0.209,-0.14%,183906
2021-06-29,153.519,153.551,152.614,152.788,-0.732,-0.48%,194787
2021-06-30,152.795,153.743,152.665,153.64,0.852,+0.56%,216405
2021-07-01,153.627,153.956,153.346,153.412,-0.228,-0.15%,207742
2021-07-02,153.413,153.712,153.079,153.538,0.126,+0.08%,211677
2021-07-05,153.565,153.737,153.369,153.597,0.059,+0.04%,156408
2021-07-06,153.582,154.064,152.356,152.569,-1.028,-0.67%,229047
2021-07-07,152.566,153.163,152.284,152.62,0.051,+0.03%,251068
2021-07-08,152.624,152.739,150.667,151.249,-1.371,-0.90%,302514
2021-07-09,151.253,153.127,151.116,152.991,1.742,+1.15%,259155
2021-07-12,153.064,153.333,152.411,153.055,0.064,+0.04%,197309
2021-07-13,153.048,153.472,152.415,152.76,-0.295,-0.19%,223126
2021-07-14,152.752,153.286,152.305,152.366,-0.394,-0.26%,238889
2021-07-15,152.354,152.794,151.609,151.799,-0.567,-0.37%,270347
2021-07-16,151.788,152.604,151.368,151.368,-0.431,-0.28%,238081
2021-07-19,151.649,151.649,149.334,149.617,-1.751,-1.16%,306435
2021-07-20,149.601,149.964,148.463,149.656,0.039,+0.03%,298947
2021-07-21,149.644,151.336,149.284,151.252,1.596,+1.07%,254457
2021-07-22,151.251,151.895,150.732,151.605,0.353,+0.23%,242073
2021-07-23,151.604,152.152,151.429,151.862,0.257,+0.17%,215154
2021-07-26,152.055,152.6,151.404,152.491,0.629,+0.41%,224445
2021-07-27,152.489,152.567,151.572,152.249,-0.242,-0.16%,248688
2021-07-28,152.237,152.984,152.165,152.726,0.477,+0.31%,253863
2021-07-29,152.706,153.436,152.509,152.734,0.008,+0.01%,212730
2021-07-30,152.727,153.21,152.425,152.427,-0.307,-0.20%,217647
2021-08-02,152.392,152.847,151.533,151.61,-0.817,-0.54%,183215
2021-08-03,151.604,152.19,151.168,151.675,0.065,+0.04%,207757
2021-08-04,151.666,152.508,151.517,152.039,0.364,+0.24%,204206
2021-08-05,152.038,153.02,151.99,152.834,0.795,+0.52%,210822
2021-08-06,152.826,153.241,152.654,152.794,-0.04,-0.03%,187881
2021-08-09,153.048,153.088,152.579,152.725,-0.069,-0.05%,175845
2021-08-10,152.703,153.304,152.586,152.953,0.228,+0.15%,175630
2021-08-11,152.941,153.284,152.712,153.017,0.064,+0.04%,186630
2021-08-12,153.012,153.195,152.325,152.453,-0.564,-0.37%,163520
2021-08-13,152.446,152.543,151.854,151.929,-0.524,-0.34%,153147
2021-08-16,151.876,152.187,150.922,151.222,-0.707,-0.47%,176964
2021-08-17,151.224,151.317,150.357,150.463,-0.759,-0.50%,214754
2021-08-18,150.47,151.397,150.267,150.917,0.454,+0.30%,207162
2021-08-19,150.917,151.205,149.554,149.554,-1.363,-0.90%,255965
2021-08-20,149.557,149.872,149.187,149.495,-0.059,-0.04%,208507
2021-08-23,149.613,150.75,149.362,150.349,0.854,+0.57%,188803
2021-08-24,150.338,151.008,150.056,150.507,0.158,+0.11%,186119
2021-08-25,150.507,151.452,150.438,151.312,0.805,+0.53%,187574
2021-08-26,151.303,151.585,150.61,150.783,-0.529,-0.35%,201688
2021-08-27,150.779,151.514,150.458,151.093,0.31,+0.21%,207103
2021-08-30,151.079,151.276,150.94,151.189,0.096,+0.06%,131774
2021-08-31,151.193,151.577,151.055,151.237,0.048,+0.03%,223030
2021-09-01,151.238,151.942,151.223,151.381,0.144,+0.10%,208188
2021-09-02,151.387,152.192,151.345,152.02,0.639,+0.42%,171244
2021-09-03,152.018,152.286,151.787,151.99,-0.03,-0.02%,210644
2021-09-06,152.108,152.245,151.78,151.936,-0.054,-0.04%,136875
2021-09-07,151.924,152.21,151.496,151.96,0.024,+0.02%,208777
2021-09-08,151.956,152.081,151.461,151.803,-0.157,-0.10%,212629
2021-09-09,151.799,152.16,151.42,151.729,-0.074,-0.05%,217301
2021-09-10,151.722,152.629,151.689,151.949,0.22,+0.14%,202454
2021-09-13,151.975,152.316,151.906,152.108,0.159,+0.10%,177256
2021-09-14,152.096,152.845,151.314,151.424,-0.684,-0.45%,204950
2021-09-15,151.423,151.551,150.827,151.248,-0.176,-0.12%,200388
2021-09-16,151.25,151.548,150.871,151.196,-0.052,-0.03%,193062
2021-09-17,151.167,151.923,150.912,150.961,-0.235,-0.16%,203682
2021-09-20,151.028,151.113,149.177,149.249,-1.712,-1.13%,208203
2021-09-21,149.246,150.126,148.95,149.135,-0.114,-0.08%,237832
2021-09-22,149.124,149.947,149.006,149.372,0.237,+0.16%,266863
2021-09-23,149.367,151.478,149.362,151.351,1.979,+1.32%,235738
2021-09-24,151.351,151.727,151.002,151.361,0.01,+0.01%,211187
2021-09-27,151.227,152.19,151.114,151.982,0.621,+0.41%,213799
2021-09-28,151.977,152.565,150.542,150.764,-1.218,-0.80%,289600
2021-09-29,150.753,151.184,149.912,150.273,-0.491,-0.33%,271671
2021-09-30,150.263,150.944,149.803,149.889,-0.384,-0.26%,271671
2021-10-01,149.881,150.73,149.226,150.418,0.529,+0.35%,317907
2021-10-04,150.252,151.517,150.176,150.823,0.405,+0.27%,270125
2021-10-05,150.818,152.041,150.738,151.794,0.971,+0.64%,261087
2021-10-06,151.787,152.146,150.815,151.261,-0.533,-0.35%,307716
2021-10-07,151.259,152.082,151.031,151.907,0.646,+0.43%,235279
2021-10-08,151.907,152.929,151.9,152.733,0.826,+0.54%,250775
2021-10-11,153.024,154.503,152.683,153.985,1.252,+0.82%,207922
2021-10-12,153.98,154.821,153.683,154.304,0.319,+0.21%,261861
2021-10-13,154.308,154.947,154.104,154.668,0.364,+0.24%,272069
2021-10-14,154.661,155.736,154.591,155.39,0.722,+0.47%,210517
2021-10-15,155.389,157.408,155.276,156.92,1.53,+0.98%,251947
2021-10-18,157.165,157.355,156.608,156.84,-0.08,-0.05%,192738
2021-10-19,156.829,158.05,156.809,157.721,0.881,+0.56%,177564
2021-10-20,157.71,158.209,157.012,158.017,0.296,+0.19%,179549
2021-10-21,157.985,158.185,156.772,157.163,-0.854,-0.54%,240703
2021-10-22,157.157,157.647,155.796,156.004,-1.159,-0.74%,279772
2021-10-25,156.302,156.808,156.028,156.49,0.486,+0.31%,237049
2021-10-26,156.49,157.765,156.44,157.091,0.601,+0.38%,209581
2021-10-27,157.094,157.257,155.705,156.341,-0.75,-0.48%,245379
2021-10-28,156.331,156.701,155.906,156.579,0.238,+0.15%,252552
2021-10-29,156.565,157.086,155.782,156.053,-0.526,-0.34%,292988
2021-11-01,155.979,156.484,155.605,155.695,-0.358,-0.23%,234270
2021-11-02,155.699,155.878,154.657,155.11,-0.585,-0.38%,253653
2021-11-03,155.105,156.06,154.894,155.984,0.874,+0.56%,263399
2021-11-04,155.972,156.231,153.117,153.544,-2.44,-1.56%,273956
2021-11-05,153.528,153.769,152.807,152.967,-0.577,-0.38%,272729
2021-11-08,152.823,153.645,152.705,153.524,0.557,+0.36%,221647
2021-11-09,153.517,153.625,152.737,152.945,-0.579,-0.38%,273571
2021-11-10,152.94,153.734,152.573,152.644,-0.301,-0.20%,300587
2021-11-11,152.643,152.998,152.311,152.311,-0.333,-0.22%,228558
2021-11-12,152.307,152.927,152.307,152.66,0.349,+0.23%,230461
2021-11-15,152.782,153.275,152.625,153.011,0.351,+0.23%,218469
2021-11-16,153,154.183,152.853,154.121,1.11,+0.73%,268115
2021-11-17,154.126,154.674,153.741,153.874,-0.247,-0.16%,279603
2021-11-18,153.854,154.268,153.701,154.076,0.202,+0.13%,267065
2021-11-19,154.057,154.442,152.52,153.042,-1.034,-0.67%,323537
2021-11-22,153.25,154.048,153.103,153.843,0.801,+0.52%,287764
2021-11-23,153.842,154.204,153.283,153.96,0.117,+0.08%,318016
2021-11-24,153.96,154.137,153.373,153.726,-0.234,-0.15%,311582
2021-11-25,153.718,154.053,153.413,153.636,-0.09,-0.06%,235814
2021-11-26,153.624,153.689,150.671,151.169,-2.467,-1.61%,383713
2021-11-29,151.796,151.878,150.688,151.105,-0.064,-0.04%,337438
2021-11-30,151.101,151.618,149.724,150.417,-0.688,-0.46%,451765
2021-12-01,150.421,151.427,149.502,149.579,-0.838,-0.56%,370407
2021-12-02,149.578,150.795,149.517,150.373,0.794,+0.53%,360924
2021-12-03,150.384,150.753,148.89,148.936,-1.437,-0.96%,337032
2021-12-06,149.325,150.599,149.107,150.414,1.478,+0.99%,257307
2021-12-07,150.411,151.113,150.119,150.279,-0.135,-0.09%,257448
2021-12-08,150.278,150.692,149.397,150.074,-0.205,-0.14%,299450
2021-12-09,150.047,150.305,149.485,149.945,-0.129,-0.09%,236956
2021-12-10,149.937,150.506,149.669,150.405,0.46,+0.31%,257940
2021-12-13,150.186,150.748,149.86,149.86,-0.545,-0.36%,219357
2021-12-14,149.869,150.568,149.76,150.394,0.534,+0.36%,238415
2021-12-15,150.391,151.303,150.273,151.013,0.619,+0.41%,287307
2021-12-16,151.011,152.628,150.96,151.293,0.28,+0.19%,316556
2021-12-17,151.297,151.705,150.409,150.409,-0.884,-0.58%,312875
2021-12-20,150.427,150.514,149.521,149.973,-0.436,-0.29%,287087
2021-12-21,149.962,151.406,149.888,151.304,1.331,+0.89%,243335
2021-12-22,151.294,152.573,151.048,152.232,0.928,+0.61%,236103
2021-12-23,152.22,153.7,152.133,153.177,0.945,+0.62%,219188
2021-12-24,153.172,153.552,152.809,153.286,0.109,+0.07%,348091
2021-12-27,153.762,154.451,153.159,154.253,0.967,+0.63%,155451
2021-12-28,154.243,154.571,154.004,154.013,-0.24,-0.16%,161619
2021-12-29,153.939,155.127,153.939,155.001,0.988,+0.64%,190594
2021-12-30,154.987,155.655,154.912,155.167,0.166,+0.11%,191089
2021-12-31,155.143,156.007,154.994,155.627,0.46,+0.30%,184349
2022-01-03,155.732,155.912,154.89,155.39,-0.237,-0.15%,192289
2022-01-04,155.391,157.421,155.135,156.982,1.592,+1.02%,252243
2022-01-05,156.974,157.757,156.57,157.28,0.298,+0.19%,258472
2022-01-06,157.273,157.46,156.088,156.704,-0.576,-0.37%,291365
2022-01-07,156.695,157.175,156.631,156.894,0.19,+0.12%,257861
2022-01-10,157.043,157.363,155.952,156.297,-0.597,-0.38%,247863
2022-01-11,156.286,157.3,156.154,157.17,0.873,+0.56%,262185
2022-01-12,157.169,157.7,156.757,157.011,-0.159,-0.10%,257289
2022-01-13,157.003,157.454,156.312,156.393,-0.618,-0.39%,259151
2022-01-14,156.391,156.593,155.457,156.112,-0.281,-0.18%,308195
2022-01-17,156.204,156.712,156.029,156.353,0.241,+0.15%,203436
2022-01-18,156.344,156.892,155.479,155.726,-0.627,-0.40%,333706
2022-01-19,155.72,156.226,155.397,155.598,-0.128,-0.08%,303083
2022-01-20,155.597,156.052,155.08,155.08,-0.518,-0.33%,299421
2022-01-21,155.067,155.194,153.909,154.023,-1.057,-0.68%,342787
2022-01-24,154.045,154.477,152.902,153.595,-0.428,-0.28%,337532
2022-01-25,153.581,154.005,153.118,153.66,0.065,+0.04%,320525
2022-01-26,153.671,154.733,153.659,154.27,0.61,+0.40%,297701
2022-01-27,154.245,154.712,153.82,154.344,0.074,+0.05%,367912
2022-01-28,154.342,154.953,154.091,154.173,-0.171,-0.11%,323458
2022-01-31,154.43,155.326,154.341,154.738,0.565,+0.37%,289258
2022-02-01,154.721,155.202,154.176,155.033,0.295,+0.19%,287995
2022-02-02,155.011,155.431,154.804,155.297,0.264,+0.17%,264836
2022-02-03,155.298,156.496,155.038,156.273,0.976,+0.63%,319492
2022-02-04,156.26,156.494,155.562,155.624,-0.649,-0.42%,338387
2022-02-07,156.021,156.21,155.135,155.733,0.109,+0.07%,278053
2022-02-08,155.726,156.711,155.597,156.454,0.721,+0.46%,275048
2022-02-09,156.437,156.851,156.196,156.25,-0.204,-0.13%,261409
2022-02-10,156.239,158.06,156.218,157.243,0.993,+0.64%,367056
2022-02-11,157.24,157.697,155.855,156.467,-0.776,-0.49%,401944
2022-02-14,156.254,156.854,155.3,156.279,-0.188,-0.12%,398501
2022-02-15,156.276,156.822,155.959,156.403,0.124,+0.08%,343346
2022-02-16,156.408,157.108,156.352,156.73,0.327,+0.21%,306764
2022-02-17,156.741,156.983,156.062,156.437,-0.293,-0.19%,388283
2022-02-18,156.441,157.279,156.21,156.242,-0.195,-0.12%,336569
2022-02-21,156.014,156.736,155.944,155.958,-0.284,-0.18%,268087
2022-02-22,155.946,156.499,155.498,156.306,0.348,+0.22%,412580
2022-02-23,156.304,156.769,155.597,155.669,-0.637,-0.41%,296413
2022-02-24,155.657,155.876,153.367,154.54,-1.129,-0.73%,593072
2022-02-25,154.535,155.172,154.155,154.804,0.264,+0.17%,420714
2022-02-28,153.424,154.987,153.295,154.147,-0.657,-0.42%,431687
2022-03-01,154.154,154.676,152.658,152.946,-1.201,-0.78%,390554
2022-03-02,152.938,154.912,152.805,154.832,1.886,+1.23%,426423
2022-03-03,154.83,155.215,153.86,154.097,-0.735,-0.47%,359467
2022-03-04,154.097,154.206,151.465,151.781,-2.316,-1.50%,426760
2022-03-07,151.822,152.213,151.03,151.032,-0.749,-0.49%,475762
2022-03-08,151.023,151.998,150.973,151.384,0.352,+0.23%,488605
2022-03-09,151.368,152.773,151.368,152.701,1.317,+0.87%,378594
2022-03-10,152.66,152.986,151.884,151.902,-0.799,-0.52%,378729
2022-03-11,151.9,153.39,151.865,152.858,0.956,+0.63%,379643
2022-03-14,152.91,154.183,152.74,153.645,0.787,+0.51%,313347
2022-03-15,153.643,154.685,153.231,154.256,0.611,+0.40%,363333
2022-03-16,154.257,156.141,154.141,156.042,1.786,+1.16%,392926
2022-03-17,156.038,156.698,155.459,155.912,-0.13,-0.08%,369945
2022-03-18,155.912,157.223,155.845,156.93,1.018,+0.65%,318355
2022-03-21,157.327,157.502,156.375,157.197,0.267,+0.17%,269078
2022-03-22,157.189,160.237,157.16,160.197,3,+1.91%,362775
2022-03-23,160.197,161.087,159.036,159.953,-0.244,-0.15%,333260
2022-03-24,159.951,161.395,159.575,161.232,1.279,+0.80%,349569
2022-03-25,161.227,161.483,159.855,160.794,-0.438,-0.27%,373933
2022-03-28,160.746,164.62,160.709,162.146,1.352,+0.84%,440264
2022-03-29,162.147,162.689,160.259,160.781,-1.365,-0.84%,486377
2022-03-30,160.787,161.356,159.024,159.995,-0.786,-0.49%,450054
2022-03-31,159.996,160.855,159.438,159.801,-0.194,-0.12%,445531
2022-04-01,159.805,161.164,159.755,160.588,0.787,+0.49%,383580
2022-04-04,160.828,161.299,160.275,160.939,0.351,+0.22%,294549
2022-04-05,160.945,161.96,160.514,161.49,0.551,+0.34%,343930
2022-04-06,161.483,162.27,161.458,161.726,0.236,+0.15%,420720
2022-04-07,161.725,162.268,161.395,162.025,0.299,+0.18%,342777
2022-04-08,162.009,162.345,161.645,161.963,-0.062,-0.04%,319707
2022-04-11,160.971,163.84,160.971,163.279,1.316,+0.81%,336961
2022-04-12,163.272,163.62,162.803,162.983,-0.296,-0.18%,389605
2022-04-13,162.964,164.83,162.83,164.652,1.669,+1.02%,354416
2022-04-14,164.654,164.827,164.027,164.575,-0.077,-0.05%,364908
2022-04-15,164.38,165.395,164.38,165.098,0.523,+0.32%,441135
2022-04-18,164.997,165.41,164.637,165.174,0.076,+0.05%,234485
2022-04-19,165.176,167.598,165.133,167.363,2.189,+1.33%,362348
2022-04-20,167.355,168.407,166.423,167.1,-0.263,-0.16%,420483
2022-04-21,167.024,167.907,166.944,167.205,0.105,+0.06%,384284
2022-04-22,167.194,167.577,164.102,164.782,-2.423,-1.45%,398937
2022-04-25,164.763,165.295,162.054,163.192,-1.59,-0.96%,441218
2022-04-26,163.194,163.583,159.877,159.877,-3.315,-2.03%,437091
2022-04-27,159.865,161.383,159.607,160.99,1.113,+0.70%,339485
2022-04-28,161,164.247,160.868,162.788,1.798,+1.12%,476215
2022-04-29,162.801,163.981,162.397,162.972,0.184,+0.11%,400536
2022-05-02,163.219,163.883,162.283,162.521,-0.451,-0.28%,338902
2022-05-03,162.507,163.411,162.352,162.552,0.031,+0.02%,351316
2022-05-04,162.552,163.185,161.786,162.976,0.424,+0.26%,388481
2022-05-05,162.948,163.537,160.469,160.779,-2.197,-1.35%,470988
2022-05-06,160.786,161.586,160.317,160.808,0.029,+0.02%,505668
2022-05-09,161.033,162.179,160.164,160.492,-0.316,-0.20%,431143
2022-05-10,160.503,161.501,160.038,160.494,0.002,0.00%,477107
2022-05-11,160.5,161.306,158.838,159.123,-1.371,-0.85%,479630
2022-05-12,159.129,159.282,155.593,156.504,-2.619,-1.65%,577025
2022-05-13,156.504,158.478,156.417,158.356,1.852,+1.18%,453965
2022-05-16,158.474,159.268,157.431,159.015,0.659,+0.42%,392102
2022-05-17,159,161.846,158.783,161.57,2.555,+1.61%,437347
2022-05-18,161.554,161.758,158.051,158.2,-3.37,-2.09%,399067
2022-05-19,158.198,159.908,157.872,159.262,1.062,+0.67%,551783
2022-05-20,159.27,160.194,158.726,159.662,0.4,+0.25%,470662
2022-05-23,159.562,161.003,159.402,160.918,1.256,+0.79%,373879
2022-05-24,160.909,160.962,157.993,158.731,-2.187,-1.36%,457046
2022-05-25,158.746,160.291,158.39,159.869,1.138,+0.72%,444153
2022-05-26,159.881,160.814,159.016,160.128,0.259,+0.16%,416086
2022-05-27,160.128,160.643,159.722,160.498,0.37,+0.23%,362534
2022-05-30,160.606,161.516,160.307,161.481,0.983,+0.61%,289458
2022-05-31,161.35,162.354,160.955,162.077,0.596,+0.37%,406251
2022-06-01,162.05,163.317,161.97,162.342,0.265,+0.16%,363162
2022-06-02,162.337,163.41,162.1,163.078,0.736,+0.45%,321123
2022-06-03,163.071,164.094,163.046,163.34,0.262,+0.16%,296010
2022-06-06,163.721,165.455,162.902,165.218,1.878,+1.15%,317342
2022-06-07,165.215,167.098,165.186,166.8,1.582,+0.96%,399256
2022-06-08,166.792,168.523,166.781,168.162,1.362,+0.82%,402458
2022-06-09,168.169,168.698,166.702,167.723,-0.439,-0.26%,448987
2022-06-10,167.714,168.024,165.07,165.264,-2.459,-1.47%,427306
2022-06-13,165.75,166.093,162.249,162.908,-2.356,-1.43%,507260
2022-06-14,162.904,164.294,161.334,162.467,-0.441,-0.27%,548096
2022-06-15,162.47,163.149,161.718,162.761,0.294,+0.18%,583916
2022-06-16,162.774,163.783,160.004,163.214,0.453,+0.28%,591388
2022-06-17,163.218,166.217,162.986,164.801,1.587,+0.97%,553400
2022-06-20,165.147,165.649,164.464,165.418,0.617,+0.37%,395496
2022-06-21,165.375,167.813,165.298,167.755,2.337,+1.41%,433061
2022-06-22,167.753,167.817,165.766,166.99,-0.765,-0.46%,482502
2022-06-23,166.991,167.051,164.654,165.288,-1.702,-1.02%,533439
2022-06-24,165.297,166.295,164.808,165.865,0.577,+0.35%,445273
2022-06-27,166.023,166.519,165.118,166.061,0.196,+0.12%,435702
2022-06-28,166.054,166.922,165.709,165.856,-0.205,-0.12%,458740
2022-06-29,165.841,166.326,165.401,165.408,-0.448,-0.27%,507645
2022-06-30,165.418,165.809,164.808,165.092,-0.316,-0.19%,496142
2022-07-01,165.097,165.289,161.576,163.515,-1.577,-0.96%,505358
2022-07-04,163.649,164.735,162.999,164.196,0.681,+0.42%,347720
2022-07-05,164.095,165.262,161.585,162.383,-1.813,-1.10%,482905
2022-07-06,162.366,162.562,160.39,161.939,-0.444,-0.27%,544229
2022-07-07,161.941,163.615,161.568,163.41,1.471,+0.91%,446374
2022-07-08,163.401,163.908,161.821,163.593,0.183,+0.11%,469176
2022-07-11,163.868,164.447,163.038,163.397,-0.196,-0.12%,417645
2022-07-12,163.392,163.534,161.824,162.679,-0.718,-0.44%,486532
2022-07-13,162.679,164.107,162.346,163.309,0.63,+0.39%,500894
2022-07-14,163.28,165.184,163.072,164.234,0.925,+0.57%,570310
2022-07-15,164.222,164.682,163.647,164.071,-0.163,-0.10%,458061
2022-07-18,164.492,166.08,164.153,164.994,0.923,+0.56%,386427
2022-07-19,165,165.969,164.705,165.731,0.737,+0.45%,421064
2022-07-20,165.732,166.23,165.137,165.35,-0.381,-0.23%,432320
2022-07-21,165.36,165.956,164.538,164.749,-0.601,-0.36%,508095
2022-07-22,164.744,165.141,162.999,163.227,-1.522,-0.92%,508331
2022-07-25,163.413,165.076,162.99,164.433,1.206,+0.74%,407904
2022-07-26,164.439,164.963,163.47,164.652,0.219,+0.13%,393028
2022-07-27,164.657,166.322,164.621,165.848,1.196,+0.73%,445421
2022-07-28,165.86,166.081,162.862,163.398,-2.45,-1.48%,505168
2022-07-29,163.373,163.883,161.535,162.18,-1.218,-0.75%,546704
2022-08-01,162.13,162.488,161.035,161.178,-1.002,-0.62%,462797
2022-08-02,161.162,161.993,159.439,161.92,0.742,+0.46%,553689
2022-08-03,161.919,163.051,161.208,162.557,0.637,+0.39%,536339
2022-08-04,162.529,163.857,161.12,161.455,-1.102,-0.68%,447663
2022-08-05,161.452,163.358,161.103,162.86,1.405,+0.87%,473889
2022-08-08,162.963,163.837,162.56,163.01,0.15,+0.09%,406055
2022-08-09,163.018,163.657,162.592,163.065,0.055,+0.03%,382902
2022-08-10,163.061,163.493,161.673,162.443,-0.622,-0.38%,296484
2022-08-11,162.416,163.144,161.254,162.105,-0.338,-0.21%,339798
2022-08-12,162.097,162.789,161.618,161.898,-0.207,-0.13%,291592
2022-08-15,161.784,162.071,160.354,160.615,-1.283,-0.79%,324883
2022-08-16,160.614,162.726,160.059,162.156,1.541,+0.96%,318581
2022-08-17,162.14,163.563,160.432,162.554,0.398,+0.25%,315883
2022-08-18,162.542,163.233,161.69,162.136,-0.418,-0.26%,277587
2022-08-19,162.103,162.827,161.636,161.821,-0.315,-0.19%,305864
2022-08-22,161.781,162.497,161.172,161.614,-0.207,-0.13%,167802
2022-08-23,161.635,162.29,160.805,161.554,-0.06,-0.04%,192102
2022-08-24,161.574,161.878,160.846,161.499,-0.055,-0.03%,184906
2022-08-25,161.493,161.965,161.221,161.233,-0.266,-0.16%,185980
2022-08-26,161.23,162.582,160.729,160.729,-0.504,-0.31%,191142
2022-08-29,161.749,162.638,161.369,162.197,1.468,+0.91%,175384
2022-08-30,162.207,162.58,161.494,161.708,-0.489,-0.30%,207247
2022-08-31,161.688,161.879,160.9,161.446,-0.262,-0.16%,190871
2022-09-01,161.444,161.832,160.978,161.804,0.358,+0.22%,204640
2022-09-02,161.804,162.485,161.093,161.244,-0.56,-0.35%,191197
2022-09-05,161.23,161.928,160.642,161.862,0.618,+0.38%,151329
2022-09-06,161.864,165.093,161.829,164.366,2.504,+1.55%,206910
2022-09-07,164.35,166,164.168,165.648,1.282,+0.78%,521041
2022-09-08,165.656,166.299,164.892,165.715,0.067,+0.04%,492144
2022-09-09,165.704,166.222,164.307,164.879,-0.836,-0.50%,508791
2022-09-12,165.602,167.025,165.175,166.707,1.828,+1.11%,428340
2022-09-13,166.68,167.23,165.986,166.022,-0.685,-0.41%,517030
2022-09-14,166.012,166.492,164.756,164.952,-1.07,-0.64%,522672
2022-09-15,164.889,165.726,164.379,164.379,-0.573,-0.35%,441590
2022-09-16,164.365,164.582,162.744,163.122,-1.257,-0.76%,441109
2022-09-19,164.236,164.236,162.94,163.62,0.498,+0.31%,352543
2022-09-20,163.583,164.428,163.137,163.524,-0.096,-0.06%,431924
2022-09-21,163.526,163.925,162.223,162.349,-1.175,-0.72%,536934
2022-09-22,162.343,164.421,159.109,160.159,-2.19,-1.35%,586243
2022-09-23,160.165,160.435,155.3,155.3,-4.859,-3.03%,584042
2022-09-26,154.941,157.181,148.809,154.651,-0.649,-0.42%,703196
2022-09-27,154.653,156.352,154.094,155.305,0.654,+0.42%,632762
2022-09-28,155.306,157.08,152.558,156.899,1.594,+1.03%,659098
2022-09-29,156.896,160.584,155.599,160.378,3.479,+2.22%,658951
2022-09-30,160.388,162.169,159.425,161.618,1.24,+0.77%,644966
2022-10-03,161.269,163.877,160.565,163.421,1.803,+1.12%,543996
2022-10-04,163.436,165.529,163.415,165.109,1.688,+1.03%,568966
2022-10-05,165.121,165.707,162.602,163.768,-1.341,-0.81%,568148
2022-10-06,163.769,164.428,161.098,161.936,-1.832,-1.12%,577424
2022-10-07,161.93,162.589,160.762,161.218,-0.718,-0.44%,526994
2022-10-10,161.137,161.495,160.434,160.995,-0.223,-0.14%,399463
2022-10-11,160.998,162.653,159.721,159.833,-1.162,-0.72%,587040
2022-10-12,159.822,163.312,159.733,163.034,3.201,+2.00%,615740
2022-10-13,163.032,167.261,162.316,166.436,3.402,+2.09%,592459
2022-10-14,166.391,167.191,165.026,166.107,-0.329,-0.20%,583468
2022-10-17,167.256,170.082,166.488,169.262,3.155,+1.90%,545635
2022-10-18,169.233,169.758,167.613,168.932,-0.33,-0.19%,573226
2022-10-19,168.929,169.354,167.63,168.084,-0.848,-0.50%,589145
2022-10-20,168.088,169.712,167.419,168.707,0.623,+0.37%,605553
2022-10-21,168.703,169.569,164.509,166.718,-1.989,-1.18%,666962
2022-10-24,167.078,169.757,165.555,167.979,1.261,+0.76%,611588
2022-10-25,167.976,169.927,167.813,169.665,1.686,+1.00%,522772
2022-10-26,169.661,170.592,169.323,169.997,0.332,+0.20%,591074
2022-10-27,169.989,170.239,168.705,169.129,-0.868,-0.51%,623048
2022-10-28,169.13,171.356,168.876,171.109,1.98,+1.17%,575001
2022-10-31,171.092,172.111,170.328,170.502,-0.607,-0.35%,454368
2022-11-01,170.503,170.932,169.487,170.185,-0.317,-0.19%,545659
2022-11-02,170.176,170.29,168.309,168.473,-1.712,-1.01%,523504
2022-11-03,168.457,168.545,165.093,165.368,-3.105,-1.84%,542287
2022-11-04,165.293,166.955,165.141,166.784,1.416,+0.86%,463956
2022-11-07,165.925,169.087,165.87,168.671,1.887,+1.13%,508446
2022-11-08,168.67,169.062,167.298,168.048,-0.623,-0.37%,507693
2022-11-09,168.052,168.312,165.973,166.241,-1.807,-1.08%,572551
2022-11-10,166.244,167.335,164.369,165.077,-1.164,-0.70%,582335
2022-11-11,165.064,166.078,163.067,164.201,-0.876,-0.53%,642338
2022-11-14,164.092,165.709,163.578,164.448,0.247,+0.15%,560307
2022-11-15,164.402,166.202,164.32,165.266,0.818,+0.50%,654405
2022-11-16,165.246,166.37,164.674,166.223,0.957,+0.58%,629061
2022-11-17,166.211,166.366,165.192,166.317,0.094,+0.06%,586017
2022-11-18,166.316,167.306,166.124,166.863,0.546,+0.33%,521280
2022-11-21,167.365,168.032,166.081,168.003,1.14,+0.68%,472496
2022-11-22,168.005,168.284,167.347,167.839,-0.164,-0.10%,474508
2022-11-23,167.838,168.994,167.714,168.258,0.419,+0.25%,496096
2022-11-24,168.258,168.273,167.155,167.905,-0.353,-0.21%,461405
2022-11-25,167.876,168.783,167.623,168.252,0.347,+0.21%,405342
2022-11-28,168.101,168.174,165.832,166.142,-2.11,-1.25%,519186
2022-11-29,166.139,166.664,165.529,165.757,-0.385,-0.23%,549472
2022-11-30,165.757,167.352,165.51,166.443,0.686,+0.41%,489925
2022-12-01,166.445,167.15,164.505,165.84,-0.603,-0.36%,434996
2022-12-02,165.839,165.973,164.035,165.066,-0.774,-0.47%,580059
2022-12-05,165.034,166.812,164.923,166.774,1.708,+1.03%,522038
2022-12-06,166.769,167.486,166.137,166.246,-0.528,-0.32%,526626
2022-12-07,166.244,167.418,165.95,166.742,0.496,+0.30%,567630
2022-12-08,166.74,167.34,166.28,167.242,0.5,+0.30%,488260
2022-12-09,167.241,168.062,166.501,167.484,0.242,+0.14%,544289
2022-12-12,167.488,169.024,167.128,168.917,1.433,+0.86%,455030
2022-12-13,168.921,169.284,167.104,167.679,-1.238,-0.73%,592805
2022-12-14,167.679,168.386,166.733,168.349,0.67,+0.40%,603406
2022-12-15,168.348,168.837,167.63,167.776,-0.573,-0.34%,590595
2022-12-16,167.776,168.005,165.961,165.971,-1.805,-1.08%,537650
2022-12-19,165.132,166.896,165.13,166.297,0.326,+0.20%,456737
2022-12-20,166.298,167.011,158.605,160.473,-5.824,-3.50%,620909
2022-12-21,160.474,161.035,159.482,160.071,-0.402,-0.25%,531550
2022-12-22,160.071,160.259,158.815,159.407,-0.664,-0.41%,474854
2022-12-23,159.402,160.546,159.114,160.06,0.653,+0.41%,390254
2022-12-26,160.107,160.9,159.735,160.34,0.28,+0.17%,16910
2022-12-27,160.339,160.949,160.198,160.629,0.289,+0.18%,422989
2022-12-28,160.626,162.334,160.446,161.639,1.01,+0.63%,453583
2022-12-29,161.634,161.634,160.062,160.381,-1.258,-0.78%,390009
2022-12-30,160.382,160.478,157.843,158.608,-1.773,-1.11%,458694
2023-01-02,158.596,158.596,157.372,157.417,-1.191,-0.75%,106389
2023-01-03,157.43,158.394,155.366,156.778,-0.639,-0.41%,559635
2023-01-04,156.781,160.174,156.513,159.902,3.124,+1.99%,582416
2023-01-05,159.902,160.044,158.513,158.905,-0.997,-0.62%,531393
2023-01-06,158.896,160.022,158.755,159.756,0.851,+0.54%,570185
2023-01-09,160.013,161.231,159.313,160.695,0.939,+0.59%,522365
2023-01-10,160.694,160.941,160.054,160.679,-0.016,-0.01%,547780
2023-01-11,160.679,161.213,160.515,160.956,0.277,+0.17%,494167
2023-01-12,160.956,160.956,157.732,157.904,-3.052,-1.90%,628912
2023-01-13,157.896,158.049,155.649,156.409,-1.495,-0.95%,517207
2023-01-16,156.509,157.077,156.193,156.721,0.312,+0.20%,430854
2023-01-17,156.785,158.023,156.397,157.463,0.742,+0.47%,555983
2023-01-18,157.462,161.53,157.383,159.167,1.704,+1.08%,592324
2023-01-19,159.165,159.227,157.577,159.143,-0.024,-0.02%,538762
2023-01-20,159.142,161.289,159.052,160.572,1.429,+0.90%,470222
2023-01-23,160.775,161.804,160.375,161.748,1.176,+0.73%,438949
2023-01-24,161.749,161.803,160,160.613,-1.135,-0.70%,442962
2023-01-25,160.6,160.933,159.512,160.721,0.108,+0.07%,436859
2023-01-26,160.723,161.734,160.016,161.609,0.888,+0.55%,472350
2023-01-27,161.611,161.613,160.413,160.97,-0.639,-0.40%,386905
2023-01-30,160.642,161.419,160.213,161.113,0.143,+0.09%,427288
2023-01-31,161.114,161.195,159.773,160.254,-0.859,-0.53%,445465
2023-02-01,160.254,160.673,158.915,159.548,-0.706,-0.44%,483484
2023-02-02,159.547,159.61,157.187,157.353,-2.195,-1.38%,535241
2023-02-03,157.352,158.752,156.735,158.134,0.781,+0.50%,501065
2023-02-06,159.353,159.948,158.545,159.427,1.293,+0.82%,472214
2023-02-07,159.424,159.583,157.432,157.924,-1.503,-0.94%,540185
2023-02-08,157.922,158.837,157.617,158.66,0.736,+0.47%,468303
2023-02-09,158.656,159.511,158.304,159.429,0.769,+0.48%,477051
2023-02-10,159.436,159.634,157.541,158.46,-0.969,-0.61%,517575
2023-02-13,158.882,161.201,158.415,160.727,2.267,+1.43%,423614
2023-02-14,160.726,162.176,160.113,162.062,1.335,+0.83%,553705
2023-02-15,162.063,162.09,160.789,161.459,-0.603,-0.37%,467159
2023-02-16,161.457,161.513,160.473,160.584,-0.875,-0.54%,483500
2023-02-17,160.584,161.649,160.504,161.549,0.965,+0.60%,428755
2023-02-20,161.68,161.727,161.175,161.678,0.129,+0.08%,333358
2023-02-21,161.675,163.759,161.44,163.534,1.856,+1.15%,444519
2023-02-22,163.533,163.599,162.394,162.53,-1.004,-0.61%,453667
2023-02-23,162.529,162.852,161.677,161.816,-0.714,-0.44%,402975
2023-02-24,161.815,163.12,161.214,162.986,1.17,+0.72%,497145
2023-02-27,163.025,164.35,162.615,164.343,1.357,+0.83%,406392
2023-02-28,164.343,166.008,163.721,163.765,-0.578,-0.35%,389894
2023-03-01,163.766,164.511,162.873,163.821,0.056,+0.03%,462375
2023-03-02,163.822,163.933,163.081,163.402,-0.419,-0.26%,464588
2023-03-03,163.4,163.644,163.109,163.611,0.209,+0.13%,409030
2023-03-06,163.874,163.876,162.987,163.471,-0.14,-0.09%,367790
2023-03-07,163.47,163.863,162.056,162.2,-1.271,-0.78%,426571
2023-03-08,162.215,162.984,161.72,162.694,0.494,+0.30%,418557
2023-03-09,162.695,162.695,161.614,162.357,-0.337,-0.21%,388947
2023-03-10,162.356,164.232,161.959,162.523,0.166,+0.10%,557057
2023-03-13,162.632,163.05,160.051,162.283,-0.24,-0.15%,653549
2023-03-14,162.282,164.082,161.871,163.185,0.902,+0.56%,610156
2023-03-15,163.185,164.146,159.214,160.857,-2.328,-1.43%,712107
2023-03-16,160.857,162.114,158.571,161.955,1.098,+0.68%,654121
2023-03-17,161.954,162.178,160.119,160.616,-1.339,-0.83%,536309
2023-03-20,161.026,161.733,158.969,161.236,0.62,+0.39%,572467
2023-03-21,161.236,162.263,160.773,161.876,0.64,+0.40%,435444
2023-03-22,161.879,163.341,160.798,161.243,-0.633,-0.39%,447937
2023-03-23,161.242,161.854,159.944,160.777,-0.466,-0.29%,529877
2023-03-24,160.777,160.852,158.271,159.903,-0.874,-0.54%,498147
2023-03-27,159.816,161.844,159.756,161.679,1.776,+1.11%,405635
2023-03-28,161.676,161.777,160.735,161.525,-0.154,-0.10%,412318
2023-03-29,161.527,163.681,161.358,163.627,2.102,+1.30%,412754
2023-03-30,163.626,164.453,162.985,164.396,0.769,+0.47%,402979
2023-03-31,164.39,165.471,163.631,163.755,-0.641,-0.39%,417901
2023-04-03,164.106,164.897,163.432,164.438,0.683,+0.42%,412090
2023-04-04,164.439,166.398,164.191,164.646,0.208,+0.13%,397054
2023-04-05,164.64,164.696,162.808,163.652,-0.994,-0.60%,383575
2023-04-06,163.644,164.14,162.907,163.918,0.266,+0.16%,306230
2023-04-07,163.913,164.348,163.611,164.08,0.162,+0.10%,224977
2023-04-10,165.602,165.603,163.813,165.436,1.356,+0.83%,330745
2023-04-11,165.436,166.195,165.197,166.139,0.703,+0.42%,352534
2023-04-12,166.136,166.599,165.398,166.242,0.103,+0.06%,389233
2023-04-13,166.24,166.837,165.415,166.021,-0.221,-0.13%,370952
2023-04-14,166.02,166.234,165.416,166.102,0.081,+0.05%,388268
2023-04-17,167.883,167.883,165.698,166.459,0.357,+0.21%,341288
2023-04-18,166.458,167.012,166.177,166.646,0.187,+0.11%,346224
2023-04-19,166.646,167.976,166.492,167.59,0.944,+0.57%,368195
2023-04-20,167.592,167.709,166.847,167.046,-0.544,-0.32%,374228
2023-04-21,167.038,167.097,165.527,166.89,-0.156,-0.09%,348431
2023-04-24,166.716,167.725,166.547,167.604,0.714,+0.43%,332907
2023-04-25,167.603,167.956,165.428,165.947,-1.657,-0.99%,388361
2023-04-26,165.953,167.014,165.652,166.675,0.728,+0.44%,446615
2023-04-27,166.675,167.53,166.334,167.487,0.812,+0.49%,389116
2023-04-28,167.484,171.191,166.556,171.188,3.701,+2.21%,399374
2023-05-01,171.765,172.096,170.996,171.794,0.606,+0.35%,297167
2023-05-02,171.795,172.318,169.946,170.234,-1.56,-0.91%,422038
2023-05-03,170.238,170.373,169.143,169.272,-0.962,-0.57%,446722
2023-05-04,169.267,169.536,168.061,168.845,-0.427,-0.25%,536997
2023-05-05,168.845,170.627,168.694,170.324,1.479,+0.88%,386325
2023-05-08,173.131,173.132,170.186,170.517,0.193,+0.11%,330441
2023-05-09,170.516,170.713,169.865,170.684,0.167,+0.10%,394104
2023-05-10,170.679,171.179,169.114,169.646,-1.038,-0.61%,412670
2023-05-11,169.644,169.735,167.844,168.353,-1.293,-0.76%,451280
2023-05-12,168.356,169.132,168.196,168.964,0.611,+0.36%,379240
2023-05-15,170.226,170.622,168.994,170.528,1.564,+0.93%,338811
2023-05-16,170.526,170.831,169.41,170.294,-0.234,-0.14%,376594
2023-05-17,170.296,172.013,170.123,171.942,1.648,+0.97%,369194
2023-05-18,171.941,172.16,171.195,172.119,0.177,+0.10%,385710
2023-05-19,172.12,172.51,171.252,171.652,-0.467,-0.27%,427666
2023-05-22,171.86,172.582,171.207,172.379,0.727,+0.42%,373565
2023-05-23,172.378,172.623,171.293,172.05,-0.329,-0.19%,421197
2023-05-24,172.051,172.794,171.237,172.455,0.405,+0.24%,438517
2023-05-25,172.454,172.772,171.718,172.573,0.118,+0.07%,436418
2023-05-26,172.575,173.759,172.233,173.636,1.063,+0.62%,389307
2023-05-29,173.688,173.972,172.953,173.55,-0.086,-0.05%,231316
2023-05-30,173.527,174.276,173.003,173.513,-0.037,-0.02%,419532
2023-05-31,173.515,173.657,172.531,173.365,-0.148,-0.09%,404714
2023-06-01,173.364,174.108,172.978,173.86,0.495,+0.29%,382455
2023-06-02,173.862,174.679,173.753,174.263,0.403,+0.23%,349657
2023-06-05,174.476,174.476,172.857,173.579,-0.684,-0.39%,326591
2023-06-06,173.577,173.774,172.681,173.49,-0.089,-0.05%,341741
2023-06-07,173.49,174.437,172.678,174.319,0.829,+0.48%,376074
2023-06-08,174.319,174.519,173.91,174.49,0.171,+0.10%,378454
2023-06-09,174.489,175.544,174.312,175.32,0.83,+0.48%,354831
2023-06-12,175.52,175.764,174.362,174.679,-0.641,-0.37%,335224
2023-06-13,174.679,176.864,174.469,176.843,2.164,+1.24%,400562
2023-06-14,176.846,177.42,176.45,177.42,0.577,+0.33%,416125
2023-06-15,177.404,179.4,177.269,179.342,1.922,+1.08%,443223
2023-06-16,179.34,182.044,178.834,181.888,2.546,+1.42%,434593
2023-06-19,182.238,182.339,181.228,181.552,-0.336,-0.18%,192580
2023-06-20,181.653,182.09,179.934,180.55,-1.002,-0.55%,436950
2023-06-21,180.551,181.601,179.931,181.151,0.601,+0.33%,455993
2023-06-22,181.153,182.554,180.725,182.43,1.279,+0.71%,416835
2023-06-23,182.409,182.947,181.278,182.749,0.319,+0.17%,454775
2023-06-26,182.447,182.994,181.692,182.425,-0.324,-0.18%,400285
2023-06-27,182.427,183.764,182.242,183.677,1.252,+0.69%,425254
2023-06-28,183.679,183.694,182.147,182.564,-1.113,-0.61%,442413
2023-06-29,182.566,182.877,182.222,182.612,0.048,+0.03%,427705
2023-06-30,182.612,183.874,182.207,183.23,0.618,+0.34%,428743
2023-07-03,183.228,183.763,183.103,183.614,0.384,+0.21%,365547
2023-07-04,183.613,183.915,183.236,183.687,0.073,+0.04%,280911
2023-07-05,183.68,184.011,183.158,183.776,0.089,+0.05%,355603
2023-07-06,183.776,184.005,182.511,183.54,-0.236,-0.13%,443575
2023-07-07,183.539,183.596,182.027,182.525,-1.015,-0.55%,427403
2023-07-10,182.524,183.224,181.101,181.735,-0.79,-0.43%,364491
2023-07-11,181.747,181.997,180.816,181.51,-0.225,-0.12%,391054
2023-07-12,181.516,181.543,179.486,179.884,-1.626,-0.90%,438429
2023-07-13,179.883,181.467,179.503,181.353,1.469,+0.82%,422707
2023-07-14,181.343,182.287,180.216,181.702,0.349,+0.19%,498467
2023-07-17,181.955,182.149,180.577,181.35,-0.352,-0.19%,406697
2023-07-18,181.344,181.84,180.372,180.983,-0.367,-0.20%,490462
2023-07-19,180.984,181.628,179.826,180.77,-0.213,-0.12%,489601
2023-07-20,180.741,180.741,179.736,180.245,-0.525,-0.29%,464317
2023-07-21,180.235,182.527,179.92,182.318,2.073,+1.15%,478110
2023-07-24,182.416,182.416,180.768,181.42,-0.898,-0.49%,466353
2023-07-25,181.452,182.015,181.161,181.816,0.396,+0.22%,427553
2023-07-26,181.813,181.991,180.921,181.51,-0.306,-0.17%,497547
2023-07-27,181.491,181.927,177.42,178.482,-3.028,-1.67%,601117
2023-07-28,178.48,181.496,176.339,181.348,2.866,+1.61%,591456
2023-07-31,181.622,183.195,180.881,182.606,1.258,+0.69%,510039
2023-08-01,182.607,183.257,182.596,183.13,0.524,+0.29%,472480
2023-08-02,183.132,183.137,181.762,182.193,-0.937,-0.51%,540820
2023-08-03,182.168,182.764,180.472,181.134,-1.059,-0.58%,563468
2023-08-04,181.139,181.746,180.661,180.757,-0.377,-0.21%,536382
2023-08-07,181.07,182.194,180.593,182.134,1.377,+0.76%,431084
2023-08-08,182.145,182.959,181.394,182.776,0.642,+0.35%,518448
2023-08-09,182.786,183.018,182.382,182.811,0.035,+0.02%,458182
2023-08-10,182.816,184.241,182.687,183.485,0.674,+0.37%,498547
2023-08-11,183.479,184.239,183.412,184.036,0.551,+0.30%,488631
2023-08-14,183.734,184.613,183.471,184.604,0.568,+0.31%,467809
2023-08-15,184.656,185.329,184.354,184.947,0.343,+0.19%,515807
2023-08-16,184.943,186.316,184.7,186.289,1.342,+0.73%,478702
2023-08-17,186.325,186.474,185.572,185.908,-0.381,-0.20%,506518
2023-08-18,185.893,185.945,184.564,185.139,-0.769,-0.41%,497059
2023-08-21,185.409,186.663,184.896,186.56,1.421,+0.77%,247863
2023-08-22,186.526,186.767,185.539,185.763,-0.797,-0.43%,249195
2023-08-23,185.739,185.94,183.372,184.276,-1.487,-0.80%,271458
2023-08-24,184.332,184.786,183.636,183.751,-0.525,-0.28%,261048
2023-08-25,183.772,184.44,183.389,184.194,0.443,+0.24%,274433
2023-08-28,184.319,184.709,184.189,184.625,0.431,+0.23%,394316
2023-08-29,184.665,185.266,184.072,184.448,-0.177,-0.10%,471512
2023-08-30,184.447,186.065,184.36,186.035,1.587,+0.86%,486526
2023-08-31,186.04,186.045,184.088,184.422,-1.613,-0.87%,476655
2023-09-01,184.443,184.558,183.539,184.13,-0.292,-0.16%,468578
2023-09-04,184.135,185.086,183.852,184.984,0.854,+0.46%,279195
2023-09-05,184.984,185.782,184.08,185.617,0.633,+0.34%,435114
2023-09-06,185.621,185.647,184.268,184.691,-0.926,-0.50%,438426
2023-09-07,184.672,184.769,183.378,183.698,-0.993,-0.54%,416510
2023-09-08,183.715,184.469,183.076,184.17,0.472,+0.26%,445242
2023-09-11,184.408,184.408,182.688,183.369,-0.801,-0.43%,431939
2023-09-12,183.375,183.931,182.947,183.752,0.383,+0.21%,395731
2023-09-13,183.732,184.396,183.201,184.189,0.437,+0.24%,471656
2023-09-14,184.191,184.191,182.518,182.969,-1.22,-0.66%,438792
2023-09-15,183.003,183.915,182.781,183.099,0.13,+0.07%,421448
2023-09-18,182.978,183.349,182.724,182.831,-0.268,-0.15%,351659
2023-09-19,182.79,183.487,182.719,183.243,0.412,+0.23%,369155
2023-09-20,183.232,183.352,182.465,183.12,-0.123,-0.07%,450547
2023-09-21,183.122,183.122,180.926,181.418,-1.702,-0.93%,450156
2023-09-22,181.454,182.303,181.212,181.553,0.135,+0.07%,460056
2023-09-25,182.275,182.275,181.417,181.828,0.275,+0.15%,381786
2023-09-26,181.809,181.833,181.048,181.216,-0.612,-0.34%,427729
2023-09-27,181.234,181.68,180.893,181.59,0.374,+0.21%,432690
2023-09-28,181.592,182.434,181.061,182.192,0.602,+0.33%,465258
2023-09-29,182.202,183.02,181.89,182.251,0.059,+0.03%,474296
2023-10-02,182.275,182.819,181.125,181.151,-1.1,-0.60%,403592
2023-10-03,181.132,181.374,178.192,180.036,-1.115,-0.62%,475239
2023-10-04,179.979,181.255,179.567,180.994,0.958,+0.53%,482118
2023-10-05,180.98,181.078,180.301,181.073,0.079,+0.04%,477070
2023-10-06,181.069,182.986,180.848,182.644,1.571,+0.87%,480076
2023-10-09,181.923,182.318,181.264,181.73,-0.914,-0.50%,417477
2023-10-10,181.743,182.779,181.55,182.73,1,+0.55%,452538
2023-10-11,182.711,183.75,182.489,183.7,0.97,+0.53%,439578
2023-10-12,183.672,183.82,182.332,182.379,-1.321,-0.72%,437715
2023-10-13,182.398,182.94,181.273,181.561,-0.818,-0.45%,442333
2023-10-16,181.41,182.744,181.371,182.699,1.138,+0.63%,369586
2023-10-17,182.672,182.804,181.104,182.506,-0.193,-0.11%,398796
2023-10-18,182.525,182.817,181.867,182.021,-0.485,-0.27%,336493
2023-10-19,182.017,182.517,181.179,181.883,-0.138,-0.08%,311022
2023-10-20,181.902,182.376,181.304,182.31,0.427,+0.23%,278752
2023-10-23,182.133,183.426,182.086,183.351,1.041,+0.57%,247182
2023-10-24,183.378,183.753,182.059,182.257,-1.094,-0.60%,315973
2023-10-25,182.294,182.454,181.637,181.947,-0.31,-0.17%,305700
2023-10-26,181.945,182.576,181.224,182.399,0.452,+0.25%,342958
2023-10-27,182.401,182.519,181.05,181.397,-1.002,-0.55%,337533
2023-10-30,181.593,181.878,180.773,181.425,0.028,+0.02%,293326
2023-10-31,181.426,184.276,181.336,184.259,2.834,+1.56%,343836
2023-11-01,184.306,184.315,182.955,183.415,-0.844,-0.46%,362906
2023-11-02,183.44,183.724,182.75,183.611,0.196,+0.11%,335304
2023-11-03,183.62,185.018,183.246,184.935,1.324,+0.72%,334837
2023-11-06,184.82,185.958,184.801,185.206,0.271,+0.15%,292532
2023-11-07,185.249,185.46,184.655,184.958,-0.248,-0.13%,308417
2023-11-08,184.957,185.672,184.553,185.491,0.533,+0.29%,290955
2023-11-09,185.473,185.899,184.849,184.998,-0.493,-0.27%,315800
2023-11-10,184.995,185.34,184.64,185.221,0.223,+0.12%,291930
2023-11-13,185.04,186.326,185.03,186.297,1.076,+0.58%,249966
2023-11-14,186.298,188.291,186.094,187.967,1.67,+0.90%,290200
2023-11-15,187.956,188.237,187.206,187.936,-0.031,-0.02%,303233
2023-11-16,187.959,187.981,186.833,187.131,-0.805,-0.43%,295962
2023-11-17,187.117,187.15,185.331,186.49,-0.641,-0.34%,311319
2023-11-20,186.244,186.786,184.636,185.593,-0.897,-0.48%,309823
2023-11-21,185.557,186.099,184.476,186.037,0.444,+0.24%,333233
2023-11-22,186.076,187.024,185.642,186.862,0.825,+0.44%,325525
2023-11-23,186.835,187.591,186.291,187.48,0.618,+0.33%,234547
2023-11-24,187.467,188.66,187.112,188.398,0.918,+0.49%,257171
2023-11-27,188.212,188.524,187.612,187.764,-0.634,-0.34%,298561
2023-11-28,187.755,187.874,187.071,187.231,-0.533,-0.28%,344262
2023-11-29,187.21,187.535,186.637,186.91,-0.321,-0.17%,374041
2023-11-30,186.918,187.566,186.244,187.099,0.189,+0.10%,372189
2023-12-01,187.084,187.516,186.195,186.632,-0.467,-0.25%,376822
2023-12-04,186.145,186.449,185.081,185.969,-0.663,-0.36%,347050
2023-12-05,185.973,186.182,185.069,185.355,-0.614,-0.33%,361467
2023-12-06,185.348,185.807,184.995,185.024,-0.331,-0.18%,321431
2023-12-07,185.012,185.013,178.628,181.488,-3.536,-1.91%,432190
2023-12-08,181.52,182.043,179.561,181.95,0.462,+0.25%,440787
2023-12-11,181.773,184.321,181.706,183.524,1.574,+0.87%,330757
2023-12-12,183.51,183.57,182.278,182.732,-0.792,-0.43%,345720
2023-12-13,182.733,183.147,180.201,180.288,-2.444,-1.34%,382713
2023-12-14,180.288,181.22,178.368,181.144,0.856,+0.47%,475879
2023-12-15,181.142,181.738,179.829,180.196,-0.948,-0.52%,424046
2023-12-18,180.403,181.179,180.191,180.62,0.424,+0.24%,337832
2023-12-19,180.58,184.176,180.048,183.13,2.51,+1.39%,372166
2023-12-20,183.14,183.338,181.285,181.436,-1.694,-0.93%,365028
2023-12-21,181.44,181.467,179.791,180.345,-1.091,-0.60%,358489
2023-12-22,180.338,181.363,179.977,180.91,0.565,+0.31%,336184
2023-12-25,181.029,181.029,181.011,181.012,0.102,+0.06%,3
2023-12-26,180.988,181.303,180.517,181.177,0.165,+0.09%,248560
2023-12-27,181.197,182.189,181.099,181.522,0.345,+0.19%,309048
2023-12-28,181.517,181.517,179.008,180.053,-1.469,-0.81%,329157
2023-12-29,180.052,180.532,179.317,179.546,-0.507,-0.28%,327914
2024-01-01,179.401,179.401,179.401,179.401,-0.145,-0.08%,0
2024-01-02,179.4,180.646,178.746,179.17,-0.231,-0.13%,357858
2024-01-03,179.171,181.755,179.095,181.471,2.301,+1.28%,379760
2024-01-04,181.478,183.785,181.021,183.415,1.944,+1.07%,365501
2024-01-05,183.414,184.314,183.335,183.935,0.52,+0.28%,402579
2024-01-08,184.107,184.222,183.025,183.864,-0.071,-0.04%,333486
2024-01-09,183.867,183.933,182.768,183.641,-0.223,-0.12%,353949
2024-01-10,183.635,185.749,183.417,185.727,2.086,+1.14%,308684
2024-01-11,185.732,186.16,185.265,185.407,-0.32,-0.17%,393257
2024-01-12,185.404,185.665,184.479,184.787,-0.62,-0.33%,367544
2024-01-15,184.925,185.749,184.703,185.555,0.768,+0.42%,250800
2024-01-16,185.51,186.188,185.014,185.973,0.418,+0.23%,369365
2024-01-17,186,188.122,185.877,187.879,1.906,+1.02%,364651
2024-01-18,187.812,188.253,187.325,188.212,0.333,+0.18%,354013
2024-01-19,188.251,188.91,187.42,188.187,-0.025,-0.01%,302660
2024-01-22,188.319,188.393,187.77,188.258,0.071,+0.04%,307986
2024-01-23,188.232,188.913,187.377,188.249,-0.009,0.00%,278494
2024-01-24,188.245,188.47,187.132,187.695,-0.554,-0.29%,343773
2024-01-25,187.716,188.192,187.166,187.696,0.001,0.00%,341277
2024-01-26,187.646,188.566,187.339,188.185,0.489,+0.26%,306846
2024-01-29,188.107,188.294,187.121,187.488,-0.697,-0.37%,277417
2024-01-30,187.458,187.516,186.525,187.457,-0.031,-0.02%,301357
2024-01-31,187.456,187.612,185.964,186.438,-1.019,-0.54%,386344
2024-02-01,186.438,186.658,185.235,186.6,0.162,+0.09%,382631
2024-02-02,186.593,187.739,186.446,187.477,0.877,+0.47%,336677
2024-02-05,187.648,187.648,186.182,186.399,-1.078,-0.58%,309234
2024-02-06,186.383,186.782,186.197,186.37,-0.029,-0.02%,319580
2024-02-07,186.385,187.264,186.192,187.117,0.747,+0.40%,321161
2024-02-08,187.112,188.484,186.877,188.452,1.335,+0.71%,326069
2024-02-09,188.392,188.864,188.255,188.525,0.073,+0.04%,303881
2024-02-12,188.478,188.727,187.861,188.598,0.073,+0.04%,268012
2024-02-13,188.598,190.078,188.446,189.885,1.287,+0.68%,317743
2024-02-14,189.892,189.909,188.761,189.24,-0.645,-0.34%,320112
2024-02-15,189.241,189.241,188.017,188.935,-0.305,-0.16%,318014
2024-02-16,188.915,189.521,188.829,189.234,0.299,+0.16%,313924
2024-02-19,189.292,189.391,188.91,189.104,-0.13,-0.07%,214439
2024-02-20,189.103,189.726,189.04,189.318,0.214,+0.11%,315224
2024-02-21,189.344,189.919,189.158,189.914,0.596,+0.31%,307870
2024-02-22,189.952,190.828,189.858,190.597,0.683,+0.36%,320515
2024-02-23,190.581,191.148,190.408,190.735,0.138,+0.07%,292598
2024-02-26,190.773,191.314,190.343,191.183,0.448,+0.23%,272953
2024-02-27,191.167,191.176,190.379,190.941,-0.242,-0.13%,293984
2024-02-28,190.927,190.955,190.273,190.806,-0.135,-0.07%,291100
2024-02-29,190.806,190.806,189.049,189.34,-1.466,-0.77%,347122
2024-03-01,189.34,190.396,189.283,189.995,0.655,+0.35%,323181
2024-03-04,189.736,191.189,189.735,191.055,1.06,+0.56%,254732
2024-03-05,191.054,191.067,190.316,190.648,-0.407,-0.21%,287593
2024-03-06,190.643,190.691,189.863,190.2,-0.448,-0.23%,313521
2024-03-07,190.203,190.211,188.24,189.63,-0.57,-0.30%,350267
2024-03-08,189.631,189.716,188.392,189.128,-0.502,-0.26%,351953
2024-03-11,188.703,188.991,187.97,188.291,-0.837,-0.44%,263855
2024-03-12,188.292,189.201,187.984,188.91,0.619,+0.33%,319327
2024-03-13,188.911,189.545,188.423,189.084,0.174,+0.09%,284444
2024-03-14,189.086,189.519,188.602,189.156,0.072,+0.04%,301652
2024-03-15,189.157,190.023,188.595,189.832,0.676,+0.36%,284276
2024-03-18,190.03,190.155,189.543,189.864,0.032,+0.02%,228671
2024-03-19,189.863,192.171,189.665,191.916,2.052,+1.08%,291959
2024-03-20,191.916,193.532,191.818,193.383,1.467,+0.76%,299702
2024-03-21,193.385,193.506,191.848,191.908,-1.475,-0.76%,331835
2024-03-22,191.908,192.24,190.397,190.823,-1.085,-0.57%,287338
2024-03-25,191.632,191.632,190.361,191.336,0.513,+0.27%,226287
2024-03-26,191.334,191.678,191.109,191.389,0.053,+0.03%,238917
2024-03-27,191.389,191.575,190.528,191.156,-0.233,-0.12%,242004
2024-03-28,191.157,191.329,190.576,191.058,-0.098,-0.05%,246446
2024-03-29,191.06,191.221,190.787,191.034,-0.024,-0.01%,111006
2024-04-01,191.311,191.355,190.18,190.34,-0.694,-0.36%,198868
2024-04-02,190.344,190.717,190.052,190.619,0.279,+0.15%,240480
2024-04-03,190.617,191.939,190.432,191.922,1.303,+0.68%,246581
2024-04-04,191.924,192.245,191.027,191.33,-0.592,-0.31%,242662
2024-04-05,191.329,191.635,190.684,191.624,0.294,+0.15%,280326
2024-04-08,191.618,192.193,191.375,192.134,0.51,+0.27%,238327
2024-04-09,192.136,192.85,192.094,192.405,0.271,+0.14%,230949
2024-04-10,192.403,192.895,191.475,192.086,-0.319,-0.17%,247397
2024-04-11,192.082,192.586,191.57,192.403,0.317,+0.17%,291883
2024-04-12,192.401,192.442,190.002,190.825,-1.578,-0.82%,291805
2024-04-15,191.078,192.712,190.547,192.008,1.183,+0.62%,294122
2024-04-16,192.009,192.808,191.653,192.254,0.246,+0.13%,311576
2024-04-17,192.253,192.835,191.687,192.264,0.01,+0.01%,288926
2024-04-18,192.265,192.789,191.914,192.321,0.057,+0.03%,271552
2024-04-19,192.321,192.727,190.309,191.294,-1.027,-0.53%,333067
2024-04-22,191.764,191.764,190.328,191.209,-0.085,-0.04%,230299
2024-04-23,191.206,192.855,190.834,192.75,1.541,+0.81%,258204
2024-04-24,192.752,193.644,192.416,193.623,0.873,+0.45%,240194
2024-04-25,193.623,194.945,193.362,194.78,1.157,+0.60%,279525
2024-04-26,194.781,197.926,193.984,197.826,3.046,+1.56%,295819
2024-04-29,198.003,200.51,193.633,196.399,-1.427,-0.72%,319135
2024-04-30,196.398,197.371,196.089,197.124,0.725,+0.37%,276163
2024-05-01,197.123,197.425,191.864,193.582,-3.542,-1.80%,249799
2024-05-02,193.579,195.754,191.867,192.554,-1.028,-0.53%,334858
2024-05-03,192.551,192.697,191.374,191.947,-0.607,-0.32%,302010
2024-05-06,192.064,193.671,191.793,193.349,1.402,+0.73%,235628
2024-05-07,193.348,194.137,192.994,193.496,0.147,+0.08%,254820
2024-05-08,193.497,194.515,193.365,194.379,0.883,+0.46%,245167
2024-05-09,194.373,194.863,193.866,194.713,0.334,+0.17%,249330
2024-05-10,194.719,195.344,194.486,195.111,0.398,+0.20%,245285
2024-05-13,194.961,196.278,194.787,196.192,1.081,+0.55%,225002
2024-05-14,196.191,197.058,195.727,196.966,0.774,+0.39%,246932
2024-05-15,196.965,197.092,195.95,196.481,-0.485,-0.25%,267708
2024-05-16,196.482,196.916,195.053,196.875,0.394,+0.20%,273265
2024-05-17,196.874,197.861,196.803,197.716,0.841,+0.43%,232381
2024-05-20,197.741,198.645,197.392,198.549,0.833,+0.42%,216752
2024-05-21,198.548,198.908,198.275,198.478,-0.071,-0.04%,236883
2024-05-22,198.477,199.538,198.384,199.398,0.92,+0.46%,253015
2024-05-23,199.397,199.894,199.027,199.285,-0.113,-0.06%,265916
2024-05-24,199.281,200.081,199.071,199.959,0.674,+0.34%,216188
2024-05-27,200.015,200.436,199.622,200.32,0.361,+0.18%,148743
2024-05-28,200.32,200.649,200.161,200.573,0.253,+0.13%,234564
2024-05-29,200.57,200.745,200.051,200.205,-0.368,-0.18%,252548
2024-05-30,200.21,200.257,198.758,199.679,-0.526,-0.26%,263239
2024-05-31,199.684,200.514,199.241,200.452,0.773,+0.39%,272595
2024-06-03,200.429,200.653,199.23,199.898,-0.554,-0.28%,267255
2024-06-04,199.897,200.419,197.206,197.794,-2.104,-1.05%,302011
2024-06-05,197.796,199.75,197.689,199.612,1.818,+0.92%,267534
2024-06-06,199.611,199.937,198.842,199.03,-0.582,-0.29%,258658
2024-06-07,199.029,199.812,198.403,199.378,0.348,+0.17%,285115
2024-06-10,199.297,200.05,198.938,199.912,0.534,+0.27%,243877
2024-06-11,199.913,200.392,199.689,200.185,0.273,+0.14%,253589
2024-06-12,200.184,200.938,199.953,200.58,0.395,+0.20%,296506
2024-06-13,200.582,201.317,199.707,200.42,-0.16,-0.08%,278877
2024-06-14,200.414,201.618,198.93,199.671,-0.749,-0.37%,309383
2024-06-17,199.724,200.456,199.069,200.402,0.731,+0.37%,238913
2024-06-18,200.401,200.843,200.027,200.613,0.211,+0.11%,255254
2024-06-19,200.612,201.122,200.42,201.108,0.495,+0.25%,176206
2024-06-20,201.11,201.392,200.823,201.154,0.046,+0.02%,229145
2024-06-21,201.154,202.056,200.52,202.035,0.881,+0.44%,236383
2024-06-24,201.933,202.7,201.174,202.497,0.462,+0.23%,235934
2024-06-25,202.498,202.731,201.977,202.592,0.095,+0.05%,230664
2024-06-26,202.592,203.151,202.429,202.964,0.372,+0.18%,251989
2024-06-27,202.964,203.388,202.515,203.215,0.251,+0.12%,246420
2024-06-28,203.215,203.58,202.575,203.444,0.229,+0.11%,281541
2024-07-01,203.147,204.741,203.147,204.262,0.818,+0.40%,215135
2024-07-02,204.26,204.858,203.886,204.791,0.529,+0.26%,224296
2024-07-03,204.789,206.168,204.671,206.047,1.256,+0.61%,195630
2024-07-04,206.045,206.114,205.297,205.766,-0.281,-0.14%,173223
2024-07-05,205.766,206.442,204.991,206.046,0.28,+0.14%,252439
2024-07-08,205.617,206.668,205.301,205.975,-0.071,-0.03%,219390
2024-07-09,205.961,206.582,205.868,206.264,0.289,+0.14%,223964
2024-07-10,206.264,207.818,206.172,207.761,1.497,+0.73%,206866
2024-07-11,207.76,208.113,203.845,205.197,-2.564,-1.23%,266257
2024-07-12,205.193,206.339,203.859,205.089,-0.108,-0.05%,294160
2024-07-15,204.795,205.398,204.16,205.019,-0.07,-0.03%,245687
2024-07-16,205.014,205.791,204.898,205.487,0.468,+0.23%,253573
2024-07-17,205.484,205.692,203.027,203.215,-2.272,-1.11%,299640
2024-07-18,203.212,203.868,202.112,203.695,0.48,+0.24%,301068
2024-07-19,203.696,204.223,202.956,203.375,-0.32,-0.16%,254894
2024-07-22,203.373,203.614,201.91,203.128,-0.247,-0.12%,249048
2024-07-23,203.125,203.163,200.75,200.813,-2.315,-1.14%,264639
2024-07-24,200.814,201.183,197.784,198.605,-2.208,-1.10%,301807
2024-07-25,198.607,198.806,195.873,197.812,-0.793,-0.40%,349360
2024-07-26,197.812,199.144,196.939,197.859,0.047,+0.02%,294794
2024-07-29,197.394,198.611,196.788,198.103,0.244,+0.12%,276354
2024-07-30,198.1,199.468,195.981,196.077,-2.026,-1.02%,288551
2024-07-31,196.08,197.563,192.198,192.816,-3.261,-1.66%,379970
2024-08-01,192.817,193.262,190.186,190.259,-2.557,-1.33%,373833
2024-08-02,190.26,190.506,187.393,187.627,-2.632,-1.38%,393031
2024-08-05,187.697,187.697,180.118,184.215,-3.412,-1.82%,462819
2024-08-06,184.214,187.061,182.817,183.192,-1.023,-0.56%,438130
2024-08-07,183.191,188.046,183.154,186.222,3.03,+1.65%,368836
2024-08-08,186.219,187.873,184.491,187.758,1.536,+0.82%,395108
2024-08-09,187.752,188.414,186.484,187.069,-0.689,-0.37%,322510
2024-08-12,187.532,189.33,187.167,187.904,0.835,+0.45%,273298
2024-08-13,187.912,189.513,187.593,188.873,0.969,+0.52%,301859
2024-08-14,188.875,189.43,187.871,188.989,0.116,+0.06%,307037
2024-08-15,188.991,192.007,188.764,191.913,2.924,+1.55%,275686
2024-08-16,191.914,192.01,190.385,191.078,-0.835,-0.44%,269069
2024-08-19,190.876,191.628,188.249,190.439,-0.639,-0.33%,281909
2024-08-20,190.438,191.26,189.234,189.34,-1.099,-0.58%,281665
2024-08-21,189.34,191.419,188.957,190.16,0.82,+0.43%,302543
2024-08-22,190.16,191.943,189.666,191.533,1.373,+0.72%,269712
2024-08-23,191.532,192.039,190.286,190.808,-0.725,-0.38%,281634
2024-08-26,190.911,190.911,189.516,190.593,-0.215,-0.11%,269741
2024-08-27,190.593,191.92,190.252,190.905,0.312,+0.16%,275926
2024-08-28,190.904,191.445,190.368,190.726,-0.179,-0.09%,265506
2024-08-29,190.728,191.544,190.265,190.924,0.198,+0.10%,275079
2024-08-30,190.925,192.016,190.5,191.887,0.963,+0.50%,273313
2024-09-02,192.128,193.475,191.348,193.157,1.27,+0.66%,195131
2024-09-03,193.151,193.36,190.348,190.781,-2.376,-1.23%,307800
2024-09-04,190.779,190.859,188.944,188.989,-1.792,-0.94%,315851
2024-09-05,188.986,189.776,188.078,189.068,0.079,+0.04%,309284
2024-09-06,189.067,189.376,186.539,186.845,-2.223,-1.18%,312913
2024-09-09,186.986,188.128,186.473,187.18,0.335,+0.18%,293341
2024-09-10,187.179,188.093,185.735,186.335,-0.845,-0.45%,294550
2024-09-11,186.336,186.37,183.732,185.685,-0.65,-0.35%,335621
2024-09-12,185.684,186.733,185.296,186.12,0.435,+0.23%,329100
2024-09-13,186.12,186.205,184.374,184.828,-1.292,-0.69%,310392
2024-09-16,185.09,186.044,183.792,185.845,1.017,+0.55%,273880
2024-09-17,185.845,187.454,185.3,187.419,1.574,+0.85%,300122
2024-09-18,187.419,188.052,185.837,187.996,0.577,+0.31%,315240
2024-09-19,187.995,190.388,187.46,189.457,1.461,+0.78%,267625
2024-09-20,189.458,191.988,188.75,191.72,2.263,+1.19%,248271
2024-09-23,191.613,192.433,190.145,191.69,-0.03,-0.02%,222658
2024-09-24,191.687,193.323,191.349,192.118,0.428,+0.22%,232397
2024-09-25,192.114,193.259,191.803,192.859,0.741,+0.39%,236792
2024-09-26,192.86,194.354,192.519,194.261,1.402,+0.73%,239892
2024-09-27,194.263,195.958,190.021,190.168,-4.093,-2.11%,265916
2024-09-30,190.074,192.309,189.58,192.108,1.94,+1.02%,240527
2024-10-01,192.109,193.363,189.872,190.729,-1.379,-0.72%,265590
2024-10-02,190.73,194.428,190.427,194.321,3.592,+1.88%,231400
2024-10-03,194.321,195.171,192.146,192.849,-1.472,-0.76%,255163
2024-10-04,192.85,195.532,191.748,195.159,2.31,+1.20%,238034
2024-10-07,195.164,195.617,193.35,193.877,-1.282,-0.66%,235294
2024-10-08,193.875,194.364,192.901,194.211,0.334,+0.17%,242168
2024-10-09,194.209,195.253,193.607,195.168,0.957,+0.49%,213388
2024-10-10,195.169,195.503,193.591,194.033,-1.135,-0.58%,231268
2024-10-11,194.032,195.228,193.872,194.873,0.84,+0.43%,189182
2024-10-14,194.931,195.715,194.636,195.576,0.703,+0.36%,180252
2024-10-15,195.577,195.726,194.654,195.078,-0.498,-0.25%,203056
2024-10-16,195.076,195.284,193.713,194.379,-0.699,-0.36%,198368
2024-10-17,194.378,195.604,193.849,195.452,1.073,+0.55%,210163
2024-10-18,195.453,196.048,194.76,195.154,-0.298,-0.15%,197981
2024-10-21,195.377,195.893,194.576,195.87,0.716,+0.37%,193223
2024-10-22,195.87,196.519,195.118,196.182,0.312,+0.16%,210404
2024-10-23,196.181,198.435,196.055,197.384,1.202,+0.61%,218045
2024-10-24,197.385,197.632,196.434,197.012,-0.372,-0.19%,227680
2024-10-25,197.014,197.77,196.411,197.418,0.406,+0.21%,205812
2024-10-28,198.636,199.343,197.819,198.837,1.419,+0.72%,194589
2024-10-29,198.837,199.716,198.046,199.605,0.768,+0.39%,213515
2024-10-30,199.605,199.797,198.206,198.869,-0.736,-0.37%,230250
2024-10-31,198.87,198.9,195.383,196.109,-2.76,-1.39%,246030
2024-11-01,196.11,198.364,195.793,197.642,1.533,+0.78%,222087
2024-11-04,197.337,197.732,196.51,197.12,-0.522,-0.26%,214480
2024-11-05,197.119,197.877,197.023,197.744,0.624,+0.32%,191434
2024-11-06,197.746,199.524,197.374,199.165,1.421,+0.72%,331227
2024-11-07,199.165,199.561,198.334,198.62,-0.545,-0.27%,255122
2024-11-08,198.619,198.92,196.755,197.201,-1.419,-0.71%,228926
2024-11-11,197.293,198.462,197.168,197.812,0.611,+0.31%,193685
2024-11-12,197.811,198.061,196.887,197.099,-0.713,-0.36%,230706
2024-11-13,197.098,197.814,196.672,197.578,0.479,+0.24%,232095
2024-11-14,197.575,198.24,197.092,197.943,0.365,+0.18%,229881
2024-11-15,197.942,198.45,194.305,194.81,-3.133,-1.58%,239826
2024-11-18,194.622,196.151,194.392,196.106,1.296,+0.67%,220762
2024-11-19,196.104,196.216,193.577,196.138,0.032,+0.02%,244701
2024-11-20,196.139,197.784,195.972,196.668,0.53,+0.27%,221902
2024-11-21,196.669,196.676,194.381,194.555,-2.113,-1.07%,239597
2024-11-22,194.556,194.811,192.857,193.958,-0.597,-0.31%,252631
2024-11-25,193.791,194.618,193.286,193.788,-0.17,-0.09%,233067
2024-11-26,193.789,193.912,192.046,192.43,-1.358,-0.70%,256081
2024-11-27,192.428,192.625,190.703,191.605,-0.825,-0.43%,240106
2024-11-28,191.603,192.473,191.396,192.271,0.666,+0.35%,168947
2024-11-29,192.27,192.317,190.165,190.711,-1.56,-0.81%,235276
2024-12-02,190.722,191.29,188.487,189.309,-1.402,-0.74%,239011
2024-12-03,189.309,190.374,188.105,189.581,0.272,+0.14%,226180
2024-12-04,189.584,191.525,189.369,191.285,1.704,+0.90%,238391
2024-12-05,191.285,192.213,190.345,191.502,0.217,+0.11%,211520
2024-12-06,191.503,192.372,190.735,191.177,-0.325,-0.17%,208293
2024-12-09,191.35,193.414,190.612,192.804,1.627,+0.85%,191391
2024-12-10,192.804,194.12,192.466,194.085,1.281,+0.66%,201216
2024-12-11,194.083,194.756,192.555,194.407,0.322,+0.17%,224874
2024-12-12,194.406,194.996,192.942,193.445,-0.962,-0.49%,223180
2024-12-13,193.447,194.457,192.866,193.898,0.453,+0.23%,201326
2024-12-16,194.385,195.88,193.666,195.522,1.624,+0.84%,181690
2024-12-17,195.519,195.897,194.658,195.12,-0.402,-0.21%,199543
2024-12-18,195.112,195.773,194.09,194.693,-0.427,-0.22%,218907
2024-12-19,194.684,198.951,194.076,196.813,2.12,+1.09%,262219
2024-12-20,196.818,197.296,195.758,196.606,-0.207,-0.11%,237234
2024-12-23,196.617,197.092,196.458,197.043,0.437,+0.22%,185758
2024-12-24,197.037,197.636,196.62,197.019,-0.024,-0.01%,146393
2024-12-26,197.039,197.993,197.031,197.919,0.9,+0.46%,144787
2024-12-27,197.912,198.715,197.223,198.518,0.599,+0.30%,191830
2024-12-30,198.513,198.957,196.33,196.87,-1.648,-0.83%,182921
2024-12-31,196.867,197.188,195.756,196.919,0.049,+0.02%,159482
2025-01-02,196.814,197.527,194.201,195.021,-1.898,-0.96%,210638
2025-01-03,195.017,195.541,194.649,195.43,0.409,+0.21%,171332
2025-01-06,195.248,197.412,195.248,197.356,1.926,+0.99%,216312
2025-01-07,197.352,198.252,196.881,197.197,-0.159,-0.08%,216059
2025-01-08,197.196,197.547,195.138,195.781,-1.416,-0.72%,212415
2025-01-09,195.78,195.817,193.488,194.629,-1.152,-0.59%,196134
2025-01-10,194.63,194.773,192.211,192.558,-2.071,-1.06%,228688
2025-01-13,192.717,192.756,190.091,192.177,-0.381,-0.20%,217268
2025-01-14,192.175,193,191.506,192.97,0.793,+0.41%,224576
2025-01-15,192.967,192.997,191.119,191.557,-1.413,-0.73%,207808
2025-01-16,191.554,191.554,189.778,189.859,-1.698,-0.89%,217090
2025-01-17,189.865,190.602,189.342,190.196,0.337,+0.18%,195556
2025-01-20,190.683,192.015,189.897,191.864,1.668,+0.88%,196047
2025-01-21,191.862,192.191,190.49,192.144,0.28,+0.15%,233375
2025-01-22,192.142,193.011,191.704,192.784,0.64,+0.33%,205586
2025-01-23,192.781,193.008,192.324,192.761,-0.023,-0.01%,208100
2025-01-24,192.762,194.755,192.084,194.709,1.948,+1.01%,234594
2025-01-27,194.156,194.649,192.169,193.139,-1.57,-0.81%,242249
2025-01-28,193.139,194.029,192.722,193.522,0.383,+0.20%,215687
2025-01-29,193.528,193.761,192.494,193.284,-0.238,-0.12%,225074
2025-01-30,193.278,193.291,191.467,191.575,-1.709,-0.88%,208902
2025-01-31,191.574,193.039,191.215,192.342,0.767,+0.40%,228012
2025-02-03,190.387,192.841,190.037,192.691,0.349,+0.18%,273577
2025-02-04,192.69,193.164,191.808,192.641,-0.05,-0.03%,224253
2025-02-05,192.64,192.771,190.301,190.829,-1.812,-0.94%,219412
2025-02-06,190.83,190.965,188.079,188.329,-2.5,-1.31%,208328
2025-02-07,188.328,189.583,187.058,187.784,-0.545,-0.29%,224820
2025-02-10,187.461,189.135,187.439,187.97,0.186,+0.10%,193319
2025-02-11,187.971,189.923,187.262,189.81,1.84,+0.98%,182947
2025-02-12,189.809,192.681,189.652,192.149,2.339,+1.23%,214292
2025-02-13,192.148,193.052,191.185,192.013,-0.136,-0.07%,230712
2025-02-14,192.013,192.511,191.486,191.681,-0.332,-0.17%,197390
2025-02-17,191.619,191.743,190.638,191.287,-0.394,-0.21%,168320
2025-02-18,191.288,191.941,190.867,191.82,0.533,+0.28%,191415
2025-02-19,191.82,192.125,190.462,190.648,-1.172,-0.61%,201205
2025-02-20,190.646,190.646,188.709,189.573,-1.075,-0.56%,223187
2025-02-21,189.572,190.94,188.156,188.61,-0.963,-0.51%,219857
2025-02-24,188.302,189.587,188.23,189.022,0.412,+0.22%,231237
2025-02-25,189.023,189.745,188.165,188.766,-0.256,-0.14%,239583
2025-02-26,188.767,189.862,188.443,188.986,0.22,+0.12%,234944
2025-02-27,188.987,190.103,188.6,188.771,-0.215,-0.11%,246522
2025-02-28,188.771,190.31,187.698,189.44,0.669,+0.35%,264188
2025-03-03,189.871,191.978,188.836,189.889,0.449,+0.24%,275946
2025-03-04,189.888,191.774,188.27,191.703,1.814,+0.96%,320922
2025-03-05,191.703,192.314,190.883,191.996,0.293,+0.15%,300164
2025-03-06,191.997,192.528,189.892,190.636,-1.36,-0.71%,296931
2025-03-07,190.634,191.43,189.673,191.301,0.665,+0.35%,284233
2025-03-10,191.222,191.236,189.194,189.649,-1.652,-0.86%,274923
2025-03-11,189.65,191.679,188.808,191.382,1.733,+0.91%,287037
2025-03-12,191.381,193.103,191.26,192.192,0.81,+0.42%,250108
2025-03-13,192.191,192.341,190.751,191.449,-0.743,-0.39%,247890
2025-03-14,191.45,192.75,191.372,192.269,0.82,+0.43%,227114
2025-03-17,192.89,193.964,191.982,193.842,1.573,+0.82%,203341
2025-03-18,193.842,194.91,193.722,194.085,0.243,+0.13%,193565
2025-03-19,194.086,194.706,193.26,193.346,-0.739,-0.38%,201038
2025-03-20,193.346,193.59,192.071,192.92,-0.426,-0.22%,196887
2025-03-21,192.922,193.582,192.053,192.84,-0.08,-0.04%,194117
2025-03-24,193.74,194.777,193.013,194.753,1.913,+0.99%,192918
2025-03-25,194.751,195.003,193.639,194.044,-0.709,-0.36%,179455
2025-03-26,194.043,194.785,193.482,194.075,0.031,+0.02%,198088
2025-03-27,194.074,195.975,193.518,195.588,1.513,+0.78%,214549
2025-03-28,195.589,195.716,193.738,193.91,-1.678,-0.86%,203833
2025-03-31,194.538,194.538,192.754,193.723,-0.187,-0.10%,255659
2025-04-01,193.723,193.931,192.217,193.35,-0.373,-0.19%,231644
2025-04-02,193.35,195.74,192.995,194.246,0.896,+0.46%,217360
2025-04-03,194.241,194.241,191.169,191.346,-2.9,-1.49%,222731
2025-04-04,191.345,191.754,187.551,189.462,-1.884,-0.98%,196419
2025-04-07,187.506,190.055,186.45,188.116,-1.346,-0.71%,424951
2025-04-08,188.115,188.934,186.556,186.722,-1.394,-0.74%,364409
2025-04-09,186.723,189.824,184.397,189.543,2.821,+1.51%,404178
2025-04-10,189.539,189.56,186.367,187.35,-2.193,-1.16%,366585
2025-04-11,187.349,188.186,186.037,187.752,0.402,+0.21%,362118
2025-04-14,188.519,189.203,186.589,188.65,0.898,+0.48%,291997
2025-04-15,188.651,189.591,188.535,189.535,0.885,+0.47%,242794
2025-04-16,189.535,189.664,187.6,187.841,-1.694,-0.89%,237549
2025-04-17,187.842,189.35,187.471,188.839,0.998,+0.53%,236072
2025-04-18,188.839,188.839,188.839,188.839,0,0.00%,0
2025-04-21,188.926,189.051,188.012,188.482,-0.357,-0.19%,223897
2025-04-22,188.48,188.869,187.477,188.769,0.287,+0.15%,266185
2025-04-23,188.769,190.307,188.281,190.122,1.353,+0.72%,300433
2025-04-24,190.123,190.392,189.319,190.265,0.143,+0.08%,237436
2025-04-25,190.265,191.722,190.066,191.256,0.991,+0.52%,237455
2025-04-28,191.11,191.558,190.671,190.927,-0.329,-0.17%,219342
2025-04-29,190.927,191.348,190.402,190.868,-0.059,-0.03%,213519
2025-04-30,190.869,191.261,190.006,190.713,-0.155,-0.08%,224774
2025-05-01,190.703,193.463,190.357,193.063,2.35,+1.23%,217914
2025-05-02,193.07,193.738,191.489,192.357,-0.706,-0.37%,257504
2025-05-05,192.273,192.313,191.037,191.068,-1.289,-0.67%,205778
2025-05-06,191.067,191.34,190.332,190.384,-0.684,-0.36%,217653
2025-05-07,190.386,191.667,190.386,191.157,0.773,+0.41%,233380
2025-05-08,191.159,193.503,191.005,193.269,2.112,+1.10%,249484
2025-05-09,193.269,193.473,192.359,193.401,0.132,+0.07%,197760
2025-05-12,193.706,195.796,193.639,195.627,2.226,+1.15%,271191
2025-05-13,195.626,196.38,194.792,196.224,0.597,+0.31%,225347
2025-05-14,196.224,196.405,194.246,194.61,-1.614,-0.82%,244363
2025-05-15,194.61,194.753,193.448,193.85,-0.76,-0.39%,226871
2025-05-16,193.849,193.86,193.054,193.453,-0.397,-0.20%,196331
2025-05-19,192.663,194.066,192.663,193.541,0.088,+0.05%,219093
2025-05-20,193.539,194.2,192.928,193.54,-0.001,0.00%,212014
2025-05-21,193.54,193.589,192.584,192.816,-0.724,-0.37%,247319
2025-05-22,192.816,193.586,191.904,193.248,0.432,+0.22%,237332
2025-05-23,193.25,193.56,192.081,193.023,-0.225,-0.12%,230554
2025-05-26,192.913,194.04,192.791,193.743,0.72,+0.37%,146544
2025-05-27,193.743,195.624,193.068,194.971,1.228,+0.63%,211886
2025-05-28,194.97,195.367,194.389,195.136,0.165,+0.08%,212794
2025-05-29,195.136,196.308,194.301,194.535,-0.601,-0.31%,241510
2025-05-30,194.533,194.659,193.427,193.812,-0.723,-0.37%,234313
2025-06-02,193.802,193.908,193.018,193.295,-0.517,-0.27%,226836
2025-06-03,193.294,194.779,192.735,194.657,1.362,+0.70%,198302
2025-06-04,194.657,195.234,193.449,193.483,-1.174,-0.60%,201811
2025-06-05,193.485,195.49,193.274,194.834,1.351,+0.70%,231877
2025-06-06,194.832,196.187,194.722,195.936,1.102,+0.57%,210212
2025-06-09,195.988,196.151,195.458,195.933,-0.003,0.00%,170526
2025-06-10,195.933,196.447,194.781,195.587,-0.346,-0.18%,196962
2025-06-11,195.588,196.231,195.304,195.885,0.298,+0.15%,214305
2025-06-12,195.883,195.884,194.722,195.326,-0.559,-0.29%,237953
2025-06-13,195.325,195.973,193.777,195.598,0.272,+0.14%,273019
2025-06-16,195.613,196.69,195.411,196.563,0.965,+0.49%,200578
2025-06-17,196.561,196.846,194.919,195.092,-1.471,-0.75%,229399
2025-06-18,195.093,195.348,194.345,194.783,-0.309,-0.16%,229332
2025-06-19,194.783,195.952,194.032,195.903,1.12,+0.57%,183172
2025-06-20,195.902,196.71,195.687,196.492,0.589,+0.30%,199813
2025-06-23,197,198.194,196.321,197.654,1.162,+0.59%,255178
2025-06-24,197.655,197.69,196.954,197.302,-0.352,-0.18%,233964
2025-06-25,197.303,198.58,197.056,198.479,1.177,+0.60%,203604
2025-06-26,198.478,198.6,197.721,198.21,-0.269,-0.14%,236011
2025-06-27,198.212,198.804,198.016,198.471,0.261,+0.13%,224511
2025-06-30,200.293,200.315,197.218,197.814,-0.657,-0.33%,221482
2025-07-01,197.813,197.826,196.289,197.137,-0.677,-0.34%,223762
2025-07-02,197.136,197.552,195.369,195.882,-1.255,-0.64%,216649
2025-07-03,195.881,198.097,195.766,197.9,2.018,+1.03%,211504
2025-07-04,197.9,197.941,196.904,197.226,-0.674,-0.34%,157467
2025-07-07,197.211,199.01,196.791,198.672,1.446,+0.73%,201557
2025-07-08,198.673,199.474,198.53,199.227,0.555,+0.28%,230384
2025-07-09,199.227,199.825,198.741,198.785,-0.442,-0.22%,206926
2025-07-10,198.785,199.253,198.39,198.601,-0.184,-0.09%,198783
2025-07-11,198.602,199.438,198.25,198.892,0.291,+0.15%,221131
2025-07-14,198.247,198.983,198.099,198.337,-0.555,-0.28%,184886
2025-07-15,198.336,199.525,198.212,199.225,0.888,+0.45%,198126
2025-07-16,199.225,199.736,198.005,198.466,-0.759,-0.38%,228719
2025-07-17,198.467,199.559,198.26,199.384,0.918,+0.46%,205813
2025-07-18,199.382,199.965,199.187,199.57,0.186,+0.09%,180834
2025-07-21,198.501,199.414,198.501,198.816,-0.754,-0.38%,173514
2025-07-22,198.818,199.291,197.441,198.446,-0.37,-0.19%,177029
2025-07-23,198.447,199.072,197.762,198.98,0.534,+0.27%,207623
2025-07-24,198.98,199.015,198.137,198.572,-0.408,-0.21%,206538
2025-07-25,198.579,199.084,198.136,198.399,-0.173,-0.09%,197756
2025-07-28,198.35,199.221,198.323,198.383,-0.016,-0.01%,196017
2025-07-29,198.379,198.514,197.737,198.247,-0.136,-0.07%,202368
2025-07-30,198.245,198.431,197.453,197.944,-0.303,-0.15%,228395
2025-07-31,197.939,199.516,196.979,199.103,1.159,+0.59%,222485
2025-08-01,199.105,199.306,195.337,195.733,-3.37,-1.69%,268975
2025-08-04,195.788,196.532,195.035,195.424,-0.309,-0.16%,218121
2025-08-05,195.423,196.457,195.047,196.287,0.863,+0.44%,202240
2025-08-06,196.288,197.063,196.102,196.829,0.542,+0.28%,198188
2025-08-07,196.828,198.02,196.246,197.819,0.99,+0.50%,234607
2025-08-08,197.818,198.826,197.406,198.696,0.877,+0.44%,203126
2025-08-11,198.567,199.069,198.189,198.987,0.291,+0.15%,180200
2025-08-12,198.989,200.082,198.91,199.602,0.615,+0.31%,222304
2025-08-13,199.6,200.285,199.436,200.088,0.486,+0.24%,193318
2025-08-14,200.085,200.161,198.601,199.929,-0.159,-0.08%,223118
2025-08-15,199.928,200.12,198.92,199.487,-0.442,-0.22%,189198
2025-08-18,199.296,200.269,199.296,199.665,0.178,+0.09%,323622
2025-08-19,199.669,199.868,198.822,199.225,-0.44,-0.22%,334922
2025-08-20,199.224,199.447,197.864,198.239,-0.986,-0.49%,342959
2025-08-21,198.238,199.231,198.145,199.027,0.788,+0.40%,339785
2025-08-22,199.025,199.535,198.331,198.756,-0.271,-0.14%,371543
2025-08-25,198.586,199.296,198.58,198.796,0.04,+0.02%,331273
2025-08-26,198.796,199.059,198.281,198.702,-0.094,-0.05%,405410
2025-08-27,198.698,199.19,198.569,198.977,0.275,+0.14%,375445
2025-08-28,198.978,199.134,198.399,198.561,-0.416,-0.21%,390582
2025-08-29,198.56,198.665,197.957,198.583,0.022,+0.01%,419693
2025-09-01,198.61,199.561,198.57,199.349,0.766,+0.39%,306002
2025-09-02,199.347,200.267,198.323,198.709,-0.64,-0.32%,473251
2025-09-03,198.71,199.727,198.493,199.144,0.435,+0.22%,438511
2025-09-04,199.143,199.823,198.79,199.487,0.343,+0.17%,414239
2025-09-05,199.486,199.796,198.675,199.126,-0.361,-0.18%,435962
2025-09-08,200.065,200.347,199.365,199.816,0.69,+0.35%,420260
2025-09-09,199.815,199.877,198.799,199.4,-0.416,-0.21%,430596
2025-09-10,199.399,199.808,199.251,199.511,0.111,+0.06%,402086
2025-09-11,199.51,200.063,199.339,199.833,0.322,+0.16%,406651
2025-09-12,199.832,200.481,199.677,200.196,0.363,+0.18%,379893
2025-09-15,200.483,200.75,199.93,200.465,0.269,+0.13%,365703
2025-09-16,200.465,200.72,199.794,199.866,-0.599,-0.30%,444202
2025-09-17,199.865,200.357,199.484,200.288,0.422,+0.21%,414850
2025-09-18,200.288,201.27,200.05,200.589,0.301,+0.15%,453860
2025-09-19,200.588,200.609,199.217,199.319,-1.27,-0.63%,459306
2025-09-22,199.158,199.792,199.158,199.634,0.315,+0.16%,373103
2025-09-23,199.633,199.972,199.156,199.71,0.076,+0.04%,394710
2025-09-24,199.711,200.245,199.471,200.223,0.513,+0.26%,378368
2025-09-25,200.223,200.35,199.627,199.903,-0.32,-0.16%,410059
2025-09-26,199.904,200.515,199.707,200.351,0.448,+0.22%,385527
2025-09-29,200.56,200.578,199.344,199.567,-0.784,-0.39%,357316
2025-09-30,199.568,199.773,198.583,198.899,-0.668,-0.33%,398822
2025-10-01,198.898,199.221,197.919,198.209,-0.69,-0.35%,437131
2025-10-02,198.209,198.615,197.493,197.911,-0.298,-0.15%,366081
2025-10-03,197.911,198.869,197.751,198.796,0.885,+0.45%,353058
2025-10-06,200.757,202.824,200.249,202.749,3.953,+1.99%,447850
2025-10-07,202.75,204.064,202.124,203.907,1.158,+0.57%,392374
2025-10-08,203.909,205.322,203.755,204.686,0.779,+0.38%,407879
2025-10-09,204.685,204.882,203.313,203.661,-1.025,-0.50%,439691
2025-10-10,203.662,203.75,201.893,201.93,-1.731,-0.85%,478156
2025-10-13,202.708,203.244,202.527,203.069,1.139,+0.56%,406290
2025-10-14,203.068,203.521,201.341,202.229,-0.84,-0.41%,497246
2025-10-15,202.231,202.717,201.598,202.468,0.239,+0.12%,440587
2025-10-16,202.469,203.43,201.724,202.083,-0.385,-0.19%,478682
2025-10-17,202.081,202.241,200.69,202.237,0.154,+0.08%,529822
2025-10-20,201.657,203.109,201.657,202.077,-0.16,-0.08%,439602
2025-10-21,202.078,203.53,201.822,203.119,1.042,+0.52%,483088
2025-10-22,203.118,203.266,201.93,202.966,-0.153,-0.08%,468916
2025-10-23,202.967,203.798,202.825,203.334,0.368,+0.18%,386906
2025-10-24,203.334,203.988,203.092,203.506,0.172,+0.08%,395846
2025-10-27,203.62,204.241,203.545,203.87,0.364,+0.18%,389159
2025-10-28,203.869,203.901,201.669,201.869,-2.001,-0.98%,428900
2025-10-29,201.871,201.977,200.575,201.531,-0.338,-0.17%,446724
2025-10-30,201.528,203.265,200.997,202.699,1.168,+0.58%,479482
2025-10-31,202.7,202.918,201.851,202.533,-0.166,-0.08%,388831
2025-11-03,202.881,202.881,201.978,202.625,0.092,+0.05%,310606
2025-11-04,202.626,202.719,199.88,200.079,-2.546,-1.26%,436227
2025-11-05,200.08,201.243,199.073,201.131,1.052,+0.53%,432356
2025-11-06,201.131,201.383,200.307,201.103,-0.028,-0.01%,416325
2025-11-07,201.1,202.098,200.658,201.949,0.846,+0.42%,458033
2025-11-10,202.341,203.238,201.837,203.071,1.122,+0.56%,407225
2025-11-11,203.072,203.279,202.333,202.714,-0.357,-0.18%,403272
2025-11-12,202.716,203.567,202.611,203.321,0.607,+0.30%,419489
2025-11-13,203.293,204.072,202.976,203.87,0.549,+0.27%,293352
2025-11-14,203.871,204.029,202.348,203.566,-0.304,-0.15%,412056
2025-11-17,202.934,204.53,202.934,204.237,0.671,+0.33%,400088
2025-11-18,204.237,204.746,203.706,204.427,0.19,+0.09%,492301
2025-11-19,204.427,205.371,203.986,205.232,0.805,+0.39%,478768
2025-11-20,205.23,206.858,204.815,205.843,0.611,+0.30%,504697
2025-11-21,205.843,206.057,204.311,204.848,-0.995,-0.48%,521300
2025-11-24,205.157,205.912,205.044,205.632,0.784,+0.38%,372532
2025-11-25,205.631,205.989,205.009,205.452,-0.18,-0.09%,393692
2025-11-26,205.451,207.211,205.349,207.203,1.751,+0.85%,404491
2025-11-27,207.203,207.203,206.441,206.969,-0.234,-0.11%,281248
2025-11-28,206.969,207.206,206.166,206.689,-0.28,-0.14%,424712
2025-12-01,206.8,206.801,205.207,205.444,-1.245,-0.60%,443440
2025-12-02,205.444,206.256,205.341,205.961,0.517,+0.25%,389847
2025-12-03,205.964,207.342,205.775,207.292,1.331,+0.65%,374129
2025-12-04,207.291,207.359,206.358,206.726,-0.566,-0.27%,412780
2025-12-05,206.725,207.296,206.194,207.123,0.397,+0.19%,359447
2025-12-08,206.954,207.808,206.6,207.719,0.596,+0.29%,378220
2025-12-09,207.719,208.948,207.602,208.637,0.918,+0.44%,387119
2025-12-10,208.637,208.896,208.24,208.782,0.145,+0.07%,393265
2025-12-11,208.781,208.812,207.913,208.272,-0.51,-0.24%,444278
2025-12-12,208.271,208.749,207.885,208.372,0.1,+0.05%,387447
2025-12-15,208.435,208.461,207.1,207.634,-0.738,-0.35%,389190
2025-12-16,207.635,207.995,206.777,207.684,0.05,+0.02%,473019
2025-12-17,207.684,208.409,207.065,208.251,0.567,+0.27%,440970
2025-12-18,208.251,209.008,207.873,208.166,-0.085,-0.04%,423648
2025-12-19,208.165,211.054,208.056,211.006,2.84,+1.36%,452612
2025-12-22,210.507,211.59,210.507,211.411,0.405,+0.19%,388924
2025-12-23,211.41,211.416,210.299,211.203,-0.208,-0.10%,375277
2025-12-24,211.201,211.201,210.048,210.473,-0.73,-0.35%,301583
2025-12-25,210.473,210.473,210.473,210.473,0,0.00%,0
2025-12-26,210.491,211.513,210.374,211.339,0.866,+0.41%,337560
"Downloaded from Barchart.com as of 02-01-2026 07:09am CST"
