Time,Open,High,Low,Latest,Change,%Change,Volume
2025-12-24,12.65,12.7,12.46,12.57,0.01,+0.08%,2789780
2025-12-23,12.25,12.565,12.24,12.56,0.08,+0.64%,5875635
2025-12-22,12.33,12.53,12.15,12.48,0.29,+2.38%,6343888
2025-12-19,12.4,12.47,12.19,12.19,-0.16,-1.30%,21283197
2025-12-18,12.36,12.5,12.23,12.35,-0.05,-0.40%,9225109
2025-12-17,12.25,12.535,12.19,12.4,-0.09,-0.72%,6627904
2025-12-16,12.5,12.76,12.41,12.49,-0.11,-0.87%,3492924
2025-12-15,12.77,12.915,12.52,12.6,-0.25,-1.95%,5463549
2025-12-12,13.2,13.24,12.83,12.85,0.19,+1.50%,5610278
2025-12-11,12.74,12.74,12.43,12.66,-0.11,-0.86%,6893840
2025-12-10,12.82,13.02,12.23,12.77,-0.16,-1.24%,7855626
2025-12-09,13.35,13.44,12.86,12.93,-0.68,-5.00%,8140753
2025-12-08,13.88,14.38,13.16,13.61,-0.53,-3.75%,7021801
2025-12-05,14.32,14.37,14.06,14.14,0.15,+1.07%,4788971
2025-12-04,14.8,14.8,13.99,13.99,-0.62,-4.24%,4788971
2025-12-03,15.3,15.39,14.5,14.61,-0.41,-2.73%,6742231
2025-12-02,15.1,15.17,14.72,15.02,0.32,+2.18%,6198215
2025-12-01,14.95,14.95,14.265,14.7,0.23,+1.59%,5557475
2025-11-28,14.3,14.57,14.18,14.47,0.02,+0.14%,5349153
2025-11-27,15.19,15.19,14.36,14.45,-0.55,-3.67%,5726517
2025-11-26,15.15,15.26,14.18,15,-0.02,-0.13%,11354546
2025-11-25,14.95,15.52,14.72,15.02,-0.02,-0.13%,7217292
2025-11-24,15.2,15.625,14.91,15.04,0.34,+2.31%,108393670
2025-11-21,15,15.06,14.25,14.7,-1.01,-6.43%,10087918
2025-11-20,15.96,16.64,15.36,15.71,0.27,+1.75%,9783130
2025-11-19,15.4,15.62,15.025,15.44,0.82,+5.61%,9470981
2025-11-18,14.71,15.31,14.56,14.62,-0.34,-2.27%,6771866
2025-11-17,14.46,15.03,14.24,14.96,0.78,+5.50%,5765709
2025-11-14,14.19,14.44,13.88,14.18,-0.08,-0.56%,6283871
2025-11-13,13.9,14.27,13.77,14.26,0.43,+3.11%,9161293
2025-11-12,14.31,14.41,13.73,13.83,-0.39,-2.74%,6362012
2025-11-11,14.87,14.9,14.06,14.22,0.05,+0.35%,8100497
2025-11-10,13.835,14.41,13.805,14.17,0.65,+4.81%,9468469
2025-11-07,13.45,13.75,13.13,13.52,0.38,+2.89%,8114490
2025-11-06,13.53,13.8,13.04,13.14,-0.26,-1.94%,14187037
2025-11-05,13.35,13.545,12.95,13.4,-0.45,-3.25%,8868350
2025-11-04,13.92,13.95,13.41,13.85,-0.17,-1.21%,7591653
2025-11-03,15,15.41,13.87,14.02,-1.23,-8.07%,9837218
2025-10-31,15.19,15.515,14.97,15.25,0.46,+3.11%,8795298
2025-10-30,15.58,15.61,14.65,14.79,-0.49,-3.21%,9973909
2025-10-29,15.86,16.11,15.2,15.28,-0.53,-3.35%,12655750
2025-10-28,17.09,17.15,15.76,15.81,-2.56,-13.94%,15557139
2025-10-27,18.42,18.8,18,18.37,-0.45,-2.39%,5484693
2025-10-24,19.15,19.28,18.67,18.82,-0.25,-1.31%,4414159
2025-10-23,18.12,19.23,17.84,19.07,0.74,+4.04%,6824263
2025-10-22,18.61,18.64,17.84,18.33,-0.63,-3.32%,12231875
2025-10-21,21.24,21.48,18.75,18.96,-1.55,-7.56%,11750616
2025-10-20,19.28,20.63,19.25,20.51,1.27,+6.60%,9802554
2025-10-17,18.81,19.25,18.025,19.24,-1.16,-5.69%,11698310
2025-10-16,21.1,21.19,20.3,20.4,-1.24,-5.73%,7845640
2025-10-15,21.31,21.78,21.07,21.64,0.37,+1.74%,8143750
2025-10-14,21.9,21.96,20.895,21.27,1.01,+4.99%,10833013
2025-10-13,21.2,21.5,20.26,20.26,0.45,+2.27%,10590357
2025-10-10,20.43,20.815,19.74,19.81,-0.78,-3.79%,8404663
2025-10-09,20.06,20.75,19.73,20.59,1.04,+5.32%,7948986
2025-10-08,19.14,19.55,19.05,19.55,0.28,+1.45%,5307131
2025-10-07,19.09,19.38,19.05,19.27,-0.09,-0.46%,10449053
2025-10-06,18.3,19.5,18.21,19.36,1.3,+7.20%,6870848
2025-10-03,17.48,18.19,17.46,18.06,0.55,+3.14%,6493284
2025-10-02,17.35,17.6,17.16,17.51,0.51,+3.00%,5942436
2025-10-01,16.9,17,16.585,17,0.19,+1.13%,3398407
2025-09-30,16.8,16.94,16.55,16.81,0.01,+0.06%,5904167
2025-09-29,16.4,17.03,16.38,16.8,-0.1,-0.59%,6601442
2025-09-26,16.99,17.09,16.77,16.9,-0.09,-0.53%,5176200
2025-09-25,16.69,17.11,16.64,16.99,0.45,+2.72%,8158462
2025-09-24,16.61,16.75,16.04,16.54,0.02,+0.12%,5981828
2025-09-23,15.64,16.55,15.6,16.52,1.23,+8.04%,6495540
2025-09-22,14.95,15.39,14.95,15.29,0.66,+4.51%,3696375
2025-09-19,14.92,14.97,14.63,14.63,0.02,+0.14%,13230583
2025-09-18,14.01,14.83,13.9,14.61,0.22,+1.53%,4152886
2025-09-17,14.26,14.6,14.26,14.39,0.13,+0.91%,3254787
2025-09-16,14.44,14.46,14.185,14.26,-0.04,-0.28%,3601137
2025-09-15,14.35,14.48,14.21,14.3,-0.11,-0.76%,3626524
2025-09-12,14.4,14.68,14.21,14.41,0.13,+0.91%,4358605
2025-09-11,14.07,14.35,14.05,14.28,0.01,+0.07%,3623259
2025-09-10,14.69,14.69,14.1,14.27,-0.54,-3.65%,4832894
2025-09-09,14.4,15.02,14.38,14.81,0.4,+2.78%,6901862
2025-09-08,14.35,14.655,14.33,14.41,0.06,+0.42%,5010064
2025-09-05,14.64,14.74,14.26,14.35,-0.45,-3.04%,4488879
2025-09-04,14.49,14.84,14.4,14.8,0.49,+3.42%,5672201
2025-09-03,14.44,14.54,14.24,14.31,-0.04,-0.28%,6731015
2025-09-02,14.28,14.6,14.225,14.35,0.05,+0.35%,9170499
2025-09-01,13.93,14.51,13.86,14.3,0.43,+3.10%,6613608
2025-08-29,13.75,14.05,13.4,13.87,-0.86,-5.84%,11634990
2025-08-27,14.8,14.88,14.58,14.73,0.02,+0.14%,5895977
2025-08-26,14.9,15.25,14.64,14.71,-0.15,-1.01%,8355142
2025-08-25,14.43,14.93,14.39,14.86,0.55,+3.84%,5526184
2025-08-22,14.51,14.57,14.09,14.31,-0.3,-2.05%,7161477
2025-08-21,14.11,14.61,14.04,14.61,0.63,+4.51%,8030095
2025-08-20,14.59,14.8,13.78,13.98,-1.11,-7.36%,11330001
2025-08-19,14.69,15.1,14.55,15.09,0.32,+2.17%,7045604
2025-08-18,14.45,14.91,14.44,14.77,0.28,+1.93%,5693136
2025-08-15,14.01,14.49,13.97,14.49,0.72,+5.23%,7287512
2025-08-14,13.58,13.835,13.58,13.77,0.14,+1.03%,6775573
2025-08-13,13.05,13.77,12.92,13.63,0.42,+3.18%,5334273
2025-08-12,13.1,13.31,12.965,13.21,0.25,+1.93%,5677328
2025-08-11,12.74,12.98,12.69,12.96,0.34,+2.69%,6280696
2025-08-08,12,12.63,11.94,12.62,0.46,+3.78%,8451126
2025-08-07,12.05,12.35,11.98,12.16,0.26,+2.18%,4970033
2025-08-06,12,12.11,11.9,11.9,0.06,+0.51%,8685533
2025-08-05,11.75,12.05,11.65,11.84,0.59,+5.24%,12836705
2025-08-04,10.75,11.33,10.73,11.25,0.44,+4.07%,7979772
2025-08-01,10.52,10.875,10.365,10.81,0.34,+3.25%,4370286
2025-07-31,10.5,10.66,10.41,10.47,-0.27,-2.51%,5303058
2025-07-30,10.76,10.88,10.71,10.74,-0.07,-0.65%,3000248
2025-07-29,10.75,10.85,10.65,10.81,0,0.00%,3058833
2025-07-28,10.78,10.89,10.71,10.81,0.08,+0.75%,6370381
2025-07-25,10.53,10.85,10.43,10.73,0.08,+0.75%,4837303
2025-07-24,10.4,10.65,10.13,10.65,0.51,+5.03%,13444810
2025-07-23,10.14,10.245,10.02,10.14,0.02,+0.20%,6468967
2025-07-22,10.13,10.14,9.93,10.12,-0.01,-0.10%,3900398
2025-07-21,10,10.23,9.98,10.13,0.14,+1.40%,4153566
2025-07-18,9.75,10.15,9.71,9.99,0.27,+2.78%,6987820
2025-07-17,9.94,9.95,9.68,9.72,-0.29,-2.90%,8566232
2025-07-16,10.18,10.34,9.98,10.01,0,0.00%,8194583
2025-07-15,10.25,10.32,9.91,10.01,0.01,+0.10%,5951623
2025-07-14,9.84,10.02,9.65,10,0.33,+3.41%,7510483
2025-07-11,9.5,9.96,9.38,9.67,1.38,+16.65%,15884148
2025-07-10,8.26,8.38,8.23,8.29,0.01,+0.12%,3088207
2025-07-09,8.2,8.37,8.16,8.28,0.03,+0.36%,3120072
2025-07-08,8.1,8.25,8.06,8.25,0.11,+1.35%,2630301
2025-07-07,8.33,8.34,8.1,8.14,-0.13,-1.57%,2293777
2025-07-04,8.3,8.35,8.14,8.27,-0.07,-0.84%,3743661
2025-07-03,8.31,8.49,8.27,8.34,0,0.00%,5791054
2025-07-02,8.28,8.38,8.22,8.34,-0.05,-0.60%,4290143
2025-07-01,8.46,8.625,8.34,8.39,-0.22,-2.56%,3637496
2025-06-30,8.5,8.74,8.4,8.61,-0.27,-3.04%,7004669
2025-06-27,9.44,9.44,8.86,8.88,-0.32,-3.48%,6800724
2025-06-26,9.06,9.31,8.96,9.2,0.13,+1.43%,2226398
2025-06-25,9.21,9.3,9.03,9.07,-0.11,-1.20%,2549378
2025-06-24,9.14,9.23,9.02,9.18,0.05,+0.55%,2323967
2025-06-23,9.3,9.35,9.1,9.13,-0.15,-1.62%,2397006
2025-06-20,9.28,9.37,9.22,9.28,-0.06,-0.64%,8816490
2025-06-19,9.55,9.56,9.3,9.34,-0.21,-2.20%,5032716
2025-06-18,9.55,9.725,9.49,9.55,0.01,+0.10%,4067931
2025-06-17,9.38,9.76,9.37,9.54,0.26,+2.80%,5129845
2025-06-16,9.17,9.37,9.02,9.28,0.28,+3.11%,3824923
2025-06-13,8.98,9.07,8.74,9,0.33,+3.81%,4900186
2025-06-12,8.28,8.875,8.21,8.67,0.07,+0.81%,6264491
2025-06-11,8.88,9.06,8.57,8.6,-0.77,-8.22%,6636568
2025-06-10,9.18,9.42,9.16,9.37,0.22,+2.40%,5663501
2025-06-06,9.14,9.25,8.98,9.15,-0.11,-1.19%,6426597
2025-06-05,8.64,9.26,8.64,9.26,1.03,+12.52%,9109896
2025-06-04,8.14,8.26,8.04,8.23,0.26,+3.26%,2858802
2025-06-03,8.13,8.2,7.92,7.97,-0.1,-1.24%,2290362
2025-06-02,8.15,8.36,8.04,8.07,0.18,+2.28%,4281684
2025-05-30,7.76,8.03,7.68,7.89,0.11,+1.41%,4029825
2025-05-29,7.85,7.88,7.73,7.78,-0.17,-2.14%,2596555
2025-05-28,7.97,8.06,7.865,7.95,0,0.00%,2681115
2025-05-27,8.19,8.19,7.92,7.95,-0.2,-2.45%,1598477
2025-05-26,8.17,8.2,8.07,8.15,0.02,+0.25%,1519388
2025-05-23,8.05,8.16,8.03,8.13,0,0.00%,4101491
2025-05-22,7.7,8.13,7.63,8.13,0.53,+6.97%,4124744
2025-05-21,7.68,7.71,7.495,7.6,-0.02,-0.26%,2720143
2025-05-20,7.67,7.74,7.55,7.62,0.04,+0.53%,3815516
2025-05-19,7.73,7.79,7.54,7.58,-0.08,-1.04%,2965202
2025-05-16,7.42,7.77,7.41,7.66,0.2,+2.68%,3590858
2025-05-15,7.4,7.46,7.31,7.46,-0.01,-0.13%,4491640
2025-05-14,7.39,7.48,7.305,7.47,0.11,+1.49%,4884825
2025-05-13,7.43,7.48,7.22,7.36,-0.29,-3.79%,5990283
2025-05-12,7.64,7.68,7.44,7.65,-0.05,-0.65%,5241422
2025-05-09,7.86,7.88,7.63,7.7,-0.27,-3.39%,4956683
2025-05-08,7.83,8.05,7.8,7.97,-0.02,-0.25%,3665893
2025-05-07,8.4,8.42,7.95,7.99,-0.34,-4.08%,6199398
2025-05-06,8.35,8.42,8.21,8.33,-0.03,-0.36%,3243846
2025-05-05,8.16,8.47,8.06,8.36,0.15,+1.83%,4257908
2025-05-02,8.32,8.36,8.09,8.21,-0.08,-0.97%,4884292
2025-05-01,8.55,8.57,8.22,8.29,-0.29,-3.38%,3252254
2025-04-30,8.59,8.69,8.54,8.58,-0.02,-0.23%,4724925
2025-04-29,8.57,8.805,8.55,8.6,0.04,+0.47%,4487409
2025-04-28,8.47,8.64,8.33,8.56,0.27,+3.26%,6156950
2025-04-24,8.18,8.45,8.17,8.29,0.08,+0.97%,7746961
2025-04-23,8.69,8.72,8.16,8.21,-0.67,-7.55%,12020447
2025-04-22,8.89,8.95,8.63,8.88,0.04,+0.45%,7332947
2025-04-17,8.59,8.895,8.55,8.84,0.48,+5.74%,9520538
2025-04-16,8.15,8.595,8.13,8.36,0.34,+4.24%,7595506
2025-04-15,7.99,8.15,7.92,8.02,0.24,+3.08%,9105984
2025-04-14,7.99,8.1,7.7,7.78,-0.03,-0.38%,5745168
2025-04-11,7.61,7.985,7.61,7.81,0.09,+1.17%,7745932
2025-04-10,8.04,8.07,7.64,7.72,0.03,+0.39%,7063852
2025-04-09,7.43,7.69,7.39,7.69,0.15,+1.99%,6840230
2025-04-08,7.51,7.77,7.44,7.54,0,0.00%,7564132
2025-04-07,6.99,7.68,6.97,7.54,0.23,+3.15%,11651734
2025-04-04,7,7.31,6.97,7.31,0.24,+3.39%,5068633
2025-04-03,6.8,7.24,6.77,7.07,0.22,+3.21%,4565497
2025-04-02,7.1,7.16,6.84,6.85,-0.21,-2.97%,2086816
2025-04-01,7,7.1,6.98,7.06,0.15,+2.17%,2551897
2025-03-31,7.19,7.19,6.905,6.91,-0.37,-5.08%,3379765
2025-03-28,7.28,7.375,7.26,7.28,-0.01,-0.14%,1632848
2025-03-27,7.17,7.41,7.16,7.29,0.08,+1.11%,2039456
2025-03-26,7.34,7.38,7.17,7.21,-0.09,-1.23%,2681116
2025-03-25,7.27,7.34,7.22,7.3,0.11,+1.53%,3060199
2025-03-24,7.32,7.34,7.15,7.19,-0.2,-2.71%,2440578
2025-03-21,7.39,7.39,7.26,7.39,-0.07,-0.94%,7358915
2025-03-20,7.56,7.655,7.385,7.46,-0.2,-2.61%,4599678
2025-03-19,7.69,7.74,7.61,7.66,-0.07,-0.91%,3319917
2025-03-18,7.69,7.8,7.59,7.73,0.12,+1.58%,2718451
2025-03-17,7.42,7.62,7.35,7.61,0.23,+3.12%,3326930
2025-03-14,7.29,7.43,7.22,7.38,0.12,+1.65%,3651093
2025-03-13,7.18,7.37,7.15,7.26,0.2,+2.83%,3816905
2025-03-12,7,7.27,6.94,7.06,0.05,+0.71%,3808930
2025-03-11,7.04,7.09,6.905,7.01,-0.12,-1.68%,3439426
2025-03-10,7.19,7.23,7.03,7.13,-0.06,-0.83%,2745485
2025-03-07,7.15,7.37,7.11,7.19,0.02,+0.28%,3372845
2025-03-06,7.3,7.36,7.17,7.17,0.01,+0.14%,3474688
2025-03-05,7.12,7.21,7.015,7.16,0.09,+1.27%,4707252
2025-03-04,6.77,7.175,6.76,7.07,0.2,+2.91%,5199951
2025-03-03,6.78,6.94,6.68,6.87,0.08,+1.18%,2868645
2025-02-28,6.79,6.91,6.69,6.79,-0.1,-1.45%,4494633
2025-02-27,6.75,6.99,6.735,6.89,0.04,+0.58%,3238528
2025-02-26,6.59,6.87,6.565,6.85,-0.12,-1.72%,5471224
2025-02-25,6.95,7.04,6.87,6.97,0.08,+1.16%,2103977
2025-02-24,6.88,6.95,6.79,6.89,-0.06,-0.86%,1835141
2025-02-21,7.1,7.17,6.925,6.95,-0.11,-1.56%,3204921
2025-02-20,6.63,7.06,6.62,7.06,0.38,+5.69%,4571148
2025-02-19,6.7,6.83,6.585,6.68,-0.18,-2.62%,2509293
2025-02-18,6.95,6.96,6.835,6.86,-0.07,-1.01%,1290906
2025-02-17,6.86,6.94,6.755,6.93,0.1,+1.46%,1695364
2025-02-14,6.97,7.025,6.78,6.83,-0.1,-1.44%,1757241
2025-02-13,6.93,6.94,6.85,6.93,0.04,+0.58%,1645969
2025-02-12,6.9,6.98,6.84,6.89,-0.06,-0.86%,2628650
2025-02-11,7.11,7.12,6.935,6.95,-0.11,-1.56%,1983831
2025-02-10,6.95,7.12,6.88,7.06,0.13,+1.88%,3248455
2025-02-07,6.59,6.97,6.59,6.93,0.4,+6.13%,4600236
2025-02-06,6.53,6.605,6.46,6.53,0.09,+1.40%,3780267
2025-02-05,6.52,6.65,6.44,6.44,0.13,+2.06%,3394208
2025-02-04,6.55,6.595,6.31,6.31,-0.25,-3.81%,3651054
2025-02-03,6.24,6.58,6.21,6.56,0.23,+3.63%,6854590
2025-01-31,6.24,6.34,6.21,6.33,0.17,+2.76%,5903204
2025-01-30,6.29,6.32,6.16,6.16,-0.16,-2.53%,5173229
2025-01-29,6.42,6.47,6.31,6.32,-0.09,-1.40%,2554900
2025-01-28,6.5,6.53,6.41,6.41,-0.11,-1.69%,3511323
2025-01-24,6.6,6.62,6.51,6.52,-0.11,-1.66%,4050664
2025-01-23,6.71,6.78,6.61,6.63,-0.15,-2.21%,5466634
2025-01-22,6.82,6.86,6.7,6.78,-0.1,-1.45%,3715677
2025-01-21,7.04,7.07,6.82,6.88,-0.02,-0.29%,1918990
2025-01-20,6.94,7.02,6.85,6.9,-0.13,-1.85%,2085616
2025-01-17,6.68,7.08,6.62,7.03,-0.06,-0.85%,5685419
2025-01-16,7.26,7.31,7.09,7.09,0.02,+0.28%,2731449
2025-01-15,7.23,7.29,7.04,7.07,-0.14,-1.94%,2277698
2025-01-14,7.09,7.24,7.05,7.21,0.11,+1.55%,1674918
2025-01-13,6.92,7.13,6.92,7.1,0.11,+1.57%,1785568
2025-01-10,6.94,7.05,6.93,6.99,0.14,+2.04%,1627667
2025-01-09,6.85,6.89,6.78,6.85,-0.09,-1.30%,1332161
2025-01-08,7.03,7.12,6.905,6.94,-0.09,-1.28%,2553507
2025-01-07,6.87,7.1,6.87,7.03,0.2,+2.93%,2931190
2025-01-06,6.75,6.93,6.75,6.83,0.22,+3.33%,3461956
2025-01-03,6.63,6.7,6.59,6.61,0.08,+1.23%,1843039
2025-01-02,6.43,6.56,6.405,6.53,0.1,+1.56%,1343223
2024-12-31,6.46,6.52,6.41,6.43,-0.08,-1.23%,1059433
2024-12-30,6.48,6.56,6.45,6.51,0.01,+0.15%,991151
2024-12-27,6.53,6.57,6.5,6.5,0.05,+0.78%,970466
2024-12-24,6.38,6.5,6.37,6.45,0.05,+0.78%,516989
2024-12-23,6.38,6.47,6.35,6.4,0.08,+1.27%,1465957
2024-12-20,6.43,6.445,6.31,6.32,-0.18,-2.77%,7578685
2024-12-19,6.46,6.52,6.38,6.5,-0.09,-1.37%,3559694
2024-12-18,6.62,6.66,6.53,6.59,-0.05,-0.75%,2869239
2024-12-17,6.67,6.75,6.64,6.64,-0.09,-1.34%,2997388
2024-12-16,6.8,6.88,6.7,6.73,-0.13,-1.90%,2262677
2024-12-13,6.9,6.99,6.8,6.86,-0.14,-2.00%,2452293
2024-12-12,7,7.065,6.96,7,0.03,+0.43%,1623655
2024-12-11,6.99,7.04,6.92,6.97,-0.04,-0.57%,1614715
2024-12-10,7.03,7.17,6.975,7.01,0.08,+1.15%,2603724
2024-12-09,7,7.03,6.89,6.93,-0.02,-0.29%,2989876
2024-12-06,7.14,7.17,6.88,6.95,-0.2,-2.80%,5756863
2024-12-05,7.26,7.31,7.08,7.15,-0.17,-2.32%,3980868
2024-12-04,7.15,7.36,7.15,7.32,0.35,+5.02%,7273688
2024-12-03,7,7.06,6.93,6.97,-0.01,-0.14%,2322413
2024-12-02,6.94,7.06,6.94,6.98,0.1,+1.45%,2403611
2024-11-29,6.81,6.93,6.74,6.88,0.1,+1.47%,2910381
2024-11-28,6.94,6.94,6.76,6.78,-0.09,-1.31%,2734853
2024-11-27,6.81,6.955,6.81,6.87,0.05,+0.73%,2591663
2024-11-26,6.71,6.885,6.68,6.82,0.1,+1.49%,2382421
2024-11-25,6.88,6.89,6.65,6.72,-0.08,-1.18%,6166390
2024-11-22,6.95,7.01,6.74,6.8,-0.07,-1.02%,4161372
2024-11-21,6.96,6.96,6.82,6.87,-0.11,-1.58%,3284478
2024-11-20,7.02,7.07,6.91,6.98,-0.06,-0.85%,2510487
2024-11-19,7.14,7.14,6.93,7.04,-0.11,-1.54%,3859050
2024-11-18,7.14,7.27,7.12,7.15,0.01,+0.14%,5651739
2024-11-15,7.34,7.34,7.13,7.14,-0.2,-2.72%,5560327
2024-11-14,7.55,7.56,7.3,7.34,-0.26,-3.42%,4399433
2024-11-13,7.64,7.69,7.56,7.6,-0.15,-1.94%,2703273
2024-11-12,7.79,7.87,7.7,7.75,-0.13,-1.65%,2848388
2024-11-11,8.03,8.03,7.835,7.88,-0.21,-2.60%,2423726
2024-11-08,8.15,8.27,8.08,8.09,0.07,+0.87%,4353620
2024-11-07,8,8.09,7.91,8.02,0.12,+1.52%,3868063
2024-11-06,7.99,7.99,7.76,7.9,0.05,+0.64%,3598982
2024-11-05,7.78,7.85,7.7,7.85,-0.09,-1.13%,2878593
2024-11-04,7.82,8.07,7.78,7.94,0.16,+2.06%,9266440
2024-11-01,7.45,7.92,7.41,7.78,0.18,+2.37%,6100656
2024-10-31,7.46,7.71,7.44,7.6,-0.05,-0.65%,3879849
2024-10-30,7.71,7.87,7.58,7.65,-0.08,-1.03%,3485421
2024-10-29,7.6,7.775,7.55,7.73,0.21,+2.79%,2779302
2024-10-28,7.45,7.55,7.43,7.52,0.08,+1.08%,1936544
2024-10-25,7.47,7.51,7.33,7.44,0,0.00%,1845063
2024-10-24,7.45,7.62,7.42,7.44,-0.07,-0.93%,2753715
2024-10-23,7.55,7.61,7.49,7.51,-0.05,-0.66%,1784893
2024-10-22,7.69,7.69,7.48,7.56,-0.21,-2.70%,2226132
2024-10-21,7.74,7.82,7.64,7.77,0.07,+0.91%,2148133
2024-10-18,7.63,7.72,7.57,7.7,-0.07,-0.90%,2316742
2024-10-17,7.84,8,7.72,7.77,0.05,+0.65%,2969345
2024-10-16,7.75,7.75,7.585,7.72,-0.05,-0.64%,2171085
2024-10-15,7.75,7.81,7.7,7.77,0.02,+0.26%,1170924
2024-10-14,7.81,7.875,7.66,7.75,0,0.00%,1713647
2024-10-11,7.71,7.81,7.625,7.75,0.03,+0.39%,1567350
2024-10-10,7.46,7.735,7.46,7.72,0.31,+4.18%,2044827
2024-10-09,7.59,7.65,7.35,7.41,-0.26,-3.39%,1990904
2024-10-08,7.72,7.94,7.5,7.67,-0.02,-0.26%,3067840
2024-10-07,7.67,7.78,7.625,7.69,0.08,+1.05%,1258382
2024-10-04,7.65,7.65,7.49,7.61,-0.1,-1.30%,1830503
2024-10-03,7.78,7.8,7.59,7.71,-0.09,-1.15%,2310316
2024-10-02,7.85,7.94,7.77,7.8,-0.09,-1.14%,1839825
2024-10-01,7.97,8.02,7.86,7.89,-0.13,-1.62%,3442021
2024-09-30,7.75,8.02,7.75,8.02,0.26,+3.35%,5448625
2024-09-27,7.72,7.9,7.7,7.76,0.06,+0.78%,2874598
2024-09-26,7.62,7.7,7.52,7.7,0.13,+1.72%,4712246
2024-09-25,7.34,7.65,7.34,7.57,0.31,+4.27%,4958750
2024-09-24,7,7.31,6.97,7.26,0.26,+3.71%,2877884
2024-09-23,6.92,7,6.9,7,0.04,+0.57%,1093045
2024-09-20,7.02,7.04,6.925,6.96,-0.05,-0.71%,11547568
2024-09-19,6.79,7.03,6.74,7.01,0.25,+3.70%,3458104
2024-09-18,6.7,6.82,6.675,6.76,0.02,+0.30%,1842050
2024-09-17,6.83,6.85,6.67,6.74,-0.08,-1.17%,2260824
2024-09-16,6.92,6.96,6.77,6.82,-0.1,-1.45%,2477176
2024-09-13,6.95,6.97,6.87,6.92,-0.02,-0.29%,2438921
2024-09-12,6.94,7.04,6.88,6.94,0.07,+1.02%,3335704
2024-09-11,7.08,7.26,6.82,6.87,-0.17,-2.41%,4672087
2024-09-10,7.12,7.27,7.04,7.04,0,0.00%,4298187
2024-09-09,6.66,7.07,6.66,7.04,0.28,+4.14%,4323258
2024-09-06,6.76,6.81,6.72,6.76,0.02,+0.30%,2487239
2024-09-05,6.72,6.8,6.66,6.74,0,0.00%,2097829
2024-09-04,6.75,6.83,6.72,6.74,-0.14,-2.03%,2049055
2024-09-03,6.92,7.045,6.83,6.88,-0.04,-0.58%,1918503
2024-09-02,6.94,6.97,6.84,6.92,-0.14,-1.98%,2248584
2024-08-30,7,7.12,6.92,7.06,0.04,+0.57%,4103496
2024-08-29,6.92,7.085,6.86,7.02,0,0.00%,3784624
2024-08-28,6.74,7.05,6.72,7.02,0.23,+3.39%,5604345
2024-08-27,6.84,6.88,6.78,6.79,-0.01,-0.15%,1789487
2024-08-26,6.85,6.89,6.77,6.8,0,0.00%,1356435
2024-08-23,6.78,6.8,6.69,6.8,-0.1,-1.45%,2018735
2024-08-22,6.94,6.95,6.79,6.9,0.09,+1.32%,2502907
2024-08-21,6.28,6.85,6.27,6.81,0.47,+7.41%,6153088
2024-08-20,6.33,6.42,6.31,6.34,0.04,+0.63%,1047137
2024-08-19,6.25,6.37,6.18,6.3,0.05,+0.80%,2482336
2024-08-16,6.25,6.26,6.17,6.25,0.08,+1.30%,2539705
2024-08-15,6.18,6.22,6.14,6.17,0.01,+0.16%,1767294
2024-08-14,6.16,6.29,6.135,6.16,0.05,+0.82%,2862402
2024-08-13,6.04,6.13,6,6.11,0.02,+0.33%,1738962
2024-08-12,6.13,6.16,6.07,6.09,0.03,+0.50%,1952376
2024-08-09,6.02,6.12,5.97,6.06,0.14,+2.36%,1927426
2024-08-08,5.95,5.99,5.88,5.92,-0.03,-0.50%,3422002
2024-08-07,5.86,5.98,5.84,5.95,0.12,+2.06%,3338780
2024-08-06,5.89,6.04,5.83,5.83,-0.08,-1.35%,3204334
2024-08-05,6.02,6.1,5.91,5.91,-0.2,-3.27%,3116038
2024-08-02,6.12,6.15,6.07,6.11,-0.18,-2.86%,2897900
2024-08-01,6.39,6.39,6.25,6.29,0.01,+0.16%,2498361
2024-07-31,6.1,6.3,6.09,6.28,0.19,+3.12%,3397718
2024-07-30,6.12,6.21,6.09,6.09,-0.13,-2.09%,2570212
2024-07-29,6.21,6.22,6.07,6.22,0.07,+1.14%,2206593
2024-07-26,6.18,6.365,6.08,6.15,0.1,+1.65%,4279604
2024-07-25,6,6.1,5.97,6.05,-0.01,-0.17%,4384356
2024-07-24,5.8,6.06,5.76,6.06,0.04,+0.66%,8427277
2024-07-23,5.93,6.075,5.88,6.02,-0.03,-0.50%,7263382
2024-07-22,6.03,6.08,6.03,6.05,-0.05,-0.82%,1971314
2024-07-19,6.14,6.155,6.02,6.1,-0.16,-2.56%,5130518
2024-07-18,6.29,6.3,6.24,6.26,-0.03,-0.48%,2035499
2024-07-17,6.34,6.37,6.29,6.29,-0.01,-0.16%,2473913
2024-07-16,6.34,6.35,6.29,6.3,-0.05,-0.79%,2111188
2024-07-15,6.46,6.47,6.34,6.35,-0.05,-0.78%,3147090
2024-07-12,6.47,6.48,6.34,6.4,0,0.00%,3167659
2024-07-11,6.34,6.4,6.28,6.4,0.17,+2.73%,1991128
2024-07-10,6.31,6.34,6.23,6.23,-0.18,-2.81%,2448874
2024-07-09,6.45,6.49,6.4,6.41,0.04,+0.63%,2119646
2024-07-08,6.53,6.55,6.35,6.37,-0.19,-2.90%,3291486
2024-07-05,6.51,6.59,6.49,6.56,0.05,+0.77%,1273368
2024-07-04,6.44,6.55,6.43,6.51,0.17,+2.68%,1897861
2024-07-03,6.23,6.37,6.2,6.34,0.21,+3.43%,2588845
2024-07-02,6.16,6.2,6.1,6.13,-0.03,-0.49%,3239647
2024-07-01,5.91,6.19,5.91,6.16,0.23,+3.88%,4615156
2024-06-28,6.04,6.04,5.93,5.93,-0.02,-0.34%,4463299
2024-06-27,5.96,6,5.93,5.95,-0.03,-0.50%,1846888
2024-06-26,5.97,6.02,5.9,5.98,-0.08,-1.32%,3256450
2024-06-25,6.11,6.11,6.02,6.06,0.08,+1.34%,2778172
2024-06-24,6.06,6.11,5.98,5.98,-0.09,-1.48%,2878520
2024-06-21,6.08,6.09,6.02,6.07,0.02,+0.33%,7130840
2024-06-20,6.05,6.08,6.03,6.05,-0.01,-0.17%,5875152
2024-06-19,6.03,6.08,5.97,6.06,0.02,+0.33%,2884314
2024-06-18,6.12,6.13,6.015,6.04,-0.08,-1.31%,6866859
2024-06-17,6.13,6.17,5.99,6.12,-0.03,-0.49%,5188448
2024-06-14,6.23,6.235,6.13,6.15,-0.1,-1.60%,3038056
2024-06-13,6.5,6.5,6.25,6.25,-0.29,-4.43%,3493596
2024-06-12,6.52,6.57,6.48,6.54,-0.02,-0.30%,1975950
2024-06-11,6.58,6.58,6.52,6.56,-0.1,-1.50%,2881711
2024-06-07,6.65,6.69,6.6,6.66,0.03,+0.45%,3111971
2024-06-06,6.7,6.7,6.63,6.63,-0.03,-0.45%,3535081
2024-06-05,6.68,6.7,6.62,6.66,-0.05,-0.75%,3896741
2024-06-04,6.71,6.76,6.7,6.71,-0.02,-0.30%,1475056
2024-06-03,6.71,6.75,6.68,6.73,0.07,+1.05%,2404365
2024-05-31,6.65,6.68,6.59,6.66,0.04,+0.60%,6113890
2024-05-30,6.66,6.66,6.59,6.62,-0.11,-1.63%,4246446
2024-05-29,6.67,6.795,6.66,6.73,0.01,+0.15%,2836388
2024-05-28,6.74,6.78,6.71,6.72,0.01,+0.15%,3551562
2024-05-27,6.69,6.72,6.62,6.71,0.04,+0.60%,3464462
2024-05-24,6.74,6.77,6.62,6.67,-0.24,-3.47%,7165313
2024-05-23,6.96,7,6.85,6.91,-0.16,-2.26%,4169778
2024-05-22,7.13,7.13,7.05,7.07,-0.03,-0.42%,3097145
2024-05-21,7.05,7.1,7.01,7.1,0.02,+0.28%,3714159
2024-05-20,7,7.09,6.98,7.08,0.11,+1.58%,2484068
2024-05-17,6.97,7.02,6.93,6.97,-0.01,-0.14%,3457517
2024-05-16,6.91,7,6.9,6.98,0.08,+1.16%,5198242
2024-05-15,7,7.05,6.82,6.9,0.09,+1.32%,4144653
2024-05-14,6.92,6.94,6.81,6.81,-0.11,-1.59%,3459159
2024-05-13,6.84,6.95,6.83,6.92,0.06,+0.87%,2968680
2024-05-10,6.72,6.9,6.72,6.86,0.2,+3.00%,5141612
2024-05-09,6.68,6.68,6.59,6.66,-0.02,-0.30%,1608762
2024-05-08,6.62,6.68,6.58,6.68,0.03,+0.45%,1959825
2024-05-07,6.57,6.69,6.555,6.65,0.14,+2.15%,4355147
2024-05-06,6.6,6.61,6.49,6.51,-0.05,-0.76%,2134437
2024-05-03,6.53,6.58,6.51,6.56,0.09,+1.39%,2285100
2024-05-02,6.46,6.52,6.395,6.47,-0.03,-0.46%,4585484
2024-05-01,6.42,6.51,6.38,6.5,-0.06,-0.91%,3118162
2024-04-30,6.48,6.58,6.45,6.56,0.13,+2.02%,3695950
2024-04-29,6.23,6.45,6.195,6.43,0.24,+3.88%,3143621
2024-04-26,6.17,6.27,6.095,6.19,-0.19,-2.98%,5495412
2024-04-24,6.44,6.46,6.25,6.38,-0.02,-0.31%,2975822
2024-04-23,6.46,6.48,6.39,6.4,-0.06,-0.93%,5412882
2024-04-22,6.38,6.5,6.31,6.46,0.07,+1.10%,2733128
2024-04-19,6.55,6.56,6.32,6.39,-0.17,-2.59%,4196113
2024-04-18,6.6,6.64,6.38,6.56,0.11,+1.71%,5476728
2024-04-17,6.35,6.49,6.275,6.45,0.36,+5.91%,5966656
2024-04-16,6.11,6.27,6.04,6.09,-0.06,-0.98%,11076658
2024-04-15,6.16,6.23,6.11,6.15,0,0.00%,3898063
2024-04-12,6.02,6.17,5.98,6.15,0.1,+1.65%,4564278
2024-04-11,5.87,6.12,5.83,6.05,0.09,+1.51%,4744800
2024-04-10,6.06,6.1,5.91,5.96,0,0.00%,4814513
2024-04-09,5.91,6.12,5.89,5.96,0.19,+3.29%,9823019
2024-04-08,5.7,5.8,5.57,5.77,0.11,+1.94%,7224809
2024-04-05,5.58,5.72,5.55,5.66,-0.17,-2.92%,3432403
2024-04-04,5.72,5.875,5.7,5.83,0.17,+3.00%,4324548
2024-04-03,5.77,5.79,5.61,5.66,-0.11,-1.91%,3176255
2024-04-02,5.63,5.82,5.61,5.77,0.08,+1.41%,2801495
2024-03-28,5.51,5.715,5.51,5.69,0.16,+2.89%,6126713
2024-03-27,5.49,5.64,5.49,5.53,-0.06,-1.07%,3135494
2024-03-26,5.74,5.75,5.53,5.59,-0.19,-3.29%,6507505
2024-03-25,5.79,5.84,5.77,5.78,-0.02,-0.34%,2010496
2024-03-22,5.82,5.87,5.76,5.8,-0.03,-0.51%,2959304
2024-03-21,5.9,5.91,5.8,5.83,0.03,+0.52%,2777816
2024-03-20,5.7,5.89,5.69,5.8,0.07,+1.22%,2568978
2024-03-19,5.76,5.79,5.69,5.73,-0.01,-0.17%,2393749
2024-03-18,5.73,5.76,5.7,5.74,-0.04,-0.69%,3516620
2024-03-15,5.78,5.78,5.65,5.78,-0.04,-0.69%,7064475
2024-03-14,5.75,5.84,5.725,5.82,0.02,+0.34%,2340217
2024-03-13,5.83,5.84,5.76,5.8,-0.05,-0.85%,2902480
2024-03-12,5.8,5.87,5.79,5.85,0.05,+0.86%,2246291
2024-03-11,5.95,5.98,5.785,5.8,-0.21,-3.49%,3776703
2024-03-08,6.13,6.18,5.99,6.01,-0.07,-1.15%,3206210
2024-03-07,5.88,6.08,5.87,6.08,0.26,+4.47%,2855139
2024-03-06,5.83,5.88,5.73,5.82,-0.14,-2.35%,5806333
2024-03-05,6.08,6.105,5.91,5.96,-0.28,-4.49%,4588277
2024-03-04,6.14,6.24,6.02,6.24,0.13,+2.13%,4709108
2024-03-01,5.99,6.15,5.93,6.11,0.27,+4.62%,6030075
2024-02-29,5.95,5.99,5.8,5.84,-0.13,-2.18%,4411966
2024-02-28,5.79,6.04,5.74,5.97,0.3,+5.29%,5227251
2024-02-27,5.72,5.74,5.58,5.67,-0.23,-3.90%,6307409
2024-02-26,5.75,6.18,5.66,5.9,0.06,+1.03%,6507339
2024-02-23,6.02,6.02,5.84,5.84,-0.1,-1.68%,2803551
2024-02-22,5.75,6.01,5.75,5.94,0,0.00%,3695162
2024-02-21,5.7,6,5.69,5.94,0.18,+3.13%,3745646
2024-02-20,5.91,5.93,5.72,5.76,-0.17,-2.87%,3033527
2024-02-19,6.01,6.1,5.9,5.93,-0.04,-0.67%,2822972
2024-02-16,5.82,5.98,5.78,5.97,0.28,+4.92%,5285377
2024-02-15,5.73,5.79,5.65,5.69,-0.01,-0.18%,1989779
2024-02-14,5.6,5.72,5.52,5.7,-0.06,-1.04%,4209395
2024-02-13,5.87,5.91,5.72,5.76,-0.03,-0.52%,3274163
2024-02-12,5.93,5.98,5.79,5.79,-0.11,-1.86%,1986500
2024-02-09,6.02,6.04,5.87,5.9,-0.08,-1.34%,2743264
2024-02-08,6.04,6.14,5.95,5.98,-0.06,-0.99%,3113575
2024-02-07,5.96,6.2,5.96,6.04,0.2,+3.42%,5348447
2024-02-06,5.64,5.87,5.61,5.84,0.16,+2.82%,4020722
2024-02-05,5.8,5.89,5.66,5.68,-0.15,-2.57%,3615838
2024-02-02,5.72,5.83,5.68,5.83,0.15,+2.64%,2829818
2024-02-01,5.84,5.85,5.68,5.68,-0.2,-3.40%,5175278
2024-01-31,5.78,5.91,5.735,5.88,0.02,+0.34%,4608382
2024-01-30,5.93,5.96,5.82,5.86,-0.1,-1.68%,2588857
2024-01-29,6.08,6.09,5.91,5.96,-0.13,-2.13%,3390215
2024-01-25,6.13,6.15,6,6.09,0.04,+0.66%,3194954
2024-01-24,5.92,6.08,5.8,6.05,0.26,+4.49%,5200196
2024-01-23,5.83,5.88,5.73,5.79,-0.08,-1.36%,6426923
2024-01-22,5.95,5.98,5.75,5.87,-0.08,-1.34%,4274157
2024-01-19,6.06,6.13,5.92,5.95,-0.05,-0.83%,4004237
2024-01-18,5.91,6.09,5.87,6,0,0.00%,6206996
2024-01-17,6.18,6.18,6,6,-0.18,-2.91%,8364669
2024-01-16,6.25,6.28,6.13,6.18,-0.1,-1.59%,2146145
2024-01-15,6.4,6.42,6.26,6.28,-0.11,-1.72%,1584046
2024-01-12,6.29,6.42,6.29,6.39,0.01,+0.16%,2129780
2024-01-11,6.24,6.4,6.235,6.38,0.11,+1.75%,2220675
2024-01-10,6.44,6.46,6.24,6.27,-0.28,-4.27%,3956358
2024-01-09,6.66,6.71,6.51,6.55,-0.03,-0.46%,2934089
2024-01-08,6.68,6.73,6.58,6.58,-0.13,-1.94%,1983294
2024-01-05,6.7,6.76,6.68,6.71,-0.01,-0.15%,1416876
2024-01-04,6.68,6.79,6.68,6.72,-0.23,-3.31%,2618532
2024-01-03,7.03,7.075,6.93,6.95,-0.22,-3.07%,2003297
2024-01-02,7.13,7.22,7.1,7.17,0.01,+0.14%,1311593
2023-12-29,7.19,7.23,7.155,7.16,-0.03,-0.42%,2068399
2023-12-28,7.15,7.19,7.1,7.19,0.09,+1.27%,1205023
2023-12-27,7.11,7.18,7.06,7.1,0.1,+1.43%,2511075
2023-12-22,7.07,7.23,7,7,0.2,+2.94%,5271274
2023-12-21,6.91,6.92,6.735,6.8,-0.13,-1.88%,3418372
2023-12-20,6.82,6.96,6.73,6.93,0.18,+2.67%,3870271
2023-12-19,6.65,6.8,6.65,6.75,0.06,+0.90%,2401374
2023-12-18,6.58,6.69,6.51,6.69,0.04,+0.60%,2198387
2023-12-15,6.45,6.685,6.43,6.65,0.28,+4.40%,8415606
2023-12-14,6.2,6.37,6.18,6.37,0.32,+5.29%,5282920
2023-12-13,6.03,6.07,5.98,6.05,0.02,+0.33%,5772976
2023-12-12,6.25,6.28,6.03,6.03,-0.29,-4.59%,6674464
2023-12-11,6.37,6.43,6.28,6.32,-0.07,-1.10%,3428270
2023-12-08,6.41,6.44,6.365,6.39,-0.02,-0.31%,2349926
2023-12-07,6.4,6.62,6.39,6.41,-0.02,-0.31%,3345765
2023-12-06,6.16,6.45,6.16,6.43,0.19,+3.04%,4848771
2023-12-05,6.34,6.4,6.21,6.24,-0.2,-3.11%,3483957
2023-12-04,6.51,6.57,6.41,6.44,0.09,+1.42%,2738260
2023-12-01,6.46,6.56,6.35,6.35,-0.27,-4.08%,3263578
2023-11-30,6.63,6.65,6.37,6.62,0,0.00%,4334914
2023-11-29,6.61,6.68,6.605,6.62,0.02,+0.30%,2536941
2023-11-28,6.49,6.63,6.47,6.6,0.09,+1.38%,3034446
2023-11-27,6.61,6.635,6.51,6.51,-0.11,-1.66%,2093232
2023-11-24,6.67,6.7,6.58,6.62,-0.08,-1.19%,1658167
2023-11-23,6.72,6.8,6.7,6.7,-0.1,-1.47%,2272849
2023-11-22,6.83,6.86,6.79,6.8,-0.07,-1.02%,1867825
2023-11-21,6.73,6.88,6.73,6.87,0.13,+1.93%,1814363
2023-11-20,6.76,6.83,6.73,6.74,-0.02,-0.30%,2276772
2023-11-17,6.85,6.85,6.6,6.76,-0.14,-2.03%,4975687
2023-11-16,7.03,7.06,6.88,6.9,-0.18,-2.54%,4708771
2023-11-15,7.06,7.14,7,7.08,0.06,+0.85%,3194195
2023-11-14,6.92,7.05,6.92,7.02,0.11,+1.59%,3322155
2023-11-13,7.04,7.07,6.91,6.91,-0.17,-2.40%,2352128
2023-11-10,7.12,7.12,7.02,7.08,0.02,+0.28%,1455640
2023-11-09,7.04,7.235,6.99,7.06,0.02,+0.28%,2630545
2023-11-08,7.03,7.12,6.96,7.04,0,0.00%,2150990
2023-11-07,6.92,7.13,6.83,7.04,0.05,+0.72%,2716036
2023-11-06,7.22,7.23,6.96,6.99,-0.22,-3.05%,5245769
2023-11-03,7.2,7.25,7.13,7.21,0.08,+1.12%,2747736
2023-11-02,7.13,7.25,7.12,7.13,0.04,+0.56%,2502038
2023-11-01,7.05,7.135,7.05,7.09,0.04,+0.57%,2575255
2023-10-31,7.14,7.24,6.99,7.05,-0.02,-0.28%,4439447
2023-10-30,7.04,7.17,7.04,7.07,-0.05,-0.70%,2728582
2023-10-27,7.1,7.18,7.055,7.12,0.01,+0.14%,3167961
2023-10-26,7.08,7.14,6.98,7.11,-0.01,-0.14%,8640990
2023-10-25,7.05,7.2,6.98,7.12,0.3,+4.40%,11570671
2023-10-24,6.03,6.97,6.02,6.82,0.75,+12.36%,7757278
2023-10-23,6.17,6.18,6.065,6.07,-0.22,-3.50%,4293413
2023-10-20,6.28,6.4,6.24,6.29,-0.12,-1.87%,4767793
2023-10-19,6.48,6.55,6.405,6.41,-0.25,-3.75%,3178691
2023-10-18,6.73,6.77,6.62,6.66,-0.07,-1.04%,2256054
2023-10-17,6.8,6.81,6.66,6.73,0.03,+0.45%,2178336
2023-10-16,6.78,6.94,6.64,6.7,-0.1,-1.47%,2733882
2023-10-13,6.75,6.88,6.7,6.8,0.07,+1.04%,3441502
2023-10-12,6.65,6.77,6.65,6.73,0.07,+1.05%,3265764
2023-10-11,6.71,6.77,6.65,6.66,0.17,+2.62%,2201803
2023-10-10,6.36,6.57,6.33,6.49,0.1,+1.56%,4293132
2023-10-09,6.42,6.55,6.38,6.39,-0.03,-0.47%,3940963
2023-10-06,6.5,6.54,6.41,6.42,-0.14,-2.13%,2669234
2023-10-05,6.5,6.57,6.43,6.56,0.06,+0.92%,2794365
2023-10-04,6.44,6.54,6.4,6.5,-0.04,-0.61%,4571848
2023-10-03,6.64,6.73,6.54,6.54,-0.24,-3.54%,4301901
2023-10-02,6.8,6.87,6.72,6.78,-0.01,-0.15%,1331390
2023-09-29,6.85,6.93,6.78,6.79,-0.01,-0.15%,3942167
2023-09-28,6.65,6.825,6.65,6.8,0.12,+1.80%,2070771
2023-09-27,6.72,6.79,6.68,6.68,-0.02,-0.30%,1979071
2023-09-26,6.72,6.79,6.69,6.7,-0.01,-0.15%,3005560
2023-09-25,6.73,6.77,6.69,6.71,-0.11,-1.61%,1863232
2023-09-22,6.57,6.83,6.56,6.82,0.06,+0.89%,4296749
2023-09-21,6.99,7.02,6.74,6.76,-0.24,-3.43%,4535756
2023-09-20,7.08,7.095,6.93,7,-0.12,-1.69%,4112425
2023-09-19,7.2,7.26,7.11,7.12,-0.18,-2.47%,3765182
2023-09-18,7.35,7.37,7.26,7.3,-0.11,-1.48%,2726720
2023-09-15,7.46,7.58,7.41,7.41,0.07,+0.95%,5212950
2023-09-14,7.36,7.55,7.335,7.34,0.11,+1.52%,6389855
2023-09-13,7.25,7.29,7.12,7.23,-0.08,-1.09%,4452187
2023-09-12,7.21,7.35,7.07,7.31,-0.02,-0.27%,6196609
2023-09-11,7.09,7.33,7.04,7.33,0.25,+3.53%,3613451
2023-09-08,7.16,7.165,7.01,7.08,-0.12,-1.67%,3490893
2023-09-07,7.28,7.3,7.165,7.2,-0.04,-0.55%,2658406
2023-09-06,7.23,7.29,7.19,7.24,-0.12,-1.63%,3591906
2023-09-05,7.26,7.4,7.25,7.36,0.09,+1.24%,2136791
2023-09-04,7.25,7.34,7.18,7.27,0.03,+0.41%,1865824
2023-09-01,7.24,7.29,7.15,7.24,0.05,+0.70%,2270675
2023-08-31,7.25,7.29,7.11,7.19,-0.12,-1.64%,2959374
2023-08-30,7.31,7.45,7.21,7.31,0.14,+1.95%,5239628
2023-08-29,6.82,7.18,6.76,7.17,0.22,+3.17%,5245777
2023-08-28,6.99,7.04,6.9,6.95,-0.02,-0.29%,2897037
2023-08-25,6.91,6.99,6.86,6.97,-0.09,-1.27%,2298474
2023-08-24,7.15,7.17,7,7.06,-0.03,-0.42%,2239511
2023-08-23,7.14,7.22,7.06,7.09,-0.08,-1.12%,3259382
2023-08-22,6.99,7.18,6.9,7.17,0.21,+3.02%,5228963
2023-08-21,6.83,6.97,6.82,6.96,0.13,+1.90%,2399311
2023-08-18,6.69,6.83,6.67,6.83,0.09,+1.34%,2653670
2023-08-17,6.79,6.81,6.655,6.74,-0.11,-1.61%,4146251
2023-08-16,6.87,6.92,6.8,6.85,-0.15,-2.14%,2787961
2023-08-15,6.93,7.01,6.89,7,0.05,+0.72%,2688604
2023-08-14,6.99,7.05,6.835,6.95,-0.07,-1.00%,2653017
2023-08-11,7,7.08,6.99,7.02,-0.06,-0.85%,2967937
2023-08-10,6.93,7.1,6.91,7.08,0.15,+2.16%,2759526
2023-08-09,6.93,6.95,6.8,6.93,-0.02,-0.29%,3420340
2023-08-08,6.8,7.22,6.8,6.95,0.04,+0.58%,9005056
2023-08-07,6.68,6.91,6.66,6.91,0.22,+3.29%,2987257
2023-08-04,6.71,6.74,6.61,6.69,-0.03,-0.45%,4271975
2023-08-03,6.74,6.77,6.63,6.72,-0.15,-2.18%,4343365
2023-08-02,6.84,6.925,6.76,6.87,-0.06,-0.87%,4262928
2023-08-01,6.94,7.165,6.91,6.93,0.2,+2.97%,8579665
2023-07-31,6.42,6.88,6.4,6.73,0.17,+2.59%,7191417
2023-07-28,6.48,6.56,6.44,6.56,-0.02,-0.30%,3922249
2023-07-27,6.61,6.73,6.555,6.58,-0.13,-1.94%,3140390
2023-07-26,6.79,6.845,6.66,6.71,-0.02,-0.30%,5168704
2023-07-25,6.68,6.81,6.65,6.73,0.11,+1.66%,3518772
2023-07-24,6.61,6.71,6.595,6.62,-0.07,-1.05%,5257131
2023-07-21,6.76,6.8,6.67,6.69,-0.12,-1.76%,5226588
2023-07-20,6.77,6.95,6.77,6.81,0.01,+0.15%,3566778
2023-07-19,6.97,6.97,6.73,6.8,-0.03,-0.44%,4333866
2023-07-18,6.89,6.89,6.73,6.83,-0.09,-1.30%,5731247
2023-07-17,7.04,7.09,6.92,6.92,-0.18,-2.54%,4371655
2023-07-14,7.11,7.15,7.06,7.1,0.04,+0.57%,6564719
2023-07-13,7.2,7.21,6.99,7.06,0.02,+0.28%,6612332
2023-07-12,7.23,7.27,7.005,7.04,-0.07,-0.98%,5041743
2023-07-11,7.18,7.18,7.01,7.11,0.08,+1.14%,3937968
2023-07-10,7.25,7.29,7.01,7.03,-0.06,-0.85%,2553160
2023-07-07,7.02,7.12,6.98,7.09,-0.05,-0.70%,4272170
2023-07-06,7.32,7.49,7.11,7.14,-0.22,-2.99%,5016106
2023-07-05,7.3,7.47,7.25,7.36,0.16,+2.22%,7750185
2023-07-04,7.07,7.39,7.07,7.2,0.29,+4.20%,7602297
2023-07-03,6.86,6.93,6.855,6.91,0.06,+0.88%,2729253
2023-06-30,6.79,6.87,6.78,6.85,0.03,+0.44%,3295315
2023-06-29,6.96,6.98,6.74,6.82,-0.13,-1.87%,6434434
2023-06-28,7,7.1,6.915,6.95,-0.09,-1.28%,4271102
2023-06-27,7,7.14,6.98,7.04,0.06,+0.86%,5026011
2023-06-26,7.05,7.12,6.91,6.98,-0.17,-2.38%,5050135
2023-06-23,7.15,7.22,7.1,7.15,0.02,+0.28%,2764930
2023-06-22,7.39,7.39,7.13,7.13,-0.3,-4.04%,3800902
2023-06-21,7.36,7.49,7.34,7.43,0.12,+1.64%,4507835
2023-06-20,7.25,7.35,7.22,7.31,0.07,+0.97%,2394552
2023-06-19,7.35,7.35,7.195,7.24,-0.11,-1.50%,3069492
2023-06-16,7.29,7.395,7.24,7.35,0.17,+2.37%,8579615
2023-06-15,7.53,7.55,7.175,7.18,-0.5,-6.51%,6312296
2023-06-14,7.87,7.89,7.63,7.68,-0.06,-0.78%,3067480
2023-06-13,7.63,7.745,7.55,7.74,0.08,+1.04%,4207602
2023-06-09,7.74,7.8,7.64,7.66,-0.08,-1.03%,2647488
2023-06-08,7.85,7.87,7.71,7.74,-0.05,-0.64%,3050488
2023-06-07,7.88,7.905,7.71,7.79,0.01,+0.13%,3471818
2023-06-06,7.76,7.81,7.68,7.78,-0.07,-0.89%,4320985
2023-06-05,7.78,7.88,7.75,7.85,0.22,+2.88%,3761417
2023-06-02,7.57,7.68,7.56,7.63,0.18,+2.42%,3632226
2023-06-01,7.47,7.56,7.39,7.45,-0.06,-0.80%,2791650
2023-05-31,7.64,7.7,7.44,7.51,-0.11,-1.44%,4332345
2023-05-30,7.6,7.62,7.56,7.62,-0.03,-0.39%,2013061
2023-05-29,7.5,7.695,7.5,7.65,0.28,+3.80%,3481442
2023-05-26,7.4,7.55,7.325,7.37,-0.05,-0.67%,2941228
2023-05-25,7.32,7.455,7.32,7.42,-0.04,-0.54%,2810189
2023-05-24,7.28,7.49,7.28,7.46,0.12,+1.63%,3846471
2023-05-23,7.28,7.43,7.24,7.34,0.03,+0.41%,3895677
2023-05-22,7.35,7.39,7.27,7.31,-0.07,-0.95%,1965986
2023-05-19,7.43,7.47,7.35,7.38,-0.07,-0.94%,3771183
2023-05-18,7.44,7.5,7.39,7.45,0.21,+2.90%,3358850
2023-05-17,7.21,7.35,7.14,7.24,0.02,+0.28%,2712792
2023-05-16,7.26,7.31,7.15,7.22,-0.09,-1.23%,3833171
2023-05-15,7.4,7.46,7.24,7.31,-0.07,-0.95%,2870276
2023-05-12,7.43,7.46,7.32,7.38,0,0.00%,3954551
2023-05-11,7.5,7.56,7.34,7.38,-0.19,-2.51%,5691146
2023-05-10,7.42,7.62,7.41,7.57,0.24,+3.27%,6398243
2023-05-09,7.28,7.61,7.275,7.33,-0.04,-0.54%,7149064
2023-05-08,7.26,7.41,7.2,7.37,0.79,+12.01%,13101487
2023-05-05,6.35,6.6,6.35,6.58,0.14,+2.17%,3022746
2023-05-04,6.27,6.48,6.27,6.44,0.15,+2.38%,3008017
2023-05-03,6.29,6.36,6.24,6.29,-0.05,-0.79%,3834240
2023-05-02,6.36,6.45,6.32,6.34,-0.08,-1.25%,5086461
2023-05-01,6.51,6.57,6.39,6.42,-0.01,-0.16%,3003783
2023-04-28,6.52,6.57,6.42,6.43,-0.06,-0.92%,4266346
2023-04-27,6.62,6.645,6.465,6.49,-0.17,-2.55%,5725061
2023-04-26,6.6,6.77,6.53,6.66,-0.06,-0.89%,8059315
2023-04-24,6.8,6.83,6.61,6.72,-0.12,-1.75%,5544293
2023-04-21,6.5,6.88,6.49,6.84,0.31,+4.75%,11770455
2023-04-20,6.64,6.7,6.51,6.53,-0.23,-3.40%,4948352
2023-04-19,6.7,6.84,6.68,6.76,-0.01,-0.15%,3722773
2023-04-18,6.72,6.79,6.57,6.77,0.05,+0.74%,5781878
2023-04-17,6.68,6.73,6.62,6.72,0.13,+1.97%,4496088
2023-04-14,6.47,6.67,6.44,6.59,0.19,+2.97%,4937669
2023-04-13,6.34,6.445,6.32,6.4,0.03,+0.47%,5605965
2023-04-12,6.37,6.45,6.35,6.37,0.08,+1.27%,4815377
2023-04-11,6.16,6.34,6.12,6.29,0.23,+3.80%,4924253
2023-04-06,6.25,6.29,6.02,6.06,-0.15,-2.42%,9759311
2023-04-05,6.48,6.48,6.21,6.21,-0.31,-4.75%,8940343
2023-04-04,6.62,6.62,6.43,6.52,-0.1,-1.51%,6243986
2023-04-03,6.49,6.64,6.44,6.62,0.28,+4.42%,5332922
2023-03-31,6.39,6.41,6.33,6.34,0,0.00%,4702097
2023-03-30,6.54,6.56,6.31,6.34,-0.1,-1.55%,6052914
2023-03-29,6.4,6.56,6.37,6.44,-0.1,-1.53%,5865165
2023-03-28,6.5,6.66,6.41,6.54,0.18,+2.83%,5315372
2023-03-27,6.26,6.4,6.26,6.36,0.03,+0.47%,3195433
2023-03-24,6.29,6.385,6.22,6.33,0.04,+0.64%,4388097
2023-03-23,6.39,6.39,6.18,6.29,-0.21,-3.23%,10919491
2023-03-22,6.54,6.57,6.46,6.5,0.09,+1.40%,6546258
2023-03-21,6.25,6.43,6.25,6.41,0.19,+3.05%,4278655
2023-03-20,6.57,6.63,6.2,6.22,-0.36,-5.47%,8715371
2023-03-17,6.52,6.605,6.445,6.58,0.15,+2.33%,12640204
2023-03-16,6.37,6.43,6.25,6.43,-0.15,-2.28%,9424115
2023-03-15,6.66,6.72,6.565,6.58,-0.04,-0.60%,10803545
2023-03-14,6.9,6.91,6.55,6.62,-0.3,-4.34%,8202167
2023-03-13,6.9,7,6.79,6.92,-0.18,-2.54%,10493152
2023-03-10,7.39,7.39,7.075,7.1,-0.35,-4.70%,8612305
2023-03-09,7.4,7.52,7.35,7.45,0.12,+1.64%,8208242
2023-03-08,7.34,7.455,7.32,7.33,-0.04,-0.54%,15558369
2023-03-07,7.38,7.42,7.26,7.37,-0.08,-1.07%,25282304
2023-03-06,7.86,7.88,7.29,7.45,-0.35,-4.49%,12279334
2023-03-03,7.95,7.96,7.6,7.8,0,0.00%,10261507
2023-03-02,8.28,8.31,7.79,7.8,-0.57,-6.81%,11418355
2023-03-01,8.15,8.43,8.14,8.37,0.17,+2.07%,3621426
2023-02-28,8.15,8.29,8.08,8.2,0.23,+2.89%,6615178
2023-02-27,8.34,8.39,7.92,7.97,-0.53,-6.24%,6319818
2023-02-24,8.4,8.505,8.38,8.5,0.04,+0.47%,2109143
2023-02-23,8.22,8.48,8.22,8.46,0.18,+2.17%,3162797
2023-02-22,8.3,8.38,8.26,8.28,-0.15,-1.78%,1911661
2023-02-21,8.39,8.535,8.35,8.43,0.1,+1.20%,2453316
2023-02-20,8.25,8.33,8.15,8.33,0.04,+0.48%,2627017
2023-02-17,8.27,8.39,8.23,8.29,0.01,+0.12%,4639387
2023-02-16,8.24,8.33,8.22,8.28,0.12,+1.47%,4506763
2023-02-15,8.22,8.37,8.13,8.16,-0.2,-2.39%,4465208
2023-02-14,8.52,8.73,8.34,8.36,0,0.00%,9087796
2023-02-13,8.48,8.49,8.06,8.36,-0.42,-4.78%,10305858
2023-02-10,9.03,9.06,8.76,8.78,-0.28,-3.09%,4433519
2023-02-09,9.05,9.11,9.01,9.06,-0.16,-1.74%,2080253
2023-02-08,9.26,9.29,9.15,9.22,0.05,+0.55%,2141345
2023-02-07,9.32,9.34,9.17,9.17,-0.11,-1.19%,2057096
2023-02-06,9.33,9.43,9.28,9.28,-0.12,-1.28%,2153964
2023-02-03,9.55,9.59,9.33,9.4,-0.11,-1.16%,4804376
2023-02-02,9.78,9.8,9.48,9.51,-0.19,-1.96%,5162718
2023-02-01,9.51,9.845,9.5,9.7,0.31,+3.30%,5176707
2023-01-31,9.38,9.57,9.31,9.39,-0.32,-3.30%,5644846
2023-01-30,9.13,9.71,9.07,9.71,0.63,+6.94%,7519592
2023-01-27,9.01,9.12,8.95,9.08,0.11,+1.23%,7971340
2023-01-25,8.95,9.1,8.91,8.97,-0.03,-0.33%,3826789
2023-01-24,8.87,9,8.8,9,0.2,+2.27%,4252775
2023-01-23,8.74,8.87,8.72,8.8,0.1,+1.15%,2479103
2023-01-20,8.53,8.7,8.51,8.7,0.19,+2.23%,3820841
2023-01-19,8.51,8.535,8.4,8.51,-0.03,-0.35%,1867848
2023-01-18,8.45,8.59,8.34,8.54,0.06,+0.71%,2392904
2023-01-17,8.55,8.575,8.395,8.48,-0.12,-1.40%,2782588
2023-01-16,8.7,8.74,8.6,8.6,0.03,+0.35%,1676106
2023-01-13,8.61,8.65,8.56,8.57,-0.03,-0.35%,2650958
2023-01-12,8.51,8.67,8.5,8.6,0.18,+2.14%,2403079
2023-01-11,8.42,8.53,8.38,8.42,0.21,+2.56%,4219522
2023-01-10,8.53,8.54,8.2,8.21,-0.32,-3.75%,3961858
2023-01-09,8.43,8.54,8.34,8.53,0.24,+2.90%,5598238
2023-01-06,8,8.29,7.95,8.29,0.28,+3.50%,2083407
2023-01-05,7.86,8.03,7.84,8.01,0.11,+1.39%,2029255
2023-01-04,7.71,7.95,7.71,7.9,0.21,+2.73%,3300125
2023-01-03,7.89,7.89,7.6,7.69,-0.16,-2.04%,2481790
2022-12-30,7.84,7.95,7.78,7.85,0.07,+0.90%,2106047
2022-12-29,7.63,7.785,7.62,7.78,0.05,+0.65%,2190137
2022-12-28,7.92,7.935,7.73,7.73,-0.24,-3.01%,2696447
2022-12-23,7.96,8,7.88,7.97,-0.1,-1.24%,1828719
2022-12-22,8.16,8.22,8.04,8.07,0.03,+0.37%,2074258
2022-12-21,8.04,8.09,8,8.04,0.1,+1.26%,2615686
2022-12-20,8.2,8.22,7.94,7.94,-0.29,-3.52%,3053912
2022-12-19,8.22,8.31,8.205,8.23,0.12,+1.48%,2720059
2022-12-16,8.05,8.24,8.04,8.11,-0.06,-0.73%,4801735
2022-12-15,8.18,8.25,8.11,8.17,-0.1,-1.21%,3940149
2022-12-14,8.41,8.43,8.21,8.27,0.04,+0.49%,2829066
2022-12-13,8.32,8.38,8.19,8.23,-0.03,-0.36%,2587198
2022-12-12,8.46,8.46,8.25,8.26,-0.26,-3.05%,3174533
2022-12-09,8.56,8.63,8.5,8.52,0.01,+0.12%,2156248
2022-12-08,8.7,8.76,8.485,8.51,-0.16,-1.85%,2631235
2022-12-07,8.58,8.74,8.58,8.67,-0.01,-0.12%,3565420
2022-12-06,8.5,8.74,8.39,8.68,0.04,+0.46%,2907649
2022-12-05,9.09,9.12,8.64,8.64,-0.38,-4.21%,3627808
2022-12-02,8.75,9.06,8.735,9.02,0.22,+2.50%,3335489
2022-12-01,8.83,8.85,8.65,8.8,0.16,+1.85%,4016737
2022-11-30,8.53,8.69,8.5,8.64,0.1,+1.17%,4230538
2022-11-29,8.41,8.54,8.39,8.54,0.19,+2.28%,2054366
2022-11-28,8.41,8.53,8.35,8.35,-0.15,-1.76%,2887846
2022-11-25,8.73,8.75,8.47,8.5,-0.2,-2.30%,2068882
2022-11-24,8.7,8.74,8.645,8.7,0.05,+0.58%,1649429
2022-11-23,8.6,8.67,8.54,8.65,0.15,+1.76%,2671877
2022-11-22,8.48,8.565,8.395,8.5,0.08,+0.95%,2792621
2022-11-21,8.53,8.54,8.33,8.42,-0.03,-0.36%,3565729
2022-11-18,8.59,8.62,8.4,8.45,-0.25,-2.87%,3657057
2022-11-17,8.7,8.82,8.625,8.7,-0.04,-0.46%,4274033
2022-11-16,8.38,8.835,8.38,8.74,0.34,+4.05%,7188035
2022-11-15,8.92,8.97,8.33,8.4,-0.75,-8.20%,7814087
2022-11-14,9.4,9.41,9.075,9.15,-0.11,-1.19%,4154383
2022-11-11,9.28,9.32,9.14,9.26,0.35,+3.93%,8025888
2022-11-10,8.83,8.92,8.72,8.91,-0.09,-1.00%,3286781
2022-11-09,9,9.1,8.93,9,0.15,+1.69%,4109710
2022-11-08,8.85,8.915,8.8,8.85,-0.02,-0.23%,5596811
2022-11-07,8.83,8.87,8.75,8.87,0.26,+3.02%,5237633
2022-11-04,8.56,8.65,8.54,8.61,0.06,+0.70%,4096844
2022-11-03,8.34,8.64,8.28,8.55,-0.13,-1.50%,3795747
2022-11-02,8.73,8.83,8.66,8.68,0.04,+0.46%,4572106
2022-11-01,8.53,8.64,8.37,8.64,0.31,+3.72%,4470361
2022-10-31,8.25,8.395,8.25,8.33,0.22,+2.71%,3429342
2022-10-28,8.31,8.43,7.99,8.11,-0.23,-2.76%,3556158
2022-10-27,7.92,8.58,7.72,8.34,0.44,+5.57%,7263343
2022-10-26,7.9,7.99,7.85,7.9,0.03,+0.38%,4611473
2022-10-25,7.88,7.99,7.76,7.87,0.01,+0.13%,3453868
2022-10-24,7.75,7.94,7.735,7.86,0.42,+5.65%,5328767
2022-10-21,7.51,7.535,7.43,7.44,-0.06,-0.80%,3780368
2022-10-20,7.7,7.75,7.415,7.5,-0.33,-4.21%,3950521
2022-10-19,7.7,7.84,7.69,7.83,0.16,+2.09%,4052555
2022-10-18,7.59,7.67,7.535,7.67,0.28,+3.79%,4260162
2022-10-17,7.34,7.44,7.3,7.39,-0.12,-1.60%,3293669
2022-10-14,7.64,7.69,7.475,7.51,-0.04,-0.53%,5610327
2022-10-13,7.62,7.675,7.525,7.55,-0.09,-1.18%,4968970
2022-10-12,7.71,7.72,7.57,7.64,-0.17,-2.18%,3447452
2022-10-11,7.75,8,7.73,7.81,0.2,+2.63%,5087089
2022-10-10,7.67,7.72,7.61,7.61,-0.17,-2.19%,2052787
2022-10-07,7.85,7.87,7.73,7.78,-0.19,-2.38%,3816159
2022-10-06,7.98,8.21,7.93,7.97,0,0.00%,3649120
2022-10-05,8.06,8.08,7.79,7.97,0.05,+0.63%,5950213
2022-10-04,7.69,7.92,7.62,7.92,0.45,+6.02%,4067398
2022-10-03,7.55,7.59,7.4,7.47,-0.09,-1.19%,3517317
2022-09-30,7.5,7.58,7.45,7.56,-0.1,-1.31%,4597310
2022-09-29,7.58,7.74,7.5,7.66,0.33,+4.50%,3934248
2022-09-28,7.7,7.7,7.28,7.33,-0.24,-3.17%,4730256
2022-09-27,7.36,7.64,7.35,7.57,0.18,+2.44%,6228578
2022-09-26,7.58,7.62,7.39,7.39,-0.47,-5.98%,6720722
2022-09-23,8.05,8.14,7.77,7.86,-0.24,-2.96%,4585814
2022-09-21,7.99,8.15,7.95,8.1,-0.04,-0.49%,5172836
2022-09-20,7.95,8.18,7.935,8.14,0.38,+4.90%,5035932
2022-09-19,7.86,7.95,7.75,7.76,-0.04,-0.51%,3048604
2022-09-16,8.14,8.19,7.8,7.8,-0.43,-5.22%,7514432
2022-09-15,8.4,8.45,8.23,8.23,-0.12,-1.44%,4989617
2022-09-14,8.4,8.48,8.15,8.35,-0.44,-5.01%,6729697
2022-09-13,8.91,8.92,8.695,8.79,-0.03,-0.34%,5100346
2022-09-12,9,9.13,8.79,8.82,-0.01,-0.11%,3834447
2022-09-09,8.62,8.83,8.55,8.83,0.26,+3.03%,5250875
2022-09-08,8.62,8.63,8.42,8.57,0.12,+1.42%,4739842
2022-09-07,8.35,8.49,8.24,8.45,0.05,+0.60%,3232090
2022-09-06,8.49,8.63,8.39,8.4,-0.1,-1.18%,3007294
2022-09-05,8.33,8.53,8.25,8.5,0.2,+2.41%,2891775
2022-09-02,8.6,8.685,8.3,8.3,-0.4,-4.60%,4732527
2022-09-01,8.8,8.945,8.69,8.7,-0.18,-2.03%,5718249
2022-08-31,8.5,8.91,8.48,8.88,0.26,+3.02%,5783640
2022-08-30,8.68,8.72,8.375,8.62,-0.21,-2.38%,7408395
2022-08-29,8.73,8.89,8.58,8.83,-0.2,-2.21%,5005694
2022-08-26,9.3,9.45,9.02,9.03,0.11,+1.23%,6241561
2022-08-25,9.05,9.06,8.75,8.92,0.08,+0.90%,4279612
2022-08-24,9.04,9.07,8.745,8.84,-0.03,-0.34%,4995512
2022-08-23,9.02,9.13,8.87,8.87,-0.32,-3.48%,6080871
2022-08-22,9.36,9.53,9.15,9.19,-0.53,-5.45%,5058806
2022-08-19,9.97,9.97,9.68,9.72,-0.09,-0.92%,3351074
2022-08-18,10.05,10.09,9.77,9.81,-0.31,-3.06%,4934613
2022-08-17,9.93,10.18,9.83,10.12,0.17,+1.71%,4682643
2022-08-16,9.84,10,9.81,9.95,0.06,+0.61%,3055500
2022-08-15,9.79,9.91,9.68,9.89,0.17,+1.75%,2272766
2022-08-12,9.81,9.88,9.67,9.72,-0.15,-1.52%,2536249
2022-08-11,10.1,10.3,9.86,9.87,0.07,+0.71%,4352714
2022-08-10,9.9,9.98,9.77,9.8,-0.1,-1.01%,5173048
2022-08-09,9.79,10,9.76,9.9,0.23,+2.38%,8456133
2022-08-08,9.43,9.79,9.41,9.67,0.37,+3.98%,5446830
2022-08-05,9.27,9.4,9.24,9.3,0.08,+0.87%,4609273
2022-08-04,9.5,9.56,9.13,9.22,-0.33,-3.46%,6028950
2022-08-03,9,9.57,8.93,9.55,0.67,+7.55%,6994899
2022-08-02,8.9,8.98,8.8,8.88,-0.22,-2.42%,3767947
2022-08-01,8.9,9.17,8.86,9.1,0.39,+4.48%,4382085
2022-07-29,8.82,8.96,8.615,8.71,-0.01,-0.11%,3372723
2022-07-28,8.65,8.76,8.54,8.72,0.23,+2.71%,3305955
2022-07-27,8.5,8.53,8.28,8.49,-0.06,-0.70%,2299944
2022-07-26,8.36,8.61,8.36,8.55,0.21,+2.52%,3296130
2022-07-25,8.22,8.36,8.22,8.34,0.04,+0.48%,2001008
2022-07-22,8.31,8.465,8.16,8.3,-0.04,-0.48%,3884810
2022-07-21,8.44,8.47,8.13,8.34,-0.08,-0.95%,4447039
2022-07-20,8.18,8.47,8.08,8.42,0.43,+5.38%,5035671
2022-07-19,8.22,8.34,7.93,7.99,-0.13,-1.60%,4380764
2022-07-18,8,8.31,7.8,8.12,0.06,+0.74%,5621758
2022-07-15,7.82,8.27,7.81,8.06,-0.06,-0.74%,5182189
2022-07-14,7.79,8.14,7.75,8.12,0.46,+6.01%,5454524
2022-07-13,7.5,7.67,7.42,7.66,0.12,+1.59%,7013832
2022-07-12,7.9,7.93,7.52,7.54,-0.4,-5.04%,10223469
2022-07-11,8.19,8.24,7.94,7.94,-0.42,-5.02%,3893405
2022-07-08,8.31,8.52,8.23,8.36,0.36,+4.50%,6211334
2022-07-07,8.43,8.49,7.925,8,-0.53,-6.21%,11241703
2022-07-06,8.75,8.96,8.5,8.53,-0.46,-5.12%,4174514
2022-07-05,9.12,9.18,8.95,8.99,-0.07,-0.77%,1582719
2022-07-04,9.15,9.21,8.98,9.06,0.1,+1.12%,3278999
2022-07-01,8.8,9.09,8.78,8.96,0.23,+2.63%,3593810
2022-06-30,8.63,8.95,8.61,8.73,-0.12,-1.36%,4279529
2022-06-29,9.17,9.18,8.79,8.85,-0.49,-5.25%,3919074
2022-06-28,9.21,9.36,9.1,9.34,0.13,+1.41%,3566129
2022-06-27,9,9.22,8.87,9.21,0.48,+5.50%,4696041
2022-06-24,8.28,8.75,8.275,8.73,0.28,+3.31%,2968103
2022-06-23,8.28,8.52,8.24,8.45,0.08,+0.96%,5212615
2022-06-22,8.7,8.77,8.29,8.37,-0.38,-4.34%,4841849
2022-06-21,8.5,8.78,8.49,8.75,0.36,+4.29%,2751877
2022-06-20,8.68,8.7,8.21,8.39,-0.27,-3.12%,5699595
2022-06-17,8.64,8.68,8.47,8.66,-0.25,-2.81%,6398910
2022-06-16,8.95,9.01,8.85,8.91,0.02,+0.22%,5807363
2022-06-15,8.51,8.97,8.5,8.89,0.36,+4.22%,8705583
2022-06-14,7.95,8.53,7.81,8.53,-0.04,-0.47%,8867305
2022-06-10,8.83,8.85,8.31,8.57,-0.52,-5.72%,8721558
2022-06-09,9.49,9.58,9.09,9.09,-0.6,-6.19%,3270095
2022-06-08,9.6,9.73,9.52,9.69,0.2,+2.11%,2255122
2022-06-07,9.4,9.52,9.35,9.49,0.14,+1.50%,3086210
2022-06-06,9.41,9.5,9.32,9.35,-0.21,-2.20%,1822608
2022-06-03,9.39,9.58,9.36,9.56,0.35,+3.80%,2414119
2022-06-02,9.11,9.37,9.09,9.21,-0.01,-0.11%,2495114
2022-06-01,9.8,9.83,9.15,9.22,-0.63,-6.40%,4975945
2022-05-31,9.84,9.99,9.8,9.85,-0.01,-0.10%,3321146
2022-05-30,9.56,9.86,9.56,9.86,0.48,+5.12%,3621418
2022-05-27,9.55,9.58,9.36,9.38,0.01,+0.11%,1520223
2022-05-26,9.4,9.46,9.29,9.37,0.08,+0.86%,2344683
2022-05-25,9.45,9.535,9.29,9.29,-0.25,-2.62%,3393953
2022-05-24,9.63,9.67,9.47,9.54,0.04,+0.42%,4442844
2022-05-23,9.7,9.77,9.5,9.5,-0.13,-1.35%,4388715
2022-05-20,9.65,9.73,9.425,9.63,0.23,+2.45%,5248676
2022-05-19,9.51,9.63,9.38,9.4,-0.42,-4.28%,5551563
2022-05-18,9.66,9.89,9.58,9.82,0.4,+4.25%,6323603
2022-05-17,9,9.44,8.94,9.42,0.58,+6.56%,5512803
2022-05-16,8.73,8.86,8.65,8.84,0.18,+2.08%,4544726
2022-05-13,8.6,8.7,8.57,8.66,0.07,+0.81%,5072979
2022-05-12,8.57,8.86,8.47,8.59,-0.11,-1.26%,5198824
2022-05-11,8.34,8.71,8.24,8.7,0.33,+3.94%,4740794
2022-05-10,8.1,8.37,7.895,8.37,-0.15,-1.76%,8452195
2022-05-09,8.8,8.82,8.305,8.52,-0.49,-5.44%,7380578
2022-05-06,9.02,9.05,8.81,9.01,-0.3,-3.22%,6843514
2022-05-05,9.14,9.31,9.09,9.31,0.36,+4.02%,4159337
2022-05-04,9.09,9.18,8.92,8.95,-0.05,-0.56%,2177918
2022-05-03,8.95,9.12,8.94,9,0.01,+0.11%,2512838
2022-05-02,8.96,9.025,8.83,8.99,-0.17,-1.86%,3099316
2022-04-29,9.1,9.2,9.04,9.16,0.19,+2.12%,3269793
2022-04-28,9.04,9.14,8.9,8.97,0.11,+1.24%,4588676
2022-04-27,8.76,8.9,8.7,8.86,-0.09,-1.01%,6776487
2022-04-26,9.13,9.21,8.94,8.95,-0.47,-4.99%,8364256
2022-04-22,9.46,9.53,9.26,9.42,-0.19,-1.98%,7542650
2022-04-21,9.59,9.65,9.44,9.61,0.18,+1.91%,8023968
2022-04-20,9.48,9.53,9.25,9.43,0.1,+1.07%,7070940
2022-04-19,9.38,9.39,8.905,9.33,-0.06,-0.64%,10903364
2022-04-14,9.67,9.68,9.39,9.39,-0.14,-1.47%,5266104
2022-04-13,9.7,9.79,9.46,9.53,-0.16,-1.65%,5802863
2022-04-12,10,10.04,9.475,9.69,-0.14,-1.42%,7295411
2022-04-11,10,10.18,9.83,9.83,-0.05,-0.51%,5753740
2022-04-08,9.91,10.1,9.86,9.88,0.03,+0.30%,3147961
2022-04-07,10.08,10.19,9.85,9.85,-0.25,-2.48%,5400557
2022-04-06,10.45,10.49,10.08,10.1,-0.64,-5.96%,7561791
2022-04-05,11.55,11.55,10.69,10.74,-0.65,-5.71%,6291594
2022-04-04,11.19,11.59,11.185,11.39,0.3,+2.71%,5666406
2022-04-01,10.76,11.13,10.74,11.09,0.33,+3.07%,4255226
2022-03-31,10.85,10.94,10.7,10.76,-0.03,-0.28%,5063124
2022-03-30,10.9,10.99,10.65,10.79,-0.11,-1.01%,5167648
2022-03-29,10.61,10.93,10.45,10.9,0.33,+3.12%,4513491
2022-03-28,10.45,10.89,10.44,10.57,0.23,+2.22%,5003352
2022-03-25,10.35,10.465,10.27,10.34,0.14,+1.37%,3825474
2022-03-24,10.45,10.49,10.2,10.2,-0.22,-2.11%,5685066
2022-03-23,10.6,10.65,10.23,10.42,-0.18,-1.70%,4319851
2022-03-22,10.44,10.65,10.37,10.6,0.33,+3.21%,4051266
2022-03-21,10.25,10.44,10.21,10.27,0.21,+2.09%,3089417
2022-03-18,9.87,10.14,9.75,10.06,0.36,+3.71%,17990464
2022-03-17,9.83,9.99,9.7,9.7,0.13,+1.36%,5204420
2022-03-16,9.6,9.71,9.38,9.57,0.17,+1.81%,5475740
2022-03-15,9.81,9.98,9.4,9.4,-0.85,-8.29%,6501106
2022-03-14,10.34,10.34,9.82,10.25,0,0.00%,4868560
2022-03-11,10.29,10.45,10.18,10.25,0.01,+0.10%,3464137
2022-03-10,10.1,10.31,9.94,10.24,0.34,+3.43%,6678722
2022-03-09,9.72,9.91,9.58,9.9,0.3,+3.13%,5466308
2022-03-08,9.97,9.97,9.46,9.6,-0.37,-3.71%,6091281
2022-03-07,10.65,10.79,9.83,9.97,-0.77,-7.17%,9769279
2022-03-04,10.85,10.94,10.35,10.74,-0.26,-2.36%,7570668
2022-03-03,10.93,11.21,10.87,11,0.07,+0.64%,7075958
2022-03-02,10.37,10.94,10.3,10.93,0.29,+2.73%,6702853
2022-03-01,10.26,10.67,10.21,10.64,0.41,+4.01%,6066343
2022-02-28,9.96,10.23,9.66,10.23,0.66,+6.90%,8119246
2022-02-25,9.08,9.62,9.07,9.57,0.62,+6.93%,6987602
2022-02-24,8.99,9.11,8.71,8.95,-0.19,-2.08%,10480890
2022-02-23,8.66,9.17,8.66,9.14,0.45,+5.18%,4349259
2022-02-22,8.61,8.82,8.61,8.69,-0.1,-1.14%,5618798
2022-02-21,8.76,8.93,8.61,8.79,-0.13,-1.46%,4326903
2022-02-18,8.86,9,8.76,8.92,-0.14,-1.55%,4197235
2022-02-17,9.34,9.4,9.06,9.06,-0.22,-2.37%,5456945
2022-02-16,9.1,9.31,9.05,9.28,0.45,+5.10%,6318575
2022-02-15,8.75,9.01,8.69,8.83,-0.03,-0.34%,5025980
2022-02-14,9.15,9.19,8.84,8.86,-0.41,-4.42%,3988281
2022-02-11,9.45,9.59,9.27,9.27,-0.27,-2.83%,4656490
2022-02-10,9.55,9.68,9.5,9.54,0.14,+1.49%,4661874
2022-02-09,9.28,9.42,9.22,9.4,0.2,+2.17%,3584773
2022-02-08,9.25,9.28,9.075,9.2,0.04,+0.44%,5626092
2022-02-07,8.92,9.2,8.85,9.16,0.24,+2.69%,6702009
2022-02-04,8.89,8.93,8.65,8.92,0.07,+0.79%,5799796
2022-02-03,9.24,9.34,8.85,8.85,-0.39,-4.22%,6276899
2022-02-02,9.15,9.3,9.07,9.24,0.33,+3.70%,5188506
2022-02-01,9.06,9.25,8.78,8.91,-0.04,-0.45%,6324096
2022-01-31,8.92,9.04,8.77,8.95,0.03,+0.34%,5062816
2022-01-28,9.1,9.18,8.61,8.92,-0.07,-0.78%,12320868
2022-01-27,9.21,9.48,8.72,8.99,-0.28,-3.02%,9273591
2022-01-25,9.6,9.9,9.11,9.27,-0.57,-5.79%,11599829
2022-01-24,9.63,9.94,9.46,9.84,-0.48,-4.65%,9717714
2022-01-21,11.05,11.1,10.19,10.32,-0.84,-7.53%,8406705
2022-01-20,10.81,11.355,10.8,11.16,0.19,+1.73%,7011312
2022-01-19,11.05,11.24,10.87,10.97,-0.12,-1.08%,6337308
2022-01-18,11.11,11.32,11,11.09,-0.02,-0.18%,3480812
2022-01-17,10.98,11.16,10.95,11.11,0.02,+0.18%,3545519
2022-01-14,11.04,11.17,10.97,11.09,-0.15,-1.33%,5346115
2022-01-13,11.33,11.39,11.19,11.24,0.11,+0.99%,6432968
2022-01-12,11.25,11.32,11.03,11.13,0.14,+1.27%,7323050
2022-01-11,10.95,11.15,10.92,10.99,-0.13,-1.17%,4670885
2022-01-10,11.14,11.21,10.92,11.12,0.06,+0.54%,4806367
2022-01-07,10.75,11.12,10.72,11.06,0.32,+2.98%,6051664
2022-01-06,10.83,11.09,10.68,10.74,-0.36,-3.24%,7693754
2022-01-05,11.31,11.36,10.835,11.1,0.07,+0.63%,5541211
2022-01-04,10.56,11.16,10.51,11.03,0.86,+8.46%,8027889
2021-12-31,10.33,10.4,10.17,10.17,-0.1,-0.97%,3432338
2021-12-30,10.19,10.32,10.03,10.27,0.13,+1.28%,4338302
2021-12-29,9.89,10.21,9.88,10.14,0.42,+4.32%,7238324
2021-12-24,9.75,9.86,9.56,9.72,0.19,+1.99%,5068327
2021-12-23,9.41,9.6,9.4,9.53,0.17,+1.82%,5797361
2021-12-22,9.1,9.36,9.1,9.36,0.35,+3.88%,7420776
2021-12-21,8.83,9.03,8.76,9.01,0.01,+0.11%,3945210
2021-12-20,9.01,9.1,8.96,9,0,0.00%,2164259
2021-12-17,9.19,9.29,8.94,9,-0.27,-2.91%,9779176
2021-12-16,9.23,9.39,9.18,9.27,0.15,+1.64%,5787672
2021-12-15,9.16,9.23,9.03,9.12,-0.17,-1.83%,3959250
2021-12-14,8.9,9.29,8.9,9.29,0.26,+2.88%,3339911
2021-12-13,9.14,9.15,8.83,9.03,-0.13,-1.42%,7436988
2021-12-10,9.26,9.32,9.1,9.16,-0.17,-1.82%,4936312
2021-12-09,9.52,9.55,9.26,9.33,-0.03,-0.32%,2850882
2021-12-08,9.1,9.43,9.07,9.36,0.45,+5.05%,5886475
2021-12-07,9.16,9.28,8.75,8.91,-0.29,-3.15%,7540120
2021-12-06,9.17,9.33,9.07,9.2,-0.04,-0.43%,5346357
2021-12-03,9.15,9.32,9.15,9.24,0.13,+1.43%,3522347
2021-12-02,9.08,9.19,9.02,9.11,0,0.00%,6705255
2021-12-01,8.84,9.16,8.77,9.11,0.24,+2.71%,4685969
2021-11-30,8.65,8.95,8.65,8.87,0.37,+4.35%,6619734
2021-11-29,8.27,8.53,8.265,8.5,0.05,+0.59%,7582128
2021-11-26,8.7,8.73,8.38,8.45,-0.3,-3.43%,4138515
2021-11-25,8.67,8.8,8.66,8.75,0.08,+0.92%,4067880
2021-11-24,8.42,8.69,8.42,8.67,0.05,+0.58%,3168051
2021-11-23,8.57,8.71,8.4,8.62,0.06,+0.70%,3066312
2021-11-22,8.25,8.6,8.25,8.56,0.3,+3.63%,4769000
2021-11-19,8.3,8.33,8.18,8.26,-0.04,-0.48%,3866475
2021-11-18,8.2,8.34,8.14,8.3,0.16,+1.97%,6165031
2021-11-17,8,8.19,7.97,8.14,0.11,+1.37%,2404950
2021-11-16,7.95,8.12,7.89,8.03,0.02,+0.25%,3280399
2021-11-15,8.1,8.22,7.98,8.01,-0.04,-0.50%,7898456
2021-11-12,7.9,8.09,7.85,8.05,0.21,+2.68%,5332321
2021-11-11,7.6,7.88,7.51,7.84,0.13,+1.69%,3645300
2021-11-10,7.75,7.8,7.65,7.71,-0.09,-1.15%,4689758
2021-11-09,7.41,7.89,7.36,7.8,0.55,+7.59%,9389589
2021-11-08,7.35,7.46,7.21,7.25,-0.05,-0.68%,2883194
2021-11-05,7.5,7.5,7.27,7.3,-0.03,-0.41%,3318922
2021-11-04,7.35,7.37,7.22,7.33,0.03,+0.41%,2082013
2021-11-03,7.26,7.46,7.24,7.3,0.18,+2.53%,4405689
2021-11-02,7.59,7.59,7.09,7.12,-0.37,-4.94%,3333531
2021-11-01,7.5,7.61,7.47,7.49,0.16,+2.18%,4619482
2021-10-29,7.3,7.48,7.27,7.33,0.05,+0.69%,3550397
2021-10-28,7.23,7.305,7.13,7.28,-0.05,-0.68%,4464709
2021-10-27,7.2,7.39,7.09,7.33,0.08,+1.10%,3681812
2021-10-26,7.15,7.27,7.1,7.25,0.22,+3.13%,2638825
2021-10-25,6.85,7.16,6.85,7.03,0.19,+2.78%,5443038
2021-10-22,7.16,7.26,6.69,6.84,-0.6,-8.06%,15179030
2021-10-21,7.44,7.55,7.36,7.44,0.05,+0.68%,7370681
2021-10-20,7.36,7.66,7.16,7.39,0.01,+0.14%,7190503
2021-10-19,7.3,7.43,7.24,7.38,0.1,+1.37%,3988031
2021-10-18,7.1,7.28,6.99,7.28,0.33,+4.75%,5512239
2021-10-15,6.92,6.97,6.76,6.95,0.17,+2.51%,4273800
2021-10-14,6.63,6.83,6.52,6.78,0.29,+4.47%,4742130
2021-10-13,6.6,6.6,6.45,6.49,-0.05,-0.76%,2716682
2021-10-12,6.56,6.65,6.5,6.54,-0.02,-0.30%,3875575
2021-10-11,6.5,6.58,6.43,6.56,0.05,+0.77%,3145877
2021-10-08,6.7,6.74,6.46,6.51,0.03,+0.46%,3577012
2021-10-07,6.32,6.53,6.29,6.48,0.23,+3.68%,4025969
2021-10-06,6.45,6.5,6.25,6.25,-0.19,-2.95%,4569372
2021-10-05,6.34,6.46,6.21,6.44,-0.02,-0.31%,7502370
2021-10-04,6.68,6.73,6.42,6.46,-0.04,-0.62%,3914550
2021-10-01,6.53,6.63,6.47,6.5,-0.21,-3.13%,6705140
2021-09-30,6.64,6.74,6.54,6.71,0.03,+0.45%,6589051
2021-09-29,6.84,6.855,6.65,6.68,-0.34,-4.84%,7179913
2021-09-28,7.17,7.23,6.9,7.02,-0.09,-1.27%,3877986
2021-09-27,7.03,7.28,7.03,7.11,0.19,+2.75%,5433627
2021-09-24,7.03,7.03,6.88,6.92,0.03,+0.44%,4462301
2021-09-23,7.09,7.2,6.86,6.89,0,0.00%,4667410
2021-09-22,6.79,6.97,6.625,6.89,0.14,+2.07%,4251594
2021-09-21,6.53,6.93,6.42,6.75,0.1,+1.50%,8958667
2021-09-20,7.35,7.38,6.54,6.65,-0.89,-11.80%,11084066
2021-09-17,7.69,7.73,7.38,7.54,-0.22,-2.84%,8363871
2021-09-16,7.85,8.05,7.72,7.76,-0.03,-0.39%,7229883
2021-09-15,7.6,7.79,7.57,7.79,0.18,+2.37%,5297325
2021-09-14,7.48,7.64,7.31,7.61,0.13,+1.74%,6019445
2021-09-13,7.22,7.49,7.14,7.48,0.38,+5.35%,5771146
2021-09-10,6.9,7.14,6.88,7.1,0.3,+4.41%,5014341
2021-09-09,6.9,6.97,6.78,6.8,-0.22,-3.13%,4312542
2021-09-08,6.95,7.19,6.86,7.02,-0.05,-0.71%,4594768
2021-09-07,7.02,7.3,7,7.07,0.11,+1.58%,5834914
2021-09-06,7.06,7.09,6.745,6.96,-0.1,-1.42%,6145628
2021-09-03,6.9,7.12,6.87,7.06,0.23,+3.37%,4783789
2021-09-02,6.78,6.92,6.76,6.83,0.04,+0.59%,4280393
2021-09-01,6.87,6.96,6.71,6.79,-0.09,-1.31%,4752674
2021-08-31,6.79,6.93,6.74,6.88,0.22,+3.30%,5662685
2021-08-30,6.53,6.69,6.51,6.66,0.24,+3.74%,4306861
2021-08-27,7,7.14,6.365,6.42,-0.24,-3.60%,8910791
2021-08-26,6.92,6.92,6.61,6.66,-0.18,-2.63%,6557605
2021-08-25,6.59,6.85,6.59,6.84,0.37,+5.72%,4225253
2021-08-24,6.73,6.77,6.44,6.47,-0.08,-1.22%,7105430
2021-08-23,6.4,6.59,6.385,6.55,0.22,+3.48%,4626915
2021-08-20,6.68,6.78,6.23,6.33,-0.47,-6.91%,11563969
2021-08-19,6.7,6.865,6.59,6.8,0.02,+0.29%,5838028
2021-08-18,6.78,6.95,6.72,6.78,-0.16,-2.31%,7838697
2021-08-17,7.35,7.43,6.9,6.94,-0.57,-7.59%,8333907
2021-08-16,7.76,7.77,7.49,7.51,-0.23,-2.97%,4393112
2021-08-13,7.68,7.81,7.63,7.74,0.05,+0.65%,2989037
2021-08-12,7.46,7.7,7.4,7.69,0.16,+2.12%,4269096
2021-08-11,7.67,7.76,7.49,7.53,-0.13,-1.70%,5458298
2021-08-10,7.63,7.82,7.58,7.66,0.02,+0.26%,4490721
2021-08-09,7.6,7.67,7.51,7.64,0.06,+0.79%,3728912
2021-08-06,7.51,7.58,7.44,7.58,0.06,+0.80%,3723301
2021-08-05,7.6,7.68,7.45,7.52,-0.05,-0.66%,4063112
2021-08-04,7.65,7.67,7.51,7.57,-0.11,-1.43%,4566681
2021-08-03,7.49,7.68,7.41,7.68,0.29,+3.92%,5356332
2021-08-02,7.56,7.59,7.23,7.39,0.05,+0.68%,7185826
2021-07-30,7.25,7.43,7.25,7.34,0.16,+2.23%,5581609
2021-07-29,7.03,7.18,7,7.18,0.19,+2.72%,6177896
2021-07-28,6.8,7.115,6.71,6.99,-0.02,-0.29%,9473214
2021-07-27,7.04,7.2,6.95,7.01,-0.1,-1.41%,11868283
2021-07-26,6.6,7.12,6.55,7.11,0.68,+10.58%,17187208
2021-07-23,6.35,6.48,6.26,6.43,0.02,+0.31%,6015530
2021-07-22,6.08,6.425,6.08,6.41,0.53,+9.01%,7482669
2021-07-21,5.91,6.045,5.78,5.88,0.15,+2.62%,6587763
2021-07-20,5.71,5.89,5.66,5.73,-0.17,-2.88%,5917429
2021-07-19,6.06,6.08,5.89,5.9,-0.27,-4.38%,5846237
2021-07-16,6.07,6.19,6.02,6.17,0.11,+1.82%,3653372
2021-07-15,6.03,6.11,6,6.06,0.02,+0.33%,2678217
2021-07-14,6.32,6.34,6.02,6.04,-0.36,-5.63%,7920382
2021-07-13,6.4,6.55,6.36,6.4,0.1,+1.59%,7459899
2021-07-12,6.33,6.34,6.2,6.3,0.17,+2.77%,4671488
2021-07-09,6.03,6.15,5.94,6.13,0.04,+0.66%,5105425
2021-07-08,5.97,6.09,5.97,6.09,0.24,+4.10%,5606135
2021-07-07,5.67,5.86,5.64,5.85,0.23,+4.09%,4802692
2021-07-06,5.78,5.79,5.62,5.62,-0.12,-2.09%,2916167
2021-07-05,5.66,5.78,5.65,5.74,0.1,+1.77%,3707015
2021-07-02,5.78,5.805,5.61,5.64,-0.13,-2.25%,2735395
2021-07-01,5.75,5.85,5.72,5.77,0.06,+1.05%,3790455
2021-06-30,5.73,5.77,5.68,5.71,0.04,+0.71%,3393911
2021-06-29,5.48,5.68,5.44,5.67,0.19,+3.47%,3897688
2021-06-28,5.68,5.79,5.44,5.48,-0.12,-2.14%,4856958
2021-06-25,5.5,5.62,5.49,5.6,0.12,+2.19%,3281833
2021-06-24,5.43,5.57,5.41,5.48,0.01,+0.18%,3462515
2021-06-23,5.4,5.49,5.35,5.47,0.09,+1.67%,2993003
2021-06-22,5.4,5.45,5.32,5.38,0.12,+2.28%,2785393
2021-06-21,5.39,5.475,5.26,5.26,-0.27,-4.88%,4699725
2021-06-18,5.36,5.56,5.35,5.53,0.08,+1.47%,5569976
2021-06-17,5.49,5.55,5.36,5.45,-0.04,-0.73%,4134580
2021-06-16,5.6,5.69,5.45,5.49,-0.13,-2.31%,5234273
2021-06-15,5.71,5.77,5.57,5.62,-0.1,-1.75%,6101741
2021-06-11,5.49,5.86,5.48,5.72,0.27,+4.95%,7313087
2021-06-10,5.41,5.48,5.39,5.45,0,0.00%,2848270
2021-06-09,5.32,5.51,5.32,5.45,0.15,+2.83%,3439631
2021-06-08,5.27,5.36,5.23,5.3,0.02,+0.38%,2164170
2021-06-07,5.45,5.48,5.28,5.28,-0.16,-2.94%,2931425
2021-06-04,5.44,5.48,5.345,5.44,-0.01,-0.18%,2845590
2021-06-03,5.32,5.51,5.3,5.45,0.15,+2.83%,4530915
2021-06-02,5.26,5.41,5.26,5.3,0.05,+0.95%,5698254
2021-06-01,5.35,5.4,5.21,5.25,-0.27,-4.89%,5048906
2021-05-31,5.57,5.625,5.46,5.52,-0.02,-0.36%,2489901
2021-05-28,5.6,5.65,5.53,5.54,0.02,+0.36%,4657296
2021-05-27,5.42,5.6,5.41,5.52,0.13,+2.41%,4084429
2021-05-26,5.35,5.43,5.28,5.39,0,0.00%,2684887
2021-05-25,5.31,5.41,5.29,5.39,0.09,+1.70%,1909469
2021-05-24,5.25,5.435,5.24,5.3,0.06,+1.15%,2602330
2021-05-21,5.29,5.29,5.2,5.24,-0.02,-0.38%,2779059
2021-05-20,5.2,5.32,5.11,5.26,0,0.00%,4177788
2021-05-19,5.36,5.38,5.21,5.26,-0.19,-3.49%,4714986
2021-05-18,5.48,5.5,5.34,5.45,-0.01,-0.18%,3556378
2021-05-17,5.5,5.59,5.37,5.46,0.02,+0.37%,3626042
2021-05-14,5.67,5.71,5.39,5.44,-0.23,-4.06%,8268962
2021-05-13,5.6,5.79,5.58,5.67,-0.11,-1.90%,4747805
2021-05-12,5.98,6.14,5.61,5.78,-0.23,-3.83%,16058691
2021-05-11,5.92,6.05,5.91,6.01,0.03,+0.50%,4682941
2021-05-10,5.87,5.98,5.84,5.98,0.18,+3.10%,7089204
2021-05-07,5.69,5.84,5.68,5.8,0.1,+1.75%,3396712
2021-05-06,5.8,5.87,5.62,5.7,0,0.00%,5445170
2021-05-05,5.54,5.72,5.505,5.7,0.1,+1.79%,4655002
2021-05-04,5.58,5.65,5.51,5.6,0.06,+1.08%,6048693
2021-05-03,5.58,5.71,5.49,5.54,0.04,+0.73%,6942136
2021-04-30,5.49,5.59,5.48,5.5,0.02,+0.36%,6214480
2021-04-29,5.18,5.505,5.16,5.48,0.25,+4.78%,12148170
2021-04-28,5.36,5.46,5.19,5.23,-0.18,-3.33%,12814403
2021-04-27,5.52,5.58,5.36,5.41,-0.09,-1.64%,4898233
2021-04-26,5.52,5.56,5.395,5.5,0.02,+0.36%,6727217
2021-04-23,5.25,5.5,5.25,5.48,0.17,+3.20%,9076885
2021-04-22,5.4,5.46,5.25,5.31,-0.23,-4.15%,11503150
2021-04-21,5.66,5.66,5.36,5.54,-0.31,-5.30%,36792872
2021-04-20,6.3,6.3,5.84,5.85,-0.53,-8.31%,21796936
2021-04-19,6.19,6.41,6.16,6.38,0.2,+3.24%,6667147
2021-04-16,6.23,6.265,6.1,6.18,-0.07,-1.12%,4197565
2021-04-15,6.25,6.34,6.19,6.25,-0.01,-0.16%,4145970
2021-04-14,6.23,6.37,6.19,6.26,0.03,+0.48%,5015435
2021-04-13,6.24,6.3,6.18,6.23,-0.04,-0.64%,3101251
2021-04-12,6.33,6.35,6.18,6.27,-0.02,-0.32%,10616781
2021-04-09,6.51,6.52,6.27,6.29,-0.21,-3.23%,3490744
2021-04-08,6.47,6.51,6.36,6.5,0.06,+0.93%,3333195
2021-04-07,6.32,6.53,6.32,6.44,0.13,+2.06%,5127619
2021-04-06,6.28,6.43,6.22,6.31,0.15,+2.44%,3185340
2021-04-01,6.2,6.24,6.11,6.16,-0.01,-0.16%,3169376
2021-03-31,6.1,6.3,6.1,6.17,0.09,+1.48%,5027124
2021-03-30,6.05,6.13,6.02,6.08,0.08,+1.33%,7050909
2021-03-29,5.89,6.025,5.875,6,0.18,+3.09%,6429960
2021-03-26,5.73,5.89,5.69,5.82,0.24,+4.30%,5406294
2021-03-25,5.57,5.63,5.42,5.58,-0.05,-0.89%,8769574
2021-03-24,6.05,6.05,5.61,5.63,-0.56,-9.05%,13554316
2021-03-23,6.45,6.47,6.18,6.19,-0.2,-3.13%,4684759
2021-03-22,6.28,6.43,6.26,6.39,0.13,+2.08%,4141905
2021-03-19,6.32,6.34,6.17,6.26,-0.12,-1.88%,8162231
2021-03-18,6.3,6.47,6.28,6.38,0.07,+1.11%,6250653
2021-03-17,6.3,6.33,6.18,6.31,-0.03,-0.47%,4311845
2021-03-16,6.28,6.42,6.24,6.34,0.07,+1.12%,4673009
2021-03-15,6.4,6.43,6.105,6.27,-0.08,-1.26%,5188057
2021-03-12,6.2,6.37,6.09,6.35,0.32,+5.31%,7172227
2021-03-11,6.03,6.13,5.88,6.03,0.02,+0.33%,5581275
2021-03-10,6.25,6.28,6.01,6.01,0,0.00%,5298466
2021-03-09,5.9,6.12,5.81,6.01,0.09,+1.52%,5834405
2021-03-08,6.22,6.34,5.825,5.92,-0.13,-2.15%,10583130
2021-03-05,6.14,6.24,6.01,6.05,-0.41,-6.35%,10337723
2021-03-04,6.68,6.82,6.39,6.46,-0.21,-3.15%,12296975
2021-03-03,6.37,6.69,6.35,6.67,0.38,+6.04%,10191078
2021-03-02,6.15,6.46,6.06,6.29,0.22,+3.62%,14882350
2021-03-01,6.07,6.19,5.69,6.07,0.09,+1.51%,13303027
2021-02-26,5.5,6,5.41,5.98,0.32,+5.65%,15580152
2021-02-25,5.8,5.95,5.565,5.66,-0.08,-1.39%,8528987
2021-02-24,5.73,5.8,5.58,5.74,-0.06,-1.03%,7262489
2021-02-23,6.18,6.18,5.53,5.8,-0.36,-5.84%,15100822
2021-02-22,5.95,6.35,5.94,6.16,0.34,+5.84%,10423096
2021-02-19,6.08,6.23,5.73,5.82,-0.23,-3.80%,8111843
2021-02-18,6.15,6.18,5.97,6.05,-0.06,-0.98%,10263416
2021-02-17,5.58,6.19,5.58,6.11,0.72,+13.36%,20309256
2021-02-16,5.37,5.42,5.34,5.39,0.08,+1.51%,6218461
2021-02-15,5.15,5.35,5.15,5.31,0.28,+5.57%,6179868
2021-02-12,5.05,5.1,4.975,5.03,0.02,+0.40%,3142144
2021-02-11,5.14,5.18,4.95,5.01,-0.11,-2.15%,4878864
2021-02-10,5.25,5.31,5.12,5.12,-0.09,-1.73%,4624658
2021-02-09,5.35,5.41,5.18,5.21,-0.04,-0.76%,6102750
2021-02-08,4.93,5.25,4.91,5.25,0.35,+7.14%,8029803
2021-02-05,5.04,5.04,4.84,4.9,-0.04,-0.81%,3936684
2021-02-04,5.05,5.08,4.87,4.94,-0.07,-1.40%,5458363
2021-02-03,5.03,5.12,4.93,5.01,0.07,+1.42%,6846923
2021-02-02,5,5.09,4.86,4.94,0.11,+2.28%,9425505
2021-02-01,4.65,4.86,4.475,4.83,0.05,+1.05%,14699120
2021-01-29,5.17,5.27,4.67,4.78,-0.2,-4.02%,13606145
2021-01-28,5.15,5.15,4.95,4.98,-0.33,-6.21%,11905614
2021-01-27,5.4,5.4,5.23,5.31,-0.07,-1.30%,9615785
2021-01-25,5.52,5.52,5.22,5.38,-0.18,-3.24%,12341177
2021-01-22,5.14,5.69,5.11,5.56,0.67,+13.70%,20786540
2021-01-21,4.7,4.9,4.65,4.89,0.19,+4.04%,7522927
2021-01-20,4.57,4.73,4.57,4.7,0.22,+4.91%,6850774
2021-01-19,4.25,4.51,4.25,4.48,0.23,+5.41%,9300656
2021-01-18,4.38,4.4,4.22,4.25,-0.16,-3.63%,5925886
2021-01-15,4.39,4.43,4.32,4.41,0.06,+1.38%,5773885
2021-01-14,4.39,4.4,4.29,4.35,-0.02,-0.46%,4201994
2021-01-13,4.4,4.45,4.355,4.37,-0.01,-0.23%,5336733
2021-01-12,4.53,4.55,4.345,4.38,-0.13,-2.88%,7929830
2021-01-11,4.63,4.72,4.49,4.51,-0.09,-1.96%,10369084
2021-01-08,4.66,4.68,4.55,4.6,0.01,+0.22%,10106663
2021-01-07,4.43,4.63,4.4,4.59,0.31,+7.24%,10056522
2021-01-06,4.38,4.45,4.24,4.28,-0.07,-1.61%,7685366
2021-01-05,4.2,4.37,4.2,4.35,0.17,+4.07%,10512932
2021-01-04,4,4.19,3.98,4.18,0.2,+5.03%,7178597
2020-12-31,3.94,4.025,3.93,3.98,0.04,+1.02%,4163945
2020-12-30,3.93,3.955,3.875,3.94,-0.01,-0.25%,4636579
2020-12-29,3.95,4,3.91,3.95,0.08,+2.07%,7701288
2020-12-24,3.87,3.94,3.86,3.87,0.04,+1.04%,3752072
2020-12-23,3.83,3.87,3.785,3.83,-0.01,-0.26%,4836924
2020-12-22,3.95,3.95,3.82,3.84,-0.11,-2.78%,4929003
2020-12-21,3.91,3.95,3.86,3.95,0.04,+1.02%,5305113
2020-12-18,3.96,4,3.865,3.91,0.06,+1.56%,20987644
2020-12-17,3.8,3.87,3.76,3.85,0.12,+3.22%,6871280
2020-12-16,3.73,3.79,3.69,3.73,0.03,+0.81%,8339180
2020-12-15,3.66,3.775,3.63,3.7,-0.03,-0.80%,12198997
2020-12-14,3.8,3.84,3.66,3.73,-0.11,-2.86%,12919285
2020-12-11,3.95,4.015,3.8,3.84,-0.17,-4.24%,14623534
2020-12-10,4.16,4.17,3.965,4.01,-0.21,-4.98%,14357911
2020-12-09,4.25,4.33,4.19,4.22,0.01,+0.24%,10931800
2020-12-08,4.1,4.23,4.1,4.21,0.15,+3.69%,9753604
2020-12-07,4.1,4.145,4.03,4.06,0.04,+1.00%,10915464
2020-12-04,4,4.04,3.93,4.02,0.06,+1.52%,7835832
2020-12-03,3.9,3.98,3.895,3.96,0.07,+1.80%,7187442
2020-12-02,3.79,3.91,3.77,3.89,0.17,+4.57%,7863279
2020-12-01,3.8,3.85,3.7,3.72,-0.06,-1.59%,13118031
2020-11-30,3.73,3.84,3.725,3.78,0.1,+2.72%,10851126
2020-11-27,3.7,3.73,3.61,3.68,-0.01,-0.27%,7303866
2020-11-26,3.69,3.85,3.66,3.69,0.04,+1.10%,14067874
2020-11-25,3.65,3.7,3.57,3.65,0.12,+3.40%,14712494
2020-11-24,3.65,3.71,3.52,3.53,-0.05,-1.40%,8560706
2020-11-23,3.4,3.6,3.4,3.58,0.2,+5.92%,6375813
2020-11-20,3.4,3.42,3.36,3.38,-0.06,-1.74%,3246617
2020-11-19,3.38,3.44,3.33,3.44,0.03,+0.88%,4900893
2020-11-18,3.43,3.49,3.39,3.41,0.01,+0.29%,4020913
2020-11-17,3.36,3.44,3.35,3.4,0.07,+2.10%,6511816
2020-11-16,3.34,3.35,3.33,3.33,0.05,+1.52%,460794
2020-11-13,3.25,3.295,3.22,3.28,0.01,+0.31%,5375964
2020-11-12,3.16,3.3,3.16,3.27,0.14,+4.47%,6854201
2020-11-11,3.19,3.22,3.12,3.13,-0.04,-1.26%,5883374
2020-11-10,3.26,3.33,3.14,3.17,-0.08,-2.46%,8234876
2020-11-09,3.09,3.25,3.09,3.25,0.18,+5.86%,6840002
2020-11-06,3.04,3.09,3.01,3.07,0.11,+3.72%,6152260
2020-11-05,3.02,3.02,2.92,2.96,-0.06,-1.99%,5473513
2020-11-04,2.96,3.045,2.885,3.02,0.08,+2.72%,10139332
2020-11-03,2.89,2.98,2.865,2.94,0.1,+3.52%,6461843
2020-11-02,2.86,2.88,2.78,2.84,0.01,+0.35%,4212006
2020-10-30,2.83,2.89,2.82,2.83,0.01,+0.35%,5592938
2020-10-29,2.74,2.82,2.7,2.82,-0.01,-0.35%,5490643
2020-10-28,2.8,2.83,2.76,2.83,0,0.00%,7283886
2020-10-27,2.89,2.9,2.81,2.83,-0.11,-3.74%,6800120
2020-10-26,2.87,2.95,2.85,2.94,0.08,+2.80%,10805542
2020-10-23,2.87,2.89,2.82,2.86,-0.05,-1.72%,8905424
2020-10-22,2.96,2.97,2.85,2.91,-0.08,-2.68%,11863712
2020-10-21,2.89,3.01,2.89,2.99,0.12,+4.18%,13716018
2020-10-20,2.85,2.9,2.82,2.87,0.02,+0.70%,10396770
2020-10-19,2.73,2.93,2.72,2.85,0.17,+6.34%,12877035
2020-10-16,2.69,2.73,2.67,2.68,0,0.00%,4074028
2020-10-15,2.71,2.74,2.68,2.68,-0.02,-0.74%,4429735
2020-10-14,2.68,2.73,2.66,2.7,0,0.00%,6740290
2020-10-13,2.7,2.73,2.65,2.7,0,0.00%,7988704
2020-10-12,2.7,2.71,2.65,2.7,0,0.00%,4773184
2020-10-09,2.71,2.75,2.68,2.7,0,0.00%,8299121
2020-10-08,2.69,2.75,2.68,2.7,0.08,+3.05%,9847573
2020-10-07,2.61,2.65,2.57,2.62,0.01,+0.38%,5806767
2020-10-06,2.51,2.66,2.475,2.61,0.12,+4.82%,9399311
2020-10-05,2.47,2.52,2.45,2.49,0.06,+2.47%,3884033
2020-10-02,2.47,2.51,2.42,2.43,-0.01,-0.41%,8213942
2020-10-01,2.38,2.47,2.38,2.44,0.12,+5.17%,7923981
2020-09-30,2.34,2.37,2.27,2.32,-0.05,-2.11%,5666652
2020-09-29,2.38,2.4,2.35,2.37,0,0.00%,3210883
2020-09-28,2.37,2.39,2.345,2.37,0.04,+1.72%,5246420
2020-09-25,2.38,2.42,2.32,2.33,-0.03,-1.27%,6354876
2020-09-24,2.44,2.45,2.34,2.36,-0.11,-4.45%,7565823
2020-09-23,2.5,2.51,2.46,2.47,0,0.00%,6443686
2020-09-22,2.44,2.5,2.425,2.47,-0.01,-0.40%,5193188
2020-09-21,2.51,2.52,2.48,2.48,-0.03,-1.20%,4894893
2020-09-18,2.45,2.52,2.445,2.51,0.08,+3.29%,9504254
2020-09-17,2.51,2.53,2.42,2.43,-0.1,-3.95%,7703258
2020-09-16,2.53,2.55,2.49,2.53,0.05,+2.02%,14116568
2020-09-15,2.4,2.53,2.39,2.48,0.09,+3.77%,8800669
2020-09-14,2.39,2.4,2.37,2.39,0,0.00%,6364471
2020-09-11,2.37,2.41,2.36,2.39,-0.01,-0.42%,6279211
2020-09-10,2.39,2.41,2.35,2.4,0.01,+0.42%,7116016
2020-09-09,2.36,2.41,2.34,2.39,-0.02,-0.83%,4082528
2020-09-08,2.43,2.48,2.39,2.41,-0.01,-0.41%,3356343
2020-09-07,2.35,2.45,2.35,2.42,0.06,+2.54%,4865820
2020-09-04,2.36,2.39,2.33,2.36,-0.06,-2.48%,6484896
2020-09-03,2.42,2.455,2.41,2.42,0,0.00%,4810343
2020-09-02,2.4,2.44,2.38,2.42,0.04,+1.68%,6822306
2020-09-01,2.4,2.42,2.36,2.38,-0.06,-2.46%,6222316
2020-08-31,2.4,2.46,2.39,2.44,0.03,+1.24%,8337018
2020-08-28,2.38,2.425,2.37,2.41,-0.02,-0.82%,6163006
2020-08-27,2.37,2.46,2.35,2.43,0.07,+2.97%,11374006
2020-08-26,2.44,2.45,2.36,2.36,-0.13,-5.22%,11205672
2020-08-25,2.49,2.54,2.46,2.49,-0.03,-1.19%,7475469
2020-08-24,2.47,2.55,2.42,2.52,0.04,+1.61%,9181872
2020-08-21,2.51,2.56,2.47,2.48,-0.01,-0.40%,7494711
2020-08-20,2.5,2.59,2.47,2.49,0,0.00%,10212911
2020-08-19,2.45,2.56,2.43,2.49,-0.12,-4.60%,17560922
2020-08-14,2.58,2.63,2.54,2.61,0.01,+0.38%,5398526
2020-08-13,2.58,2.64,2.55,2.6,0.07,+2.77%,5120949
2020-08-12,2.5,2.57,2.47,2.53,0,0.00%,5137220
2020-08-11,2.59,2.62,2.5,2.53,-0.03,-1.17%,4693779
2020-08-10,2.52,2.62,2.52,2.56,0.06,+2.40%,6126699
2020-08-07,2.48,2.53,2.44,2.5,0.02,+0.81%,4534276
2020-08-06,2.47,2.49,2.43,2.48,0.06,+2.48%,3376233
2020-08-05,2.48,2.55,2.38,2.42,-0.04,-1.63%,10359731
2020-08-04,2.4,2.49,2.38,2.46,0.13,+5.58%,6641521
2020-08-03,2.24,2.36,2.22,2.33,0.1,+4.48%,5258383
2020-07-31,2.26,2.3,2.19,2.23,-0.05,-2.19%,4896219
2020-07-30,2.35,2.35,2.24,2.28,0,0.00%,6582839
2020-07-29,2.4,2.42,2.26,2.28,-0.09,-3.80%,5128973
2020-07-28,2.48,2.52,2.34,2.37,-0.06,-2.47%,11290869
2020-07-27,2.22,2.44,2.21,2.43,0.26,+11.98%,15744513
2020-07-24,2.12,2.19,2.08,2.17,0.04,+1.88%,8147870
2020-07-23,2.11,2.15,2.07,2.13,0.05,+2.40%,8999659
2020-07-22,2.15,2.2,2.06,2.08,-0.05,-2.35%,6943406
2020-07-21,2.05,2.14,2.03,2.13,0.11,+5.45%,5162113
2020-07-20,1.99,2.03,1.945,2.02,0.03,+1.51%,4666476
2020-07-17,1.95,1.995,1.885,1.99,0.03,+1.53%,8355009
2020-07-16,1.97,2.04,1.93,1.96,0.005,+0.26%,6937604
2020-07-15,1.96,1.98,1.915,1.955,0.015,+0.77%,5669028
2020-07-14,1.99,2.02,1.93,1.94,-0.09,-4.43%,4086762
2020-07-13,2.05,2.1,2.01,2.03,0.01,+0.50%,3307302
2020-07-10,2.01,2.04,1.965,2.02,0,0.00%,2329123
2020-07-09,1.97,2.04,1.97,2.02,0.06,+3.06%,3337901
2020-07-08,1.975,1.99,1.945,1.96,-0.02,-1.01%,2976916
2020-07-07,2.03,2.05,1.965,1.98,-0.02,-1.00%,2999789
2020-07-06,1.925,2.03,1.925,2,0.085,+4.44%,5951726
2020-07-03,1.93,1.96,1.885,1.915,-0.015,-0.78%,3380989
2020-07-02,1.92,1.935,1.875,1.93,0.005,+0.26%,4757308
2020-07-01,1.93,1.955,1.895,1.925,-0.01,-0.52%,4201755
2020-06-30,1.885,1.95,1.877,1.935,0.085,+4.59%,7634425
2020-06-29,1.865,1.89,1.825,1.85,-0.06,-3.14%,3866926
2020-06-26,1.91,1.942,1.865,1.91,0.01,+0.53%,4231099
2020-06-25,1.94,1.962,1.89,1.9,-0.06,-3.06%,4585287
2020-06-24,2.02,2.03,1.955,1.96,-0.07,-3.45%,4088486
2020-06-23,1.925,2.04,1.91,2.03,0.115,+6.01%,6394106
2020-06-22,1.94,1.95,1.905,1.915,-0.03,-1.54%,4161404
2020-06-19,1.945,1.98,1.905,1.945,0.02,+1.04%,6400633
2020-06-18,1.925,1.965,1.905,1.925,-0.025,-1.28%,7045443
2020-06-17,2.03,2.03,1.93,1.95,-0.05,-2.50%,4705983
2020-06-16,1.925,2.02,1.92,2,0.14,+7.53%,6162430
2020-06-15,1.935,1.97,1.85,1.86,-0.085,-4.37%,6224890
2020-06-12,1.91,1.955,1.88,1.945,-0.075,-3.71%,6457075
2020-06-11,2.09,2.12,1.997,2.02,-0.07,-3.35%,4803056
2020-06-10,2.13,2.16,2.085,2.09,-0.07,-3.24%,5952579
2020-06-09,2.12,2.18,2.12,2.16,0.04,+1.89%,4471357
2020-06-05,2.1,2.13,2.08,2.12,0.02,+0.95%,3249397
2020-06-04,2.09,2.17,2.07,2.1,0.02,+0.96%,6280083
2020-06-03,2.09,2.12,2.05,2.08,0,0.00%,6222694
2020-06-02,2.13,2.14,2.05,2.08,-0.02,-0.95%,4251354
2020-06-01,2.03,2.12,2.03,2.1,0.04,+1.94%,3784054
2020-05-29,2.08,2.1,2.04,2.06,-0.01,-0.48%,6026449
2020-05-28,2.14,2.17,2.06,2.07,-0.04,-1.90%,6045840
2020-05-27,2.08,2.135,2.04,2.11,0.04,+1.93%,3903069
2020-05-26,2.1,2.12,2.04,2.07,-0.03,-1.43%,4934581
2020-05-25,2.08,2.12,2.03,2.1,-0.02,-0.94%,5578058
2020-05-22,2.07,2.13,2.06,2.12,0.12,+6.00%,7934400
2020-05-21,1.925,2.03,1.91,2,0.115,+6.10%,10003403
2020-05-20,1.81,1.925,1.805,1.885,0.04,+2.17%,6833567
2020-05-19,1.93,1.94,1.845,1.845,-0.005,-0.27%,6896661
2020-05-18,1.745,1.865,1.745,1.85,0.11,+6.32%,9372564
2020-05-15,1.735,1.77,1.72,1.74,0.025,+1.46%,3331864
2020-05-14,1.775,1.785,1.71,1.715,-0.08,-4.46%,5785070
2020-05-13,1.7,1.795,1.67,1.795,0.05,+2.87%,5405334
2020-05-12,1.8,1.8,1.725,1.745,-0.055,-3.06%,4994813
2020-05-11,1.77,1.815,1.76,1.8,0.06,+3.45%,3289669
2020-05-08,1.81,1.812,1.73,1.74,-0.045,-2.52%,4547700
2020-05-07,1.79,1.805,1.735,1.785,-0.03,-1.65%,7285010
2020-05-06,1.775,1.842,1.75,1.815,0.065,+3.71%,6649911
2020-05-05,1.705,1.755,1.695,1.75,0.05,+2.94%,5756565
2020-05-04,1.71,1.72,1.64,1.7,-0.015,-0.87%,6288040
2020-05-01,1.7,1.765,1.685,1.715,-0.03,-1.72%,9127096
2020-04-30,1.61,1.75,1.61,1.745,0.17,+10.79%,9311218
2020-04-29,1.565,1.595,1.54,1.575,0.005,+0.32%,2977493
2020-04-28,1.58,1.6,1.52,1.57,0.03,+1.95%,4567886
2020-04-27,1.565,1.595,1.525,1.54,0,0.00%,5764180
2020-04-24,1.635,1.65,1.53,1.54,-0.09,-5.52%,8088281
2020-04-23,1.64,1.685,1.56,1.63,0.235,+16.85%,19219732
2020-04-22,1.415,1.425,1.365,1.395,-0.065,-4.45%,5901114
2020-04-21,1.5,1.53,1.452,1.46,-0.06,-3.95%,3658582
2020-04-20,1.58,1.61,1.505,1.52,-0.05,-3.18%,5110767
2020-04-17,1.52,1.66,1.515,1.57,0.09,+6.08%,7860253
2020-04-16,1.565,1.57,1.46,1.48,-0.14,-8.64%,10923118
2020-04-15,1.61,1.66,1.565,1.62,0.08,+5.19%,7399426
2020-04-14,1.46,1.545,1.45,1.54,0.09,+6.21%,4247007
2020-04-09,1.37,1.46,1.37,1.45,0.1,+7.41%,4233577
2020-04-08,1.35,1.375,1.3,1.35,0.01,+0.75%,3364750
2020-04-07,1.41,1.44,1.305,1.34,-0.035,-2.55%,4824634
2020-04-06,1.295,1.38,1.29,1.375,0.105,+8.27%,4316854
2020-04-03,1.37,1.39,1.255,1.27,-0.07,-5.22%,3697933
2020-04-02,1.37,1.372,1.305,1.34,-0.05,-3.60%,3143504
2020-04-01,1.45,1.48,1.37,1.39,-0.055,-3.81%,4124643
2020-03-31,1.33,1.475,1.32,1.445,0.14,+10.73%,7885431
2020-03-30,1.25,1.305,1.185,1.305,0.04,+3.16%,4091312
2020-03-27,1.33,1.36,1.26,1.265,-0.025,-1.94%,3907054
2020-03-26,1.345,1.345,1.235,1.29,-0.015,-1.15%,4276914
2020-03-25,1.3,1.355,1.25,1.305,0.075,+6.10%,4807669
2020-03-24,1.15,1.23,1.145,1.23,0.115,+10.31%,4253280
2020-03-23,1.14,1.14,1.04,1.115,-0.165,-12.89%,6902617
2020-03-20,1.165,1.34,1.15,1.28,0.14,+12.28%,10057003
2020-03-19,1.08,1.165,1.08,1.14,0.06,+5.56%,7206336
2020-03-18,1.17,1.175,1.07,1.08,-0.115,-9.62%,8237114
2020-03-17,1.035,1.205,1.035,1.195,0.115,+10.65%,10470369
2020-03-16,1.2,1.225,1.08,1.08,-0.21,-16.28%,9219736
2020-03-13,1.23,1.29,1.11,1.29,-0.035,-2.64%,13037635
2020-03-12,1.4,1.43,1.3,1.325,-0.135,-9.25%,12384970
2020-03-11,1.51,1.525,1.44,1.46,-0.005,-0.34%,9130324
2020-03-10,1.395,1.505,1.365,1.465,0.02,+1.38%,14593952
2020-03-09,1.6,1.6,1.445,1.445,-0.21,-12.69%,9975645
2020-03-06,1.72,1.72,1.655,1.655,-0.08,-4.61%,3290969
2020-03-05,1.775,1.81,1.722,1.735,-0.005,-0.29%,4923908
2020-03-04,1.74,1.768,1.71,1.74,0.005,+0.29%,6321255
2020-03-03,1.86,1.885,1.73,1.735,-0.075,-4.14%,10000070
2020-03-02,1.765,1.82,1.67,1.81,-0.035,-1.90%,11964831
2020-02-28,1.94,1.94,1.84,1.845,-0.15,-7.52%,9283305
2020-02-27,2.09,2.11,1.955,1.995,0.095,+5.00%,9578643
2020-02-26,1.99,1.99,1.89,1.9,-0.12,-5.94%,7495978
2020-02-25,2.08,2.1,2.02,2.02,-0.1,-4.72%,5585499
2020-02-24,2.19,2.19,2.12,2.12,-0.08,-3.64%,2954555
2020-02-21,2.2,2.25,2.19,2.2,0,0.00%,1960969
2020-02-20,2.23,2.25,2.2,2.2,0,0.00%,1583323
2020-02-19,2.15,2.22,2.15,2.2,0.05,+2.33%,3054950
2020-02-18,2.21,2.21,2.14,2.15,-0.04,-1.83%,2633839
2020-02-17,2.22,2.23,2.17,2.19,-0.03,-1.35%,1574550
2020-02-14,2.31,2.33,2.2,2.22,-0.06,-2.63%,3471886
2020-02-13,2.18,2.32,2.17,2.28,0.17,+8.06%,10976631
2020-02-12,2.12,2.14,2.1,2.11,-0.01,-0.47%,2139750
2020-02-11,2.18,2.19,2.12,2.12,-0.06,-2.75%,2997941
2020-02-10,2.22,2.22,2.17,2.18,-0.01,-0.46%,2381184
2020-02-07,2.29,2.29,2.19,2.19,-0.08,-3.52%,3377218
2020-02-06,2.21,2.28,2.2,2.27,0.1,+4.61%,4694108
2020-02-05,2.15,2.2,2.13,2.17,0.06,+2.84%,4629396
2020-02-04,2.14,2.17,2.1,2.11,-0.02,-0.94%,2299479
2020-02-03,2.17,2.18,2.12,2.13,-0.06,-2.74%,4345857
2020-01-31,2.16,2.24,2.16,2.19,0.04,+1.86%,4733017
2020-01-30,2.22,2.23,2.11,2.15,-0.06,-2.71%,6415317
2020-01-29,2.27,2.27,2.21,2.21,-0.01,-0.45%,3806595
2020-01-28,2.31,2.315,2.205,2.22,-0.14,-5.93%,4727262
2020-01-24,2.37,2.43,2.35,2.36,0.02,+0.85%,3249010
2020-01-23,2.41,2.41,2.34,2.34,-0.08,-3.31%,1757779
2020-01-22,2.41,2.43,2.37,2.42,0.01,+0.41%,2486888
2020-01-21,2.48,2.5,2.41,2.41,-0.06,-2.43%,2482525
2020-01-20,2.44,2.47,2.41,2.47,0.01,+0.41%,2277376
2020-01-17,2.43,2.47,2.43,2.46,0.05,+2.07%,1814957
2020-01-16,2.45,2.45,2.39,2.41,0,0.00%,1934585
2020-01-15,2.46,2.47,2.41,2.41,-0.04,-1.63%,4050454
2020-01-14,2.39,2.46,2.375,2.45,0.06,+2.51%,2717927
2020-01-13,2.37,2.415,2.37,2.39,0,0.00%,1211279
2020-01-10,2.4,2.43,2.38,2.39,-0.01,-0.42%,1808082
2020-01-09,2.34,2.4,2.32,2.4,0.09,+3.90%,2871738
2020-01-08,2.33,2.35,2.29,2.31,-0.03,-1.28%,1989878
2020-01-07,2.33,2.38,2.32,2.34,0.03,+1.30%,2037083
2020-01-06,2.31,2.32,2.27,2.31,-0.01,-0.43%,2682503
2020-01-03,2.34,2.365,2.305,2.32,0,0.00%,1728311
2020-01-02,2.33,2.34,2.31,2.32,-0.01,-0.43%,1200164
2019-12-31,2.37,2.39,2.33,2.33,-0.05,-2.10%,1125446
2019-12-30,2.41,2.41,2.36,2.38,-0.03,-1.24%,1549911
2019-12-27,2.32,2.425,2.32,2.41,0.09,+3.88%,2331620
2019-12-24,2.36,2.36,2.315,2.32,-0.03,-1.28%,960053
2019-12-23,2.42,2.42,2.32,2.35,-0.05,-2.08%,2093010
2019-12-20,2.36,2.41,2.35,2.4,0.04,+1.69%,2538070
2019-12-19,2.42,2.46,2.35,2.36,-0.03,-1.26%,4230336
2019-12-18,2.4,2.44,2.37,2.39,-0.03,-1.24%,3061859
2019-12-17,2.5,2.52,2.39,2.42,-0.16,-6.20%,6891315
2019-12-16,2.61,2.62,2.54,2.58,0,0.00%,4432955
2019-12-13,2.5,2.58,2.4,2.58,0.21,+8.86%,9724310
2019-12-12,2.26,2.46,2.26,2.37,0.21,+9.72%,9045074
2019-12-11,2.14,2.165,2.13,2.16,0.02,+0.93%,2177410
2019-12-10,2.13,2.17,2.11,2.14,0.04,+1.90%,2726137
2019-12-09,2.07,2.125,2.065,2.1,0.05,+2.44%,4076390
2019-12-06,2.08,2.08,2.05,2.05,-0.02,-0.97%,2520320
2019-12-05,2.1,2.11,2.065,2.07,0,0.00%,2327470
2019-12-04,2.07,2.09,2.04,2.07,-0.02,-0.96%,5028351
2019-12-03,2.13,2.13,2.075,2.09,-0.06,-2.79%,4520174
2019-12-02,2.16,2.18,2.14,2.15,-0.02,-0.92%,3860819
2019-11-29,2.21,2.23,2.17,2.17,-0.04,-1.81%,3323801
2019-11-28,2.2,2.21,2.19,2.21,0.01,+0.45%,4578191
2019-11-27,2.22,2.25,2.17,2.2,-0.02,-0.90%,3223873
2019-11-26,2.28,2.31,2.2,2.22,-0.08,-3.48%,7340713
2019-11-25,2.32,2.34,2.3,2.3,0,0.00%,1597918
2019-11-22,2.25,2.34,2.24,2.3,0.05,+2.22%,2167601
2019-11-21,2.26,2.275,2.22,2.25,-0.02,-0.88%,2837183
2019-11-20,2.33,2.335,2.27,2.27,-0.06,-2.58%,2281082
2019-11-19,2.31,2.33,2.3,2.33,0.03,+1.30%,2385640
2019-11-18,2.33,2.34,2.29,2.3,-0.02,-0.86%,1967761
2019-11-15,2.31,2.33,2.3,2.32,0,0.00%,2761289
2019-11-14,2.31,2.35,2.3,2.32,0.02,+0.87%,3364364
2019-11-13,2.36,2.38,2.3,2.3,-0.07,-2.95%,3699968
2019-11-12,2.42,2.42,2.34,2.37,-0.05,-2.07%,3662004
2019-11-11,2.43,2.445,2.41,2.42,-0.04,-1.63%,2289232
2019-11-08,2.5,2.52,2.44,2.46,-0.03,-1.20%,2209514
2019-11-07,2.49,2.52,2.46,2.49,0.02,+0.81%,3288300
2019-11-06,2.55,2.56,2.47,2.47,-0.06,-2.37%,2278638
2019-11-05,2.56,2.6,2.52,2.53,0.01,+0.40%,2590706
2019-11-04,2.53,2.55,2.51,2.52,0.02,+0.80%,2543436
2019-11-01,2.46,2.52,2.435,2.5,0.02,+0.81%,1656076
2019-10-31,2.5,2.51,2.45,2.48,0,0.00%,2629108
2019-10-30,2.51,2.53,2.48,2.48,-0.03,-1.20%,3706903
2019-10-29,2.57,2.57,2.51,2.51,-0.04,-1.57%,2636952
2019-10-28,2.57,2.6,2.55,2.55,-0.02,-0.78%,1535349
2019-10-25,2.59,2.6,2.545,2.57,0,0.00%,1642437
2019-10-24,2.55,2.595,2.55,2.57,0.02,+0.78%,1674417
2019-10-23,2.59,2.6,2.52,2.55,-0.04,-1.54%,2848273
2019-10-22,2.62,2.64,2.55,2.59,-0.01,-0.38%,4554417
2019-10-21,2.56,2.71,2.56,2.6,0.07,+2.77%,5377684
2019-10-18,2.6,2.6,2.51,2.53,-0.07,-2.69%,3148168
2019-10-17,2.68,2.69,2.585,2.6,-0.09,-3.35%,4352273
2019-10-16,2.7,2.715,2.65,2.69,0.02,+0.75%,4213117
2019-10-15,2.63,2.69,2.58,2.67,0.04,+1.52%,5506577
2019-10-14,2.72,2.73,2.6,2.63,-0.05,-1.87%,5182494
2019-10-11,2.65,2.71,2.635,2.68,0.07,+2.68%,3460203
2019-10-10,2.63,2.66,2.6,2.61,0.01,+0.38%,3758056
2019-10-09,2.6,2.64,2.545,2.6,0,0.00%,3700116
2019-10-08,2.56,2.6,2.55,2.6,0.03,+1.17%,1330094
2019-10-07,2.58,2.61,2.56,2.57,-0.01,-0.39%,1149801
2019-10-04,2.55,2.59,2.54,2.58,0.05,+1.98%,1864343
2019-10-03,2.6,2.61,2.53,2.53,-0.11,-4.17%,4975313
2019-10-02,2.69,2.71,2.64,2.64,-0.08,-2.94%,1831380
2019-10-01,2.71,2.725,2.66,2.72,0.01,+0.37%,2947673
2019-09-30,2.64,2.75,2.63,2.71,0.08,+3.04%,3579305
2019-09-27,2.59,2.645,2.585,2.63,0.04,+1.54%,1627510
2019-09-26,2.64,2.65,2.58,2.59,-0.04,-1.52%,4039191
2019-09-25,2.66,2.68,2.61,2.63,-0.02,-0.75%,3578372
2019-09-24,2.61,2.66,2.6,2.65,0.05,+1.92%,3170234
2019-09-23,2.65,2.65,2.575,2.6,0,0.00%,3263254
2019-09-20,2.61,2.66,2.58,2.6,0,0.00%,4940602
2019-09-19,2.55,2.61,2.53,2.6,0.06,+2.36%,4167577
2019-09-18,2.53,2.56,2.5,2.54,0,0.00%,2234338
2019-09-17,2.6,2.63,2.53,2.54,-0.06,-2.31%,2745354
2019-09-16,2.54,2.61,2.51,2.6,0.04,+1.56%,2735370
2019-09-13,2.57,2.61,2.55,2.56,-0.02,-0.78%,2857547
2019-09-12,2.6,2.65,2.54,2.58,-0.01,-0.39%,3916288
2019-09-11,2.44,2.59,2.44,2.59,0.16,+6.58%,4620498
2019-09-10,2.46,2.52,2.405,2.43,-0.05,-2.02%,3891330
2019-09-09,2.51,2.54,2.455,2.48,-0.01,-0.40%,2346643
2019-09-06,2.42,2.61,2.42,2.49,0.07,+2.89%,8311221
2019-09-05,2.47,2.49,2.4,2.42,-0.03,-1.22%,3711360
2019-09-04,2.41,2.45,2.38,2.45,0.01,+0.41%,2389814
2019-09-03,2.46,2.485,2.43,2.44,-0.01,-0.41%,3426789
2019-09-02,2.41,2.53,2.41,2.45,0.06,+2.51%,6194653
2019-08-30,2.39,2.42,2.365,2.39,0.03,+1.27%,4311597
2019-08-29,2.33,2.38,2.32,2.36,0.04,+1.72%,3759883
2019-08-28,2.37,2.38,2.3,2.32,-0.04,-1.69%,5181358
2019-08-27,2.33,2.37,2.32,2.36,0.04,+1.72%,3765257
2019-08-26,2.23,2.38,2.2,2.32,0.05,+2.20%,9070581
2019-08-23,2.3,2.35,2.23,2.27,-0.15,-6.20%,8748753
2019-08-22,2.5,2.5,2.41,2.42,-0.04,-1.63%,4449562
2019-08-21,2.55,2.58,2.46,2.46,-0.11,-4.28%,5600957
2019-08-20,2.59,2.61,2.54,2.57,-0.02,-0.77%,4795515
2019-08-19,2.62,2.64,2.57,2.59,-0.04,-1.52%,4906194
2019-08-16,2.59,2.725,2.55,2.63,-0.05,-1.87%,10339079
2019-08-15,2.73,2.765,2.665,2.68,-0.13,-4.63%,5926844
2019-08-14,2.85,2.88,2.71,2.81,-0.07,-2.43%,10456283
2019-08-13,2.87,2.95,2.85,2.88,0,0.00%,4036656
2019-08-12,2.95,2.95,2.875,2.88,-0.06,-2.04%,4360746
2019-08-09,2.82,2.96,2.82,2.94,0.13,+4.63%,8459081
2019-08-08,2.82,2.85,2.76,2.81,0,0.00%,3986291
2019-08-07,2.78,2.85,2.71,2.81,0.07,+2.55%,7540255
2019-08-06,2.51,2.77,2.51,2.74,0.205,+8.09%,15613505
2019-08-05,2.66,2.68,2.49,2.535,-0.155,-5.76%,10900967
2019-08-02,2.7,2.78,2.65,2.69,0.16,+6.32%,15029930
2019-08-01,2.61,2.61,2.49,2.53,-0.08,-3.07%,6730030
2019-07-31,2.58,2.67,2.58,2.61,0.06,+2.35%,7307212
2019-07-30,2.59,2.59,2.51,2.55,-0.05,-1.92%,8822647
2019-07-29,2.68,2.715,2.57,2.6,-0.06,-2.26%,6193701
2019-07-26,2.69,2.705,2.65,2.66,-0.06,-2.21%,3747967
2019-07-25,2.76,2.77,2.68,2.72,-0.04,-1.45%,5354159
2019-07-24,2.77,2.81,2.755,2.76,-0.03,-1.08%,3197187
2019-07-23,2.75,2.84,2.75,2.79,0.01,+0.36%,3644155
2019-07-22,2.81,2.82,2.73,2.78,-0.04,-1.42%,3953190
2019-07-19,2.77,2.85,2.73,2.82,0.05,+1.81%,4249905
2019-07-18,2.69,2.79,2.67,2.77,0.06,+2.21%,4457548
2019-07-17,2.68,2.72,2.64,2.71,0.01,+0.37%,3301733
2019-07-16,2.78,2.83,2.67,2.7,-0.08,-2.88%,4058947
2019-07-15,2.74,2.84,2.72,2.78,0.04,+1.46%,3965893
2019-07-12,2.78,2.79,2.71,2.74,-0.03,-1.08%,4614044
2019-07-11,2.75,2.79,2.72,2.77,0.03,+1.09%,7893869
2019-07-10,2.65,2.74,2.64,2.74,0.07,+2.62%,5905593
2019-07-09,2.71,2.75,2.655,2.67,-0.03,-1.11%,5379646
2019-07-08,2.75,2.755,2.68,2.7,-0.08,-2.88%,4851972
2019-07-05,2.67,2.835,2.65,2.78,0.13,+4.91%,6090493
2019-07-04,2.6,2.675,2.595,2.65,0.05,+1.92%,5627079
2019-07-03,2.61,2.645,2.57,2.6,0.01,+0.39%,4240516
2019-07-02,2.53,2.645,2.53,2.59,-0.01,-0.38%,3448562
2019-07-01,2.46,2.62,2.41,2.6,0.03,+1.17%,8331274
2019-06-28,2.63,2.63,2.52,2.57,-0.04,-1.53%,5434000
2019-06-27,2.6,2.67,2.585,2.61,0.01,+0.38%,6153590
2019-06-26,2.59,2.65,2.52,2.6,0.04,+1.56%,7199253
2019-06-25,2.62,2.64,2.56,2.56,-0.04,-1.54%,6638933
2019-06-24,2.63,2.67,2.58,2.6,-0.01,-0.38%,5071548
2019-06-21,2.69,2.815,2.61,2.61,-0.03,-1.14%,11598210
2019-06-20,2.6,2.68,2.6,2.64,-0.02,-0.75%,4900583
2019-06-19,2.64,2.66,2.53,2.66,-0.03,-1.12%,10671377
2019-06-18,2.67,2.735,2.63,2.69,0.03,+1.13%,6601803
2019-06-17,2.75,2.75,2.63,2.66,-0.11,-3.97%,7741335
2019-06-14,2.82,2.82,2.76,2.77,-0.06,-2.12%,3615992
2019-06-13,2.86,2.915,2.755,2.83,-0.01,-0.35%,6041314
2019-06-12,2.76,2.845,2.72,2.84,0.06,+2.16%,7025053
2019-06-11,2.83,2.85,2.69,2.78,0.01,+0.36%,7333921
2019-06-07,2.77,2.87,2.73,2.77,0.06,+2.21%,8054933
2019-06-06,2.79,2.79,2.64,2.71,-0.02,-0.73%,10540741
2019-06-05,2.66,2.82,2.66,2.73,0.11,+4.20%,12228734
2019-06-04,2.9,2.9,2.53,2.62,-0.26,-9.03%,24693052
2019-06-03,3.14,3.16,2.83,2.88,-0.17,-5.57%,24986604
2019-05-31,2.9,3.15,2.88,3.05,0.31,+11.31%,39815112
2019-05-30,3.03,3.09,2.66,2.74,-0.02,-0.72%,30242684
2019-05-29,2.45,2.78,2.45,2.76,0.37,+15.48%,24066166
2019-05-28,2.38,2.44,2.38,2.39,0.01,+0.42%,4796467
2019-05-27,2.36,2.41,2.35,2.38,0.02,+0.85%,4801184
2019-05-24,2.49,2.49,2.34,2.36,-0.08,-3.28%,11163032
2019-05-23,2.44,2.475,2.365,2.44,0.01,+0.41%,10203159
2019-05-22,2.4,2.53,2.33,2.43,0.17,+7.52%,23854412
2019-05-21,2.14,2.32,2.14,2.26,0.285,+14.43%,20354648
2019-05-20,2.07,2.08,1.97,1.975,-0.025,-1.25%,3632578
2019-05-17,2.07,2.07,1.985,2,-0.04,-1.96%,5928062
2019-05-16,1.91,2.06,1.907,2.04,0.13,+6.81%,4914574
2019-05-15,1.9,1.935,1.895,1.91,0.005,+0.26%,1461869
2019-05-14,1.85,1.92,1.835,1.905,0.015,+0.79%,2016046
2019-05-13,1.885,1.893,1.867,1.89,0.005,+0.27%,842207
2019-05-10,1.9,1.927,1.88,1.885,-0.005,-0.26%,1450313
2019-05-09,1.85,1.9,1.85,1.89,0.03,+1.61%,2343617
2019-05-08,1.86,1.885,1.84,1.86,-0.005,-0.27%,4053213
2019-05-07,1.865,1.895,1.845,1.865,0,0.00%,4491333
2019-05-06,1.935,1.945,1.78,1.865,-0.08,-4.11%,12932010
2019-05-03,1.955,1.955,1.935,1.945,-0.035,-1.77%,3190110
2019-05-02,1.975,1.995,1.96,1.98,-0.005,-0.25%,2170856
2019-05-01,1.975,1.99,1.955,1.985,0.005,+0.25%,1174336
2019-04-30,2,2.01,1.95,1.98,-0.03,-1.49%,3801217
2019-04-29,1.995,2.04,1.975,2.01,-0.01,-0.50%,2888940
2019-04-26,2,2.03,1.99,2.02,0,0.00%,2927281
2019-04-24,2.03,2.055,2.01,2.02,-0.02,-0.98%,1220908
2019-04-23,2.03,2.05,1.995,2.04,0.03,+1.49%,2205205
2019-04-18,2.01,2.04,2,2.01,0,0.00%,2814645
2019-04-17,2.02,2.03,2,2.01,-0.01,-0.50%,1332305
2019-04-16,2.02,2.07,2.02,2.02,0.02,+1.00%,2398212
2019-04-15,2.05,2.055,1.985,2,-0.06,-2.91%,4212594
2019-04-12,2.07,2.11,2.04,2.06,-0.02,-0.96%,6744539
2019-04-11,2.1,2.135,2.06,2.08,-0.03,-1.42%,2974350
2019-04-10,2.14,2.14,2.1,2.11,-0.02,-0.94%,2992918
2019-04-09,2.09,2.13,2.08,2.13,0.01,+0.47%,5273631
2019-04-08,2.09,2.12,2.04,2.12,0.01,+0.47%,8295033
2019-04-05,2.11,2.15,2.105,2.11,-0.01,-0.47%,3355184
2019-04-04,2.16,2.17,2.1,2.12,-0.04,-1.85%,5881440
2019-04-03,2.14,2.18,2.12,2.16,0.02,+0.93%,3114337
2019-04-02,2.14,2.185,2.12,2.14,0,0.00%,3807522
2019-04-01,2.09,2.15,2.09,2.14,0.05,+2.39%,3476232
2019-03-29,2.12,2.14,2.08,2.09,-0.02,-0.95%,7035070
2019-03-28,2.14,2.15,2.09,2.11,-0.03,-1.40%,6076351
2019-03-27,2.08,2.165,2,2.14,0.04,+1.90%,23142984
2019-03-26,2.15,2.17,2.02,2.1,0.545,+35.05%,38675760
2019-03-25,1.605,1.61,1.552,1.555,-0.07,-4.31%,4096058
2019-03-22,1.615,1.655,1.61,1.625,-0.005,-0.31%,2366332
2019-03-21,1.62,1.65,1.61,1.63,-0.025,-1.51%,5046278
2019-03-20,1.64,1.685,1.615,1.655,0.005,+0.30%,3454006
2019-03-19,1.675,1.69,1.635,1.65,-0.025,-1.49%,2673717
2019-03-18,1.66,1.7,1.64,1.675,0.015,+0.90%,2170699
2019-03-15,1.66,1.725,1.655,1.66,-0.025,-1.48%,5360542
2019-03-14,1.6,1.69,1.595,1.685,0.11,+6.98%,8217746
2019-03-13,1.54,1.575,1.54,1.575,0.035,+2.27%,3465074
2019-03-12,1.59,1.595,1.54,1.54,-0.035,-2.22%,3684718
2019-03-11,1.65,1.65,1.57,1.575,-0.06,-3.67%,8573355
2019-03-08,1.605,1.65,1.59,1.635,0.015,+0.93%,6028067
2019-03-07,1.62,1.64,1.6,1.62,0.025,+1.57%,4833345
2019-03-06,1.575,1.645,1.57,1.595,0.005,+0.31%,6099298
2019-03-05,1.58,1.617,1.56,1.59,0.005,+0.32%,6202575
2019-03-04,1.645,1.65,1.585,1.585,-0.08,-4.80%,9082466
2019-03-01,1.7,1.727,1.61,1.665,-0.095,-5.40%,8620906
2019-02-28,1.69,1.76,1.625,1.76,-0.035,-1.95%,10843927
2019-02-27,1.79,1.825,1.775,1.795,-0.005,-0.28%,3809440
2019-02-26,1.73,1.8,1.715,1.8,0.045,+2.56%,5566736
2019-02-25,1.74,1.802,1.73,1.755,0.02,+1.15%,5762546
2019-02-22,1.715,1.745,1.705,1.735,0.015,+0.87%,2523591
2019-02-21,1.725,1.73,1.68,1.72,-0.025,-1.43%,2622045
2019-02-20,1.74,1.755,1.71,1.745,-0.035,-1.97%,4046071
2019-02-19,1.825,1.84,1.765,1.78,-0.035,-1.93%,3136504
2019-02-18,1.87,1.88,1.795,1.815,-0.02,-1.09%,4918093
2019-02-15,1.715,1.88,1.712,1.835,0.195,+11.89%,10942144
2019-02-14,1.665,1.675,1.622,1.64,-0.015,-0.91%,2539845
2019-02-13,1.63,1.672,1.63,1.655,0.02,+1.22%,2661718
2019-02-12,1.665,1.665,1.62,1.635,-0.01,-0.61%,1527446
2019-02-11,1.635,1.69,1.63,1.645,0.005,+0.30%,1937265
2019-02-08,1.68,1.68,1.632,1.64,-0.055,-3.24%,2873459
2019-02-07,1.7,1.735,1.685,1.695,0.005,+0.30%,2477238
2019-02-06,1.665,1.717,1.65,1.69,0.035,+2.11%,3193462
2019-02-05,1.6,1.667,1.592,1.655,0.055,+3.44%,3456115
2019-02-04,1.63,1.65,1.59,1.6,-0.035,-2.14%,2700281
2019-02-01,1.65,1.68,1.605,1.635,-0.04,-2.39%,2613520
2019-01-31,1.585,1.677,1.577,1.675,0.11,+7.03%,7109370
2019-01-30,1.58,1.615,1.555,1.565,0.01,+0.64%,4147398
2019-01-29,1.535,1.605,1.53,1.555,0.005,+0.32%,3848112
2019-01-25,1.535,1.572,1.532,1.55,0.02,+1.31%,3485186
2019-01-24,1.58,1.59,1.52,1.53,-0.045,-2.86%,5641443
2019-01-23,1.6,1.6,1.555,1.575,-0.035,-2.17%,4583533
2019-01-22,1.58,1.672,1.55,1.61,0.015,+0.94%,4938338
2019-01-21,1.605,1.655,1.585,1.595,-0.01,-0.62%,4159153
2019-01-18,1.635,1.64,1.592,1.605,-0.045,-2.73%,4181225
2019-01-17,1.675,1.675,1.615,1.65,0.005,+0.30%,3786394
2019-01-16,1.69,1.73,1.645,1.645,-0.055,-3.24%,3932456
2019-01-15,1.625,1.715,1.622,1.7,0.065,+3.98%,3679931
2019-01-14,1.685,1.69,1.617,1.635,-0.035,-2.10%,2584016
2019-01-11,1.7,1.7,1.64,1.67,-0.03,-1.76%,2862484
2019-01-10,1.7,1.77,1.677,1.7,0.01,+0.59%,5867875
2019-01-09,1.65,1.74,1.645,1.69,0.065,+4.00%,5718670
2019-01-08,1.63,1.652,1.585,1.625,0.01,+0.62%,5649945
2019-01-07,1.5,1.637,1.49,1.615,0.1,+6.60%,7239020
2019-01-04,1.53,1.545,1.48,1.515,-0.035,-2.26%,4336499
2019-01-03,1.56,1.61,1.545,1.55,0.015,+0.98%,2855780
2019-01-02,1.58,1.6,1.535,1.535,-0.05,-3.15%,3679791
2018-12-31,1.605,1.617,1.57,1.585,-0.015,-0.94%,1045607
2018-12-28,1.56,1.62,1.53,1.6,0.03,+1.91%,4101687
2018-12-27,1.59,1.62,1.555,1.57,0.01,+0.64%,5164444
2018-12-24,1.515,1.58,1.495,1.56,0.045,+2.97%,3652295
2018-12-21,1.55,1.615,1.515,1.515,-0.03,-1.94%,9496213
2018-12-20,1.61,1.627,1.537,1.545,-0.1,-6.08%,7908326
2018-12-19,1.725,1.73,1.61,1.645,-0.045,-2.66%,6764739
2018-12-18,1.665,1.732,1.645,1.69,0.04,+2.42%,5938293
2018-12-17,1.585,1.7,1.555,1.65,0.055,+3.45%,7838957
2018-12-14,1.63,1.645,1.59,1.595,-0.025,-1.54%,4014261
2018-12-13,1.62,1.665,1.62,1.62,0,0.00%,5153965
2018-12-12,1.65,1.685,1.605,1.62,-0.035,-2.11%,8096215
2018-12-11,1.66,1.745,1.655,1.655,-0.015,-0.90%,7081952
2018-12-10,1.67,1.68,1.595,1.67,-0.01,-0.60%,6832191
2018-12-07,1.63,1.705,1.62,1.68,0.01,+0.60%,9366555
2018-12-06,1.635,1.71,1.6,1.67,0.025,+1.52%,14404188
2018-12-05,1.64,1.76,1.56,1.645,-0.475,-22.41%,23780084
2018-12-04,2.26,2.27,2.12,2.12,-0.13,-5.78%,4044185
2018-12-03,2.14,2.28,2.14,2.25,0.15,+7.14%,4431068
2018-11-30,2.08,2.12,2.04,2.1,0.01,+0.48%,4666644
2018-11-29,2.1,2.11,2.04,2.09,-0.02,-0.95%,3295108
2018-11-28,2.11,2.17,2.1,2.11,0.01,+0.48%,5166479
2018-11-27,2.07,2.17,1.965,2.1,0.06,+2.94%,11614504
2018-11-26,2.1,2.13,2.02,2.04,-0.09,-4.23%,6449169
2018-11-23,2.2,2.22,2.115,2.13,-0.06,-2.74%,6554597
2018-11-22,2.21,2.265,2.165,2.19,-0.03,-1.35%,7520161
2018-11-21,2.26,2.29,2.21,2.22,-0.07,-3.06%,4796564
2018-11-20,2.38,2.385,2.26,2.29,-0.05,-2.14%,4811788
2018-11-19,2.32,2.37,2.3,2.34,0.03,+1.30%,3866511
2018-11-16,2.31,2.37,2.29,2.31,0,0.00%,3154448
2018-11-15,2.23,2.33,2.22,2.31,0.06,+2.67%,3892950
2018-11-14,2.33,2.35,2.22,2.25,-0.09,-3.85%,8662334
2018-11-13,2.34,2.4,2.27,2.34,-0.06,-2.50%,7174354
2018-11-12,2.25,2.4,2.25,2.4,0.21,+9.59%,12451685
2018-11-09,2.17,2.2,2.15,2.19,0,0.00%,4305209
2018-11-08,2.12,2.23,2.12,2.19,0.08,+3.79%,6442988
2018-11-07,2.1,2.11,2.07,2.11,0.02,+0.96%,5527034
2018-11-06,2.08,2.13,2.08,2.09,-0.01,-0.48%,3268769
2018-11-05,2.06,2.145,2.05,2.1,0,0.00%,5232099
2018-11-02,2.08,2.13,2.04,2.1,-0.01,-0.47%,7099532
2018-11-01,2.11,2.16,2.08,2.11,0.03,+1.44%,7819704
2018-10-31,1.99,2.14,1.98,2.08,0.12,+6.12%,12694557
2018-10-30,1.845,1.98,1.82,1.96,0.09,+4.81%,8129294
2018-10-29,1.81,1.925,1.765,1.87,0.095,+5.35%,10564781
2018-10-26,1.74,1.822,1.737,1.775,0.075,+4.41%,9116396
2018-10-25,1.58,1.72,1.545,1.7,0.115,+7.26%,12047135
2018-10-24,1.59,1.627,1.575,1.585,-0.005,-0.31%,4251621
2018-10-23,1.61,1.625,1.587,1.59,-0.01,-0.63%,3414963
2018-10-22,1.66,1.66,1.575,1.6,-0.09,-5.33%,7776303
2018-10-19,1.67,1.725,1.64,1.69,0.015,+0.90%,4438372
2018-10-18,1.67,1.715,1.65,1.675,-0.025,-1.47%,4296811
2018-10-17,1.795,1.795,1.685,1.7,-0.055,-3.13%,8370727
2018-10-16,1.78,1.847,1.705,1.755,0.005,+0.29%,13346262
2018-10-15,1.82,1.87,1.72,1.75,-0.025,-1.41%,8422373
2018-10-12,1.615,1.775,1.607,1.775,0.15,+9.23%,5752331
2018-10-11,1.6,1.642,1.595,1.625,-0.055,-3.27%,4903927
2018-10-10,1.72,1.755,1.67,1.68,-0.075,-4.27%,6760140
2018-10-09,1.85,1.862,1.715,1.755,-0.08,-4.36%,10122885
2018-10-08,1.81,1.87,1.76,1.835,0.05,+2.80%,14703176
2018-10-05,1.6,1.82,1.565,1.785,0.16,+9.85%,13103257
2018-10-04,1.655,1.66,1.607,1.625,-0.02,-1.22%,4546740
2018-10-03,1.655,1.705,1.635,1.645,0.005,+0.30%,10066903
2018-10-02,1.645,1.68,1.61,1.64,0.005,+0.31%,6023781
2018-10-01,1.61,1.69,1.58,1.635,0.04,+2.51%,6508711
2018-09-28,1.59,1.612,1.55,1.595,0,0.00%,13903496
2018-09-27,1.61,1.66,1.58,1.595,-0.005,-0.31%,8858108
2018-09-26,1.615,1.665,1.585,1.6,-0.03,-1.84%,14049954
2018-09-25,1.7,1.725,1.615,1.63,-0.085,-4.96%,11123648
2018-09-24,1.895,1.942,1.605,1.715,-0.385,-18.33%,32706934
2018-09-21,2.08,2.15,2.07,2.1,0.05,+2.44%,7343754
2018-09-20,1.925,2.05,1.92,2.05,0.115,+5.94%,7018115
2018-09-19,1.895,1.945,1.89,1.935,0.075,+4.03%,10097840
2018-09-18,1.89,1.895,1.845,1.86,-0.025,-1.33%,4482613
2018-09-17,1.955,1.98,1.872,1.885,-0.05,-2.58%,4942152
2018-09-14,1.85,1.937,1.85,1.935,0.1,+5.45%,5832746
2018-09-13,1.83,1.865,1.83,1.835,0.045,+2.51%,3896145
2018-09-12,1.84,1.875,1.78,1.79,-0.04,-2.19%,6999082
2018-09-11,1.825,1.855,1.787,1.83,-0.005,-0.27%,5862512
2018-09-10,1.91,1.92,1.83,1.835,-0.075,-3.93%,7292346
2018-09-07,1.91,1.927,1.77,1.91,0.025,+1.33%,8966091
2018-09-06,2.09,2.09,1.852,1.885,-0.175,-8.50%,13854161
2018-09-05,2.13,2.15,2.04,2.06,-0.1,-4.63%,3674699
2018-09-04,2.11,2.18,2.1,2.16,0.04,+1.89%,1658715
2018-09-03,2.19,2.19,2.11,2.12,-0.07,-3.20%,1625039
2018-08-31,2.25,2.25,2.17,2.19,-0.06,-2.67%,3572082
2018-08-30,2.25,2.27,2.225,2.25,0,0.00%,2524373
2018-08-29,2.23,2.29,2.22,2.25,0.01,+0.45%,2547572
2018-08-28,2.19,2.25,2.19,2.24,0.07,+3.23%,2818691
2018-08-27,2.1,2.19,2.08,2.17,0.05,+2.36%,3630983
2018-08-24,2.12,2.165,2.09,2.12,0,0.00%,4554250
2018-08-23,2.23,2.23,2.085,2.12,-0.1,-4.50%,6592178
2018-08-22,2.15,2.24,2.13,2.22,0.04,+1.83%,3515487
2018-08-21,2.23,2.23,2.16,2.18,-0.05,-2.24%,2712920
2018-08-20,2.23,2.26,2.22,2.23,0,0.00%,1149984
2018-08-17,2.24,2.28,2.21,2.23,-0.02,-0.89%,1565358
2018-08-16,2.19,2.28,2.15,2.25,0.03,+1.35%,3970061
2018-08-15,2.24,2.26,2.205,2.22,-0.05,-2.20%,3039005
2018-08-14,2.26,2.29,2.23,2.27,0.01,+0.44%,2618013
2018-08-13,2.29,2.315,2.25,2.26,-0.05,-2.16%,3581943
2018-08-10,2.36,2.41,2.29,2.31,-0.07,-2.94%,4346918
2018-08-09,2.31,2.39,2.3,2.38,0.12,+5.31%,8604134
2018-08-08,2.17,2.27,2.165,2.26,0.1,+4.63%,5707342
2018-08-07,2.2,2.215,2.14,2.16,-0.03,-1.37%,2766812
2018-08-06,2.18,2.235,2.12,2.19,0.05,+2.34%,5834252
2018-08-03,2.24,2.245,2.1,2.14,-0.11,-4.89%,7551938
2018-08-02,2.26,2.28,2.21,2.25,-0.01,-0.44%,4007422
2018-08-01,2.27,2.32,2.25,2.26,-0.01,-0.44%,3161741
2018-07-31,2.26,2.3,2.24,2.27,0.01,+0.44%,2739082
2018-07-30,2.3,2.32,2.25,2.26,-0.07,-3.00%,3189575
2018-07-27,2.4,2.41,2.3,2.33,-0.05,-2.10%,3665517
2018-07-26,2.38,2.41,2.34,2.38,0.01,+0.42%,3085883
2018-07-25,2.42,2.44,2.35,2.37,-0.01,-0.42%,8579146
2018-07-24,2.25,2.4,2.215,2.38,0.24,+11.21%,14044627
2018-07-23,2.03,2.17,2.02,2.14,0.12,+5.94%,7735986
2018-07-20,2.21,2.21,1.982,2.02,-0.12,-5.61%,10177990
2018-07-19,2.04,2.17,2.02,2.14,0.1,+4.90%,6139905
2018-07-18,2.04,2.06,2,2.04,0.03,+1.49%,4587550
2018-07-17,2.05,2.055,2,2.01,-0.05,-2.43%,3954130
2018-07-16,2.1,2.12,2.05,2.06,-0.04,-1.90%,2242389
2018-07-13,2.05,2.11,2.05,2.1,0.05,+2.44%,3238610
2018-07-12,2.07,2.08,2.02,2.05,-0.05,-2.38%,4811586
2018-07-11,2.2,2.2,2.09,2.1,-0.11,-4.98%,5208721
2018-07-10,2.18,2.22,2.18,2.21,0.05,+2.31%,2053849
2018-07-09,2.11,2.18,2.09,2.16,0.03,+1.41%,5871996
2018-07-06,2.09,2.14,2.06,2.13,-0.01,-0.47%,7565814
2018-07-05,2.25,2.28,2.14,2.14,-0.11,-4.89%,5202956
2018-07-04,2.26,2.33,2.24,2.25,-0.03,-1.32%,4446604
2018-07-03,2.32,2.34,2.25,2.28,-0.03,-1.30%,5150974
2018-07-02,2.33,2.35,2.3,2.31,-0.03,-1.28%,4119626
2018-06-29,2.38,2.38,2.3,2.34,-0.01,-0.43%,4118948
2018-06-28,2.36,2.42,2.34,2.35,0.01,+0.43%,3412284
2018-06-27,2.31,2.36,2.3,2.34,0.01,+0.43%,7723786
2018-06-26,2.36,2.36,2.3,2.33,-0.04,-1.69%,3568036
2018-06-25,2.39,2.42,2.36,2.37,-0.02,-0.84%,2320591
2018-06-22,2.43,2.44,2.38,2.39,-0.06,-2.45%,2408128
2018-06-21,2.49,2.49,2.44,2.45,0.01,+0.41%,2569868
2018-06-20,2.47,2.49,2.42,2.44,-0.03,-1.21%,3208180
2018-06-19,2.49,2.53,2.47,2.47,-0.03,-1.20%,3006428
2018-06-18,2.54,2.56,2.5,2.5,-0.05,-1.96%,7109499
2018-06-15,2.5,2.59,2.5,2.55,0.05,+2.00%,9754479
2018-06-14,2.42,2.52,2.42,2.5,0.05,+2.04%,2679000
2018-06-13,2.51,2.52,2.44,2.45,-0.07,-2.78%,3818754
2018-06-12,2.48,2.54,2.45,2.52,0.05,+2.02%,4076502
2018-06-08,2.51,2.51,2.46,2.47,-0.04,-1.59%,3014132
2018-06-07,2.46,2.52,2.46,2.51,0.06,+2.45%,4667280
2018-06-06,2.39,2.45,2.39,2.45,0.06,+2.51%,3138287
2018-06-05,2.38,2.415,2.37,2.39,0,0.00%,2373152
2018-06-04,2.39,2.4,2.325,2.39,0.01,+0.42%,2600056
2018-06-01,2.44,2.44,2.36,2.38,-0.04,-1.65%,4094287
2018-05-31,2.37,2.44,2.37,2.42,0.07,+2.98%,5997603
2018-05-30,2.36,2.38,2.33,2.35,-0.03,-1.26%,3077497
2018-05-29,2.26,2.4,2.26,2.38,0.13,+5.78%,8237239
2018-05-28,2.25,2.285,2.22,2.25,0.02,+0.90%,6799509
2018-05-25,2.2,2.275,2.2,2.23,0.03,+1.36%,6150624
2018-05-24,2.16,2.23,2.12,2.2,-0.02,-0.90%,8756438
2018-05-23,2.3,2.32,2.21,2.22,-0.08,-3.48%,10361391
2018-05-22,2.37,2.42,2.3,2.3,-0.06,-2.54%,6189562
2018-05-21,2.31,2.39,2.28,2.36,0.05,+2.16%,7158973
2018-05-18,2.31,2.38,2.29,2.31,0,0.00%,6732864
2018-05-17,2.33,2.43,2.28,2.31,-0.07,-2.94%,11639067
2018-05-16,2.44,2.475,2.32,2.38,-0.06,-2.46%,9488915
2018-05-15,2.41,2.55,2.41,2.44,-0.02,-0.81%,9784421
2018-05-14,2.7,2.72,2.45,2.46,-0.26,-9.56%,14500199
2018-05-11,2.73,2.8,2.695,2.72,0.02,+0.74%,4562889
2018-05-10,2.7,2.75,2.52,2.7,-0.13,-4.59%,14800147
2018-05-09,2.88,2.915,2.83,2.83,-0.06,-2.08%,4200133
2018-05-08,2.91,2.96,2.88,2.89,0.01,+0.35%,4602627
2018-05-07,2.81,2.885,2.8,2.88,0.12,+4.35%,4056242
2018-05-04,2.75,2.79,2.75,2.76,0.02,+0.73%,2668127
2018-05-03,2.69,2.79,2.68,2.74,0.08,+3.01%,5154272
2018-05-02,2.59,2.67,2.57,2.66,0.09,+3.50%,4731174
2018-05-01,2.58,2.6,2.56,2.57,-0.01,-0.39%,4662115
2018-04-30,2.59,2.605,2.56,2.58,0.02,+0.78%,3706490
2018-04-27,2.6,2.6,2.54,2.56,-0.03,-1.16%,2310484
2018-04-26,2.59,2.6,2.58,2.59,0,0.00%,3018908
2018-04-24,2.58,2.62,2.56,2.59,0.01,+0.39%,2662733
2018-04-23,2.62,2.63,2.53,2.58,-0.04,-1.53%,3073201
2018-04-20,2.62,2.63,2.595,2.62,0,0.00%,1747053
2018-04-19,2.61,2.65,2.6,2.62,0.03,+1.16%,2674371
2018-04-18,2.58,2.61,2.57,2.59,0.02,+0.78%,2771644
2018-04-17,2.57,2.605,2.55,2.57,-0.03,-1.15%,1704302
2018-04-16,2.58,2.6,2.5,2.6,0.02,+0.78%,5336957
2018-04-13,2.58,2.62,2.55,2.58,0.01,+0.39%,3040063
2018-04-12,2.52,2.57,2.5,2.57,0.03,+1.18%,4179683
2018-04-11,2.56,2.58,2.53,2.54,0.01,+0.40%,2910609
2018-04-10,2.47,2.54,2.46,2.53,0.08,+3.27%,4760573
2018-04-09,2.44,2.46,2.41,2.45,0.02,+0.82%,2290464
2018-04-06,2.43,2.44,2.36,2.43,0.02,+0.83%,2358325
2018-04-05,2.47,2.5,2.4,2.41,-0.06,-2.43%,2570609
2018-04-04,2.47,2.49,2.43,2.47,0.01,+0.41%,2813379
2018-04-03,2.43,2.51,2.4,2.46,0,0.00%,4792720
2018-03-29,2.5,2.53,2.45,2.46,-0.03,-1.20%,6043099
2018-03-28,2.52,2.54,2.48,2.49,-0.05,-1.97%,3703332
2018-03-27,2.54,2.55,2.51,2.54,0.06,+2.42%,18875916
2018-03-26,2.45,2.53,2.45,2.48,0.01,+0.40%,4194198
2018-03-23,2.49,2.51,2.47,2.47,-0.1,-3.89%,4909575
2018-03-22,2.57,2.6,2.57,2.57,-0.01,-0.39%,6390133
2018-03-21,2.57,2.61,2.56,2.58,0,0.00%,7043867
2018-03-20,2.57,2.6,2.5,2.58,-0.02,-0.77%,6136439
2018-03-19,2.52,2.645,2.51,2.6,0.06,+2.36%,10112890
2018-03-16,2.48,2.54,2.47,2.54,0.08,+3.25%,13118957
2018-03-15,2.45,2.53,2.45,2.46,0.02,+0.82%,7346833
2018-03-14,2.39,2.48,2.38,2.44,0.02,+0.83%,7880136
2018-03-13,2.5,2.52,2.42,2.42,-0.08,-3.20%,4396803
2018-03-12,2.48,2.55,2.47,2.5,0.06,+2.46%,5626367
2018-03-09,2.38,2.47,2.36,2.44,0.03,+1.24%,6004631
2018-03-08,2.44,2.45,2.36,2.41,0.02,+0.84%,4328152
2018-03-07,2.37,2.47,2.35,2.39,0.04,+1.70%,13776096
2018-03-06,2.24,2.36,2.22,2.35,0.15,+6.82%,27009836
2018-03-05,2.14,2.295,2.12,2.2,0.1,+4.76%,6104862
2018-03-02,2.12,2.13,2.05,2.1,-0.02,-0.94%,3937079
2018-03-01,2.11,2.15,2.11,2.12,-0.01,-0.47%,2158311
2018-02-28,2.12,2.17,2.1,2.13,0,0.00%,4186309
2018-02-27,2.1,2.19,2.06,2.13,0.04,+1.91%,19274376
2018-02-26,2,2.09,1.98,2.09,0.105,+5.29%,4745627
2018-02-23,2.05,2.07,1.98,1.985,-0.035,-1.73%,17752120
2018-02-22,2.04,2.06,1.985,2.02,0.035,+1.76%,8740856
2018-02-21,2.06,2.07,1.975,1.985,-0.065,-3.17%,4389343
2018-02-20,2,2.09,1.99,2.05,0.05,+2.50%,3343150
2018-02-19,1.985,2.01,1.96,2,0.035,+1.78%,1908308
2018-02-16,1.93,1.975,1.93,1.965,0.075,+3.97%,4289522
2018-02-15,1.855,1.897,1.845,1.89,0.07,+3.85%,4148204
2018-02-14,1.865,1.88,1.77,1.82,-0.03,-1.62%,4054325
2018-02-13,1.855,1.89,1.84,1.85,0.035,+1.93%,3857166
2018-02-12,1.825,1.835,1.79,1.815,0,0.00%,3533142
2018-02-09,1.8,1.84,1.785,1.815,-0.06,-3.20%,6322726
2018-02-08,1.9,1.928,1.852,1.875,-0.025,-1.32%,3207695
2018-02-07,1.88,1.94,1.875,1.9,0.08,+4.40%,4953577
2018-02-06,1.89,1.925,1.81,1.82,-0.175,-8.77%,8303166
2018-02-05,2.04,2.04,1.99,1.995,-0.105,-5.00%,8056919
2018-02-02,2.07,2.11,2.06,2.1,0.02,+0.96%,2103942
2018-02-01,2.15,2.15,2.05,2.08,-0.08,-3.70%,1819944
2018-01-31,2.08,2.16,2.03,2.16,0.05,+2.37%,3753140
2018-01-30,2.14,2.14,2.09,2.11,-0.03,-1.40%,2636766
2018-01-29,2.13,2.145,2.095,2.14,0.02,+0.94%,1248450
2018-01-25,2.12,2.16,2.1,2.12,-0.01,-0.47%,2249535
2018-01-24,2.18,2.19,2.1,2.13,-0.05,-2.29%,3389888
2018-01-23,2.09,2.18,2.06,2.18,0.15,+7.39%,6045506
2018-01-22,2.05,2.07,2,2.03,0.02,+1.00%,3255143
2018-01-19,2.06,2.1,1.995,2.01,-0.05,-2.43%,2934283
2018-01-18,2.14,2.15,2.02,2.06,-0.07,-3.29%,3511308
2018-01-17,2.22,2.22,2.12,2.13,-0.09,-4.05%,2793564
2018-01-16,2.21,2.25,2.19,2.22,0.01,+0.45%,1806280
2018-01-15,2.25,2.25,2.2,2.21,-0.03,-1.34%,1137011
2018-01-12,2.21,2.26,2.21,2.24,0.04,+1.82%,1338775
2018-01-11,2.24,2.25,2.2,2.2,-0.04,-1.79%,1965972
2018-01-10,2.26,2.305,2.24,2.24,0,0.00%,4555943
2018-01-09,2.29,2.29,2.21,2.24,-0.03,-1.32%,5049447
2018-01-08,2.33,2.37,2.26,2.27,-0.06,-2.58%,3717462
2018-01-05,2.39,2.39,2.3,2.33,-0.03,-1.27%,3529359
2018-01-04,2.35,2.4,2.32,2.36,0.05,+2.16%,4463557
2018-01-03,2.25,2.36,2.23,2.31,0.07,+3.13%,5095339
2018-01-02,2.2,2.24,2.18,2.24,0.06,+2.75%,1721333
2017-12-29,2.18,2.21,2.17,2.18,-0.01,-0.46%,3481451
2017-12-28,2.19,2.2,2.17,2.19,0.02,+0.92%,2322417
2017-12-27,2.06,2.19,2.04,2.17,0.13,+6.37%,3035929
2017-12-22,2.06,2.07,1.995,2.04,-0.02,-0.97%,2626485
2017-12-21,2.02,2.07,2.01,2.06,0.04,+1.98%,3475110
2017-12-20,1.955,2.02,1.945,2.02,0.07,+3.59%,3982763
2017-12-19,1.83,1.955,1.83,1.95,0.13,+7.14%,4388544
2017-12-18,1.7,1.83,1.7,1.82,0.09,+5.20%,4599171
2017-12-15,1.68,1.73,1.665,1.73,0.055,+3.28%,22907890
2017-12-14,1.64,1.685,1.635,1.675,0.005,+0.30%,5024260
2017-12-13,1.745,1.745,1.65,1.67,-0.08,-4.57%,4776988
2017-12-12,1.86,1.875,1.75,1.75,-0.105,-5.66%,2423249
2017-12-11,1.8,1.88,1.75,1.855,0.08,+4.51%,3196770
2017-12-08,1.8,1.805,1.725,1.775,0.02,+1.14%,5186069
2017-12-07,1.635,1.755,1.62,1.755,0.105,+6.36%,2973379
2017-12-06,1.79,1.8,1.65,1.65,-0.155,-8.59%,4730035
2017-12-05,1.8,1.825,1.7,1.805,-0.025,-1.37%,2424918
2017-12-04,1.925,1.955,1.81,1.83,-0.08,-4.19%,3011671
2017-12-01,2.02,2.02,1.9,1.91,-0.11,-5.45%,2929414
2017-11-30,2.02,2.085,2,2.02,-0.03,-1.46%,11570031
2017-11-29,2.15,2.15,2,2.05,-0.1,-4.65%,3676587
2017-11-28,2.1,2.2,2.1,2.15,0,0.00%,3304775
2017-11-27,2.05,2.15,2.05,2.15,0.1,+4.88%,3769161
2017-11-24,2.05,2.07,2,2.05,0,0.00%,1392065
2017-11-23,2.05,2.1,2.02,2.05,-0.05,-2.38%,29989076
2017-11-22,2.05,2.1,2.05,2.1,0.05,+2.44%,2116307
2017-11-21,2.05,2.1,2.05,2.05,0,0.00%,1116844
2017-11-20,2.05,2.1,2.05,2.05,0,0.00%,1777791
2017-11-17,2.05,2.1,2.02,2.05,0.05,+2.50%,2159877
2017-11-16,2,2.05,2,2,0,0.00%,1828569
2017-11-15,2.05,2.1,2,2,-0.1,-4.76%,2691711
2017-11-14,2,2.1,2,2.1,0.1,+5.00%,2526584
2017-11-13,2,2.05,1.95,2,0,0.00%,3037383
2017-11-10,2,2,1.9,2,0,0.00%,2386329
2017-11-09,1.9,2,1.85,2,0.1,+5.26%,2968568
2017-11-08,1.85,1.9,1.85,1.9,0.05,+2.70%,2164854
2017-11-07,1.9,1.9,1.85,1.85,-0.05,-2.63%,1504923
2017-11-06,1.9,1.9,1.85,1.9,0.05,+2.70%,2086057
2017-11-03,1.9,1.9,1.85,1.85,0,0.00%,2347245
2017-11-02,1.9,1.9,1.85,1.85,0,0.00%,2788599
2017-11-01,1.75,1.9,1.75,1.85,0.05,+2.78%,1846413
2017-10-31,1.8,1.8,1.75,1.8,0,0.00%,1725621
2017-10-30,1.85,1.9,1.75,1.8,-0.05,-2.70%,5302466
2017-10-27,1.95,2,1.85,1.85,-0.1,-5.13%,3919790
2017-10-26,1.95,1.98,1.9,1.95,0,0.00%,2038917
2017-10-25,2.05,2.05,1.95,1.95,-0.1,-4.88%,1553756
2017-10-24,1.95,2.05,1.95,2.05,0.1,+5.13%,3928742
2017-10-23,2,2.03,1.9,1.95,0,0.00%,3114266
2017-10-20,2,2.05,1.95,1.95,-0.05,-2.50%,3847140
2017-10-19,2.15,2.15,1.95,2,-0.2,-9.09%,5455953
2017-10-18,2.15,2.2,2.1,2.2,0,0.00%,16013178
2017-10-17,2.1,2.2,2.07,2.2,0.1,+4.76%,6902083
2017-10-16,2.15,2.2,2.07,2.1,0,0.00%,3328658
2017-10-13,2.25,2.3,2.1,2.1,-0.15,-6.67%,4407501
2017-10-12,2.2,2.3,2.15,2.25,0.1,+4.65%,3814481
2017-10-11,2.2,2.2,2.1,2.15,-0.1,-4.44%,4242533
2017-10-10,2.2,2.28,2.2,2.25,0.05,+2.27%,5219909
2017-10-09,2.1,2.2,2.05,2.2,0.15,+7.32%,17341580
2017-10-06,1.95,2.15,1.92,2.05,0.15,+7.89%,6577046
2017-10-05,1.95,1.95,1.9,1.9,0,0.00%,1829998
2017-10-04,1.9,1.95,1.87,1.9,0,0.00%,941002
2017-10-03,1.95,2,1.85,1.9,-0.05,-2.56%,2079023
2017-10-02,1.9,2,1.87,1.95,0,0.00%,1606199
2017-09-29,1.95,1.95,1.87,1.95,0,0.00%,2741040
2017-09-28,1.85,1.95,1.82,1.95,0.1,+5.41%,2436766
2017-09-27,1.8,1.85,1.75,1.85,0,0.00%,5635829
2017-09-26,1.85,1.9,1.85,1.85,-0.05,-2.63%,4150603
2017-09-25,1.85,1.9,1.8,1.9,0.1,+5.56%,6977493
2017-09-22,1.85,1.85,1.8,1.8,0,0.00%,2599024
2017-09-21,1.85,1.9,1.8,1.8,-0.05,-2.70%,1978251
2017-09-20,1.9,1.9,1.8,1.85,-0.05,-2.63%,6646233
2017-09-19,2.05,2.07,1.9,1.9,-0.15,-7.32%,6769798
2017-09-18,2.1,2.1,2,2.05,0,0.00%,3503696
2017-09-15,1.95,2.15,1.92,2.05,0.1,+5.13%,12734145
2017-09-14,1.95,1.95,1.85,1.95,0,0.00%,7013769
2017-09-13,1.95,2.03,1.9,1.95,-0.05,-2.50%,7777795
2017-09-12,2.1,2.1,1.95,2,-0.1,-4.76%,4464659
2017-09-11,2.05,2.1,2,2.1,0.1,+5.00%,4469155
2017-09-08,2,2.1,1.95,2,0.05,+2.56%,9365403
2017-09-07,1.95,2,1.9,1.95,0,0.00%,4789763
2017-09-06,1.8,1.95,1.75,1.95,0.1,+5.41%,5590869
2017-09-05,1.85,1.9,1.77,1.85,0,0.00%,2506830
2017-09-04,1.8,1.9,1.75,1.85,0.15,+8.82%,6070538
2017-09-01,1.55,1.75,1.55,1.7,0.15,+9.68%,7968405
2017-08-31,1.5,1.55,1.47,1.55,0.05,+3.33%,1780605
2017-08-30,1.5,1.55,1.5,1.5,-0.05,-3.23%,827921
2017-08-29,1.5,1.55,1.45,1.55,0,0.00%,3146501
2017-08-28,1.55,1.6,1.5,1.55,-0.05,-3.13%,6429930
2017-08-25,1.6,1.6,1.55,1.6,0,0.00%,1234175
2017-08-24,1.6,1.62,1.55,1.6,0,0.00%,1168813
2017-08-23,1.6,1.6,1.55,1.6,0.05,+3.23%,3482067
2017-08-22,1.5,1.6,1.5,1.55,0,0.00%,6535481
2017-08-21,1.5,1.55,1.45,1.55,0.05,+3.33%,2459833
2017-08-18,1.45,1.5,1.42,1.5,0.05,+3.45%,16363858
2017-08-17,1.4,1.45,1.4,1.45,0.1,+7.41%,5766707
2017-08-16,1.4,1.4,1.35,1.35,0,0.00%,2196929
2017-08-15,1.45,1.45,1.35,1.35,-0.05,-3.57%,2512079
2017-08-14,1.45,1.5,1.35,1.4,-0.05,-3.45%,1704065
2017-08-11,1.55,1.57,1.45,1.45,-0.15,-9.38%,3697446
2017-08-10,1.6,1.6,1.55,1.6,0,0.00%,3496406
2017-08-09,1.6,1.65,1.52,1.6,0.05,+3.23%,5044731
2017-08-08,1.55,1.6,1.52,1.55,0.05,+3.33%,5250200
2017-08-07,1.45,1.5,1.37,1.5,0.1,+7.14%,5841141
2017-08-04,1.35,1.42,1.25,1.4,0.05,+3.70%,7322081
2017-08-03,1.5,1.5,1.35,1.35,-0.25,-15.63%,6408093
2017-08-02,1.4,1.6,1.37,1.6,0.25,+18.52%,9152336
2017-08-01,1.35,1.38,1.3,1.35,0,0.00%,2857977
2017-07-31,1.35,1.4,1.3,1.35,0,0.00%,3919455
2017-07-28,1.25,1.35,1.2,1.35,0.1,+8.00%,4299912
2017-07-27,1.1,1.25,1.1,1.25,0.15,+13.64%,3219069
2017-07-26,1.05,1.15,1.05,1.1,0.05,+4.76%,1061192
2017-07-25,1.1,1.1,1.05,1.05,-0.05,-4.55%,364886
2017-07-24,1.1,1.1,1.07,1.1,0.05,+4.76%,439417
2017-07-21,1.15,1.15,1.05,1.05,-0.05,-4.55%,1359669
2017-07-20,1.1,1.12,1.05,1.1,0.05,+4.76%,1679640
2017-07-19,1.1,1.15,1.05,1.05,-0.05,-4.55%,335820
2017-07-18,1.1,1.15,1.05,1.1,0,0.00%,1350862
2017-07-17,1.05,1.12,1.05,1.1,0.05,+4.76%,2582186
2017-07-14,1.05,1.1,1,1.05,0,0.00%,968588
2017-07-13,1.1,1.1,1,1.05,-0.05,-4.55%,3727497
2017-07-12,1.25,1.25,1.1,1.1,0,0.00%,2989979
2017-07-11,1.15,1.2,1.1,1.1,0,0.00%,1014389
2017-07-10,1.2,1.2,1.1,1.1,-0.1,-8.33%,1742435
2017-07-07,1.15,1.2,1.1,1.2,0.05,+4.35%,1086490
2017-07-06,1.2,1.2,1.12,1.15,-0.05,-4.17%,1680428
2017-07-05,1.2,1.25,1.15,1.2,0.1,+9.09%,2092524
2017-07-04,1.15,1.17,1.05,1.1,-0.05,-4.35%,1555341
2017-07-03,1.05,1.15,1.05,1.15,0.1,+9.52%,1346535
2017-06-30,1.05,1.1,1,1.05,0,0.00%,1298983
2017-06-29,1,1.08,0.99,1.05,0.05,+5.00%,1435530
2017-06-28,1,1.05,1,1,0,0.00%,626374
2017-06-27,0.99,1.05,0.97,1,0,0.00%,1913432
2017-06-26,1,1.05,0.99,1,0,0.00%,1614621
2017-06-23,0.95,1.02,0.95,1,0.05,+5.26%,3181722
2017-06-22,0.91,0.95,0.91,0.95,0.04,+4.40%,792023
2017-06-21,0.92,0.93,0.91,0.91,-0.01,-1.09%,393349
2017-06-20,0.94,0.94,0.91,0.92,-0.01,-1.08%,704506
2017-06-19,0.95,0.97,0.91,0.93,-0.01,-1.06%,1450234
2017-06-16,0.9,0.98,0.89,0.94,0.05,+5.62%,2712895
2017-06-15,0.91,0.91,0.88,0.89,-0.02,-2.20%,666397
2017-06-14,0.87,0.93,0.86,0.91,0.05,+5.81%,1523556
2017-06-13,0.87,0.87,0.85,0.86,0,0.00%,453023
2017-06-09,0.84,0.86,0.84,0.86,0.02,+2.38%,429327
2017-06-08,0.84,0.86,0.83,0.84,0.01,+1.20%,403966
2017-06-07,0.84,0.84,0.83,0.83,0,0.00%,491336
2017-06-06,0.84,0.84,0.82,0.83,0,0.00%,429463
2017-06-05,0.83,0.85,0.82,0.83,0.01,+1.22%,329938
2017-06-02,0.82,0.84,0.81,0.82,0,0.00%,970632
2017-06-01,0.83,0.84,0.8,0.82,-0.03,-3.53%,1038472
2017-05-31,0.85,0.86,0.84,0.85,-0.01,-1.16%,136258
2017-05-30,0.86,0.88,0.81,0.86,-0.01,-1.15%,829491
2017-05-29,0.82,0.88,0.82,0.87,0.06,+7.41%,1673741
2017-05-26,0.81,0.83,0.81,0.81,-0.01,-1.22%,294381
2017-05-25,0.82,0.82,0.81,0.82,0.01,+1.23%,314967
2017-05-24,0.81,0.82,0.81,0.81,0,0.00%,176175
2017-05-23,0.81,0.83,0.81,0.81,-0.01,-1.22%,484905
2017-05-22,0.81,0.83,0.81,0.82,0.02,+2.50%,303744
2017-05-19,0.81,0.82,0.8,0.8,0,0.00%,288080
2017-05-18,0.81,0.81,0.79,0.8,-0.02,-2.44%,302998
2017-05-17,0.81,0.82,0.8,0.82,0.01,+1.23%,428160
2017-05-16,0.82,0.83,0.81,0.81,0,0.00%,308428
2017-05-15,0.8,0.82,0.8,0.81,0.03,+3.85%,434577
2017-05-12,0.8,0.82,0.78,0.78,-0.01,-1.27%,995922
2017-05-11,0.79,0.8,0.79,0.79,0.01,+1.28%,256101
2017-05-10,0.78,0.81,0.77,0.78,0,0.00%,586484
2017-05-09,0.78,0.8,0.75,0.78,0,0.00%,2140833
2017-05-08,0.83,0.84,0.76,0.78,-0.05,-6.02%,1965283
2017-05-05,0.84,0.84,0.81,0.83,-0.01,-1.19%,807338
2017-05-04,0.85,0.85,0.83,0.84,-0.01,-1.18%,850302
2017-05-03,0.87,0.89,0.85,0.85,0,0.00%,936544
2017-05-02,0.87,0.88,0.85,0.85,-0.01,-1.16%,1259848
2017-05-01,0.92,0.93,0.86,0.86,-0.05,-5.49%,1603729
2017-04-28,0.94,0.94,0.91,0.91,-0.02,-2.15%,488789
2017-04-27,0.98,0.98,0.91,0.93,-0.05,-5.10%,1514214
2017-04-26,0.95,1.05,0.95,0.98,0.09,+10.11%,5346285
2017-04-24,0.89,0.91,0.88,0.89,0.01,+1.14%,578797
2017-04-21,0.86,0.89,0.85,0.88,0.04,+4.76%,692561
2017-04-20,0.82,0.86,0.82,0.84,0.02,+2.44%,563290
2017-04-19,0.84,0.84,0.8,0.82,-0.03,-3.53%,1845099
2017-04-18,0.88,0.89,0.85,0.85,-0.03,-3.41%,816948
2017-04-13,0.89,0.89,0.86,0.88,-0.01,-1.12%,800289
2017-04-12,0.9,0.9,0.86,0.89,0,0.00%,827232
2017-04-11,0.9,0.9,0.88,0.89,0,0.00%,249984
2017-04-10,0.91,0.91,0.88,0.89,-0.01,-1.11%,861021
2017-04-07,0.93,0.94,0.9,0.9,-0.02,-2.17%,986398
2017-04-06,0.93,0.93,0.91,0.92,-0.02,-2.13%,439558
2017-04-05,0.96,0.96,0.93,0.94,-0.01,-1.05%,517237
2017-04-04,0.92,0.98,0.92,0.95,0.03,+3.26%,2542925
2017-04-03,0.92,0.93,0.91,0.92,0,0.00%,289163
2017-03-31,0.9,0.93,0.9,0.92,0.03,+3.37%,641190
2017-03-30,0.89,0.9,0.88,0.89,0,0.00%,507946
2017-03-29,0.9,0.9,0.87,0.89,-0.01,-1.11%,755413
2017-03-28,0.91,0.91,0.89,0.9,-0.01,-1.10%,401489
2017-03-27,0.92,0.94,0.89,0.91,-0.01,-1.09%,947633
2017-03-24,0.92,0.93,0.91,0.92,-0.01,-1.08%,406973
2017-03-23,0.93,0.95,0.9,0.93,-0.02,-2.11%,1631348
2017-03-22,0.96,0.99,0.92,0.95,-0.05,-5.00%,3080680
2017-03-21,0.9,1.05,0.88,1,0.1,+11.11%,14751374
2017-03-20,0.9,0.92,0.9,0.9,0.01,+1.12%,981473
2017-03-17,0.93,0.93,0.89,0.89,-0.03,-3.26%,3558918
2017-03-16,0.92,0.94,0.92,0.92,-0.01,-1.08%,549733
2017-03-15,0.92,0.93,0.91,0.93,0,0.00%,556089
2017-03-14,0.95,0.95,0.91,0.93,-0.02,-2.11%,710976
2017-03-13,0.95,0.96,0.92,0.95,0.01,+1.06%,1248183
2017-03-10,0.95,0.96,0.92,0.94,0.01,+1.08%,1134842
2017-03-09,0.93,0.97,0.92,0.93,0.01,+1.09%,972628
2017-03-08,0.98,1.05,0.9,0.92,-0.04,-4.17%,3043398
2017-03-07,1,1.05,0.96,0.96,-0.09,-8.57%,2440546
2017-03-06,1.05,1.1,1,1.05,0,0.00%,608572
2017-03-03,1.05,1.1,1,1.05,-0.05,-4.55%,1299431
2017-03-02,1.1,1.12,1.05,1.1,0.05,+4.76%,921729
2017-03-01,1.15,1.15,1.05,1.05,-0.1,-8.70%,2045017
2017-02-28,1.15,1.25,1.12,1.15,0,0.00%,2356523
2017-02-27,1.2,1.2,1.12,1.15,0,0.00%,832894
2017-02-24,1.2,1.2,1.12,1.15,-0.05,-4.17%,827143
2017-02-23,1.05,1.25,1.05,1.2,0.15,+14.29%,2543388
2017-02-22,1.2,1.2,1.05,1.05,-0.15,-12.50%,3202166
2017-02-21,1.3,1.32,1.2,1.2,-0.15,-11.11%,2930644
2017-02-20,1.35,1.4,1.27,1.35,0,0.00%,3932631
2017-02-17,1.2,1.35,1.15,1.35,0.15,+12.50%,3662776
2017-02-16,1.2,1.23,1.1,1.2,0,0.00%,2552222
2017-02-15,1.15,1.23,1.1,1.2,0.1,+9.09%,3137724
2017-02-14,1.05,1.15,0.99,1.1,0.05,+4.76%,3479651
2017-02-13,0.93,1.05,0.92,1.05,0.13,+14.13%,5510889
2017-02-10,0.91,0.93,0.89,0.92,0,0.00%,2609074
2017-02-09,0.96,0.97,0.91,0.92,-0.03,-3.16%,3535131
2017-02-08,0.96,0.98,0.94,0.95,-0.01,-1.04%,2751865
2017-02-07,0.95,0.97,0.94,0.96,0.02,+2.13%,1587599
2017-02-06,0.96,0.97,0.93,0.94,0.01,+1.08%,1521721
2017-02-03,0.91,1,0.91,0.93,0.02,+2.20%,7638115
2017-02-02,0.88,0.92,0.88,0.91,0.05,+5.81%,2728118
2017-02-01,0.85,0.86,0.85,0.86,0.01,+1.18%,559529
2017-01-31,0.86,0.86,0.84,0.85,-0.01,-1.16%,457917
2017-01-30,0.88,0.88,0.83,0.86,-0.01,-1.15%,1499118
2017-01-27,0.86,0.87,0.84,0.87,0.03,+3.57%,1894920
2017-01-25,0.88,0.88,0.83,0.84,-0.04,-4.55%,1906241
2017-01-24,0.83,0.9,0.83,0.88,0.07,+8.64%,5426557
2017-01-23,0.8,0.82,0.79,0.81,0,0.00%,789892
2017-01-20,0.81,0.81,0.79,0.81,0,0.00%,322356
2017-01-19,0.81,0.81,0.79,0.81,0.01,+1.25%,320593
2017-01-18,0.81,0.81,0.79,0.8,0,0.00%,368811
2017-01-17,0.8,0.81,0.79,0.8,0,0.00%,867633
2017-01-16,0.82,0.85,0.78,0.8,-0.02,-2.44%,2112856
2017-01-13,0.8,0.84,0.79,0.82,0.02,+2.50%,1317110
2017-01-12,0.81,0.83,0.79,0.8,-0.01,-1.23%,1460814
2017-01-11,0.77,0.81,0.76,0.81,0.03,+3.85%,1502714
2017-01-10,0.82,0.83,0.76,0.78,-0.04,-4.88%,2734711
2017-01-09,0.83,0.85,0.81,0.82,0.01,+1.23%,2088495
2017-01-06,0.78,0.82,0.77,0.81,0.05,+6.58%,2454035
2017-01-05,0.72,0.77,0.72,0.76,0.04,+5.56%,2681788
2017-01-04,0.72,0.73,0.71,0.72,0,0.00%,469177
2017-01-03,0.73,0.73,0.72,0.72,-0.01,-1.37%,310975
2016-12-30,0.71,0.73,0.7,0.73,0.02,+2.82%,345874
2016-12-29,0.7,0.72,0.7,0.71,0.01,+1.43%,228254
2016-12-28,0.7,0.7,0.68,0.7,0,0.00%,349578
2016-12-23,0.7,0.71,0.69,0.7,0,0.00%,368105
2016-12-22,0.7,0.72,0.7,0.7,-0.01,-1.41%,305695
2016-12-21,0.73,0.73,0.69,0.71,-0.01,-1.39%,1037899
2016-12-20,0.69,0.74,0.69,0.72,0.02,+2.86%,1153403
2016-12-19,0.69,0.71,0.68,0.7,0.01,+1.45%,537913
2016-12-16,0.68,0.69,0.67,0.69,0.01,+1.47%,382486
2016-12-15,0.67,0.68,0.66,0.68,0,0.00%,656055
2016-12-14,0.68,0.68,0.67,0.68,0,0.00%,970511
2016-12-13,0.69,0.69,0.67,0.68,-0.01,-1.45%,1278602
2016-12-12,0.73,0.75,0.68,0.69,-0.03,-4.17%,2488605
2016-12-09,0.69,0.72,0.67,0.72,0.04,+5.88%,2006738
2016-12-08,0.67,0.69,0.66,0.68,0.01,+1.49%,416366
2016-12-07,0.64,0.67,0.64,0.67,0.03,+4.69%,473566
2016-12-06,0.64,0.67,0.64,0.64,0.01,+1.59%,491468
2016-12-05,0.64,0.65,0.63,0.63,0,0.00%,325087
2016-12-02,0.65,0.66,0.62,0.63,-0.02,-3.08%,888112
2016-12-01,0.67,0.67,0.65,0.65,-0.02,-2.99%,599697
2016-11-30,0.66,0.67,0.66,0.67,-0.01,-1.47%,763788
2016-11-29,0.71,0.71,0.68,0.68,-0.02,-2.86%,1158687
2016-11-28,0.69,0.72,0.68,0.7,0.02,+2.94%,963838
2016-11-25,0.68,0.69,0.67,0.68,0.03,+4.62%,1834596
2016-11-24,0.66,0.7,0.65,0.65,0.02,+3.17%,3036326
2016-11-23,0.61,0.64,0.61,0.63,0.03,+5.00%,907971
2016-11-22,0.61,0.61,0.6,0.6,0.01,+1.69%,365720
2016-11-21,0.61,0.62,0.59,0.59,0,0.00%,456795
2016-11-18,0.61,0.62,0.59,0.59,-0.02,-3.28%,704505
2016-11-17,0.63,0.63,0.6,0.61,0,0.00%,549717
2016-11-16,0.64,0.65,0.61,0.61,-0.03,-4.69%,846075
2016-11-15,0.65,0.65,0.63,0.64,0.02,+3.23%,571716
2016-11-14,0.65,0.67,0.62,0.62,-0.02,-3.13%,1408458
2016-11-11,0.58,0.65,0.58,0.64,0.07,+12.28%,2033720
2016-11-10,0.59,0.59,0.57,0.57,0.01,+1.79%,463044
2016-11-09,0.6,0.6,0.56,0.56,-0.01,-1.75%,1428288
2016-11-08,0.6,0.6,0.57,0.57,-0.03,-5.00%,523098
2016-11-07,0.59,0.6,0.57,0.6,0.04,+7.14%,644945
2016-11-04,0.55,0.6,0.54,0.56,0.02,+3.70%,1659805
2016-11-03,0.56,0.56,0.54,0.54,-0.01,-1.82%,332004
2016-11-02,0.56,0.56,0.54,0.55,-0.01,-1.79%,1005548
2016-11-01,0.57,0.57,0.54,0.56,0,0.00%,899440
2016-10-31,0.59,0.6,0.56,0.56,-0.02,-3.45%,1042646
2016-10-28,0.6,0.63,0.58,0.58,-0.02,-3.33%,1201857
2016-10-27,0.62,0.64,0.58,0.6,-0.06,-9.09%,2285148
2016-10-26,0.55,0.67,0.55,0.66,0.13,+24.53%,5393217
2016-10-24,0.54,0.54,0.52,0.53,-0.02,-3.64%,553559
2016-10-21,0.54,0.55,0.52,0.55,0.01,+1.85%,1523764
2016-10-20,0.55,0.55,0.54,0.54,-0.01,-1.82%,257987
2016-10-19,0.55,0.55,0.54,0.55,0.01,+1.85%,416396
2016-10-18,0.55,0.55,0.54,0.54,0,0.00%,550597
2016-10-17,0.56,0.56,0.54,0.54,-0.02,-3.57%,293460
2016-10-14,0.55,0.56,0.54,0.56,0.01,+1.82%,376211
2016-10-13,0.55,0.56,0.54,0.55,0,0.00%,494774
2016-10-12,0.57,0.57,0.55,0.55,-0.02,-3.51%,410934
2016-10-11,0.56,0.57,0.55,0.57,0.02,+3.64%,430964
2016-10-10,0.56,0.56,0.55,0.55,0,0.00%,228008
2016-10-07,0.56,0.56,0.55,0.55,0,0.00%,89034
2016-10-06,0.56,0.56,0.55,0.55,0,0.00%,380748
2016-10-05,0.55,0.56,0.55,0.55,0.01,+1.85%,926221
2016-10-04,0.54,0.55,0.54,0.54,0,0.00%,532529
2016-10-03,0.55,0.55,0.54,0.54,-0.01,-1.82%,705185
2016-09-30,0.57,0.57,0.54,0.55,-0.02,-3.51%,1523971
2016-09-29,0.61,0.62,0.53,0.57,-0.05,-8.06%,3484196
2016-09-28,0.62,0.63,0.61,0.62,0.01,+1.64%,336804
2016-09-27,0.61,0.62,0.61,0.61,0,0.00%,155180
2016-09-26,0.61,0.62,0.61,0.61,0,0.00%,235972
2016-09-23,0.62,0.63,0.61,0.61,-0.01,-1.61%,257798
2016-09-22,0.62,0.64,0.62,0.62,0.01,+1.64%,140494
2016-09-21,0.62,0.64,0.61,0.61,-0.01,-1.61%,477376
2016-09-20,0.62,0.64,0.61,0.62,0.01,+1.64%,158319
2016-09-19,0.63,0.65,0.61,0.61,-0.02,-3.17%,840108
2016-09-16,0.64,0.65,0.63,0.63,0,0.00%,1503730
2016-09-15,0.63,0.64,0.63,0.63,0.01,+1.61%,127732
2016-09-14,0.63,0.64,0.62,0.62,0,0.00%,428161
2016-09-13,0.62,0.63,0.62,0.62,-0.01,-1.59%,640931
2016-09-12,0.64,0.64,0.63,0.63,-0.02,-3.08%,464139
2016-09-09,0.65,0.66,0.64,0.65,0,0.00%,343258
2016-09-08,0.66,0.66,0.64,0.65,0,0.00%,237215
2016-09-07,0.66,0.67,0.65,0.65,-0.01,-1.52%,176133
2016-09-06,0.65,0.66,0.64,0.66,0.02,+3.13%,233905
2016-09-05,0.66,0.66,0.64,0.64,-0.02,-3.03%,293459
2016-09-02,0.65,0.67,0.64,0.66,0.03,+4.76%,815920
2016-09-01,0.63,0.63,0.62,0.63,0.01,+1.61%,144421
2016-08-31,0.64,0.64,0.62,0.62,-0.01,-1.59%,362671
2016-08-30,0.64,0.64,0.62,0.63,0,0.00%,283870
2016-08-29,0.64,0.64,0.62,0.63,0.01,+1.61%,298295
2016-08-26,0.66,0.66,0.61,0.62,-0.02,-3.13%,814941
2016-08-25,0.67,0.67,0.64,0.64,-0.03,-4.48%,649212
2016-08-24,0.67,0.69,0.66,0.67,0,0.00%,545243
2016-08-23,0.7,0.7,0.67,0.67,-0.02,-2.90%,308157
2016-08-22,0.7,0.71,0.69,0.69,-0.01,-1.43%,282059
2016-08-19,0.69,0.7,0.69,0.7,0,0.00%,118038
2016-08-18,0.68,0.7,0.67,0.7,0.02,+2.94%,182325
2016-08-17,0.68,0.69,0.67,0.68,0,0.00%,333482
2016-08-16,0.69,0.69,0.66,0.68,-0.01,-1.45%,1343990
2016-08-15,0.72,0.72,0.69,0.69,-0.02,-2.82%,1035105
2016-08-12,0.7,0.72,0.69,0.71,0.01,+1.43%,822487
2016-08-11,0.69,0.72,0.69,0.7,0.01,+1.45%,682907
2016-08-10,0.7,0.71,0.68,0.69,-0.02,-2.82%,459388
2016-08-09,0.71,0.72,0.7,0.71,0,0.00%,390759
2016-08-08,0.72,0.72,0.71,0.71,0,0.00%,447071
2016-08-05,0.73,0.73,0.7,0.71,-0.02,-2.74%,573113
2016-08-04,0.74,0.74,0.72,0.73,0.01,+1.39%,589563
2016-08-03,0.74,0.74,0.72,0.72,-0.01,-1.37%,352351
2016-08-02,0.74,0.75,0.73,0.73,0,0.00%,415494
2016-08-01,0.75,0.76,0.72,0.73,-0.02,-2.67%,980897
2016-07-29,0.76,0.76,0.74,0.75,-0.01,-1.32%,701480
2016-07-28,0.75,0.79,0.73,0.76,0.04,+5.56%,2420834
2016-07-27,0.71,0.74,0.71,0.72,0.01,+1.41%,386007
2016-07-26,0.7,0.71,0.69,0.71,0.03,+4.41%,621388
2016-07-25,0.71,0.72,0.68,0.68,-0.04,-5.56%,608564
2016-07-22,0.72,0.73,0.69,0.72,0,0.00%,870627
2016-07-21,0.73,0.75,0.72,0.72,-0.01,-1.37%,689337
2016-07-20,0.75,0.76,0.73,0.73,-0.02,-2.67%,849243
2016-07-19,0.86,0.86,0.75,0.75,-0.09,-10.71%,4030771
2016-07-18,0.82,0.9,0.81,0.84,0.08,+10.53%,5429564
2016-07-15,0.73,0.76,0.71,0.76,0.05,+7.04%,2402296
2016-07-14,0.71,0.73,0.69,0.71,0.02,+2.90%,977006
2016-07-13,0.68,0.7,0.68,0.69,0.01,+1.47%,612826
2016-07-12,0.67,0.69,0.67,0.68,0.02,+3.03%,676393
2016-07-11,0.67,0.68,0.65,0.66,0.02,+3.13%,452752
2016-07-08,0.63,0.66,0.63,0.64,0.01,+1.59%,864267
2016-07-07,0.7,0.7,0.63,0.63,-0.05,-7.35%,1557729
2016-07-06,0.62,0.72,0.61,0.68,0.1,+17.24%,4066171
2016-07-05,0.56,0.58,0.56,0.58,0.02,+3.57%,273201
2016-07-04,0.57,0.58,0.56,0.56,-0.01,-1.75%,296889
2016-07-01,0.54,0.57,0.54,0.57,0.04,+7.55%,644022
2016-06-30,0.53,0.54,0.51,0.53,0.02,+3.92%,2139734
2016-06-29,0.59,0.59,0.48,0.51,-0.07,-12.07%,4831529
2016-06-28,0.6,0.62,0.58,0.58,-0.03,-4.92%,1025202
2016-06-27,0.61,0.62,0.6,0.61,-0.01,-1.61%,461629
2016-06-24,0.62,0.63,0.61,0.62,-0.01,-1.59%,561835
2016-06-23,0.63,0.64,0.62,0.63,0,0.00%,652880
2016-06-22,0.64,0.65,0.63,0.63,-0.02,-3.08%,455584
2016-06-21,0.65,0.66,0.63,0.65,-0.01,-1.52%,559220
2016-06-20,0.65,0.66,0.63,0.66,0,0.00%,972667
2016-06-17,0.65,0.66,0.64,0.66,0,0.00%,1187047
2016-06-16,0.67,0.68,0.64,0.66,-0.01,-1.49%,1008543
2016-06-15,0.69,0.69,0.67,0.67,0,0.00%,301143
2016-06-14,0.68,0.69,0.67,0.67,-0.01,-1.47%,1008284
2016-06-10,0.68,0.68,0.66,0.68,0.01,+1.49%,322792
2016-06-09,0.69,0.71,0.66,0.67,-0.01,-1.47%,1024671
2016-06-08,0.65,0.68,0.64,0.68,0.04,+6.25%,1236695
2016-06-07,0.65,0.66,0.64,0.64,-0.02,-3.03%,671373
2016-06-06,0.65,0.67,0.65,0.66,0.01,+1.54%,351169
2016-06-03,0.67,0.68,0.65,0.65,-0.02,-2.99%,749582
2016-06-02,0.68,0.68,0.67,0.67,-0.01,-1.47%,460905
2016-06-01,0.67,0.69,0.67,0.68,-0.01,-1.45%,345072
2016-05-31,0.69,0.69,0.67,0.69,0.01,+1.47%,551334
2016-05-30,0.7,0.7,0.68,0.68,-0.02,-2.86%,518770
2016-05-27,0.69,0.7,0.68,0.7,0,0.00%,244215
2016-05-26,0.69,0.7,0.67,0.7,0.01,+1.45%,923367
2016-05-25,0.71,0.71,0.69,0.69,-0.01,-1.43%,424092
2016-05-24,0.71,0.74,0.7,0.7,-0.01,-1.41%,1403957
2016-05-23,0.69,0.71,0.69,0.71,0.02,+2.90%,482336
2016-05-20,0.68,0.69,0.68,0.69,0.01,+1.47%,543857
2016-05-19,0.71,0.71,0.68,0.68,0,0.00%,707849
2016-05-18,0.7,0.7,0.68,0.68,-0.02,-2.86%,805848
2016-05-17,0.71,0.72,0.69,0.7,-0.01,-1.41%,617066
2016-05-16,0.71,0.71,0.69,0.71,-0.01,-1.39%,1132072
2016-05-13,0.69,0.72,0.68,0.72,0.03,+4.35%,1051051
2016-05-12,0.68,0.69,0.67,0.69,0,0.00%,601806
2016-05-11,0.68,0.69,0.67,0.69,0.02,+2.99%,402496
2016-05-10,0.68,0.68,0.66,0.67,-0.02,-2.90%,745769
2016-05-09,0.67,0.69,0.66,0.69,0.03,+4.55%,839467
2016-05-06,0.66,0.68,0.64,0.66,0.01,+1.54%,596576
2016-05-05,0.65,0.66,0.64,0.65,-0.02,-2.99%,949612
2016-05-04,0.64,0.67,0.63,0.67,0.03,+4.69%,695789
2016-05-03,0.67,0.67,0.62,0.64,-0.03,-4.48%,2087441
2016-05-02,0.74,0.74,0.64,0.67,-0.08,-10.67%,4030906
2016-04-29,0.78,0.78,0.73,0.75,-0.06,-7.41%,2857141
2016-04-28,0.8,0.81,0.79,0.81,0.01,+1.25%,411124
2016-04-27,0.8,0.81,0.79,0.8,0,0.00%,629187
2016-04-26,0.82,0.82,0.8,0.8,-0.02,-2.44%,479535
2016-04-22,0.8,0.82,0.8,0.82,0.02,+2.50%,312606
2016-04-21,0.8,0.82,0.79,0.8,0.01,+1.27%,332294
2016-04-20,0.81,0.82,0.79,0.79,-0.01,-1.25%,761696
2016-04-19,0.8,0.82,0.79,0.8,0.01,+1.27%,436619
2016-04-18,0.8,0.8,0.79,0.79,-0.02,-2.47%,435739
2016-04-15,0.84,0.84,0.8,0.81,-0.02,-2.41%,756619
2016-04-14,0.85,0.87,0.83,0.83,0,0.00%,790810
2016-04-13,0.84,0.84,0.82,0.83,-0.01,-1.19%,472119
2016-04-12,0.81,0.84,0.81,0.84,0.04,+5.00%,488239
2016-04-11,0.81,0.82,0.79,0.8,-0.01,-1.23%,406304
2016-04-08,0.82,0.83,0.8,0.81,-0.02,-2.41%,729515
2016-04-07,0.87,0.89,0.82,0.83,-0.03,-3.49%,1885333
2016-04-06,0.81,0.86,0.81,0.86,0.05,+6.17%,2341146
2016-04-05,0.8,0.83,0.8,0.81,0.02,+2.53%,1244830
2016-04-04,0.78,0.82,0.77,0.79,0.01,+1.28%,947200
2016-04-01,0.78,0.79,0.77,0.78,0,0.00%,164412
2016-03-31,0.77,0.79,0.76,0.78,0.01,+1.30%,448265
2016-03-30,0.78,0.78,0.77,0.77,0,0.00%,78890
2016-03-29,0.78,0.79,0.77,0.77,0,0.00%,247594
2016-03-24,0.77,0.79,0.76,0.77,0,0.00%,400835
2016-03-23,0.77,0.79,0.76,0.77,0.01,+1.32%,587631
2016-03-22,0.81,0.82,0.76,0.76,-0.05,-6.17%,1466291
2016-03-21,0.81,0.82,0.8,0.81,-0.02,-2.41%,381816
2016-03-18,0.81,0.83,0.79,0.83,0.03,+3.75%,1355375
2016-03-17,0.79,0.82,0.79,0.8,0.02,+2.56%,615614
2016-03-16,0.77,0.79,0.76,0.78,0.02,+2.63%,586705
2016-03-15,0.78,0.79,0.75,0.76,-0.03,-3.80%,663694
2016-03-14,0.76,0.8,0.75,0.79,0.04,+5.33%,812731
2016-03-11,0.76,0.76,0.73,0.75,-0.01,-1.32%,1220501
2016-03-10,0.82,0.84,0.75,0.76,-0.05,-6.17%,2065354
2016-03-09,0.85,0.85,0.81,0.81,-0.03,-3.57%,678546
2016-03-08,0.89,0.89,0.83,0.84,-0.03,-3.45%,1098964
2016-03-07,0.91,0.93,0.85,0.87,-0.01,-1.14%,1654122
2016-03-04,0.94,0.94,0.87,0.88,-0.04,-4.35%,2191550
2016-03-03,0.8,0.93,0.8,0.92,0.14,+17.95%,3946725
2016-03-02,0.75,0.8,0.74,0.78,0.04,+5.41%,1653081
2016-03-01,0.73,0.75,0.72,0.74,0.02,+2.78%,456720
2016-02-29,0.73,0.75,0.72,0.72,-0.01,-1.37%,607355
2016-02-26,0.74,0.74,0.72,0.73,0.01,+1.39%,524677
2016-02-25,0.77,0.78,0.72,0.72,-0.04,-5.26%,938635
2016-02-24,0.77,0.78,0.76,0.76,-0.01,-1.30%,420145
2016-02-23,0.79,0.79,0.76,0.77,0,0.00%,444408
2016-02-22,0.78,0.8,0.77,0.77,-0.03,-3.75%,670200
2016-02-19,0.79,0.8,0.76,0.8,0,0.00%,672346
2016-02-18,0.78,0.82,0.77,0.8,0.05,+6.67%,1439202
2016-02-17,0.78,0.78,0.75,0.75,-0.02,-2.60%,412349
2016-02-16,0.75,0.78,0.74,0.77,0.04,+5.48%,836252
2016-02-15,0.75,0.75,0.72,0.73,-0.01,-1.35%,639973
2016-02-12,0.76,0.78,0.73,0.74,-0.04,-5.13%,1088025
2016-02-11,0.73,0.79,0.72,0.78,0.07,+9.86%,1359722
2016-02-10,0.77,0.78,0.69,0.71,-0.07,-8.97%,2678203
2016-02-09,0.81,0.81,0.76,0.78,-0.05,-6.02%,2413758
2016-02-08,0.88,0.89,0.79,0.83,-0.06,-6.74%,2528378
2016-02-05,0.92,0.93,0.89,0.89,-0.03,-3.26%,708479
2016-02-04,0.92,0.92,0.88,0.92,0.01,+1.10%,1224778
2016-02-03,0.92,0.93,0.91,0.91,-0.02,-2.15%,804036
2016-02-02,0.93,0.93,0.92,0.93,0,0.00%,570785
2016-02-01,0.96,0.97,0.92,0.93,-0.02,-2.11%,822364
2016-01-29,0.92,0.96,0.92,0.95,0.01,+1.06%,1766299
2016-01-28,0.92,0.94,0.91,0.94,-0.02,-2.08%,1502019
2016-01-27,1,1.02,0.94,0.96,0.03,+3.23%,2806381
2016-01-25,0.93,0.94,0.92,0.93,0.01,+1.09%,635733
2016-01-22,0.93,0.93,0.91,0.92,0.01,+1.10%,717376
2016-01-21,0.92,0.94,0.9,0.91,0.01,+1.11%,1165241
2016-01-20,0.96,0.97,0.9,0.9,-0.07,-7.22%,1490735
2016-01-19,0.97,0.98,0.95,0.97,-0.02,-2.02%,1041400
2016-01-18,0.96,0.99,0.95,0.99,0,0.00%,683002
2016-01-15,0.98,1.02,0.97,0.99,0.02,+2.06%,1543099
2016-01-14,0.93,0.99,0.91,0.97,0.03,+3.19%,1667684
2016-01-13,0.97,0.98,0.94,0.94,-0.02,-2.08%,819172
2016-01-12,0.99,1.02,0.95,0.96,-0.04,-4.00%,1955460
2016-01-11,0.92,1.02,0.92,1,0.03,+3.09%,1979086
2016-01-08,0.87,0.97,0.85,0.97,0.06,+6.59%,2160762
2016-01-07,0.98,0.98,0.88,0.91,-0.09,-9.00%,2594470
2016-01-06,1.05,1.1,0.98,1,0.1,+11.11%,3725532
2016-01-05,0.89,0.95,0.85,0.9,-0.03,-3.23%,2463559
2016-01-04,0.99,0.99,0.93,0.93,-0.06,-6.06%,1931318
2015-12-31,1,1.02,0.97,0.99,-0.01,-1.00%,1913127
2015-12-30,0.95,1.02,0.94,1,0.07,+7.53%,3562732
2015-12-29,0.89,0.93,0.88,0.93,0.06,+6.90%,2160686
2015-12-24,0.85,0.89,0.85,0.87,0,0.00%,1047960
2015-12-23,0.95,0.97,0.87,0.87,-0.01,-1.14%,5660185
2015-12-22,0.79,0.89,0.79,0.88,0.13,+17.33%,5629753
2015-12-21,0.63,0.77,0.61,0.75,0.11,+17.19%,6191723
2015-12-18,0.76,0.79,0.62,0.64,-0.13,-16.88%,9111790
2015-12-17,0.8,0.84,0.75,0.77,0,0.00%,2354169
2015-12-16,0.92,0.93,0.76,0.77,-0.14,-15.38%,9553771
2015-12-15,1.1,1.12,0.88,0.91,-0.19,-17.27%,7083607
2015-12-14,1.15,1.15,1.07,1.1,-0.1,-8.33%,1826088
2015-12-11,1.1,1.25,1.1,1.2,0.1,+9.09%,1779708
2015-12-10,1.1,1.15,1.07,1.1,0,0.00%,1150227
2015-12-09,1.15,1.15,1.05,1.1,-0.05,-4.35%,2298654
2015-12-08,1.25,1.3,1.15,1.15,-0.1,-8.00%,2100176
2015-12-07,1.25,1.35,1.25,1.25,0.05,+4.17%,2686068
2015-12-04,1.2,1.25,1.15,1.2,-0.05,-4.00%,1874730
2015-12-03,1.25,1.3,1.22,1.25,0.05,+4.17%,2354342
2015-12-02,1.1,1.25,1.1,1.2,0.1,+9.09%,3768203
2015-12-01,1.1,1.15,1.05,1.1,-0.05,-4.35%,1780033
2015-11-30,1.2,1.2,1.05,1.15,-0.05,-4.17%,3060406
2015-11-27,1.35,1.4,1.15,1.2,-0.1,-7.69%,4195871
2015-11-26,1.25,1.42,1.25,1.3,0.1,+8.33%,6022408
2015-11-25,1.1,1.2,1.1,1.2,0.2,+20.00%,5209597
2015-11-24,0.94,1.05,0.92,1,0.08,+8.70%,7840932
2015-11-23,0.9,0.97,0.9,0.92,0.03,+3.37%,6276654
2015-11-20,0.87,0.9,0.83,0.89,0.02,+2.30%,2782280
2015-11-19,0.91,0.95,0.86,0.87,-0.01,-1.14%,5664979
2015-11-18,0.88,0.94,0.86,0.88,0.02,+2.33%,8041935
2015-11-17,0.79,0.87,0.79,0.86,0.08,+10.26%,4820836
2015-11-16,0.78,0.79,0.76,0.78,0,0.00%,1385588
2015-11-13,0.77,0.86,0.77,0.78,0,0.00%,7924549
2015-11-12,0.8,0.81,0.74,0.78,-0.01,-1.27%,3202506
2015-11-11,0.86,0.91,0.76,0.79,-0.05,-5.95%,8260906
2015-11-10,0.78,1,0.78,0.84,0.08,+10.53%,15212565
2015-11-09,0.69,0.77,0.69,0.76,0.09,+13.43%,5742007
2015-11-06,0.66,0.69,0.64,0.67,0.03,+4.69%,2295461
2015-11-05,0.65,0.69,0.63,0.64,-0.02,-3.03%,4795709
2015-11-04,0.59,0.67,0.59,0.66,0.07,+11.86%,5835444
2015-11-03,0.56,0.6,0.56,0.59,0.03,+5.36%,875301
2015-11-02,0.58,0.59,0.56,0.56,-0.02,-3.45%,705461
2015-10-30,0.59,0.59,0.58,0.58,0,0.00%,493336
2015-10-29,0.59,0.6,0.57,0.58,-0.01,-1.69%,622723
2015-10-28,0.6,0.6,0.57,0.59,0,0.00%,749377
2015-10-27,0.62,0.62,0.56,0.59,-0.02,-3.28%,1924545
2015-10-26,0.62,0.63,0.6,0.61,0.02,+3.39%,1955623
2015-10-23,0.6,0.66,0.58,0.59,0,0.00%,5974895
2015-10-22,0.52,0.62,0.51,0.59,0.08,+15.69%,6311165
2015-10-21,0.46,0.51,0.46,0.51,0.05,+10.87%,2269467
2015-10-20,0.45,0.46,0.44,0.46,0.01,+2.22%,854676
2015-10-19,0.44,0.45,0.43,0.45,0.02,+4.65%,1359756
2015-10-16,0.48,0.49,0.43,0.43,-0.04,-8.51%,2142497
2015-10-15,0.52,0.52,0.46,0.47,-0.01,-2.08%,6842281
2015-10-14,0.38,0.48,0.38,0.48,0.1,+26.32%,9705299
2015-10-13,0.4,0.4,0.37,0.38,-0.01,-2.56%,690751
2015-10-12,0.4,0.41,0.39,0.39,0,0.00%,1995195
2015-10-09,0.38,0.4,0.37,0.39,0.02,+5.41%,1255527
2015-10-08,0.37,0.39,0.37,0.37,0.01,+2.78%,1301995
2015-10-07,0.36,0.38,0.35,0.36,0.01,+2.86%,1064458
2015-10-06,0.35,0.36,0.34,0.35,0.01,+2.94%,1261259
2015-10-05,0.34,0.34,0.34,0.34,0,0.00%,202502
2015-10-02,0.34,0.34,0.33,0.34,0.01,+3.03%,589746
2015-10-01,0.33,0.34,0.33,0.33,0.01,+3.13%,418120
2015-09-30,0.34,0.34,0.32,0.32,-0.01,-3.03%,2277971
2015-09-29,0.35,0.35,0.33,0.33,-0.02,-5.71%,2849120
2015-09-28,0.37,0.38,0.35,0.35,-0.02,-5.41%,1849033
2015-09-25,0.37,0.37,0.36,0.37,0,0.00%,477076
2015-09-24,0.38,0.38,0.36,0.37,-0.01,-2.63%,1019957
2015-09-23,0.39,0.39,0.36,0.38,-0.01,-2.56%,1066171
2015-09-22,0.39,0.4,0.38,0.39,0.02,+5.41%,367095
2015-09-21,0.38,0.39,0.37,0.37,-0.01,-2.63%,325337
2015-09-18,0.4,0.41,0.37,0.38,-0.02,-5.00%,2150343
2015-09-17,0.4,0.41,0.39,0.4,0,0.00%,1208385
2015-09-16,0.39,0.41,0.39,0.4,0.01,+2.56%,681594
2015-09-15,0.39,0.39,0.38,0.39,0.01,+2.63%,291844
2015-09-14,0.41,0.41,0.38,0.38,-0.03,-7.32%,744043
2015-09-11,0.42,0.43,0.41,0.41,-0.01,-2.38%,1286265
2015-09-10,0.39,0.42,0.38,0.42,0.04,+10.53%,1524212
2015-09-09,0.39,0.39,0.38,0.38,0,0.00%,352101
2015-09-08,0.37,0.38,0.37,0.38,0.01,+2.70%,522158
2015-09-07,0.37,0.38,0.37,0.37,-0.01,-2.63%,119225
2015-09-04,0.37,0.38,0.37,0.38,0.01,+2.70%,196174
2015-09-03,0.37,0.38,0.37,0.37,0,0.00%,201384
2015-09-02,0.37,0.38,0.37,0.37,-0.01,-2.63%,283184
2015-09-01,0.38,0.38,0.37,0.38,0.01,+2.70%,507335
2015-08-31,0.39,0.39,0.37,0.37,-0.01,-2.63%,385719
2015-08-28,0.37,0.38,0.37,0.38,0.01,+2.70%,204892
2015-08-27,0.37,0.37,0.36,0.37,0.02,+5.71%,487380
2015-08-26,0.35,0.36,0.35,0.35,-0.01,-2.78%,275961
2015-08-25,0.35,0.36,0.33,0.36,0.01,+2.86%,1165887
2015-08-24,0.37,0.37,0.35,0.35,-0.02,-5.41%,870190
2015-08-21,0.37,0.38,0.36,0.37,0,0.00%,933431
2015-08-20,0.38,0.39,0.37,0.37,-0.01,-2.63%,859235
2015-08-19,0.41,0.41,0.37,0.38,-0.02,-5.00%,1198500
2015-08-18,0.4,0.41,0.39,0.4,0.01,+2.56%,1013768
2015-08-17,0.41,0.42,0.37,0.39,0.04,+11.43%,3559937
2015-08-14,0.36,0.37,0.35,0.35,-0.01,-2.78%,822516
2015-08-13,0.36,0.37,0.36,0.36,-0.01,-2.70%,144848
2015-08-12,0.35,0.37,0.35,0.37,0.02,+5.71%,938971
2015-08-11,0.34,0.36,0.34,0.35,0.01,+2.94%,360561
2015-08-10,0.36,0.36,0.34,0.34,-0.01,-2.86%,603807
2015-08-07,0.36,0.36,0.35,0.35,0,0.00%,350098
2015-08-06,0.36,0.36,0.35,0.35,0,0.00%,182208
2015-08-05,0.36,0.36,0.35,0.35,0,0.00%,417386
2015-08-04,0.36,0.36,0.35,0.35,0,0.00%,230230
2015-08-03,0.35,0.36,0.35,0.35,0,0.00%,322205
2015-07-31,0.36,0.37,0.35,0.35,-0.01,-2.78%,255739
2015-07-30,0.37,0.37,0.35,0.36,0.01,+2.86%,627667
2015-07-29,0.37,0.38,0.35,0.35,-0.02,-5.41%,976683
2015-07-28,0.39,0.39,0.37,0.37,-0.01,-2.63%,354526
2015-07-27,0.4,0.4,0.38,0.38,-0.02,-5.00%,263201
2015-07-24,0.38,0.4,0.38,0.4,0.02,+5.26%,581823
2015-07-23,0.38,0.38,0.37,0.38,0,0.00%,240223
2015-07-22,0.39,0.39,0.37,0.38,-0.01,-2.56%,383386
2015-07-21,0.38,0.39,0.37,0.39,0.02,+5.41%,670041
2015-07-20,0.39,0.39,0.36,0.37,-0.01,-2.63%,1569511
2015-07-17,0.46,0.47,0.38,0.38,0,0.00%,9800272
2015-07-16,0.42,0.44,0.38,0.38,-0.04,-9.52%,1329297
2015-07-15,0.39,0.43,0.39,0.42,0.03,+7.69%,2255666
2015-07-14,0.35,0.4,0.34,0.39,0.04,+11.43%,2869521
2015-07-13,0.33,0.35,0.33,0.35,0.02,+6.06%,473669
2015-07-10,0.34,0.34,0.33,0.33,-0.01,-2.94%,151830
2015-07-09,0.33,0.34,0.32,0.34,0.01,+3.03%,230351
2015-07-08,0.34,0.35,0.33,0.33,0,0.00%,841149
2015-07-07,0.35,0.35,0.33,0.33,-0.01,-2.94%,477012
2015-07-06,0.34,0.35,0.34,0.34,0,0.00%,291830
2015-07-03,0.36,0.36,0.34,0.34,-0.02,-5.56%,407061
2015-07-02,0.35,0.37,0.35,0.36,0,0.00%,770287
2015-07-01,0.34,0.36,0.33,0.36,0.02,+5.88%,895986
2015-06-30,0.33,0.34,0.31,0.34,0.01,+3.03%,1409472
2015-06-29,0.34,0.35,0.33,0.33,0,0.00%,1134038
2015-06-26,0.36,0.37,0.33,0.33,-0.02,-5.71%,1524697
2015-06-25,0.32,0.37,0.3,0.35,0.02,+6.06%,7076339
2015-06-24,0.36,0.36,0.32,0.33,-0.03,-8.33%,1332371
2015-06-23,0.36,0.38,0.34,0.36,-0.02,-5.26%,1731543
2015-06-22,0.4,0.4,0.36,0.38,-0.02,-5.00%,2118977
2015-06-19,0.41,0.41,0.4,0.4,0,0.00%,1313029
2015-06-18,0.41,0.41,0.4,0.4,-0.01,-2.44%,429733
2015-06-17,0.41,0.42,0.41,0.41,0,0.00%,515939
2015-06-16,0.42,0.42,0.41,0.41,-0.01,-2.38%,256026
2015-06-15,0.41,0.42,0.41,0.42,0.01,+2.44%,627592
2015-06-12,0.42,0.42,0.41,0.41,0,0.00%,217975
2015-06-11,0.41,0.42,0.4,0.41,0,0.00%,544061
2015-06-10,0.4,0.41,0.4,0.41,0.01,+2.50%,1479545
2015-06-09,0.41,0.41,0.4,0.4,-0.01,-2.44%,507401
2015-06-05,0.41,0.42,0.41,0.41,0,0.00%,600760
2015-06-04,0.42,0.42,0.41,0.41,0,0.00%,237615
2015-06-03,0.42,0.42,0.41,0.41,0,0.00%,374764
2015-06-02,0.43,0.43,0.41,0.41,-0.01,-2.38%,1753782
2015-06-01,0.43,0.44,0.42,0.42,-0.01,-2.33%,1353648
2015-05-29,0.45,0.46,0.43,0.43,-0.01,-2.27%,7693050
2015-05-28,0.45,0.46,0.44,0.44,-0.01,-2.22%,1265771
2015-05-27,0.45,0.46,0.44,0.45,-0.01,-2.17%,657226
2015-05-26,0.45,0.46,0.44,0.46,0.01,+2.22%,655138
2015-05-25,0.45,0.46,0.45,0.45,0,0.00%,181979
2015-05-22,0.46,0.47,0.45,0.45,-0.01,-2.17%,1153867
2015-05-21,0.45,0.46,0.44,0.46,0.01,+2.22%,631794
2015-05-20,0.46,0.47,0.45,0.45,-0.01,-2.17%,688536
2015-05-19,0.45,0.47,0.44,0.46,0.01,+2.22%,884223
2015-05-18,0.45,0.45,0.44,0.45,0.01,+2.27%,981525
2015-05-15,0.48,0.48,0.43,0.44,-0.04,-8.33%,2237116
2015-05-14,0.45,0.48,0.43,0.48,0.03,+6.67%,2353089
2015-05-13,0.44,0.45,0.43,0.45,0.02,+4.65%,1048900
2015-05-12,0.43,0.45,0.43,0.43,0,0.00%,735644
2015-05-11,0.44,0.45,0.43,0.43,-0.02,-4.44%,464033
2015-05-08,0.43,0.45,0.43,0.45,0.02,+4.65%,611965
2015-05-07,0.44,0.44,0.42,0.43,0,0.00%,1423174
2015-05-06,0.45,0.45,0.43,0.43,-0.02,-4.44%,1115067
2015-05-05,0.46,0.46,0.44,0.45,-0.01,-2.17%,508940
2015-05-04,0.46,0.46,0.44,0.46,0.02,+4.55%,543278
2015-05-01,0.45,0.46,0.44,0.44,-0.01,-2.22%,310002
2015-04-30,0.45,0.46,0.44,0.45,-0.01,-2.17%,760788
2015-04-29,0.47,0.47,0.43,0.46,0,0.00%,3527596
2015-04-28,0.47,0.48,0.46,0.46,0,0.00%,1332038
2015-04-27,0.5,0.51,0.46,0.46,-0.01,-2.13%,3514502
2015-04-24,0.49,0.56,0.47,0.47,0.03,+6.82%,9071571
2015-04-23,0.45,0.46,0.44,0.44,-0.01,-2.22%,864112
2015-04-22,0.45,0.45,0.44,0.45,0.01,+2.27%,482431
2015-04-21,0.44,0.45,0.44,0.44,0,0.00%,345997
2015-04-20,0.45,0.45,0.44,0.44,-0.01,-2.22%,283135
2015-04-17,0.47,0.48,0.43,0.45,-0.02,-4.26%,1610819
2015-04-16,0.49,0.5,0.46,0.47,0,0.00%,752081
2015-04-15,0.5,0.5,0.47,0.47,-0.02,-4.08%,426888
2015-04-14,0.48,0.51,0.47,0.49,0,0.00%,778347
2015-04-13,0.46,0.5,0.45,0.49,0.04,+8.89%,1422109
2015-04-10,0.46,0.47,0.45,0.45,0,0.00%,646190
2015-04-09,0.46,0.46,0.44,0.45,0,0.00%,594734
2015-04-08,0.44,0.47,0.44,0.45,0.01,+2.27%,976432
2015-04-07,0.44,0.45,0.43,0.44,0,0.00%,702936
2015-04-02,0.43,0.44,0.42,0.44,0.01,+2.33%,699283
2015-04-01,0.44,0.44,0.42,0.43,0,0.00%,527911
2015-03-31,0.44,0.44,0.42,0.43,0,0.00%,510551
2015-03-30,0.45,0.45,0.42,0.43,-0.02,-4.44%,929734
2015-03-27,0.47,0.48,0.45,0.45,-0.03,-6.25%,503520
2015-03-26,0.47,0.48,0.46,0.48,0,0.00%,495834
2015-03-25,0.46,0.48,0.43,0.48,0.03,+6.67%,1836467
2015-03-24,0.45,0.47,0.44,0.45,0,0.00%,752290
2015-03-23,0.43,0.46,0.43,0.45,0.03,+7.14%,1785513
2015-03-20,0.41,0.43,0.4,0.42,0.01,+2.44%,6886138
2015-03-19,0.43,0.43,0.41,0.41,-0.02,-4.65%,2106658
2015-03-18,0.46,0.47,0.43,0.43,-0.03,-6.52%,1866494
2015-03-17,0.47,0.48,0.45,0.46,-0.01,-2.13%,1236755
2015-03-16,0.49,0.49,0.46,0.47,-0.02,-4.08%,1089046
2015-03-13,0.52,0.52,0.48,0.49,-0.02,-3.92%,1581077
2015-03-12,0.51,0.52,0.5,0.51,0.01,+2.00%,577999
2015-03-11,0.5,0.52,0.5,0.5,-0.01,-1.96%,434005
2015-03-10,0.52,0.54,0.51,0.51,0,0.00%,672582
2015-03-09,0.52,0.53,0.51,0.51,-0.01,-1.92%,286611
2015-03-06,0.55,0.55,0.52,0.52,-0.02,-3.70%,573980
2015-03-05,0.55,0.55,0.54,0.54,0,0.00%,545990
2015-03-04,0.53,0.55,0.51,0.54,0.01,+1.89%,863370
2015-03-03,0.56,0.56,0.52,0.53,-0.03,-5.36%,1084981
2015-03-02,0.58,0.6,0.55,0.56,-0.02,-3.45%,1019711
2015-02-27,0.57,0.59,0.56,0.58,0.01,+1.75%,1199348
2015-02-26,0.58,0.58,0.54,0.57,-0.01,-1.72%,1158181
2015-02-25,0.59,0.6,0.56,0.58,0,0.00%,3214902
2015-02-24,0.6,0.63,0.57,0.58,-0.03,-4.92%,5238041
2015-02-23,0.51,0.62,0.51,0.61,0.11,+22.00%,6797353
2015-02-20,0.5,0.5,0.48,0.5,0.01,+2.04%,832562
2015-02-19,0.48,0.51,0.47,0.49,0.02,+4.26%,1583164
2015-02-18,0.49,0.49,0.47,0.47,-0.01,-2.08%,1511969
2015-02-17,0.5,0.52,0.48,0.48,-0.01,-2.04%,2026588
2015-02-16,0.48,0.49,0.47,0.49,0.01,+2.08%,2212428
2015-02-13,0.47,0.48,0.45,0.48,0.02,+4.35%,1153844
2015-02-12,0.46,0.48,0.45,0.46,0.01,+2.22%,1916428
2015-02-11,0.46,0.47,0.44,0.45,-0.01,-2.17%,1053938
2015-02-10,0.46,0.47,0.45,0.46,0,0.00%,441158
2015-02-09,0.47,0.47,0.45,0.46,0.01,+2.22%,891222
2015-02-06,0.47,0.47,0.45,0.45,-0.01,-2.17%,1216706
2015-02-05,0.5,0.5,0.44,0.46,-0.03,-6.12%,1992910
2015-02-04,0.45,0.5,0.43,0.49,0.06,+13.95%,2861618
2015-02-03,0.44,0.46,0.42,0.43,-0.01,-2.27%,1102663
2015-02-02,0.44,0.45,0.42,0.44,-0.01,-2.22%,1663800
2015-01-30,0.46,0.49,0.44,0.45,0,0.00%,2895833
2015-01-29,0.5,0.51,0.44,0.45,-0.05,-10.00%,2381561
2015-01-28,0.51,0.52,0.5,0.5,0,0.00%,2149365
2015-01-27,0.58,0.58,0.5,0.5,-0.12,-19.35%,2455352
2015-01-23,0.59,0.63,0.59,0.62,0.05,+8.77%,1011086
2015-01-22,0.53,0.57,0.52,0.57,0.04,+7.55%,1220388
2015-01-21,0.51,0.53,0.51,0.53,0.02,+3.92%,336805
2015-01-20,0.53,0.54,0.5,0.51,-0.02,-3.77%,1118089
2015-01-19,0.56,0.56,0.52,0.53,-0.03,-5.36%,1055464
2015-01-16,0.56,0.58,0.54,0.56,0,0.00%,685280
2015-01-15,0.56,0.58,0.55,0.56,-0.01,-1.75%,750489
2015-01-14,0.6,0.6,0.56,0.57,-0.02,-3.39%,682178
2015-01-13,0.63,0.63,0.58,0.59,-0.04,-6.35%,1348260
2015-01-12,0.65,0.66,0.63,0.63,-0.01,-1.56%,897554
2015-01-09,0.65,0.67,0.62,0.64,-0.01,-1.54%,2683100
2015-01-08,0.64,0.66,0.62,0.65,0.03,+4.84%,2410837
2015-01-07,0.61,0.66,0.61,0.62,0,0.00%,1745310
2015-01-06,0.65,0.65,0.61,0.62,-0.06,-8.82%,1208506
2015-01-05,0.71,0.71,0.66,0.68,-0.04,-5.56%,2261711
2015-01-02,0.68,0.73,0.68,0.72,0.04,+5.88%,1559512
2014-12-31,0.61,0.68,0.61,0.68,0.08,+13.33%,1537585
2014-12-30,0.6,0.61,0.59,0.6,-0.01,-1.64%,428430
2014-12-29,0.6,0.61,0.58,0.61,0.01,+1.67%,322288
2014-12-24,0.61,0.61,0.58,0.6,0,0.00%,332742
2014-12-23,0.61,0.62,0.58,0.6,-0.01,-1.64%,670846
2014-12-22,0.63,0.64,0.59,0.61,0.01,+1.67%,2466724
2014-12-19,0.56,0.6,0.53,0.6,0.05,+9.09%,10199979
2014-12-18,0.48,0.56,0.48,0.55,0.06,+12.24%,2976242
2014-12-17,0.48,0.49,0.47,0.49,0,0.00%,440656
2014-12-16,0.47,0.49,0.45,0.49,0.01,+2.08%,1442399
2014-12-15,0.46,0.49,0.45,0.48,0.03,+6.67%,1838507
2014-12-12,0.46,0.48,0.4,0.45,-0.03,-6.25%,3358819
2014-12-11,0.5,0.51,0.46,0.48,-0.04,-7.69%,2463215
2014-12-10,0.52,0.52,0.51,0.52,0,0.00%,496284
2014-12-09,0.55,0.55,0.51,0.52,-0.02,-3.70%,883663
2014-12-08,0.54,0.55,0.53,0.54,-0.01,-1.82%,868424
2014-12-05,0.54,0.56,0.53,0.55,0,0.00%,691143
2014-12-04,0.57,0.57,0.52,0.55,-0.02,-3.51%,1301855
2014-12-03,0.57,0.58,0.54,0.57,0.01,+1.79%,1399630
2014-12-02,0.55,0.58,0.54,0.56,0.01,+1.82%,1139257
2014-12-01,0.59,0.6,0.54,0.55,-0.04,-6.78%,1354381
2014-11-28,0.6,0.6,0.58,0.59,-0.01,-1.67%,907240
2014-11-27,0.61,0.61,0.59,0.6,0,0.00%,356307
2014-11-26,0.61,0.62,0.6,0.6,0,0.00%,480519
2014-11-25,0.6,0.62,0.58,0.6,0,0.00%,842973
2014-11-24,0.61,0.61,0.58,0.6,0,0.00%,469550
2014-11-21,0.58,0.6,0.57,0.6,0.04,+7.14%,549627
2014-11-20,0.56,0.58,0.55,0.56,0,0.00%,520739
2014-11-19,0.58,0.59,0.55,0.56,-0.01,-1.75%,766083
2014-11-18,0.59,0.6,0.57,0.57,-0.03,-5.00%,530493
2014-11-17,0.62,0.62,0.58,0.6,-0.02,-3.23%,633316
2014-11-14,0.63,0.63,0.6,0.62,0,0.00%,357723
2014-11-13,0.62,0.62,0.6,0.62,-0.01,-1.59%,443391
2014-11-12,0.64,0.66,0.58,0.63,0,0.00%,2579989
2014-11-11,0.62,0.64,0.6,0.63,0.03,+5.00%,1931776
2014-11-10,0.56,0.62,0.56,0.6,0.05,+9.09%,2129713
2014-11-07,0.58,0.59,0.53,0.55,-0.02,-3.51%,2991595
2014-11-06,0.64,0.65,0.56,0.57,-0.07,-10.94%,3078012
2014-11-05,0.66,0.67,0.64,0.64,-0.03,-4.48%,1071546
2014-11-04,0.66,0.68,0.65,0.67,0.02,+3.08%,1208154
2014-11-03,0.67,0.68,0.65,0.65,-0.01,-1.52%,718126
2014-10-31,0.68,0.69,0.66,0.66,-0.01,-1.49%,2908882
2014-10-30,0.68,0.7,0.67,0.67,-0.01,-1.47%,1921653
2014-10-29,0.69,0.71,0.67,0.68,-0.02,-2.86%,2228277
2014-10-28,0.72,0.72,0.68,0.7,-0.02,-2.78%,2279481
2014-10-27,0.7,0.73,0.7,0.72,0.04,+5.88%,3013885
2014-10-24,0.72,0.73,0.65,0.68,-0.05,-6.85%,4188372
2014-10-23,0.79,0.79,0.72,0.73,-0.06,-7.59%,3959035
2014-10-22,0.86,0.86,0.79,0.79,-0.08,-9.20%,2187874
2014-10-21,0.86,0.87,0.81,0.87,0.01,+1.16%,1554481
2014-10-20,0.88,0.94,0.84,0.86,-0.01,-1.15%,2573933
2014-10-17,0.78,0.87,0.78,0.87,0.09,+11.54%,2070990
2014-10-16,0.79,0.79,0.78,0.78,-0.03,-3.70%,758075
2014-10-15,0.83,0.84,0.77,0.81,-0.02,-2.41%,1651957
2014-10-14,0.76,0.87,0.76,0.83,0.07,+9.21%,1802932
2014-10-13,0.77,0.78,0.76,0.76,-0.01,-1.30%,790342
2014-10-10,0.77,0.78,0.77,0.77,0,0.00%,1077165
2014-10-09,0.78,0.79,0.77,0.77,-0.01,-1.28%,1005061
2014-10-08,0.79,0.79,0.77,0.78,0,0.00%,887703
2014-10-07,0.78,0.79,0.77,0.78,-0.01,-1.27%,1159313
2014-10-06,0.8,0.8,0.77,0.79,0,0.00%,699365
2014-10-03,0.84,0.86,0.79,0.79,-0.04,-4.82%,2681686
2014-10-02,0.81,0.84,0.81,0.83,0.04,+5.06%,1794335
2014-10-01,0.8,0.81,0.76,0.79,-0.01,-1.25%,3447509
2014-09-30,0.86,0.87,0.8,0.8,-0.06,-6.98%,4620423
2014-09-29,0.95,0.95,0.86,0.86,-0.29,-25.22%,5665875
2014-09-23,1.2,1.2,1.15,1.15,0,0.00%,657823
2014-09-22,1.2,1.2,1.15,1.15,-0.05,-4.17%,434241
2014-09-19,1.2,1.25,1.2,1.2,0.05,+4.35%,959118
2014-09-18,1.15,1.2,1.15,1.15,0,0.00%,917922
2014-09-17,1.15,1.17,1.1,1.15,-0.05,-4.17%,2909976
2014-09-16,1.25,1.3,1.2,1.2,-0.1,-7.69%,1493624
2014-09-15,1.4,1.42,1.25,1.3,-0.2,-13.33%,2479388
2014-09-12,1.5,1.55,1.45,1.5,0,0.00%,577230
2014-09-11,1.55,1.55,1.5,1.5,0,0.00%,392010
2014-09-10,1.5,1.55,1.5,1.5,0,0.00%,333122
2014-09-09,1.55,1.6,1.5,1.5,-0.05,-3.23%,614555
2014-09-08,1.6,1.6,1.55,1.55,-0.05,-3.13%,289932
2014-09-05,1.6,1.62,1.55,1.6,0,0.00%,339918
2014-09-04,1.65,1.65,1.6,1.6,-0.1,-5.88%,776894
2014-09-03,1.7,1.75,1.6,1.7,0.15,+9.68%,2989093
2014-09-02,1.55,1.6,1.5,1.55,0,0.00%,402756
2014-09-01,1.6,1.6,1.55,1.55,-0.05,-3.13%,236766
2014-08-29,1.55,1.6,1.5,1.6,0.05,+3.23%,951873
2014-08-28,1.55,1.6,1.55,1.55,0,0.00%,373023
2014-08-27,1.6,1.6,1.55,1.55,-0.05,-3.13%,406935
2014-08-26,1.6,1.6,1.55,1.6,0.05,+3.23%,381216
2014-08-25,1.6,1.6,1.55,1.55,-0.1,-6.06%,351946
2014-08-22,1.6,1.65,1.57,1.65,0,0.00%,646969
2014-08-21,1.6,1.65,1.55,1.65,0.05,+3.13%,670150
2014-08-20,1.7,1.7,1.6,1.6,-0.05,-3.03%,824685
2014-08-19,1.65,1.7,1.62,1.65,0.05,+3.13%,1311860
2014-08-18,1.55,1.65,1.55,1.6,0.05,+3.23%,1898936
2014-08-15,1.55,1.6,1.52,1.55,0,0.00%,482249
2014-08-14,1.55,1.55,1.5,1.55,0.05,+3.33%,716811
2014-08-13,1.55,1.6,1.5,1.5,-0.05,-3.23%,1459163
2014-08-12,1.45,1.55,1.45,1.55,0.1,+6.90%,751710
2014-08-11,1.45,1.52,1.45,1.45,0,0.00%,972806
2014-08-08,1.5,1.5,1.45,1.45,-0.05,-3.33%,727579
2014-08-07,1.5,1.55,1.5,1.5,0,0.00%,625871
2014-08-06,1.55,1.57,1.5,1.5,-0.05,-3.23%,886185
2014-08-05,1.5,1.6,1.5,1.55,0.05,+3.33%,2173541
2014-08-04,1.4,1.5,1.35,1.5,0.1,+7.14%,1456139
2014-08-01,1.55,1.55,1.4,1.4,-0.3,-17.65%,3922076
2014-07-31,1.85,1.9,1.62,1.7,-0.35,-17.07%,5833869
2014-07-30,2.15,2.15,2,2.05,-0.1,-4.65%,1510977
2014-07-29,2.05,2.2,2.05,2.15,0.15,+7.50%,2225703
2014-07-28,1.85,2.05,1.85,2,0.15,+8.11%,2202296
2014-07-25,1.85,1.9,1.8,1.85,0,0.00%,1061469
2014-07-24,2.1,2.25,1.8,1.85,-0.15,-7.50%,5381803
2014-07-23,1.75,2,1.75,2,0.3,+17.65%,3142858
2014-07-22,1.65,1.75,1.6,1.7,0.1,+6.25%,1817464
2014-07-21,1.5,1.65,1.5,1.6,0.15,+10.34%,1815609
2014-07-18,1.45,1.5,1.4,1.45,0.05,+3.57%,1028735
2014-07-17,1.35,1.5,1.35,1.4,0.05,+3.70%,2762207
2014-07-16,1.3,1.35,1.3,1.35,0,0.00%,271937
2014-07-15,1.35,1.35,1.3,1.35,0,0.00%,252043
2014-07-14,1.35,1.35,1.3,1.35,0.05,+3.85%,188389
2014-07-11,1.3,1.37,1.3,1.3,-0.05,-3.70%,350483
2014-07-10,1.35,1.4,1.3,1.35,-0.05,-3.57%,455289
2014-07-09,1.35,1.4,1.3,1.4,0.05,+3.70%,376810
2014-07-08,1.3,1.4,1.3,1.35,0,0.00%,494358
2014-07-07,1.35,1.35,1.3,1.35,0.05,+3.85%,324810
2014-07-04,1.25,1.35,1.25,1.3,0.05,+4.00%,928343
2014-07-03,1.3,1.3,1.25,1.25,-0.05,-3.85%,1001958
2014-07-02,1.4,1.45,1.3,1.3,-0.1,-7.14%,1138174
2014-07-01,1.35,1.4,1.3,1.4,0.1,+7.69%,580006
2014-06-30,1.4,1.4,1.3,1.3,-0.1,-7.14%,1066968
2014-06-27,1.35,1.4,1.35,1.4,0.05,+3.70%,659334
2014-06-26,1.3,1.4,1.25,1.35,0.1,+8.00%,1379461
2014-06-25,1.3,1.3,1.25,1.25,-0.05,-3.85%,470549
2014-06-24,1.3,1.3,1.25,1.3,0.05,+4.00%,239433
2014-06-23,1.25,1.3,1.25,1.25,0,0.00%,342662
2014-06-20,1.25,1.3,1.2,1.25,0,0.00%,1974365
2014-06-19,1.25,1.3,1.2,1.25,0,0.00%,1238303
2014-06-18,1.3,1.35,1.25,1.25,-0.05,-3.85%,1160068
2014-06-17,1.3,1.35,1.3,1.3,0,0.00%,594328
2014-06-16,1.35,1.4,1.3,1.3,-0.1,-7.14%,1040581
2014-06-13,1.4,1.45,1.35,1.4,0,0.00%,802761
2014-06-12,1.35,1.45,1.35,1.4,0,0.00%,563009
2014-06-11,1.4,1.45,1.35,1.4,-0.05,-3.45%,1350617
2014-06-10,1.45,1.45,1.4,1.45,0,0.00%,979176
2014-06-06,1.5,1.5,1.4,1.45,-0.1,-6.45%,1673292
2014-06-05,1.6,1.6,1.47,1.55,-0.1,-6.06%,1580398
2014-06-04,1.7,1.7,1.57,1.65,-0.05,-2.94%,1596387
2014-06-03,1.65,1.7,1.55,1.7,0.15,+9.68%,5292548
2014-06-02,1.4,1.55,1.35,1.55,0.15,+10.71%,4495307
2014-05-30,1.25,1.45,1.25,1.4,-0.3,-17.65%,6743809
2014-05-27,1.6,1.75,1.6,1.7,0.2,+13.33%,3046864
2014-05-26,1.35,1.5,1.32,1.5,0.2,+15.38%,3533595
2014-05-23,1.25,1.35,1.25,1.3,0.1,+8.33%,1731102
2014-05-22,1.15,1.27,1.15,1.2,0.1,+9.09%,1723798
2014-05-21,1.15,1.2,1.1,1.1,-0.05,-4.35%,1223795
2014-05-20,1.2,1.2,1.15,1.15,0,0.00%,472074
2014-05-19,1.2,1.2,1.15,1.15,0,0.00%,506438
2014-05-16,1.2,1.25,1.15,1.15,-0.05,-4.17%,813548
2014-05-15,1.25,1.3,1.17,1.2,-0.1,-7.69%,1608743
2014-05-14,1.3,1.35,1.3,1.3,-0.05,-3.70%,1231001
2014-05-13,1.35,1.35,1.3,1.35,0.05,+3.85%,397153
2014-05-12,1.35,1.35,1.3,1.3,-0.05,-3.70%,943977
2014-05-09,1.4,1.45,1.35,1.35,0.05,+3.85%,1977461
2014-05-08,1.35,1.37,1.25,1.3,-0.05,-3.70%,1723744
2014-05-07,1.5,1.5,1.3,1.35,-0.15,-10.00%,1817262
2014-05-06,1.55,1.75,1.45,1.5,-0.15,-9.09%,2352580
2014-04-29,1.7,1.75,1.6,1.65,-0.05,-2.94%,654412
2014-04-28,1.85,1.85,1.62,1.7,-0.15,-8.11%,1623789
2014-04-24,1.85,1.85,1.8,1.85,0,0.00%,392372
2014-04-23,1.85,1.87,1.8,1.85,0.1,+5.71%,606612
2014-04-22,1.85,1.9,1.75,1.75,-0.1,-5.41%,1257259
2014-04-17,1.85,1.9,1.8,1.85,0,0.00%,1079149
2014-04-16,1.95,2,1.85,1.85,-0.15,-7.50%,911878
2014-04-15,2,2.05,1.95,2,0,0.00%,280769
2014-04-14,2.05,2.1,2,2,-0.05,-2.44%,536908
2014-04-11,2,2.1,1.97,2.05,0,0.00%,777516
2014-04-10,2,2.05,1.95,2.05,0.1,+5.13%,858061
2014-04-09,2,2.05,1.95,1.95,0,0.00%,1340596
2014-04-08,1.95,2.05,1.9,1.95,0,0.00%,691014
2014-04-07,1.95,1.95,1.85,1.95,0,0.00%,863640
2014-04-04,2.05,2.05,1.95,1.95,-0.05,-2.50%,622095
2014-04-03,2.1,2.1,2,2,-0.05,-2.44%,499438
2014-04-02,2.15,2.15,2.05,2.05,-0.05,-2.38%,694062
2014-04-01,2.2,2.4,2.05,2.1,0,0.00%,2923565
2014-03-31,2.15,2.25,2.1,2.1,-0.05,-2.33%,1061186
2014-03-28,2.3,2.32,2.15,2.15,-0.1,-4.44%,1387332
2014-03-27,1.9,2.25,1.85,2.25,0.45,+25.00%,4356489
2014-03-26,2.05,2.1,1.75,1.8,-0.2,-10.00%,2208657
2014-03-25,2.1,2.15,2,2,-0.1,-4.76%,929393
2014-03-24,2.25,2.3,2.1,2.1,-0.2,-8.70%,909918
2014-03-21,2.25,2.3,2.2,2.3,0.05,+2.22%,3596133
2014-03-20,2.25,2.3,2.2,2.25,0.05,+2.27%,887773
2014-03-19,2.25,2.25,2.2,2.2,-0.05,-2.22%,614903
2014-03-18,2.25,2.35,2.2,2.25,0,0.00%,928974
2014-03-17,2.4,2.4,2.2,2.25,-0.15,-6.25%,1197847
2014-03-14,2.4,2.45,2.35,2.4,0,0.00%,530139
2014-03-13,2.4,2.45,2.3,2.4,-0.05,-2.04%,1688716
2014-03-12,2.55,2.6,2.45,2.45,-0.25,-9.26%,1859689
2014-03-11,2.85,2.87,2.45,2.7,-0.25,-8.47%,2847132
2014-03-10,3,3.05,2.95,2.95,-0.1,-3.28%,411798
2014-03-07,3,3.05,2.97,3.05,0.1,+3.39%,270066
2014-03-06,3,3.07,2.95,2.95,-0.05,-1.67%,594122
2014-03-05,2.95,3.07,2.9,3,0.05,+1.69%,772660
2014-03-04,2.9,2.95,2.85,2.95,0.05,+1.72%,483752
2014-03-03,3.05,3.1,2.9,2.9,-0.15,-4.92%,513891
2014-02-28,3.1,3.1,3,3.05,0,0.00%,368121
2014-02-27,3.1,3.15,3.05,3.05,-0.1,-3.17%,301070
2014-02-26,3.1,3.15,3,3.15,0.05,+1.61%,625558
2014-02-25,3.2,3.2,3.05,3.1,0,0.00%,783197
2014-02-24,2.95,3.1,2.9,3.1,0.2,+6.90%,1077560
2014-02-21,2.9,2.95,2.85,2.9,0.05,+1.75%,544048
2014-02-20,2.9,2.95,2.85,2.85,-0.05,-1.72%,583599
2014-02-19,2.85,2.9,2.85,2.9,0.05,+1.75%,450443
2014-02-18,2.85,2.9,2.8,2.85,0,0.00%,487415
2014-02-17,2.8,2.85,2.75,2.85,0.05,+1.79%,543782
2014-02-14,2.8,2.8,2.75,2.8,0.05,+1.82%,357786
2014-02-13,2.75,2.8,2.7,2.75,-0.05,-1.79%,353625
2014-02-12,2.75,2.8,2.7,2.8,0.05,+1.82%,216805
2014-02-11,2.65,2.75,2.65,2.75,0.1,+3.77%,463243
2014-02-10,2.75,2.75,2.65,2.65,-0.1,-3.64%,571718
2014-02-07,2.8,2.8,2.7,2.75,-0.05,-1.79%,583057
2014-02-06,2.7,2.8,2.65,2.8,0.15,+5.66%,720458
2014-02-05,2.65,2.7,2.65,2.65,0,0.00%,422841
2014-02-04,2.7,2.7,2.6,2.65,-0.1,-3.64%,658324
2014-02-03,2.8,2.8,2.65,2.75,-0.1,-3.51%,851208
2014-01-31,3.1,3.1,2.7,2.85,-0.2,-6.56%,1556629
2014-01-30,3.05,3.15,3.02,3.05,0.05,+1.67%,667458
2014-01-29,3.05,3.1,3,3,0,0.00%,377173
2014-01-28,3.2,3.2,3,3,-0.2,-6.25%,814762
2014-01-24,3.2,3.3,3.2,3.2,0,0.00%,477156
2014-01-23,3.2,3.35,3.17,3.2,0,0.00%,809908
2014-01-22,3.2,3.25,3.15,3.2,0,0.00%,285745
2014-01-21,3.15,3.2,3.15,3.2,0.05,+1.59%,324489
2014-01-20,3.25,3.27,3.15,3.15,-0.05,-1.56%,651629
2014-01-17,3.25,3.32,3.15,3.2,0,0.00%,698273
2014-01-16,3.35,3.4,3.17,3.2,-0.1,-3.03%,1290569
2014-01-15,3.1,3.37,3.1,3.3,0.25,+8.20%,2131273
2014-01-14,3,3.1,2.95,3.05,0.05,+1.67%,548112
2014-01-13,3.15,3.2,3,3,-0.15,-4.76%,740040
2014-01-10,2.95,3.15,2.9,3.15,0.2,+6.78%,880141
2014-01-09,2.95,3,2.9,2.95,0,0.00%,398838
2014-01-08,3.15,3.17,2.85,2.95,-0.15,-4.84%,1496573
2014-01-07,3,3.25,3,3.1,0.2,+6.90%,2698782
2014-01-06,3,3.05,2.9,2.9,-0.1,-3.33%,332688
2014-01-03,3,3.05,2.9,3,-0.05,-1.64%,393425
2014-01-02,2.95,3.05,2.95,3.05,0.1,+3.39%,153198
2013-12-31,3.05,3.05,2.95,2.95,-0.1,-3.28%,484076
2013-12-30,3.1,3.2,3.05,3.05,-0.05,-1.61%,1066822
2013-12-27,3.1,3.15,3.05,3.1,0.05,+1.64%,284137
2013-12-24,3,3.1,3,3.05,0.1,+3.39%,610263
2013-12-23,2.85,2.95,2.8,2.95,0.1,+3.51%,710143
2013-12-20,2.65,2.85,2.65,2.85,0.1,+3.64%,928650
2013-12-19,2.65,2.75,2.6,2.75,0.1,+3.77%,695323
2013-12-18,2.7,2.7,2.6,2.65,0,0.00%,645876
2013-12-17,2.8,2.82,2.65,2.65,-0.1,-3.64%,856849
2013-12-16,2.8,2.85,2.75,2.75,-0.05,-1.79%,212847
2013-12-13,2.8,2.85,2.75,2.8,-0.05,-1.75%,479654
2013-12-12,2.9,2.95,2.75,2.85,-0.05,-1.72%,624661
2013-12-11,2.9,3,2.9,2.9,-0.05,-1.69%,339074
2013-12-10,3,3,2.9,2.95,0.05,+1.72%,436309
2013-12-09,3.05,3.05,2.9,2.9,-0.05,-1.69%,924488
2013-12-06,2.85,3,2.8,2.95,0.05,+1.72%,703515
2013-12-05,2.75,2.95,2.72,2.9,0.2,+7.41%,1059485
2013-12-04,2.75,2.8,2.7,2.7,-0.05,-1.82%,734307
2013-12-03,2.95,2.95,2.7,2.75,-0.2,-6.78%,1069082
2013-12-02,3.1,3.1,2.95,2.95,-0.1,-3.28%,515974
2013-11-29,3.1,3.2,3,3.05,0,0.00%,946301
2013-11-28,3.15,3.2,3.02,3.05,-0.1,-3.17%,536551
2013-11-27,3.2,3.22,3.15,3.15,0,0.00%,133850
2013-11-26,3.15,3.25,3.15,3.15,-0.05,-1.56%,468013
2013-11-25,3.15,3.2,3.1,3.2,0.05,+1.59%,1390331
2013-11-22,3.1,3.15,3.1,3.15,0,0.00%,219929
2013-11-21,3.15,3.2,3.05,3.15,-0.05,-1.56%,513136
2013-11-20,3.2,3.25,3.15,3.2,-0.05,-1.54%,449605
2013-11-19,3.2,3.3,3.15,3.25,0.05,+1.56%,761704
2013-11-18,3.2,3.22,3.15,3.2,0,0.00%,207258
2013-11-15,3.15,3.27,3.15,3.2,0.05,+1.59%,512275
2013-11-14,3.15,3.25,3.12,3.15,0,0.00%,652712
2013-11-13,3.35,3.35,3.1,3.15,-0.2,-5.97%,1226308
2013-11-12,3.35,3.4,3.3,3.35,0.05,+1.52%,434403
2013-11-11,3.45,3.52,3.3,3.3,-0.2,-5.71%,985912
2013-11-08,3.55,3.55,3.4,3.5,0,0.00%,344291
2013-11-07,3.65,3.7,3.5,3.5,-0.15,-4.11%,761939
2013-11-06,3.5,3.75,3.5,3.65,0.15,+4.29%,1560020
2013-11-05,3.4,3.6,3.4,3.5,0.1,+2.94%,1471215
2013-11-04,3.4,3.55,3.35,3.4,0.05,+1.49%,712344
2013-11-01,3.45,3.5,3.35,3.35,-0.1,-2.90%,269241
2013-10-31,3.3,3.6,3.3,3.45,0.1,+2.99%,1333042
2013-10-30,3.5,3.52,3.35,3.35,-0.15,-4.29%,729413
2013-10-29,3.6,3.6,3.45,3.5,-0.1,-2.78%,498345
2013-10-28,3.65,3.65,3.5,3.6,0,0.00%,969689
2013-10-25,3.65,3.65,3.55,3.6,0,0.00%,544189
2013-10-24,3.65,3.65,3.57,3.6,-0.05,-1.37%,469829
2013-10-23,3.6,3.75,3.57,3.65,0.05,+1.39%,1007723
2013-10-22,3.6,3.65,3.55,3.6,0,0.00%,696176
2013-10-21,3.7,3.75,3.55,3.6,-0.1,-2.70%,941631
2013-10-18,3.75,3.85,3.65,3.7,0,0.00%,1474940
2013-10-17,3.7,3.85,3.7,3.7,0.05,+1.37%,666338
2013-10-16,3.75,3.77,3.65,3.65,-0.2,-5.19%,589640
2013-10-15,3.7,3.85,3.67,3.85,0.2,+5.48%,371993
2013-10-14,3.7,3.7,3.65,3.65,-0.1,-2.67%,223911
2013-10-11,3.75,3.8,3.67,3.75,0.1,+2.74%,554200
2013-10-10,3.65,3.75,3.65,3.65,0,0.00%,473409
2013-10-09,3.75,3.75,3.65,3.65,-0.1,-2.67%,477154
2013-10-08,3.75,3.8,3.65,3.75,0,0.00%,964431
2013-10-07,3.85,3.87,3.75,3.75,-0.1,-2.60%,574599
2013-10-04,3.85,3.9,3.85,3.85,-0.05,-1.28%,195297
2013-10-03,3.85,3.95,3.85,3.9,0,0.00%,481208
2013-10-02,3.9,3.9,3.85,3.9,0.05,+1.30%,482803
2013-10-01,3.95,3.95,3.85,3.85,-0.15,-3.75%,829266
2013-09-30,4.05,4.05,3.92,4,-0.1,-2.44%,1129253
2013-09-27,4.1,4.1,4.05,4.1,0,0.00%,203497
2013-09-26,4.1,4.15,4.05,4.1,0,0.00%,210060
2013-09-25,4,4.1,4,4.1,0.1,+2.50%,390880
2013-09-24,4,4.05,3.95,4,-0.05,-1.23%,398899
2013-09-23,4,4.12,3.95,4.05,0.05,+1.25%,606920
2013-09-20,4.05,4.05,3.9,4,-0.05,-1.23%,4097511
2013-09-19,4.15,4.2,4.05,4.05,-0.1,-2.41%,1289776
2013-09-18,4.15,4.2,4.1,4.15,-0.05,-1.19%,619656
2013-09-17,4.3,4.35,4.15,4.2,-0.1,-2.33%,943116
2013-09-16,4.2,4.45,4.15,4.3,0.25,+6.17%,2075522
2013-09-13,4.25,4.25,4.05,4.05,-0.2,-4.71%,658607
2013-09-12,4.25,4.3,4.1,4.25,0,0.00%,1136388
2013-09-11,4.3,4.45,4.22,4.25,0.05,+1.19%,1153727
2013-09-10,4.1,4.3,4,4.2,0.1,+2.44%,1280489
2013-09-09,4.1,4.2,4,4.1,-0.05,-1.20%,950347
2013-09-06,4.1,4.2,4.05,4.15,0.05,+1.22%,594120
2013-09-05,4.15,4.35,4.05,4.1,-0.05,-1.20%,1825700
2013-09-04,4.2,4.22,4.1,4.15,0,0.00%,1795819
2013-09-03,4.05,4.25,4,4.15,0.15,+3.75%,2416721
2013-09-02,3.9,4.1,3.85,4,0.1,+2.56%,1389667
2013-08-30,3.8,3.95,3.75,3.9,0.15,+4.00%,1017808
2013-08-29,3.85,3.9,3.75,3.75,0,0.00%,786278
2013-08-28,3.85,3.9,3.75,3.75,-0.1,-2.60%,677793
2013-08-27,3.95,3.95,3.85,3.85,-0.05,-1.28%,271586
2013-08-26,3.95,3.97,3.85,3.9,0,0.00%,1019743
2013-08-23,3.9,3.95,3.9,3.9,0.05,+1.30%,413831
2013-08-22,3.85,3.9,3.8,3.85,0,0.00%,632676
2013-08-21,3.95,4,3.85,3.85,0,0.00%,674508
2013-08-20,4,4,3.85,3.85,-0.2,-4.94%,619287
2013-08-19,4.05,4.1,4,4.05,0.05,+1.25%,494056
2013-08-16,4,4,3.9,4,0,0.00%,701589
2013-08-15,4,4.05,4,4,-0.05,-1.23%,465978
2013-08-14,4.15,4.17,4,4.05,-0.15,-3.57%,604351
2013-08-13,4.15,4.25,4.1,4.2,0,0.00%,744797
2013-08-12,3.9,4.27,3.9,4.2,0.2,+5.00%,1827412
2013-08-09,3.8,4,3.75,4,0.25,+6.67%,1020588
2013-08-08,3.8,3.85,3.75,3.75,-0.05,-1.32%,641787
2013-08-07,3.9,3.95,3.8,3.8,-0.2,-5.00%,838894
2013-08-06,4.05,4.05,3.9,4,0,0.00%,724792
2013-08-05,4.05,4.1,3.95,4,0,0.00%,535611
2013-08-02,4,4.2,3.95,4,0.05,+1.27%,1993175
2013-08-01,4,4.05,3.92,3.95,-0.1,-2.47%,1204942
2013-07-31,4.3,4.3,3.97,4.05,-0.2,-4.71%,1491501
2013-07-30,4.2,4.32,4.17,4.25,0.1,+2.41%,675256
2013-07-29,4.25,4.35,4.12,4.15,-0.1,-2.35%,937890
2013-07-26,4.35,4.4,4.22,4.25,-0.05,-1.16%,496030
2013-07-25,4.4,4.45,4.25,4.3,-0.15,-3.37%,852798
2013-07-24,4.55,4.65,4.4,4.45,-0.05,-1.11%,1128870
2013-07-23,4.45,4.65,4.35,4.5,0.1,+2.27%,915745
2013-07-22,4.45,4.45,4.3,4.4,-0.05,-1.12%,561560
2013-07-19,4.15,4.5,4.15,4.45,0.3,+7.23%,1449345
2013-07-18,4.15,4.2,4.1,4.15,0.1,+2.47%,888678
2013-07-17,4.35,4.35,4.05,4.05,-0.3,-6.90%,1405900
2013-07-16,4.3,4.4,4.2,4.35,0,0.00%,1709766
2013-07-15,4.55,4.57,4.25,4.35,-0.1,-2.25%,1232282
2013-07-12,4.8,4.85,4.4,4.45,-0.2,-4.30%,2785046
2013-07-11,4.15,4.7,4.15,4.65,0.65,+16.25%,3275653
2013-07-10,3.9,4.05,3.82,4,0.15,+3.90%,1246513
2013-07-09,3.85,3.9,3.8,3.85,0.05,+1.32%,670823
2013-07-08,3.9,3.95,3.8,3.8,-0.05,-1.30%,399471
2013-07-05,3.95,4,3.85,3.85,-0.05,-1.28%,837446
2013-07-04,3.95,4,3.85,3.9,0,0.00%,717413
2013-07-03,4.05,4.1,3.85,3.9,-0.2,-4.88%,1542919
2013-07-02,3.8,4.1,3.75,4.1,0.35,+9.33%,1573366
2013-07-01,3.85,3.9,3.7,3.75,0,0.00%,727616
2013-06-28,3.65,3.85,3.55,3.75,0.15,+4.17%,1895115
2013-06-27,3.85,3.85,3.55,3.6,-0.15,-4.00%,1881879
2013-06-26,3.9,3.95,3.7,3.75,0,0.00%,1616552
2013-06-25,3.7,3.9,3.65,3.75,-0.05,-1.32%,1864890
2013-06-24,4.1,4.15,3.8,3.8,-0.25,-6.17%,1522639
2013-06-21,3.85,4.1,3.65,4.05,0,0.00%,2640932
2013-06-20,4.2,4.25,4,4.05,-0.25,-5.81%,1546798
2013-06-19,4.35,4.42,4.25,4.3,0,0.00%,1320918
2013-06-18,4.3,4.45,4.1,4.3,-0.1,-2.27%,2606091
2013-06-17,4.65,4.65,4.25,4.4,-0.3,-6.38%,1332023
2013-06-14,4.65,4.8,4.5,4.7,0.2,+4.44%,1858867
2013-06-13,4.85,4.9,4.5,4.5,-0.45,-9.09%,2585930
2013-06-12,5,5.02,4.9,4.95,-0.15,-2.94%,1137893
2013-06-11,5.2,5.2,5.05,5.1,-0.05,-0.97%,1028874
2013-06-07,5.4,5.47,5.15,5.15,-0.1,-1.90%,1830241
2013-06-06,5.25,5.3,5.2,5.25,-0.1,-1.87%,694793
2013-06-05,5.3,5.35,5.25,5.35,0.05,+0.94%,526831
2013-06-04,5.45,5.55,5.3,5.3,-0.1,-1.85%,1073657
2013-06-03,5.45,5.55,5.37,5.4,-0.2,-3.57%,793059
2013-05-31,5.45,5.6,5.45,5.6,0.15,+2.75%,681360
2013-05-30,5.4,5.5,5.3,5.45,0,0.00%,895959
2013-05-29,5.3,5.7,5.25,5.45,0.2,+3.81%,1540591
2013-05-28,5.45,5.5,5.2,5.25,-0.25,-4.55%,884815
2013-05-27,5.7,5.75,5.45,5.5,-0.15,-2.65%,717776
2013-05-24,5.6,5.7,5.5,5.65,0.15,+2.73%,1183144
2013-05-23,5.9,5.95,5.47,5.5,-0.5,-8.33%,2131533
2013-05-22,6.05,6.15,6,6,0,0.00%,554691
2013-05-21,6.25,6.35,6,6,-0.15,-2.44%,1046411
2013-05-20,6.05,6.27,6.05,6.15,0.15,+2.50%,1008456
2013-05-17,6.1,6.15,6,6,-0.1,-1.64%,1274015
2013-05-16,6.2,6.25,6.05,6.1,-0.05,-0.81%,1409478
2013-05-15,6.3,6.3,6,6.15,-0.15,-2.38%,1705294
2013-05-14,6.65,6.75,6.3,6.3,-0.55,-8.03%,2644794
2013-05-13,6.85,7,6.75,6.85,0.25,+3.79%,2277985
2013-05-10,6.5,6.8,6.5,6.6,0.15,+2.33%,3282392
2013-05-09,6,6.5,6,6.45,0.5,+8.40%,3731397
2013-05-08,5.75,6.1,5.7,5.95,0.2,+3.48%,2315689
2013-05-07,5.9,6.02,5.7,5.75,-0.05,-0.86%,1702136
2013-05-06,5.45,6,5.42,5.8,0.8,+16.00%,5648712
2013-05-03,4.85,5,4.8,5,0.15,+3.09%,816079
2013-05-02,4.95,4.95,4.85,4.85,-0.15,-3.00%,536248
2013-05-01,5,5.05,4.9,5,-0.05,-0.99%,791325
2013-04-30,4.95,5.15,4.95,5.05,0.1,+2.02%,818127
2013-04-29,5,5.05,4.95,4.95,0,0.00%,240596
2013-04-26,5,5.15,4.95,4.95,0,0.00%,767208
2013-04-24,4.8,5,4.8,4.95,0.15,+3.13%,903793
2013-04-23,4.9,4.95,4.8,4.8,-0.1,-2.04%,428275
2013-04-22,4.9,4.9,4.9,4.9,0.05,+1.03%,240149
2013-04-19,4.8,4.9,4.75,4.85,0.05,+1.04%,971060
2013-04-18,4.9,4.95,4.8,4.8,-0.15,-3.03%,855801
2013-04-17,5,5.2,4.95,4.95,-0.05,-1.00%,804749
2013-04-16,4.9,5,4.85,5,-0.05,-0.99%,764658
2013-04-15,5.15,5.15,5,5.05,-0.2,-3.81%,689526
2013-04-12,5.2,5.25,5.15,5.25,0.1,+1.94%,379796
2013-04-11,5.35,5.35,5.15,5.15,-0.1,-1.90%,460886
2013-04-10,5.15,5.35,5.1,5.25,0.1,+1.94%,1436609
2013-04-09,5.25,5.25,5,5.15,-0.05,-0.96%,854253
2013-04-08,5.1,5.25,5.05,5.2,0.05,+0.97%,1038642
2013-04-05,4.9,5.25,4.85,5.15,0.25,+5.10%,2035944
2013-04-04,5,5.05,4.9,4.9,-0.05,-1.01%,1330033
2013-04-03,5,5.1,4.85,4.95,-0.1,-1.98%,2610170
2013-04-02,5.55,5.55,4.85,5.05,-0.55,-9.82%,4760061
2013-03-28,5.75,5.8,5.55,5.6,-0.2,-3.45%,1315442
2013-03-27,5.9,5.92,5.7,5.8,-0.15,-2.52%,1040482
2013-03-26,5.9,5.95,5.85,5.95,0,0.00%,413336
2013-03-25,6,6,5.85,5.95,0,0.00%,668732
2013-03-22,5.85,5.95,5.85,5.95,0.1,+1.71%,681079
2013-03-21,5.9,5.95,5.85,5.85,0,0.00%,1023827
2013-03-20,5.95,6,5.85,5.85,-0.05,-0.85%,837335
2013-03-19,6.1,6.15,5.9,5.9,0.05,+0.85%,1984414
2013-03-18,5.87,5.9,5.85,5.85,-0.1,-1.68%,368897
2013-03-15,5.9,6,5.85,5.95,0.05,+0.85%,770160
2013-03-14,5.95,6,5.9,5.9,-0.05,-0.84%,586606
2013-03-13,6,6.05,5.95,5.95,-0.05,-0.83%,628090
2013-03-12,6.15,6.2,5.95,6,-0.2,-3.23%,855264
2013-03-11,6.2,6.3,6.15,6.2,0.1,+1.64%,1758882
2013-03-08,6,6.25,5.97,6.1,0.15,+2.52%,1579001
2013-03-07,5.95,6,5.9,5.95,0.05,+0.85%,886718
2013-03-06,6,6.12,5.9,5.9,-0.1,-1.67%,1354406
2013-03-05,5.95,6,5.9,6,0.1,+1.69%,689398
2013-03-04,6.05,6.1,5.85,5.9,0,0.00%,1060546
2013-03-01,6.2,6.2,5.9,5.9,-0.3,-4.84%,1517147
2013-02-28,6.35,6.55,6.15,6.2,-0.1,-1.59%,4090194
2013-02-27,5.95,6.4,5.8,6.3,0.45,+7.69%,3692616
2013-02-26,5.85,6.05,5.8,5.85,-0.15,-2.50%,1127616
2013-02-25,5.8,6.02,5.75,6,0.3,+5.26%,1126072
2013-02-22,5.75,5.8,5.7,5.7,-0.1,-1.72%,1069478
2013-02-21,5.95,6,5.8,5.8,-0.2,-3.33%,1482422
2013-02-20,6.1,6.15,5.95,6,-0.1,-1.64%,1158052
2013-02-19,6.1,6.15,6,6.1,0,0.00%,740064
2013-02-18,6.25,6.3,6.1,6.1,-0.15,-2.40%,876507
2013-02-15,6.4,6.5,6.15,6.25,-0.15,-2.34%,1644772
2013-02-14,6.3,6.47,6.2,6.4,0.15,+2.40%,1987808
2013-02-13,6.15,6.35,6.05,6.25,0.15,+2.46%,1177585
2013-02-12,6.15,6.2,6,6.1,-0.05,-0.81%,667967
2013-02-11,6.15,6.3,6.1,6.15,0,0.00%,1622570
2013-02-08,5.9,6.25,5.9,6.15,0.2,+3.36%,1662399
2013-02-07,6,6.1,5.9,5.95,-0.1,-1.65%,1016333
2013-02-06,6.25,6.3,5.9,6.05,-0.2,-3.20%,2236316
2013-02-05,6.35,6.35,6.25,6.25,-0.1,-1.57%,1145583
2013-02-04,6.5,6.55,6.35,6.35,-0.1,-1.55%,929653
2013-02-01,6.45,6.5,6.35,6.45,0.05,+0.78%,2054545
2013-01-31,6.6,6.6,6.35,6.4,-0.2,-3.03%,2082137
2013-01-30,6.75,6.95,6.55,6.6,0.15,+2.33%,4197693
2013-01-29,6.6,6.65,6.45,6.45,-0.1,-1.53%,1013101
2013-01-25,6.6,6.75,6.5,6.55,0.05,+0.77%,1371776
2013-01-24,6.8,6.9,6.47,6.5,-0.05,-0.76%,2156482
2013-01-23,6.4,6.75,6.4,6.55,0.2,+3.15%,2505922
2013-01-22,6.35,6.4,6.3,6.35,0,0.00%,492140
2013-01-21,6.35,6.45,6.3,6.35,-0.05,-0.78%,726806
2013-01-18,6.55,6.6,6.3,6.4,-0.1,-1.54%,1484962
2013-01-17,6.45,6.65,6.45,6.5,0.05,+0.78%,2430939
2013-01-16,6.5,6.55,6.4,6.45,0,0.00%,2417197
2013-01-15,6.3,6.45,6.3,6.45,-0.05,-0.77%,1526308
2013-01-14,6.55,6.55,6.45,6.5,-0.37,-5.39%,1728080
2013-01-11,6.85,6.9,6.65,6.87,-0.08,-1.15%,1984102
2013-01-10,6.92,7.15,6.9,6.95,-0.05,-0.71%,1983471
2013-01-09,7,7.1,6.92,7,-0.05,-0.71%,1354874
2013-01-08,7.07,7.15,6.95,7.05,-0.1,-1.40%,3610221
2013-01-07,6.75,7.2,6.65,7.15,0.9,+14.40%,5845021
2013-01-04,6.2,6.25,6.17,6.25,-0.1,-1.57%,819238
2013-01-03,6.1,6.4,6.1,6.35,0.35,+5.83%,2432413
2013-01-02,5.87,6.15,5.85,6,0.25,+4.35%,1410026
2012-12-31,5.77,5.85,5.75,5.75,-0.15,-2.54%,442216
2012-12-28,5.75,5.9,5.7,5.9,0.1,+1.72%,614919
2012-12-27,5.85,5.85,5.8,5.8,-0.05,-0.85%,429252
2012-12-24,5.82,5.85,5.75,5.85,0.05,+0.86%,615416
2012-12-21,6.02,6.05,5.75,5.8,-0.3,-4.92%,2986411
2012-12-20,6.1,6.2,5.9,6.1,-0.05,-0.81%,3089271
2012-12-19,5.95,6.35,5.75,6.15,0.25,+4.24%,4214285
2012-12-18,5.55,5.95,5.5,5.9,0.4,+7.27%,2407830
2012-12-17,5.6,5.75,5.5,5.5,-0.15,-2.65%,2412282
2012-12-14,5.8,5.85,5.55,5.65,-0.2,-3.42%,2962010
2012-12-13,5.95,6.05,5.82,5.85,-0.15,-2.50%,1715632
2012-12-12,5.85,6,5.75,6,-0.05,-0.83%,2841961
2012-12-10,6.1,6.15,6,6.05,0,0.00%,1531133
2012-12-07,6.1,6.2,5.95,6.05,0.05,+0.83%,1587569
2012-12-06,6.15,6.3,6,6,-0.15,-2.44%,1631603
2012-12-05,5.95,6.2,5.85,6.15,0.15,+2.50%,3072689
2012-12-04,6.3,6.35,6,6,-0.25,-4.00%,3458399
2012-12-03,6.6,6.6,6.2,6.25,-0.15,-2.34%,4473941
2012-11-30,7.1,7.25,6.4,6.4,-0.35,-5.19%,22065034
2012-11-29,6.95,7.05,6.75,6.75,-0.1,-1.46%,1554286
2012-11-28,7.2,7.25,6.85,6.85,-0.3,-4.20%,2149862
2012-11-27,7.05,7.5,7,7.15,0.1,+1.42%,5069521
2012-11-26,7.3,7.4,7.05,7.05,-0.15,-2.08%,2726570
2012-11-23,7.2,7.3,7.05,7.2,0.45,+6.67%,4525738
2012-11-22,6.5,7.05,6.35,6.75,0.45,+7.14%,4050293
2012-11-21,6.65,6.7,6.3,6.3,-0.3,-4.55%,1947484
2012-11-20,6.6,6.9,6.55,6.6,0.25,+3.94%,4116978
2012-11-19,5.7,6.45,5.7,6.35,0.8,+14.41%,6002953
2012-11-16,6.1,6.1,5.55,5.55,-0.5,-8.26%,5662207
2012-11-15,6.35,6.6,5.8,6.05,-0.5,-7.63%,6339340
2012-11-13,7.15,7.15,6.5,6.55,-0.65,-9.03%,4656739
2012-11-12,7.7,7.7,7.15,7.2,-0.85,-10.56%,3648070
2012-11-08,8,8.15,7.95,8.05,0.85,+11.81%,2380333
2012-11-07,7.1,7.25,7.1,7.2,0.15,+2.13%,1410483
2012-11-06,7.1,7.15,7,7.05,0.05,+0.71%,689976
2012-11-05,7.1,7.1,6.95,7,-0.15,-2.10%,1166159
2012-11-02,7.2,7.3,7.1,7.15,0.05,+0.70%,694411
2012-11-01,7.35,7.35,7.1,7.1,-0.2,-2.74%,1286281
2012-10-31,7.25,7.45,7.15,7.3,0.15,+2.10%,1601048
2012-10-30,7.15,7.25,7.05,7.15,0.1,+1.42%,1187806
2012-10-29,6.95,7.2,6.9,7.05,0.2,+2.92%,1387769
2012-10-26,6.9,6.95,6.8,6.85,-0.05,-0.72%,1346831
2012-10-25,6.85,6.95,6.8,6.9,0.1,+1.47%,704761
2012-10-24,6.75,6.9,6.7,6.8,-0.05,-0.73%,933881
2012-10-23,6.85,7,6.85,6.85,0.05,+0.74%,1091482
2012-10-22,6.85,7.1,6.7,6.8,-0.05,-0.73%,1952557
2012-10-19,6.6,7.05,6.55,6.85,0.35,+5.38%,1968236
2012-10-18,6.4,6.65,6.4,6.5,0.15,+2.36%,2393739
2012-10-17,6.7,6.7,6.2,6.35,-0.3,-4.51%,2929663
2012-10-16,6.75,6.8,6.6,6.65,-0.15,-2.21%,1561090
2012-10-15,7,7.05,6.6,6.8,-0.3,-4.23%,2664574
2012-10-12,7.35,7.4,7.05,7.1,-0.2,-2.74%,1635616
2012-10-11,7.25,7.4,6.9,7.3,-1.3,-15.12%,5325945
2012-10-10,8.65,8.75,8.45,8.6,-0.1,-1.15%,1007433
2012-10-09,8.6,8.7,8.5,8.7,0.15,+1.75%,768486
2012-10-08,8.6,8.7,8.5,8.55,0,0.00%,613707
2012-10-05,8.3,8.6,8.25,8.55,0.3,+3.64%,686057
2012-10-04,8.7,8.97,8.15,8.25,-0.3,-3.51%,2422634
2012-10-03,8.35,8.6,8.3,8.55,0.35,+4.27%,1006560
2012-10-02,8.15,8.3,8.1,8.2,0.1,+1.23%,684398
2012-10-01,7.9,8.1,7.9,8.1,0.2,+2.53%,612770
2012-09-28,8.05,8.2,7.85,7.9,-0.1,-1.25%,1119830
2012-09-27,7.5,8.1,7.45,8,0.45,+5.96%,1775063
2012-09-26,7.5,7.65,7.3,7.55,-0.4,-5.03%,2140128
2012-09-25,8.6,8.6,7.95,7.95,-0.7,-8.09%,2432697
2012-09-24,8.8,8.85,8.6,8.65,-0.1,-1.14%,777298
2012-09-21,8.8,9,8.75,8.75,-0.05,-0.57%,1537603
2012-09-20,8.9,8.92,8.7,8.8,-0.15,-1.68%,1510141
2012-09-19,8.8,9,8.7,8.95,0.05,+0.56%,1943054
2012-09-18,8.75,9,8.5,8.9,0.1,+1.14%,1144063
2012-09-17,8.95,9.1,8.8,8.8,-0.15,-1.68%,1274841
2012-09-14,9.15,9.2,8.9,8.95,0.15,+1.70%,2385036
2012-09-13,8.55,9.1,8.35,8.8,0.35,+4.14%,3211988
2012-09-12,8.2,8.65,8.15,8.45,0.35,+4.32%,2084742
2012-09-11,8.3,8.3,8.05,8.1,-0.25,-2.99%,1436298
2012-09-10,8.05,8.45,7.85,8.35,0.15,+1.83%,4108655
2012-09-07,8.65,8.65,8.05,8.2,-0.2,-2.38%,5736133
2012-09-06,9,9.5,7.7,8.4,2.4,+40.00%,15309862
2012-09-04,6.05,6.3,5.95,6,-0.05,-0.83%,1663462
2012-09-03,6.4,6.4,5.95,6.05,-0.35,-5.47%,2540164
2012-08-31,6.6,6.6,6.4,6.4,-0.25,-3.76%,1322198
2012-08-30,7.05,7.1,6.55,6.65,-0.45,-6.34%,2713207
2012-08-29,6.65,7.25,6.65,7.1,0.5,+7.58%,4309039
2012-08-28,6.5,6.65,6.5,6.6,0,0.00%,1492800
2012-08-27,6.65,6.8,6.5,6.6,0,0.00%,1502900
2012-08-24,6.5,6.75,6.35,6.6,0,0.00%,1764099
2012-08-23,6.4,6.85,6.25,6.6,-0.05,-0.75%,4781217
2012-08-22,6.75,6.75,6.3,6.65,-0.2,-2.92%,2944629
2012-08-21,7,7.25,6.85,6.85,-0.15,-2.14%,1681903
2012-08-20,7.5,7.5,6.9,7,-0.5,-6.67%,2480406
2012-08-17,7.6,7.7,7.45,7.5,-0.15,-1.96%,1249499
2012-08-16,7.65,7.75,7.55,7.65,0.1,+1.32%,1251821
2012-08-15,7.65,7.7,7.55,7.55,-0.05,-0.66%,991529
2012-08-14,7.65,7.75,7.55,7.6,-0.05,-0.65%,619773
2012-08-13,7.6,7.85,7.6,7.65,0.05,+0.66%,1306694
2012-08-10,7.7,7.8,7.55,7.6,-0.1,-1.30%,1055815
2012-08-09,7.65,7.9,7.65,7.7,0,0.00%,1269121
2012-08-08,7.55,7.9,7.55,7.7,0.2,+2.67%,1629767
2012-08-07,7.45,7.65,7.4,7.5,-0.15,-1.96%,1342479
2012-08-06,8.05,8.1,7.5,7.65,-0.2,-2.55%,1849464
2012-08-03,8.05,8.05,7.8,7.85,-0.4,-4.85%,979008
2012-08-02,8.15,8.5,8.1,8.25,-0.05,-0.60%,1594616
2012-08-01,8.05,8.6,8.02,8.3,0.25,+3.11%,1982902
2012-07-31,7.55,8.2,7.35,8.05,0.6,+8.05%,2507295
2012-07-30,7.65,7.7,7.4,7.45,-0.05,-0.67%,1380423
2012-07-27,7.95,8.07,7.5,7.5,-0.35,-4.46%,2680867
2012-07-26,8.05,8.1,7.7,7.85,-0.1,-1.26%,1530242
2012-07-25,7.85,8.05,7.75,7.95,-0.1,-1.24%,1534332
2012-07-24,8.05,8.25,7.95,8.05,-0.05,-0.62%,1711160
2012-07-23,8.6,8.65,8.1,8.1,-0.65,-7.43%,2739936
2012-07-20,8.75,9,8.6,8.75,0,0.00%,1278407
2012-07-19,8.8,8.95,8.6,8.75,0.15,+1.74%,1693329
2012-07-18,8.85,8.85,8.5,8.6,-0.25,-2.82%,1085725
2012-07-17,8.5,9.1,8.4,8.85,0.35,+4.12%,2628589
2012-07-16,8.7,8.8,8.47,8.5,0,0.00%,1375385
2012-07-13,8.35,8.7,8.3,8.5,0.15,+1.80%,1656346
2012-07-12,9,9,8.3,8.35,-0.65,-7.22%,2080055
2012-07-11,8.2,9.05,8.1,9,0.7,+8.43%,2920444
2012-07-10,8.2,8.5,8.15,8.3,0.25,+3.11%,1770425
2012-07-09,8.4,8.4,8,8.05,-0.5,-5.85%,1427343
2012-07-06,8.5,8.65,8.4,8.55,0.15,+1.79%,754659
2012-07-05,8.6,8.65,8.4,8.4,-0.2,-2.33%,936735
2012-07-04,8.65,8.75,8.55,8.6,0.05,+0.58%,1009597
2012-07-03,8.6,8.65,8.4,8.55,-0.05,-0.58%,1305423
2012-07-02,8.7,8.85,8.55,8.6,0.15,+1.78%,1424163
2012-06-29,8,8.65,8,8.45,0.15,+1.81%,3473995
2012-06-28,8.5,8.65,8,8.3,0.05,+0.61%,2953380
2012-06-27,8.95,8.95,7.35,8.25,-0.65,-7.30%,7597478
2012-06-26,9,9.25,8.85,8.9,-0.2,-2.20%,2946390
2012-06-25,9.45,9.5,9,9.1,-0.35,-3.70%,2348848
2012-06-22,9.2,9.65,9.1,9.45,0,0.00%,3016816
2012-06-21,10.1,10.25,9.45,9.45,-0.7,-6.90%,4390389
2012-06-20,10.75,10.8,10.15,10.15,0,0.00%,4542847
2012-06-19,9.35,10.2,9.2,10.15,0.8,+8.56%,3467125
2012-06-18,10,10.1,9.25,9.35,0.55,+6.25%,6035557
2012-06-15,9.2,9.25,8.7,8.8,-0.35,-3.83%,2791809
2012-06-14,9.4,9.6,9.15,9.15,-0.35,-3.68%,1051123
2012-06-13,9.75,9.8,9.15,9.5,-0.25,-2.56%,2184588
2012-06-12,9.75,9.9,9.6,9.75,0.1,+1.04%,1156285
2012-06-08,10.15,10.2,9.65,9.65,-0.55,-5.39%,1262458
2012-06-07,10.45,10.5,10.1,10.2,0.15,+1.49%,1387824
2012-06-06,10.25,10.35,10.05,10.05,-0.1,-0.99%,1418666
2012-06-05,10.05,10.5,9.9,10.15,0.45,+4.64%,2909754
2012-06-04,9.8,10.3,9.7,9.7,-0.55,-5.37%,1872580
2012-06-01,10.25,10.75,10.2,10.25,-0.1,-0.97%,1797426
2012-05-31,10.15,10.6,9.95,10.35,-0.2,-1.90%,2517917
2012-05-30,10.9,10.9,10.55,10.55,-0.2,-1.86%,1748032
2012-05-29,10.25,11.25,10.1,10.75,0.2,+1.90%,3111517
2012-05-28,9.1,10.55,9.1,10.55,1.6,+17.88%,2429910
2012-05-25,8.9,9,8.7,8.95,0.15,+1.70%,1169345
2012-05-24,8.75,9,8.75,8.8,0.1,+1.15%,1033546
2012-05-23,9.15,9.15,8.7,8.7,-0.55,-5.95%,1352268
2012-05-22,9.2,9.3,9.1,9.25,0.25,+2.78%,1191909
2012-05-21,9,9.2,8.85,9,0.15,+1.69%,1295766
2012-05-18,8.8,9.1,8.65,8.85,-0.4,-4.32%,2619180
2012-05-17,9.25,9.5,9.1,9.25,0.05,+0.54%,2888502
2012-05-16,9.75,9.75,9.05,9.2,-0.65,-6.60%,2928662
2012-05-15,10.1,10.15,9.75,9.85,-0.5,-4.83%,2216143
2012-05-14,9.8,10.4,9.7,10.35,0.65,+6.70%,2907310
2012-05-11,9.7,9.8,9.5,9.7,0,0.00%,1691230
2012-05-10,9.75,9.9,9.5,9.7,-0.05,-0.51%,2033777
2012-05-09,10.1,10.2,9.7,9.75,-0.55,-5.34%,2679433
2012-05-08,10.4,10.6,10.3,10.3,0.1,+0.98%,1624542
2012-05-07,10.5,10.55,10.05,10.2,-0.45,-4.23%,1667020
2012-05-04,10.85,10.9,10.6,10.65,-0.25,-2.29%,1181605
2012-05-03,10.95,11,10.75,10.9,-0.05,-0.46%,1082302
2012-05-02,11.05,11.15,10.9,10.95,-0.05,-0.45%,760262
2012-05-01,11.2,11.25,11,11,-0.25,-2.22%,1121174
2012-04-30,11.2,11.35,11.1,11.25,0.15,+1.35%,1187399
2012-04-27,11.3,11.35,11.07,11.1,-0.05,-0.45%,1345554
2012-04-26,11.25,11.45,11.12,11.15,0,0.00%,1816069
2012-04-24,10.55,11.2,10.5,11.15,0.3,+2.76%,1407746
2012-04-23,11.1,11.15,10.85,10.85,-0.35,-3.13%,1103498
2012-04-20,11.3,11.4,11.1,11.2,-0.25,-2.18%,1577135
2012-04-19,11.25,11.55,11.07,11.45,0.15,+1.33%,1412933
2012-04-18,11.75,11.9,11.2,11.3,-0.2,-1.74%,2142347
2012-04-17,11.15,11.75,11.05,11.5,0.55,+5.02%,3485067
2012-04-16,11,11.2,10.9,10.95,-0.15,-1.35%,1472373
2012-04-13,11.2,11.3,10.9,11.1,0.8,+7.77%,3184147
2012-04-12,10.1,10.45,10,10.3,0.25,+2.49%,2196499
2012-04-11,10.2,10.25,10,10.05,-0.25,-2.43%,1493660
2012-04-10,10.45,10.5,10.2,10.3,-0.25,-2.37%,1035730
2012-04-05,10.65,10.65,10.4,10.55,-0.1,-0.94%,1104050
2012-04-04,10.55,10.8,10.45,10.65,0.05,+0.47%,1878363
2012-04-03,10.95,11,10.6,10.6,-0.2,-1.85%,1556091
2012-04-02,11,11.1,10.75,10.8,-0.15,-1.37%,1899466
2012-03-30,10.85,11.2,10.75,10.95,0.25,+2.34%,2144664
2012-03-29,10.95,11.05,10.7,10.7,-0.4,-3.60%,1473393
2012-03-28,10.95,11.1,10.7,11.1,0.2,+1.83%,1849935
2012-03-27,11,11.1,10.75,10.9,0.15,+1.40%,1824536
2012-03-26,10.9,11.15,10.65,10.75,-0.15,-1.38%,1772514
2012-03-23,11.15,11.2,10.75,10.9,-0.5,-4.39%,3119686
2012-03-22,11.65,11.77,11.2,11.4,-0.05,-0.44%,1635573
2012-03-21,11.6,11.6,11.35,11.45,-0.2,-1.72%,1249770
2012-03-20,12.1,12.25,11.65,11.65,-0.55,-4.51%,1272992
2012-03-19,12.25,12.3,12.1,12.2,-0.15,-1.21%,693320
2012-03-16,12.35,12.4,12.05,12.35,0.1,+0.82%,1208385
2012-03-15,12.45,12.45,12.2,12.25,-0.25,-2.00%,1685266
2012-03-14,12.45,12.55,12.35,12.5,0.35,+2.88%,1905711
2012-03-13,11.75,12.15,11.7,12.15,0.45,+3.85%,2063919
2012-03-12,12.15,12.2,11.6,11.7,-0.1,-0.85%,1977926
2012-03-09,11,11.85,10.8,11.8,1,+9.26%,2882324
2012-03-08,11.2,11.3,10.7,10.8,-0.2,-1.82%,2217363
2012-03-07,11,11.35,10.9,11,-0.2,-1.79%,2112690
2012-03-06,11.25,11.6,11.15,11.2,-0.1,-0.88%,1855667
2012-03-05,11.6,11.65,11.2,11.3,-0.1,-0.88%,1665766
2012-03-02,11.65,11.75,11.3,11.4,-0.15,-1.30%,2026588
2012-03-01,12.1,12.2,11.55,11.55,-0.65,-5.33%,2493886
2012-02-29,12.35,12.6,12.2,12.2,0,0.00%,1638402
2012-02-28,12.2,12.4,12.05,12.2,-0.1,-0.81%,1221505
2012-02-27,12.65,12.9,12.1,12.3,-0.6,-4.65%,2650308
2012-02-24,12.4,13,12.3,12.9,0.45,+3.61%,1896826
2012-02-23,12.5,12.6,12.25,12.45,-0.45,-3.49%,1321025
2012-02-22,12.8,13.1,12.75,12.9,-0.15,-1.15%,1001418
2012-02-21,13,13.05,12.7,13.05,0.2,+1.56%,1309496
2012-02-20,12.3,12.95,12.25,12.85,0.7,+5.76%,2176884
2012-02-17,12.4,12.52,12,12.15,0,0.00%,1841601
2012-02-16,12.4,12.4,11.95,12.15,-0.45,-3.57%,2357096
2012-02-15,12.65,13.1,12.15,12.6,-0.15,-1.18%,4556837
2012-02-14,13.55,13.6,12.65,12.75,-0.8,-5.90%,2711880
2012-02-13,13.7,13.85,13.35,13.55,-0.35,-2.52%,2173738
2012-02-10,14.15,14.25,13.85,13.9,-0.25,-1.77%,1267436
2012-02-09,14.5,14.7,14.1,14.15,-0.4,-2.75%,1821742
2012-02-08,13.8,14.7,13.75,14.55,0.75,+5.43%,3064723
2012-02-07,14.4,14.4,13.8,13.8,-0.6,-4.17%,3017850
2012-02-06,14.8,15,14.35,14.4,0.1,+0.70%,3815479
2012-02-03,15.5,15.65,14.3,14.3,-1.6,-10.06%,6144127
2012-02-02,15.8,16.25,15.3,15.9,2.55,+19.10%,8207122
2012-02-01,13.4,13.45,13,13.35,0.1,+0.75%,1389400
2012-01-31,13.2,13.4,13.1,13.25,0.15,+1.15%,1387922
2012-01-30,12.75,13.3,12.7,13.1,0.25,+1.95%,2172054
2012-01-27,13.5,13.9,12.7,12.85,-0.6,-4.46%,2801741
2012-01-25,12.7,14,12.2,13.45,0.65,+5.08%,7905705
2012-01-20,11.85,12.85,11.8,12.8,1.3,+11.30%,5106110
2012-01-19,10.95,11.5,10.9,11.5,0.9,+8.49%,3037436
2012-01-18,10.35,10.75,10.3,10.6,0.45,+4.43%,3386518
2012-01-17,10.15,10.3,10.1,10.15,0.15,+1.50%,1676789
2012-01-16,10.3,10.35,9.9,10,-0.4,-3.85%,2104625
2012-01-13,10.35,10.55,10.2,10.4,0.05,+0.48%,1994829
2012-01-12,10.55,10.55,10.25,10.35,-0.05,-0.48%,1371905
2012-01-11,10.5,10.7,10.3,10.4,0.1,+0.97%,1624731
2012-01-10,10.25,10.4,10.1,10.3,0.15,+1.48%,1674351
2012-01-09,10.55,10.6,10.05,10.15,-0.3,-2.87%,2270322
2012-01-06,10.8,10.95,10.45,10.45,-0.2,-1.88%,1686449
2012-01-05,11,11.2,10.55,10.65,-0.5,-4.48%,2220895
2012-01-04,11.25,11.35,11.1,11.15,0.25,+2.29%,1526661
2012-01-03,10.8,10.95,10.7,10.9,0.45,+4.31%,1254830
2011-12-30,10.65,10.85,10.3,10.45,-0.2,-1.88%,1396255
2011-12-29,11.05,11.1,10.35,10.65,-0.6,-5.33%,1982607
2011-12-28,11.6,11.65,11.25,11.25,-0.4,-3.43%,668110
2011-12-23,11.6,11.8,11.4,11.65,0.3,+2.64%,552190
2011-12-22,11.8,11.85,11.35,11.35,-0.45,-3.81%,1108797
2011-12-21,12.15,12.3,11.8,11.8,0.15,+1.29%,1263767
2011-12-20,11.65,11.85,11.5,11.65,0.15,+1.30%,984192
2011-12-19,12.1,12.4,11.35,11.5,-0.25,-2.13%,2029612
2011-12-16,11.65,11.9,11.6,11.75,0.25,+2.17%,1654640
2011-12-15,12.1,12.25,11.5,11.5,-1.25,-9.80%,3238338
2011-12-14,12.8,13,12.7,12.75,-0.1,-0.78%,1516243
2011-12-13,13.1,13.3,12.82,12.85,-0.7,-5.17%,2602344
2011-12-12,13.45,13.6,13.2,13.55,0.55,+4.23%,1927075
2011-12-09,12.6,13.1,12.55,13,-0.05,-0.38%,1682964
2011-12-08,13.3,13.4,13.05,13.05,-0.25,-1.88%,1206063
2011-12-07,13.05,13.5,13.05,13.3,0.7,+5.56%,1967922
2011-12-06,13.65,13.7,12.55,12.6,-1.,-7.35%,2728799
2011-12-05,12.75,13.65,12.75,13.6,0.9,+7.09%,3175789
2011-12-02,12.85,13,12.65,12.7,-0.45,-3.42%,1844466
2011-12-01,12.5,13.25,12.5,13.15,1,+8.23%,4261431
2011-11-30,11.75,12.25,11.7,12.15,0.35,+2.97%,2105950
2011-11-29,12,12.1,11.7,11.8,0.05,+0.43%,1776205
2011-11-28,11.3,11.85,11.3,11.75,0.75,+6.82%,2295341
2011-11-25,11.2,11.25,10.9,11,-0.25,-2.22%,1194553
2011-11-24,10.5,11.35,10.3,11.25,0.45,+4.17%,2702191
2011-11-23,11.3,11.35,10.8,10.8,-0.5,-4.42%,1826638
2011-11-22,11.3,11.5,11.1,11.3,-0.35,-3.00%,2570522
2011-11-21,12.1,12.15,11.55,11.65,-0.45,-3.72%,1426755
2011-11-18,12.2,12.3,12.05,12.1,-0.35,-2.81%,1371194
2011-11-17,11.95,12.45,11.9,12.45,0.45,+3.75%,1998686
2011-11-16,12.35,12.5,11.95,12,-0.2,-1.64%,1813756
2011-11-15,12.1,12.45,12,12.2,-0.05,-0.41%,1249070
2011-11-14,12.1,12.5,12.1,12.25,0.2,+1.66%,2452029
2011-11-11,11.9,12.1,11.6,12.05,0.35,+2.99%,2530250
2011-11-10,11.4,11.85,11.35,11.7,-0.2,-1.68%,1994329
2011-11-09,11.7,11.95,11.6,11.9,0.4,+3.48%,1888861
2011-11-08,11.6,11.8,11.5,11.5,0,0.00%,1472190
2011-11-07,11.7,11.7,11.35,11.5,-0.2,-1.71%,1465539
2011-11-04,11.95,12.1,11.65,11.7,0.2,+1.74%,2313198
2011-11-03,11.6,11.7,11.05,11.5,0.1,+0.88%,2554049
2011-11-02,11.45,11.65,11.35,11.4,-0.6,-5.00%,3263949
2011-11-01,11.6,12.25,11.5,12,-0.05,-0.41%,1895802
2011-10-31,12.7,12.85,12.05,12.05,-0.95,-7.31%,2860127
2011-10-28,13.4,13.5,12.5,13,0.25,+1.96%,3648823
2011-10-27,12.1,12.8,11.9,12.75,0.85,+7.14%,2500879
2011-10-26,11.6,12.05,11.3,11.9,-0.15,-1.24%,2974702
2011-10-25,12.45,12.5,11.95,12.05,-0.15,-1.23%,2183976
2011-10-24,11.4,12.2,11.3,12.2,1.25,+11.42%,2216295
2011-10-21,11.45,11.6,10.9,10.95,-0.3,-2.67%,2035234
2011-10-20,10.95,11.5,10.5,11.25,0.35,+3.21%,3945393
2011-10-19,12.5,12.55,10,10.9,-1.2,-9.92%,7225005
2011-10-18,12.5,12.5,12,12.1,-1.,-7.63%,3551454
2011-10-17,12.95,13.15,12.85,13.1,0.65,+5.22%,2387919
2011-10-14,12.5,12.8,12.3,12.45,-0.35,-2.73%,2258561
2011-10-13,12.8,13.15,12.55,12.8,0.4,+3.23%,4248593
2011-10-12,12,12.5,11.75,12.4,0.15,+1.22%,3193285
2011-10-11,13.3,13.5,12.2,12.25,-0.35,-2.78%,5604097
2011-10-10,11.6,12.9,11.5,12.6,0.75,+6.33%,6920227
2011-10-07,11.8,12.35,11.65,11.85,0.6,+5.33%,7042577
2011-10-06,10.55,11.35,10.45,11.25,1.2,+11.94%,7476474
2011-10-05,10,10.3,9.6,10.05,0.65,+6.91%,6079387
2011-10-04,9.5,9.7,9.22,9.4,-0.35,-3.59%,7424997
2011-10-03,10.55,10.65,9.7,9.75,-1.15,-10.55%,4112087
2011-09-30,11.2,11.65,10.65,10.9,-0.2,-1.80%,4722492
2011-09-29,10.3,11.15,10.05,11.1,0,0.00%,6950869
2011-09-28,12.6,12.65,10.85,11.1,-0.7,-5.93%,8410581
2011-09-27,9.85,11.8,9.6,11.8,3.05,+34.86%,11028702
2011-09-26,11.1,11.15,8.57,8.75,-1.8,-17.06%,11257822
2011-09-23,10.4,11.15,10.25,10.55,-0.5,-4.52%,11074667
2011-09-22,12.1,12.35,10.85,11.05,-1.75,-13.67%,9994265
2011-09-21,13.35,14.1,12,12.8,-1.8,-12.33%,11011698
2011-09-20,14.65,14.75,14.35,14.6,-0.2,-1.35%,2870357
2011-09-19,15.8,15.8,14.7,14.8,-1.,-6.33%,3128310
2011-09-16,15.6,16.05,15.35,15.8,0.6,+3.95%,3365366
2011-09-15,15.6,15.7,15.05,15.2,0.4,+2.70%,3951341
2011-09-14,16.3,16.6,14.7,14.8,-1.35,-8.36%,4894436
2011-09-13,16.5,16.65,16.15,16.15,0,0.00%,2884388
2011-09-12,16.9,17.05,16.15,16.15,-1.2,-6.92%,3193105
2011-09-09,17.25,17.65,17.25,17.35,0.1,+0.58%,2517165
2011-09-08,17.95,17.95,17.25,17.25,-0.35,-1.99%,3193591
2011-09-07,17.5,18.05,17.4,17.6,0.45,+2.62%,3176868
2011-09-06,16.5,17.2,16.42,17.15,0.25,+1.48%,4188443
2011-09-05,17.35,17.4,16.75,16.9,-0.7,-3.98%,2995060
2011-09-02,18.05,18.15,17.5,17.6,-0.7,-3.83%,3175724
2011-09-01,18.3,18.42,18,18.3,0.2,+1.10%,2713272
2011-08-31,18.2,18.25,17.95,18.1,0,0.00%,2945324
2011-08-30,18.6,18.65,17.95,18.1,-0.15,-0.82%,3542421
2011-08-29,17.35,18.35,17.15,18.25,1.2,+7.04%,4085615
2011-08-26,17.1,17.3,16.8,17.05,-0.2,-1.16%,3142324
2011-08-25,17.4,17.55,17.1,17.25,0.25,+1.47%,3644970
2011-08-24,17.75,17.75,16.85,17,-0.15,-0.87%,4030809
2011-08-23,17.35,17.6,16.8,17.15,0.1,+0.59%,4405254
2011-08-22,17.45,17.9,16.4,17.05,-0.35,-2.01%,6465371
2011-08-19,17.65,18.1,17.35,17.4,-1.1,-5.95%,5589501
2011-08-18,19.6,19.65,18.4,18.5,-1.15,-5.85%,3919312
2011-08-17,19.7,20,19.6,19.65,-0.1,-0.51%,3579007
2011-08-16,20.7,20.7,19.75,19.75,-0.65,-3.19%,2950993
2011-08-15,20.3,20.7,20,20.4,0.6,+3.03%,3622451
2011-08-12,20.5,20.5,19.75,19.8,-0.05,-0.25%,4238046
2011-08-11,18.8,20,18.7,19.85,0.5,+2.58%,5384767
2011-08-10,19.7,20.2,19.2,19.35,0.6,+3.20%,5280805
2011-08-09,17.05,18.75,16.85,18.75,0.75,+4.17%,6852449
2011-08-08,18.15,19.25,17.85,18,-0.6,-3.23%,6036013
2011-08-05,19,19.55,18.3,18.6,-2.4,-11.43%,6893898
2011-08-04,21,21.5,20.7,21,0.3,+1.45%,4077960
2011-08-03,20.2,21,19.95,20.7,-0.6,-2.82%,4129360
2011-08-02,21.8,22.1,20.8,21.3,-1.,-4.48%,5321481
2011-08-01,21.7,22.4,21.7,22.3,0.8,+3.72%,4372287
2011-07-29,21.2,21.5,20.7,21.5,0.6,+2.87%,4332547
2011-07-28,20.8,21.2,20.6,20.9,-0.4,-1.88%,3955407
2011-07-27,21.4,21.6,21.1,21.3,0,0.00%,3438730
2011-07-26,21.4,21.5,20.8,21.3,0.6,+2.90%,4339453
2011-07-25,19.95,20.8,19.9,20.7,0.8,+4.02%,4180775
2011-07-22,19.8,19.95,19.55,19.9,0.5,+2.58%,4022591
2011-07-21,19.55,19.75,19.2,19.4,0,0.00%,3687021
2011-07-20,19.45,19.6,19.3,19.4,0.55,+2.92%,3671915
2011-07-19,18.5,19.15,18.3,18.85,0,0.00%,4288989
2011-07-18,19.3,19.35,18.75,18.85,-0.25,-1.31%,3858909
2011-07-15,19.45,19.55,18.9,19.1,-0.65,-3.29%,4429120
2011-07-14,19.9,19.95,19.5,19.75,0.1,+0.51%,3964416
2011-07-13,19.5,19.85,19.4,19.65,0.25,+1.29%,4269817
2011-07-12,19.6,19.7,19.3,19.4,-0.6,-3.00%,4110112
2011-07-11,19.7,20,19.3,20,-0.1,-0.50%,4727995
2011-07-08,19.2,20.1,18.95,20.1,1.7,+9.24%,5104988
2011-07-07,18.85,18.95,18.4,18.4,-0.6,-3.16%,5177930
2011-07-06,19.15,19.2,18.7,19,0,0.00%,4761358
2011-07-05,19.25,19.5,18.65,19,0.1,+0.53%,5767916
2011-07-04,17.95,18.9,17.9,18.9,1.4,+8.00%,6174087
2011-07-01,18.3,18.75,17.5,17.5,-2.3,-11.62%,10626033
2011-06-29,19.5,19.8,19.3,19.8,0.8,+4.21%,4936127
2011-06-28,20.4,20.4,18.95,19,-0.55,-2.81%,6236170
2011-06-27,20,20.2,19.3,19.55,-0.85,-4.17%,4889205
2011-06-24,20.3,20.7,20,20.4,0,0.00%,3932708
2011-06-23,20.3,20.9,20.1,20.4,0.2,+0.99%,4926813
2011-06-22,19.95,20.5,19.9,20.2,0.7,+3.59%,4938455
2011-06-21,19.05,19.5,18.7,19.5,1,+5.41%,6778424
2011-06-20,18.8,19.6,18.35,18.5,0.1,+0.54%,5958167
2011-06-17,19.8,19.95,18.35,18.4,-1.3,-6.60%,6571097
2011-06-16,19.85,20,19.55,19.7,-0.8,-3.90%,5719823
2011-06-15,20.5,21,20.4,20.5,0.2,+0.99%,4842150
2011-06-14,20.4,20.5,20,20.3,-0.4,-1.93%,6120007
2011-06-10,21.3,21.5,20.7,20.7,-0.3,-1.43%,4323338
2011-06-09,21.1,21.4,20.9,21,-0.2,-0.94%,4283647
2011-06-08,21.1,21.4,20.7,21.2,0.3,+1.44%,4747154
2011-06-07,21,21.2,20.5,20.9,-0.7,-3.24%,5220232
2011-06-06,21.7,22,21.2,21.6,-0.4,-1.82%,4835609
2011-06-03,22.7,23,22,22,-0.7,-3.08%,5055418
2011-06-02,22.6,23,22.2,22.7,-0.6,-2.58%,6257226
2011-06-01,23.4,23.6,23.1,23.3,-0.4,-1.69%,4881621
2011-05-31,22.7,23.8,22.6,23.7,1.1,+4.87%,15611802
2011-05-30,22.7,22.7,22.15,22.6,-0.2,-0.88%,4450365
2011-05-27,23,23.2,22.6,22.8,-0.2,-0.87%,4617903
2011-05-26,22.7,23,22.3,23,0.7,+3.14%,4052686
2011-05-25,22.4,22.6,21.9,22.3,-0.3,-1.33%,4884543
2011-05-24,21.7,22.6,21.3,22.6,1.1,+5.12%,4617649
2011-05-23,22.6,22.7,21.5,21.5,-1.4,-6.11%,4328787
2011-05-20,22.6,22.9,22.3,22.9,0.3,+1.33%,3969727
2011-05-19,22.5,22.7,22.2,22.6,0.7,+3.20%,4261326
2011-05-18,21.5,22.2,21.3,21.9,0.3,+1.39%,3969778
2011-05-17,21.2,21.8,21,21.6,0.5,+2.37%,4587223
2011-05-16,21.1,21.5,20.7,21.1,0.1,+0.48%,3887416
2011-05-12,21.6,21.9,21,21,-1.5,-6.67%,5239784
2011-05-11,22.2,22.7,21.7,22.5,1.2,+5.63%,4586274
2011-05-10,21.6,22.2,21.2,21.3,-0.6,-2.74%,4393610
2011-05-09,22.8,23,21.6,21.9,-0.6,-2.67%,4053253
2011-05-06,21.4,22.8,21.2,22.5,0.5,+2.27%,5345205
2011-05-05,20.4,22.2,20.2,22,1.7,+8.37%,5576861
2011-05-04,20.3,20.8,19.9,20.3,0.2,+1.00%,5526331
2011-05-03,20.8,20.8,19.7,20.1,-0.8,-3.83%,5595341
2011-05-02,20.9,21.4,19.8,20.9,0,0.00%,5793360
2011-04-29,22,22.1,20.7,20.9,-0.7,-3.24%,4276717
2011-04-28,22.5,22.8,21.4,21.6,-0.5,-2.26%,3821779
2011-04-27,23.2,23.4,22.1,22.1,-2.4,-9.80%,4740272
2011-04-21,24.6,25.1,24.3,24.5,0.5,+2.08%,1879238
2011-04-20,23.4,24.1,23.3,24,1.1,+4.80%,2318244
2011-04-19,23.5,23.9,22.9,22.9,-1.7,-6.91%,4052014
2011-04-18,25.2,25.4,24.1,24.6,-0.7,-2.77%,2897291
2011-04-15,25.7,25.9,25.1,25.3,-0.1,-0.39%,2539950
2011-04-14,25.3,25.9,25.2,25.4,0.2,+0.79%,2593807
2011-04-13,25.2,25.7,24.7,25.2,-0.3,-1.18%,3475789
2011-04-12,26.6,27,25.4,25.5,-0.5,-1.92%,3563190
2011-04-11,25.2,26.3,25.2,26,0.5,+1.96%,3063486
2011-04-08,25,25.6,24.9,25.5,1.6,+6.69%,3332942
2011-04-07,24,24.8,23.7,23.9,-0.4,-1.65%,3177711
2011-04-06,25,25.3,24.3,24.3,-0.9,-3.57%,3213907
2011-04-05,24.8,26.3,24.8,25.2,1.2,+5.00%,5201332
2011-04-04,22.9,24,22.9,24,1.3,+5.73%,3764097
2011-04-01,22.4,23,21.7,22.7,0.2,+0.89%,3773487
2011-03-31,22.6,23.3,22.5,22.5,0.7,+3.21%,6222773
2011-03-29,21.4,21.8,21,21.8,0.2,+0.93%,2723808
2011-03-28,21,21.8,21,21.6,0.2,+0.93%,2465822
2011-03-25,21.3,21.5,21.1,21.4,0.5,+2.39%,3142455
2011-03-24,20.9,21.1,20.7,20.9,0.3,+1.46%,2409440
2011-03-23,21,21.5,20.4,20.6,0.6,+3.00%,3874191
2011-03-22,20,20.3,19.75,20,0.65,+3.36%,3066514
2011-03-21,19.5,19.7,19.3,19.35,0.15,+0.78%,2673704
2011-03-18,19.4,20.1,19.2,19.2,0.25,+1.32%,6285841
2011-03-17,18.35,18.95,17.8,18.95,0.1,+0.53%,4763426
2011-03-16,16.8,19.05,16.75,18.85,1.3,+7.41%,5294605
2011-03-15,18.7,19.5,17.15,17.55,-1.35,-7.14%,4979743
2011-03-14,19.3,19.45,18.4,18.9,-0.85,-4.30%,3775078
2011-03-11,19.3,20.7,19.2,19.75,-0.1,-0.50%,4175105
2011-03-10,21,21.1,19.85,19.85,-0.85,-4.11%,3027107
2011-03-09,21.1,21.2,20.3,20.7,-0.2,-0.96%,2587884
2011-03-08,21.2,21.9,20.9,20.9,-0.1,-0.48%,3341533
2011-03-07,22,22.2,21,21,-1.,-4.55%,3083209
2011-03-04,23.1,23.3,21.9,22,-0.9,-3.93%,3614144
2011-03-03,22.6,23,21.9,22.9,0.7,+3.15%,6165623
2011-03-02,20.7,22.3,20.4,22.2,1.1,+5.21%,6502053
2011-03-01,19.85,21.2,19.8,21.1,1.6,+8.21%,6646118
2011-02-28,19.45,20.1,19.35,19.5,0.45,+2.36%,3139401
2011-02-25,18.45,19.05,18.3,19.05,0.65,+3.53%,3137454
2011-02-24,18.35,18.75,18.2,18.4,-0.3,-1.60%,2932117
2011-02-23,18,19.05,18,18.7,0.05,+0.27%,3301126
2011-02-22,19,19.15,18.65,18.65,-0.45,-2.36%,2912461
2011-02-21,19.2,19.25,18.65,19.1,-0.2,-1.04%,2972849
2011-02-18,19.55,19.6,19.25,19.3,-0.15,-0.77%,2586352
2011-02-17,19.3,19.65,19.15,19.45,0.25,+1.30%,2691359
2011-02-16,19.65,19.65,19.1,19.2,-0.45,-2.29%,2759224
2011-02-15,19.7,19.8,19.5,19.65,0.1,+0.51%,2704680
2011-02-14,19.25,19.75,19.2,19.55,0.55,+2.89%,3212437
2011-02-11,19.05,19.1,18.75,19,-0.15,-0.78%,2577623
2011-02-10,19.05,19.25,18.95,19.15,0.3,+1.59%,2974845
2011-02-09,18.4,18.85,18.25,18.85,0.65,+3.57%,3564719
2011-02-08,18.5,18.5,18,18.2,0.05,+0.28%,2965550
2011-02-07,17.9,18.3,17.85,18.15,0.45,+2.54%,3067748
2011-02-04,17.8,17.9,17.55,17.7,0.2,+1.14%,3142566
2011-02-03,17.85,18.05,17.35,17.5,0.2,+1.16%,4809854
2011-02-02,19.25,19.45,16.95,17.3,-1.65,-8.71%,7673766
2011-02-01,18.05,19,17.95,18.95,1,+5.57%,3316171
2011-01-31,18.2,18.2,17.75,17.95,-0.5,-2.71%,3913519
2011-01-28,19.3,19.45,18.45,18.45,-0.9,-4.65%,3469546
2011-01-27,20,20.1,19.3,19.35,-0.35,-1.78%,3238227
2011-01-25,19.95,20.5,19.65,19.7,-0.1,-0.51%,3044946
2011-01-24,20,20.1,19.5,19.8,0.1,+0.51%,2096201
2011-01-21,20.2,20.6,19.6,19.7,-0.5,-2.48%,2699600
2011-01-20,19.9,20.8,19.8,20.2,0,0.00%,3075246
2011-01-19,19.5,20.2,19.4,20.2,1.1,+5.76%,2930830
2011-01-18,19.55,19.9,19.1,19.1,-0.4,-2.05%,4473563
2011-01-17,20.3,20.5,19.45,19.5,-0.8,-3.94%,3025476
2011-01-14,20.7,20.8,20.2,20.3,-0.5,-2.40%,2139740
2011-01-13,20.7,21.2,20.5,20.8,0.3,+1.46%,2431465
2011-01-12,20.4,20.6,20,20.5,0.8,+4.06%,2694454
2011-01-11,21.1,21.1,19.7,19.7,-1.2,-5.74%,3522390
2011-01-10,19.35,21,19.35,20.9,1.75,+9.14%,3978749
2011-01-07,19.3,20.3,18.7,19.15,-1.55,-7.49%,4975236
2011-01-06,22,22.2,20.7,20.7,-0.9,-4.17%,3417327
2011-01-05,22.5,22.6,20.9,21.6,-1.4,-6.09%,4274670
2011-01-04,22.2,23.5,22.1,23,2.4,+11.65%,5659946
2010-12-31,20.5,20.7,19.9,20.6,0.85,+4.30%,3493045
2010-12-30,19.3,20.2,18.9,19.75,1.8,+10.03%,4456493
2010-12-29,17,18.45,16.95,17.95,1.75,+10.80%,4185060
2010-12-24,16.45,16.5,16.1,16.2,-0.15,-0.92%,881335
2010-12-23,16.6,16.7,16.25,16.35,-0.25,-1.51%,1778077
2010-12-22,16.4,16.6,15.9,16.6,0.7,+4.40%,3027693
2010-12-21,16.1,16.65,15.85,15.9,-0.15,-0.93%,3387341
2010-12-20,15,16.05,14.95,16.05,1.1,+7.36%,4879755
2010-12-17,14.95,15,14.7,14.95,0.05,+0.34%,2175906
2010-12-16,14.95,15.15,14.75,14.9,0.15,+1.02%,3137286
2010-12-15,15.05,15.05,14.5,14.75,-0.2,-1.34%,2816687
2010-12-14,15.3,15.35,14.75,14.95,-0.15,-0.99%,2678795
2010-12-13,14.85,15.25,14.6,15.1,0.4,+2.72%,3179760
2010-12-10,14.95,15.15,14.55,14.7,-0.25,-1.67%,3095740
2010-12-09,14.8,15.1,14.7,14.95,0.1,+0.67%,2695504
2010-12-08,15.15,15.4,14.55,14.85,-0.25,-1.66%,3260065
2010-12-07,15.7,15.85,14.95,15.1,0,0.00%,4746392
2010-12-06,16,16.05,15.1,15.1,-0.7,-4.43%,3449773
2010-12-03,16.7,16.75,15.75,15.8,-0.75,-4.53%,3484224
2010-12-02,17,17.35,16.4,16.55,-0.05,-0.30%,3298016
2010-12-01,15.45,16.6,15.2,16.6,1,+6.41%,3581581
2010-11-30,16.15,16.15,15.35,15.6,-0.55,-3.41%,3355410
2010-11-29,16.4,16.4,15.8,16.15,0.05,+0.31%,1495029
2010-11-26,16.7,16.9,15.7,16.1,-0.3,-1.83%,2798419
2010-11-25,15.8,16.95,15.7,16.4,1.1,+7.19%,6569734
2010-11-24,13.95,15.3,13.7,15.3,1.45,+10.47%,4047754
2010-11-23,14.4,14.45,13.75,13.85,-0.6,-4.15%,1320140
2010-11-22,14.55,14.7,14.2,14.45,0.2,+1.40%,1368160
2010-11-19,14.4,14.7,13.95,14.25,0.2,+1.42%,2912735
2010-11-18,13.9,14.25,13.7,14.05,0.5,+3.69%,2571301
2010-11-17,12.7,13.7,12.4,13.55,0.4,+3.04%,4080627
2010-11-16,14.1,14.3,13.15,13.15,-0.7,-5.05%,2165161
2010-11-15,13.9,14.35,13.75,13.85,0.1,+0.73%,1607926
2010-11-12,14.55,14.85,13.75,13.75,-0.75,-5.17%,3034932
2010-11-11,13.95,14.5,13.85,14.5,0.95,+7.01%,3012417
2010-11-10,13.35,14.2,13.2,13.55,0.95,+7.54%,6081374
2010-11-09,12.1,12.9,12.1,12.6,0.75,+6.33%,5835673
2010-11-08,12.9,12.9,11.6,11.85,-1.1,-8.49%,7347406
2010-11-05,14.25,14.4,12.75,12.95,-0.95,-6.83%,5822625
2010-11-04,14.6,14.7,13.9,13.9,-0.75,-5.12%,3225778
2010-11-03,14.5,14.85,14.5,14.65,0.2,+1.38%,1688095
2010-11-02,14.6,14.8,14.4,14.45,-0.35,-2.36%,1871616
2010-11-01,14.6,15.15,14.45,14.8,0.15,+1.02%,3372194
2010-10-29,15.2,15.6,14.6,14.65,-1.15,-7.28%,3485101
2010-10-28,14.3,15.8,14.3,15.8,1.25,+8.59%,4305123
2010-10-27,15.25,15.25,14.1,14.55,-1.05,-6.73%,6550211
2010-10-26,16.2,16.3,15.3,15.6,-1.,-6.02%,4175695
2010-10-25,17,17,15.75,16.6,-0.2,-1.19%,3411670
2010-10-22,17.85,17.9,16.25,16.8,-0.8,-4.55%,4644468
2010-10-21,17.15,17.6,16.85,17.6,0.55,+3.23%,4272608
2010-10-20,17.5,17.5,16.8,17.05,-0.3,-1.73%,3106568
2010-10-19,16.9,17.5,16.75,17.35,0.9,+5.47%,2453526
2010-10-18,17.1,17.3,16.45,16.45,-0.35,-2.08%,1835920
2010-10-15,17.5,17.55,16.5,16.8,-0.3,-1.75%,2836114
2010-10-14,16.2,17.35,16.15,17.1,1.1,+6.88%,3330920
2010-10-13,16.05,16.2,15.75,16,0.25,+1.59%,1349877
2010-10-12,16.1,16.2,15.6,15.75,0,0.00%,2169851
2010-10-11,15.25,15.75,15.25,15.75,0.65,+4.30%,1662366
2010-10-08,15,15.3,14.8,15.1,-0.1,-0.66%,1450067
2010-10-07,15.3,15.6,14.8,15.2,0.05,+0.33%,1860494
2010-10-06,14.55,15.35,14.35,15.15,1.05,+7.45%,3854553
2010-10-05,13.1,14.15,12.7,14.1,1,+7.63%,2701790
2010-10-04,13.55,13.65,13.1,13.1,-0.4,-2.96%,1145365
2010-10-01,13.75,13.75,13.35,13.5,-0.15,-1.10%,1138251
2010-09-30,13.7,13.75,13.4,13.65,0.05,+0.37%,2410346
2010-09-29,13.65,13.7,13.4,13.6,0.35,+2.64%,3055355
2010-09-28,13.55,13.7,13.15,13.25,-0.25,-1.85%,2055725
2010-09-27,13.3,13.55,13.1,13.5,0.75,+5.88%,2806858
2010-09-24,12.35,13,12.25,12.75,0.4,+3.24%,2778597
2010-09-23,11.75,12.5,11.7,12.35,0.45,+3.78%,2317134
2010-09-22,12.1,12.55,11.8,11.9,-0.35,-2.86%,3451893
2010-09-21,13.5,13.65,12.2,12.25,-1.15,-8.58%,2989657
2010-09-20,13.65,13.65,13.05,13.4,-0.35,-2.55%,2082917
2010-09-17,13.65,13.75,13.4,13.75,0.4,+3.00%,1498597
2010-09-16,13.8,13.95,13.25,13.35,-0.45,-3.26%,2607190
2010-09-15,13.25,13.8,13.25,13.8,0.5,+3.76%,2420101
2010-09-14,13.6,13.8,13.3,13.3,-0.1,-0.75%,2478016
2010-09-13,12.35,13.4,12.3,13.4,1.15,+9.39%,2417518
2010-09-10,12.2,12.4,11.95,12.25,-0.05,-0.41%,1583533
2010-09-09,12.5,12.6,12.15,12.3,0.25,+2.07%,1364834
2010-09-08,11.75,12.45,11.75,12.05,0.5,+4.33%,2667817
2010-09-07,12.3,12.4,11.45,11.55,-0.85,-6.85%,2482467
2010-09-06,11.2,12.75,11.2,12.4,1.65,+15.35%,4029880
2010-09-03,10.6,10.9,10.5,10.75,0.3,+2.87%,1251666
2010-09-02,10.5,10.7,10.35,10.45,0.2,+1.95%,833388
2010-09-01,10.1,10.4,10.05,10.25,0.45,+4.59%,1455497
2010-08-31,10.15,10.35,9.75,9.8,-0.6,-5.77%,2669049
2010-08-30,10,10.4,9.95,10.4,0.7,+7.22%,3226034
2010-08-27,8.9,9.7,8.8,9.7,0.8,+8.99%,2094706
2010-08-26,9,9.1,8.7,8.9,0,0.00%,1767562
2010-08-25,9.3,9.45,8.9,8.9,-0.65,-6.81%,2558334
2010-08-24,10,10,9.45,9.55,-0.45,-4.50%,1271276
2010-08-23,10,10.2,9.85,10,0.1,+1.01%,1480781
2010-08-20,9.7,10.05,9.6,9.9,-0.15,-1.49%,1805307
2010-08-19,10.5,10.5,9.95,10.05,-0.25,-2.43%,2085400
2010-08-18,10.1,10.3,9.85,10.3,0.55,+5.64%,3794103
2010-08-17,9.25,10.05,9.25,9.75,0.65,+7.14%,4549269
2010-08-16,8.95,9.2,8.85,9.1,0.15,+1.68%,1989637
2010-08-13,8.65,9.05,8.5,8.95,0.65,+7.83%,4298282
2010-08-12,8.55,8.6,8.25,8.3,-0.55,-6.21%,4280670
2010-08-11,8.8,8.95,8.65,8.85,-0.05,-0.56%,2356081
2010-08-10,9.45,9.45,8.85,8.9,-0.6,-6.32%,3653642
2010-08-09,8.9,9.5,8.9,9.5,0.9,+10.47%,3359124
2010-08-06,8.55,8.75,8.45,8.6,0.05,+0.58%,2884845
2010-08-05,8.4,8.55,8.3,8.55,0.3,+3.64%,2545618
2010-08-04,8.2,8.35,8.05,8.25,0.05,+0.61%,2693838
2010-08-03,8.25,8.4,8.15,8.2,0.2,+2.50%,1939421
2010-08-02,7.7,8.1,7.65,8,0.4,+5.26%,1808573
2010-07-30,7.6,7.8,7.5,7.6,-0.1,-1.30%,1065035
2010-07-29,7.55,8,7.5,7.7,0.15,+1.99%,2502724
2010-07-28,7.7,7.75,7.3,7.55,-0.35,-4.43%,1806452
2010-07-27,7.9,8.2,7.7,7.9,0.1,+1.28%,2259207
2010-07-26,7.3,7.8,7.25,7.8,0.65,+9.09%,2415670
2010-07-23,7.25,7.4,7.15,7.15,0.2,+2.88%,1195339
2010-07-22,6.7,7.3,6.7,6.95,0.25,+3.73%,2198881
2010-07-21,6.8,6.85,6.65,6.7,0.05,+0.75%,386697
2010-07-20,6.55,6.8,6.55,6.65,0.1,+1.53%,1466237
2010-07-19,6.7,6.7,6.5,6.55,-0.3,-4.38%,584382
2010-07-16,6.75,6.85,6.7,6.85,0,0.00%,568796
2010-07-15,6.9,6.95,6.65,6.85,-0.1,-1.44%,1530000
2010-07-14,6.4,7.05,6.4,6.95,0.6,+9.45%,3511829
2010-07-13,6.35,6.45,6.15,6.35,0.1,+1.60%,1985785
2010-07-12,6.1,6.5,6,6.25,0.3,+5.04%,3281193
2010-07-09,5.65,6,5.65,5.95,0.45,+8.18%,1493564
2010-07-08,5.55,5.65,5.5,5.5,0.05,+0.92%,784729
2010-07-07,5.6,5.6,5.4,5.45,-0.15,-2.68%,686062
2010-07-06,5.4,5.6,5.4,5.6,0.2,+3.70%,513616
2010-07-05,5.5,5.65,5.4,5.4,-0.1,-1.82%,425682
2010-07-02,5.5,5.6,5.45,5.5,0.1,+1.85%,536648
2010-07-01,5.4,5.55,5.3,5.4,-0.05,-0.92%,970405
2010-06-30,5.5,5.6,5.35,5.45,-0.3,-5.22%,1080288
2010-06-29,5.85,6.2,5.7,5.75,-0.1,-1.71%,1050756
2010-06-28,5.95,6.05,5.8,5.85,-0.1,-1.68%,1653426
2010-06-25,5.5,5.95,5.5,5.95,0.45,+8.18%,1614497
2010-06-24,5.5,5.6,5.4,5.5,0.1,+1.85%,403679
2010-06-23,5.4,5.6,5.4,5.4,-0.2,-3.57%,465435
2010-06-22,5.7,5.7,5.55,5.6,-0.15,-2.61%,675278
2010-06-21,5.75,5.8,5.6,5.75,0.05,+0.88%,533252
2010-06-18,5.5,5.75,5.45,5.7,0.15,+2.70%,859509
2010-06-17,5.4,5.55,5.35,5.55,0.25,+4.72%,1051445
2010-06-16,5.2,5.35,5.2,5.3,0.2,+3.92%,866114
2010-06-15,5.1,5.25,5.05,5.1,0.1,+2.00%,834147
2010-06-11,5.1,5.1,5,5,-0.05,-0.99%,647997
2010-06-10,4.95,5.1,4.9,5.05,0.1,+2.02%,1065633
2010-06-09,4.95,5,4.9,4.95,0.15,+3.13%,567066
2010-06-08,4.65,4.85,4.65,4.8,0.1,+2.13%,1101976
2010-06-07,4.85,4.9,4.65,4.7,-0.3,-6.00%,940320
2010-06-04,5,5.05,4.95,5,0,0.00%,528044
2010-06-03,5.05,5.1,5,5,0.1,+2.04%,461638
2010-06-02,5,5.1,4.9,4.9,-0.15,-2.97%,790558
2010-06-01,5.05,5.15,4.95,5.05,0,0.00%,576657
2010-05-31,5.1,5.15,5.05,5.05,0,0.00%,551336
2010-05-28,5.1,5.3,5.05,5.05,0.05,+1.00%,1238638
2010-05-27,5,5.05,4.85,5,-0.05,-0.99%,1307201
2010-05-26,5.05,5.2,4.95,5.05,0.05,+1.00%,1655731
2010-05-25,4.95,5.05,4.9,5,-0.05,-0.99%,1259965
2010-05-24,4.75,5.1,4.7,5.05,0.25,+5.21%,1633147
2010-05-21,4.7,4.9,4.5,4.8,-0.15,-3.03%,1637301
2010-05-20,4.85,5.1,4.85,4.95,0.15,+3.13%,2187936
2010-05-19,4.9,4.9,4.75,4.8,-0.1,-2.04%,2551866
2010-05-18,5.2,5.25,4.9,4.9,-0.2,-3.92%,1691890
2010-05-17,5.15,5.25,5.05,5.1,-0.1,-1.92%,764010
2010-05-14,5.25,5.35,5.2,5.2,-0.1,-1.89%,473644
2010-05-13,5.25,5.35,5.25,5.3,0.1,+1.92%,503956
2010-05-12,5,5.25,4.95,5.2,0.2,+4.00%,1146269
2010-05-11,5.2,5.25,4.95,5,-0.15,-2.91%,791441
2010-05-10,4.75,5.15,4.75,5.15,0.25,+5.10%,1165899
2010-05-07,4.95,5,4.85,4.9,-0.15,-2.97%,1907476
2010-05-06,4.8,5.1,4.75,5.05,0.25,+5.21%,2083127
2010-05-05,4.95,4.95,3.75,4.8,-0.25,-4.95%,3700965
2010-05-04,5.2,5.25,5.05,5.05,-0.15,-2.88%,1048147
2010-05-03,5.35,5.35,5.1,5.2,-0.2,-3.70%,1424514
2010-04-30,5.55,5.55,5.4,5.4,-0.05,-0.92%,867082
2010-04-29,5.6,5.65,5.35,5.45,-0.15,-2.68%,1266626
2010-04-28,5.5,5.65,5.35,5.6,0.05,+0.90%,1258361
2010-04-27,5.55,5.65,5.5,5.55,0.05,+0.91%,1342879
2010-04-23,5.4,5.5,5.4,5.5,0.1,+1.85%,838819
2010-04-22,5.5,5.55,5.35,5.4,-0.1,-1.82%,647129
2010-04-21,5.35,5.55,5.3,5.5,0.2,+3.77%,1197620
2010-04-20,5.2,5.4,5.15,5.3,0.2,+3.92%,1518180
2010-04-19,5.15,5.2,5.05,5.1,-0.15,-2.86%,803838
2010-04-16,5.4,5.4,5.25,5.25,-0.15,-2.78%,761014
2010-04-15,5.5,5.55,5.35,5.4,0,0.00%,669983
2010-04-14,5.3,5.4,5.25,5.4,0.15,+2.86%,671316
2010-04-13,5.4,5.45,5.2,5.25,-0.25,-4.55%,1071931
2010-04-12,5.5,5.7,5.45,5.5,0.05,+0.92%,1518765
2010-04-09,5.45,5.5,5.4,5.45,0.05,+0.93%,311886
2010-04-08,5.4,5.5,5.3,5.4,0,0.00%,957887
2010-04-07,5.45,5.55,5.25,5.4,0,0.00%,1432362
2010-04-06,5,5.4,4.95,5.4,0.45,+9.09%,2343953
2010-04-01,4.85,5.05,4.8,4.95,0.1,+2.06%,990580
2010-03-31,4.95,4.95,4.85,4.85,0,0.00%,765148
2010-03-30,4.95,5,4.85,4.85,-0.1,-2.02%,652151
2010-03-29,4.9,5,4.9,4.95,0.05,+1.02%,669620
2010-03-26,4.9,4.95,4.8,4.9,0,0.00%,2004206
2010-03-25,4.95,5,4.9,4.9,-0.1,-2.00%,361811
2010-03-24,5.1,5.15,4.95,5,-0.05,-0.99%,1007280
2010-03-23,5.05,5.1,4.95,5.05,0.1,+2.02%,1285064
2010-03-22,5.05,5.05,4.9,4.95,-0.15,-2.94%,546009
2010-03-19,5.1,5.1,5,5.1,0.05,+0.99%,558963
2010-03-18,5,5.15,5,5.05,0,0.00%,1317917
2010-03-17,5.05,5.1,4.95,5.05,0.05,+1.00%,1356986
2010-03-16,5.1,5.1,4.95,5,-0.1,-1.96%,1233354
2010-03-15,5.25,5.3,5.1,5.1,-0.15,-2.86%,824377
2010-03-12,5.3,5.3,5.2,5.25,0,0.00%,385116
2010-03-11,5.35,5.35,5.2,5.25,0,0.00%,562782
2010-03-10,5.3,5.4,5.2,5.25,0,0.00%,851734
2010-03-09,5.15,5.4,5.1,5.25,0.15,+2.94%,1381561
2010-03-08,5.15,5.2,5.05,5.1,0.05,+0.99%,518063
2010-03-05,5.15,5.2,5,5.05,-0.05,-0.98%,520001
2010-03-04,5.2,5.25,5,5.1,-0.1,-1.92%,532831
2010-03-03,5.15,5.2,5.1,5.2,0.05,+0.97%,487306
2010-03-02,5.2,5.2,5.05,5.15,0,0.00%,864399
2010-03-01,4.7,5.2,4.7,5.15,0.4,+8.42%,2015259
2010-02-26,4.9,4.9,4.65,4.75,-0.1,-2.06%,1146071
2010-02-25,5,5.15,4.8,4.85,-0.15,-3.00%,1040480
2010-02-24,5.05,5.1,4.95,5,0,0.00%,732931
2010-02-23,5,5.15,5,5,0,0.00%,1095555
2010-02-22,5.15,5.2,5,5,-0.05,-0.99%,1115548
2010-02-19,5.3,5.35,5,5.05,-0.25,-4.72%,1174706
2010-02-18,5.45,5.45,5.3,5.3,-0.1,-1.85%,327464
2010-02-17,5.45,5.65,5.35,5.4,0.15,+2.86%,957619
2010-02-16,5.4,5.4,5.25,5.25,-0.1,-1.87%,258415
2010-02-15,5.5,5.5,5.25,5.35,-0.1,-1.83%,329812
2010-02-12,5.35,5.5,5.25,5.45,0.2,+3.81%,811635
2010-02-11,5.05,5.3,5,5.25,0.3,+6.06%,1041212
2010-02-10,5.4,5.45,4.85,4.95,-0.3,-5.71%,1974860
2010-02-09,5.35,5.4,5.2,5.25,-0.1,-1.87%,564414
2010-02-08,5.35,5.45,5.3,5.35,-0.05,-0.93%,477937
2010-02-05,5.4,5.45,5.3,5.4,-0.35,-6.09%,1140398
2010-02-04,5.7,5.75,5.45,5.75,0.05,+0.88%,753590
2010-02-03,5.9,6,5.65,5.7,0.05,+0.88%,1163671
2010-02-02,5.5,5.75,5.45,5.65,0.35,+6.60%,926413
2010-02-01,5.55,5.6,5.3,5.3,-0.25,-4.50%,1263465
2010-01-29,5.55,5.65,5.45,5.55,-0.15,-2.63%,929250
2010-01-28,5.75,5.85,5.6,5.7,-0.05,-0.87%,919477
2010-01-27,5.95,5.95,5.65,5.75,-0.2,-3.36%,1446990
2010-01-25,5.8,6,5.7,5.95,0,0.00%,958997
2010-01-22,5.95,6,5.75,5.95,-0.15,-2.46%,1418091
2010-01-21,6.1,6.2,6.05,6.1,-0.15,-2.40%,898785
2010-01-20,6.3,6.45,6.15,6.25,0.2,+3.31%,718684
2010-01-19,6.35,6.4,6.05,6.05,-0.25,-3.97%,843977
2010-01-18,6.45,6.45,6.25,6.3,-0.2,-3.08%,937593
2010-01-15,6.45,6.5,6.35,6.5,0,0.00%,963916
2010-01-14,6.3,6.55,6.25,6.5,0.35,+5.69%,1559337
2010-01-13,6,6.2,5.9,6.15,0.05,+0.82%,735217
2010-01-12,6.5,6.55,6.05,6.1,-0.35,-5.43%,1113683
2010-01-11,6.45,6.55,6.35,6.45,0.15,+2.38%,756353
2010-01-08,6.25,6.6,6.25,6.3,0,0.00%,880992
2010-01-07,6.6,6.6,6.3,6.3,-0.2,-3.08%,1126374
2010-01-06,5.95,6.6,5.95,6.5,0.55,+9.24%,2474659
2010-01-05,5.8,5.95,5.8,5.95,0.3,+5.31%,1148146
2010-01-04,5.5,5.75,5.5,5.65,0.15,+2.73%,645142
2009-12-31,5.45,5.5,5.45,5.5,0,0.00%,402621
2009-12-30,5.5,5.55,5.4,5.5,0,0.00%,553056
2009-12-29,5.4,5.6,5.4,5.5,0.1,+1.85%,846475
2009-12-24,5.35,5.4,5.3,5.4,0.05,+0.93%,101366
2009-12-23,5.4,5.45,5.35,5.35,-0.1,-1.83%,222518
2009-12-22,5.4,5.45,5.35,5.45,0,0.00%,172945
2009-12-21,5.35,5.45,5.3,5.45,0.1,+1.87%,356235
2009-12-18,5.25,5.35,5.15,5.35,0.05,+0.94%,650667
2009-12-17,5.3,5.4,5.2,5.3,0.05,+0.95%,1640841
2009-12-16,5.25,5.35,5.2,5.25,-0.05,-0.94%,411154
2009-12-15,5.4,5.45,5.25,5.3,-0.15,-2.75%,922042
2009-12-14,5.5,5.55,5.35,5.45,-0.05,-0.91%,1514834
2009-12-11,5.4,5.5,5.35,5.5,0.3,+5.77%,665037
2009-12-10,5.3,5.6,5.15,5.2,-0.15,-2.80%,1085628
2009-12-09,5.2,5.4,5.05,5.35,0.1,+1.90%,1393473
2009-12-08,5.4,5.4,5.2,5.25,-0.15,-2.78%,1282377
2009-12-07,5.85,5.85,5.35,5.4,-0.35,-6.09%,1157886
2009-12-04,5.85,5.85,5.65,5.75,-0.1,-1.71%,706072
2009-12-03,5.9,5.95,5.8,5.85,-0.1,-1.68%,517497
2009-12-02,5.95,6.05,5.9,5.95,0.1,+1.71%,1348119
2009-12-01,6,6,5.8,5.85,-0.2,-3.31%,766134
2009-11-30,5.95,6.05,5.85,6.05,0.2,+3.42%,1668798
2009-11-27,5.7,5.9,5.5,5.85,0,0.00%,2215292
2009-11-26,6,6.05,5.8,5.85,-0.15,-2.50%,1096912
2009-11-25,6.1,6.1,5.85,6,-0.1,-1.64%,1231167
2009-11-24,6.2,6.3,5.8,6.1,0.1,+1.67%,4113637
2009-11-23,5.55,6,5.5,6,0.55,+10.09%,3313223
2009-11-20,5.35,5.45,5.25,5.45,0.05,+0.93%,1179224
2009-11-19,5.35,5.4,5.25,5.4,0.15,+2.86%,1333093
2009-11-18,5.2,5.25,5.1,5.25,0.15,+2.94%,1226325
2009-11-17,5.3,5.3,5.1,5.1,-0.1,-1.92%,2934084
2009-11-16,5.15,5.3,5.1,5.2,0.15,+2.97%,1924021
2009-11-13,5.1,5.25,4.95,5.05,-0.05,-0.98%,1792490
2009-11-12,5.4,5.5,5.1,5.1,-0.2,-3.77%,3486760
2009-11-11,4.8,5.3,4.75,5.3,0.55,+11.58%,4113413
2009-11-10,4.8,4.9,4.7,4.75,0.1,+2.15%,1583878
2009-11-09,4.85,4.95,4.65,4.65,-0.05,-1.06%,2062513
2009-11-06,4.8,4.85,4.65,4.7,0,0.00%,1115060
2009-11-05,4.9,4.9,4.7,4.7,-0.1,-2.08%,821354
2009-11-04,4.8,4.85,4.65,4.8,0.1,+2.13%,1451527
2009-11-03,5.05,5.1,4.65,4.7,-0.25,-5.05%,1372111
2009-11-02,4.65,5.05,4.55,4.95,0.1,+2.06%,1533713
2009-10-30,4.85,4.95,4.7,4.85,0.3,+6.59%,2254790
2009-10-29,4.7,4.7,4.3,4.55,-0.25,-5.21%,3656256
2009-10-28,5.1,5.1,4.75,4.8,-0.25,-4.95%,2567594
2009-10-27,5.3,5.3,5,5.05,-0.25,-4.72%,1619538
2009-10-26,5.45,5.5,5.2,5.3,-0.1,-1.85%,1157429
2009-10-23,5.45,5.65,5.35,5.4,0.1,+1.89%,2303674
2009-10-22,5.3,5.55,5.25,5.3,0,0.00%,1446286
2009-10-21,5.45,5.5,5.25,5.3,-0.15,-2.75%,1021835
2009-10-20,5.7,5.75,5.35,5.45,-0.15,-2.68%,1706907
2009-10-19,5.7,5.75,5.5,5.6,-0.1,-1.75%,1229448
2009-10-16,5.85,5.9,5.55,5.7,-0.2,-3.39%,2272358
2009-10-15,6.1,6.15,5.85,5.9,0,0.00%,1493515
2009-10-14,5.6,6,5.6,5.9,0.35,+6.31%,2566852
2009-10-13,5.6,5.75,5.3,5.55,-0.2,-3.48%,5298891
2009-10-12,6.15,6.25,5.6,5.75,-0.5,-8.00%,3222483
2009-10-09,6.5,6.5,6.25,6.25,-0.3,-4.58%,1043358
2009-10-08,6.85,6.85,6.5,6.55,-0.2,-2.96%,818326
2009-10-07,6.45,6.75,6.25,6.75,0.3,+4.65%,2361552
2009-10-06,7.1,7.2,6.45,6.45,-0.4,-5.84%,955869
2009-10-05,6.5,6.9,6.5,6.85,0.35,+5.38%,839175
2009-10-02,6.45,6.65,6.25,6.5,-0.3,-4.41%,2032780
2009-10-01,6.5,6.95,6.05,6.8,-2.2,-24.44%,4331693
2009-09-23,8.9,9.3,8.85,9,0.3,+3.45%,406520
2009-09-22,8.15,8.85,8.15,8.7,0.55,+6.75%,922613
2009-09-21,8.25,8.25,7.9,8.15,-0.05,-0.61%,403437
2009-09-18,8,8.2,7.8,8.2,0.6,+7.89%,596276
2009-09-17,8.2,8.35,7.6,7.6,-0.3,-3.80%,891817
2009-09-16,6.95,7.9,6.9,7.9,1.25,+18.80%,1163698
2009-09-15,6.85,6.85,6.6,6.65,-0.35,-5.00%,670602
2009-09-14,7.35,7.35,6.9,7,-0.1,-1.41%,487578
2009-09-11,7.5,7.55,7.05,7.1,-0.25,-3.40%,535885
2009-09-10,7.4,7.6,7.15,7.35,0.4,+5.76%,516052
2009-09-09,8,8.05,6.95,6.95,-1.,-12.58%,1289753
2009-09-08,7.9,8.4,7.75,7.95,0.35,+4.61%,898571
2009-09-07,7.25,7.6,7.05,7.6,0.8,+11.76%,1158771
2009-09-04,6.25,6.95,6.2,6.8,0.75,+12.40%,1007038
2009-09-03,5.75,6.1,5.65,6.05,-0.05,-0.82%,635048
2009-09-02,6.1,6.15,5.8,6.1,-0.1,-1.61%,751056
2009-09-01,6.35,6.35,6.15,6.2,-0.25,-3.88%,450693
2009-08-31,6.5,6.85,6.4,6.45,-0.05,-0.77%,591887
2009-08-28,6.5,6.65,6.15,6.5,0,0.00%,692576
2009-08-27,7,7.05,6.4,6.5,-0.5,-7.14%,793730
2009-08-26,7,7,6.65,7,0.2,+2.94%,572800
2009-08-25,7.25,7.35,6.8,6.8,0.2,+3.03%,1116418
2009-08-24,6.1,6.6,6.1,6.6,0.75,+12.82%,839224
2009-08-21,5.5,5.9,5.5,5.85,0.5,+9.35%,956627
2009-08-20,5.45,5.55,5.35,5.35,0,0.00%,377394
2009-08-19,5.35,5.55,5.25,5.35,0.4,+8.08%,904425
2009-08-18,5,5.15,4.9,4.95,-0.35,-6.60%,668648
2009-08-17,4.6,5.45,4.6,5.3,0.7,+15.22%,1151117
2009-08-14,4.6,4.7,4.6,4.6,0,0.00%,292707
2009-08-13,4.6,4.6,4.45,4.6,0.2,+4.55%,237444
2009-08-12,4.55,4.6,4.4,4.4,-0.2,-4.35%,221652
2009-08-11,4.6,4.6,4.5,4.6,0,0.00%,165256
2009-08-10,4.5,4.6,4.45,4.6,0.1,+2.22%,301174
2009-08-07,4.35,4.5,4.3,4.5,0.2,+4.65%,232539
2009-08-06,4.4,4.4,4.3,4.3,-0.05,-1.15%,165459
2009-08-05,4.35,4.4,4.3,4.35,0,0.00%,141413
2009-08-04,4.35,4.4,4.25,4.35,0,0.00%,287763
2009-08-03,4.4,4.4,4.3,4.35,-0.1,-2.25%,300937
2009-07-31,4.55,4.55,4.3,4.45,-0.1,-2.20%,349837
2009-07-30,4.6,4.6,4.55,4.55,0.05,+1.11%,109578
2009-07-29,4.55,4.6,4.5,4.5,0,0.00%,153946
2009-07-28,4.7,4.75,4.5,4.5,-0.05,-1.10%,207549
2009-07-27,4.7,4.7,4.55,4.55,-0.05,-1.09%,353086
2009-07-24,4.6,4.75,4.6,4.6,0.1,+2.22%,269645
2009-07-23,4.4,4.65,4.35,4.5,0.15,+3.45%,581482
2009-07-22,4.45,4.55,4.35,4.35,0.05,+1.16%,286862
2009-07-21,4.5,4.55,4.3,4.3,-0.15,-3.37%,293604
2009-07-20,4.5,4.6,4.45,4.45,0,0.00%,212953
2009-07-17,4.55,4.55,4.35,4.45,-0.05,-1.11%,165554
2009-07-16,4.6,4.7,4.45,4.5,0.2,+4.65%,369845
2009-07-15,4.35,4.4,4.25,4.3,0,0.00%,570555
2009-07-14,4.2,4.4,4.1,4.3,0.2,+4.88%,326171
2009-07-13,4.25,4.25,4.1,4.1,-0.15,-3.53%,212666
2009-07-10,4.4,4.4,4.25,4.25,-0.1,-2.30%,169418
2009-07-09,4.3,4.4,4.25,4.35,0.1,+2.35%,300965
2009-07-08,4.6,4.65,4,4.25,-0.4,-8.60%,701401
2009-07-07,4.75,4.8,4.6,4.65,-0.15,-3.13%,140674
2009-07-06,4.95,4.95,4.75,4.8,-0.2,-4.00%,207064
2009-07-03,4.8,5.1,4.6,5,-0.1,-1.96%,281791
2009-07-02,5.1,5.15,4.85,5.1,0,0.00%,284169
2009-07-01,4.6,5.1,4.5,5.1,0.45,+9.68%,396283
2009-06-30,4.7,4.75,4.6,4.65,0,0.00%,349572
2009-06-29,4.8,4.8,4.65,4.65,-0.15,-3.13%,486487
2009-06-26,4.8,4.8,4.75,4.8,0.05,+1.05%,562430
2009-06-25,4.75,4.8,4.65,4.75,0.15,+3.26%,189131
2009-06-24,4.55,4.7,4.55,4.6,0.05,+1.10%,300491
2009-06-23,4.7,4.7,4.5,4.55,-0.2,-4.21%,446298
2009-06-22,5,5.1,4.75,4.75,-0.15,-3.06%,290728
2009-06-19,4.85,5.05,4.8,4.9,0.15,+3.16%,526355
2009-06-18,5.3,5.3,4.6,4.75,-0.7,-12.84%,1741062
2009-06-17,5.3,5.45,5.15,5.45,0.1,+1.87%,302193
2009-06-16,5.45,5.6,5.3,5.35,-0.35,-6.14%,544253
2009-06-15,5.95,6.25,5.7,5.7,-0.1,-1.72%,1219206
2009-06-12,5.2,6,5.15,5.8,0.65,+12.62%,1672914
2009-06-11,5.25,5.35,5.05,5.15,0.05,+0.98%,493455
2009-06-10,5.15,5.2,5.05,5.1,0.05,+0.99%,493410
2009-06-09,5.15,5.4,5.05,5.05,-0.1,-1.94%,791873
2009-06-05,5.15,5.2,5.05,5.15,0.05,+0.98%,439774
2009-06-04,5.15,5.2,5,5.1,-0.05,-0.97%,351971
2009-06-03,4.9,5.15,4.9,5.15,0.25,+5.10%,386512
2009-06-02,5.15,5.25,4.9,4.9,-0.05,-1.01%,591675
2009-06-01,4.95,5.15,4.8,4.95,0.1,+2.06%,491969
2009-05-29,5,5,4.7,4.85,0.1,+2.11%,343356
2009-05-28,4.9,4.95,4.55,4.75,-0.2,-4.04%,396840
2009-05-27,5.25,5.3,4.85,4.95,-0.1,-1.98%,460069
2009-05-26,5.15,5.15,4.8,5.05,0.35,+7.45%,768404
2009-05-25,4.2,4.75,4.2,4.7,0.75,+18.99%,1113169
2009-05-22,4.05,4.1,3.95,3.95,-0.15,-3.66%,364883
2009-05-21,4.2,4.3,4.05,4.1,-0.1,-2.38%,332258
2009-05-20,4.4,4.45,4.2,4.2,-0.15,-3.45%,274563
2009-05-19,4.3,4.5,4.25,4.35,0.35,+8.75%,477604
2009-05-18,4.45,4.45,3.9,4,-0.4,-9.09%,699651
2009-05-15,4.4,4.55,4.35,4.4,0,0.00%,427365
2009-05-14,4.95,4.95,4.4,4.4,-0.7,-13.73%,758036
2009-05-13,5.1,5.15,4.85,5.1,0,0.00%,368361
2009-05-12,5.25,5.25,5,5.1,-0.2,-3.77%,327139
2009-05-11,5.35,5.4,5.05,5.3,0.05,+0.95%,565513
2009-05-08,5.15,5.25,4.85,5.25,0.1,+1.94%,646275
2009-05-07,5.3,5.35,5,5.15,0.05,+0.98%,734909
2009-05-06,4.95,5.5,4.9,5.1,0.3,+6.25%,1129900
2009-05-05,4.4,4.9,4.3,4.8,0.6,+14.29%,1358141
2009-05-04,4.4,4.45,4.05,4.2,-0.25,-5.62%,955904
2009-05-01,4,4.9,3.8,4.45,1.5,+50.85%,3741372
2009-04-28,3.1,3.15,2.9,2.95,-0.05,-1.67%,650971
2009-04-27,3,3.1,2.85,3,0.1,+3.45%,470384
2009-04-24,3.25,3.3,2.8,2.9,-0.2,-6.45%,892336
2009-04-23,2.65,3.1,2.65,3.1,0.5,+19.23%,688643
2009-04-22,2.9,3,2.6,2.6,-0.3,-10.34%,546677
2009-04-21,2.9,3.05,2.8,2.9,-0.2,-6.45%,810195
2009-04-20,3.2,3.35,3,3.1,0.3,+10.71%,1120341
2009-04-17,2.35,2.85,2.35,2.8,0.55,+24.44%,2102857
2009-04-16,2.3,2.35,2.2,2.25,0,0.00%,385468
2009-04-15,2.2,2.35,2.15,2.25,0.1,+4.65%,504392
2009-04-14,2.1,2.3,2.05,2.15,0.15,+7.50%,683426
2009-04-09,2.15,2.15,1.95,2,-0.1,-4.76%,489292
2009-04-08,2.3,2.3,2,2.1,-0.1,-4.55%,494546
2009-04-07,2.45,2.45,2.15,2.2,-0.15,-6.38%,695465
2009-04-06,2.3,2.45,2.25,2.35,0.2,+9.30%,959777
2009-04-03,2.2,2.25,2.1,2.15,0.05,+2.38%,1023882
2009-04-02,2.15,2.25,2.1,2.1,0,0.00%,459099
2009-04-01,2,2.1,1.95,2.1,0.1,+5.00%,428149
2009-03-31,2,2,1.9,2,0,0.00%,392673
2009-03-30,2.1,2.1,2,2,-0.1,-4.76%,274363
2009-03-27,2.2,2.25,2.05,2.1,0,0.00%,358686
2009-03-26,2.3,2.3,2.05,2.1,-0.05,-2.33%,662242
2009-03-25,2,2.25,2,2.15,0.2,+10.26%,790416
2009-03-24,2.55,2.75,1.95,1.95,-0.45,-18.75%,2160630
2009-03-23,1.7,2.45,1.65,2.4,0.75,+45.45%,1759225
2009-03-20,1.75,1.75,1.5,1.65,-0.1,-5.71%,404814
2009-03-19,1.75,1.85,1.65,1.75,0.1,+6.06%,833034
2009-03-18,1.5,1.8,1.5,1.65,0.15,+10.00%,856666
2009-03-17,1.4,1.5,1.4,1.5,0.15,+11.11%,221619
2009-03-16,1.35,1.4,1.3,1.35,0,0.00%,262730
2009-03-13,1.35,1.4,1.3,1.35,0,0.00%,318973
2009-03-12,1.45,1.45,1.35,1.35,-0.05,-3.57%,259359
2009-03-11,1.4,1.45,1.35,1.4,0.05,+3.70%,162462
2009-03-10,1.3,1.35,1.25,1.35,0.05,+3.85%,150827
2009-03-09,1.3,1.3,1.2,1.3,0,0.00%,89539
2009-03-06,1.25,1.3,1.2,1.3,0,0.00%,153788
2009-03-05,1.3,1.3,1.25,1.3,0.05,+4.00%,179576
2009-03-04,1.3,1.35,1.2,1.25,-0.1,-7.41%,418968
2009-03-03,1.45,1.45,1.35,1.35,-0.1,-6.90%,312564
2009-03-02,1.5,1.5,1.4,1.45,-0.05,-3.33%,144653
2009-02-27,1.5,1.55,1.45,1.5,0,0.00%,186491
2009-02-26,1.55,1.55,1.5,1.5,0,0.00%,71514
2009-02-25,1.5,1.6,1.5,1.5,0,0.00%,300759
2009-02-24,1.5,1.55,1.4,1.5,0,0.00%,288235
2009-02-23,1.55,1.6,1.5,1.5,-0.05,-3.23%,317279
2009-02-20,1.65,1.65,1.5,1.55,-0.1,-6.06%,294237
2009-02-19,1.6,1.65,1.55,1.65,0.05,+3.13%,357327
2009-02-18,1.55,1.6,1.45,1.6,-0.15,-8.57%,637341
2009-02-17,1.5,1.75,1.5,1.75,0.35,+25.00%,742749
2009-02-16,1.35,1.5,1.3,1.4,0.15,+12.00%,744635
2009-02-13,1.2,1.4,1.2,1.25,0,0.00%,1159727
2009-02-12,1.55,1.65,1.2,1.25,-0.3,-19.35%,1906450
2009-02-11,1.6,1.6,1.45,1.55,-0.05,-3.13%,1083661
2009-02-10,1.2,2,1,1.6,-1.05,-39.62%,1958284
2009-01-29,2.8,2.9,2.6,2.65,-0.1,-3.64%,221000
2009-01-28,2.65,2.75,2.6,2.75,0.1,+3.77%,128082
2009-01-27,2.7,2.75,2.55,2.65,-0.05,-1.85%,261960
2009-01-23,2.8,2.9,2.6,2.7,-0.1,-3.57%,182439
2009-01-22,2.9,3,2.8,2.8,0,0.00%,103413
2009-01-21,2.85,2.9,2.65,2.8,-0.05,-1.75%,272712
2009-01-20,3.1,3.1,2.8,2.85,-0.2,-6.56%,304476
2009-01-19,3.1,3.2,3,3.05,0.1,+3.39%,183061
2009-01-16,3.3,3.35,2.95,2.95,-0.4,-11.94%,532846
2009-01-15,3.55,3.6,3.3,3.35,-0.3,-8.22%,504545
2009-01-14,3.4,3.65,3.2,3.65,0.5,+15.87%,889966
2009-01-13,2.8,3.25,2.7,3.15,0.35,+12.50%,443541
2009-01-12,2.95,2.95,2.7,2.8,-0.15,-5.08%,337097
2009-01-09,3.05,3.1,2.85,2.95,0,0.00%,191988
2009-01-08,3.15,3.15,2.9,2.95,-0.3,-9.23%,318118
2009-01-07,3.45,3.5,3.15,3.25,-0.05,-1.52%,352029
2009-01-06,3,3.3,2.95,3.3,0.4,+13.79%,739850
2009-01-05,3,3.1,2.8,2.9,0.1,+3.57%,272187
2009-01-02,2.95,3,2.7,2.8,0,0.00%,333405
2008-12-31,3.2,3.3,2.8,2.8,0,0.00%,820785
2008-12-30,2.6,2.9,2.55,2.8,0.5,+21.74%,1165754
2008-12-29,2,2.4,2,2.3,0.55,+31.43%,872194
2008-12-24,2.65,2.65,1.45,1.75,-0.9,-33.96%,1506401
2008-12-23,2.8,2.85,2.6,2.65,-0.25,-8.62%,320184
2008-12-22,3.2,3.2,2.85,2.9,-0.3,-9.38%,304580
2008-12-19,3.2,3.25,3.1,3.2,-0.05,-1.54%,150439
2008-12-18,3.2,3.3,3.1,3.25,-0.2,-5.80%,667387
2008-12-17,3.6,3.75,3.4,3.45,0,0.00%,300193
2008-12-16,3.75,3.75,3.4,3.45,-0.15,-4.17%,255429
2008-12-15,3.65,3.75,3.6,3.6,0.05,+1.41%,179588
2008-12-12,3.6,3.75,3.5,3.55,0.05,+1.43%,164753
2008-12-11,3.65,3.7,3.45,3.5,-0.15,-4.11%,148594
2008-12-10,3.6,3.75,3.4,3.65,0,0.00%,269193
2008-12-09,3.8,3.8,3.45,3.65,0.1,+2.82%,172476
2008-12-08,3.35,3.55,3.3,3.55,0.3,+9.23%,131261
2008-12-05,3.2,3.3,3.1,3.25,0.1,+3.17%,145537
2008-12-04,3.45,3.5,3,3.15,-0.2,-5.97%,317078
2008-12-03,3.4,3.45,3.3,3.35,-0.1,-2.90%,185516
2008-12-02,3.45,3.55,3.15,3.45,-0.25,-6.76%,203856
2008-12-01,3.5,3.8,3.45,3.7,0.25,+7.25%,157403
2008-11-28,3.35,3.5,3.2,3.45,0.2,+6.15%,250496
2008-11-27,3.2,3.35,3.05,3.25,0.2,+6.56%,195935
2008-11-26,3.3,3.35,3.05,3.05,-0.15,-4.69%,128362
2008-11-25,2.8,3.3,2.8,3.2,0.7,+28.00%,447616
2008-11-24,3,3.1,2.5,2.5,-0.25,-9.09%,519022
2008-11-21,2.85,2.9,2.5,2.75,-0.15,-5.17%,534716
2008-11-20,3.1,3.1,2.85,2.9,-0.45,-13.43%,295306
2008-11-19,3.7,3.75,3.1,3.35,-0.25,-6.94%,297592
2008-11-18,3.5,3.7,3.4,3.6,0,0.00%,173967
2008-11-17,3.75,3.75,3.6,3.6,-0.25,-6.49%,123418
2008-11-14,4,4.15,3.85,3.85,0.25,+6.94%,192196
2008-11-13,3.8,3.95,3.6,3.6,-0.7,-16.28%,199230
2008-11-12,3.9,4.3,3.75,4.3,0.25,+6.17%,211188
2008-11-11,4.4,4.45,3.95,4.05,-0.2,-4.71%,148700
2008-11-10,4.2,4.45,4.2,4.25,0.1,+2.41%,168379
2008-11-07,4,4.2,3.95,4.15,-0.2,-4.60%,185169
2008-11-06,4.5,4.5,4.2,4.35,-0.6,-12.12%,301093
2008-11-05,4.7,5,4,4.95,1,+25.32%,588828
2008-11-04,4.35,4.4,3.8,3.95,-0.55,-12.22%,218205
2008-11-03,3.5,4.65,3.4,4.5,1.3,+40.63%,368197
2008-10-31,3.2,3.4,3.05,3.2,0.2,+6.67%,260799
2008-10-30,2.85,3.05,2.75,3,0.4,+15.38%,363813
2008-10-29,2.75,2.85,2.55,2.6,0.3,+13.04%,313336
2008-10-28,2.35,2.45,2.25,2.3,-0.1,-4.17%,288874
2008-10-27,2.75,2.8,2.4,2.4,-0.3,-11.11%,292178
2008-10-24,3.05,3.1,2.7,2.7,-0.15,-5.26%,226688
2008-10-23,2.8,3.05,2.7,2.85,-0.4,-12.31%,393228
2008-10-22,3.45,3.65,3.25,3.25,-0.25,-7.14%,508493
2008-10-21,3.7,3.8,3.5,3.5,0,0.00%,324794
2008-10-20,3.75,3.85,3.5,3.5,-0.15,-4.11%,293466
2008-10-17,3.75,4.05,3.5,3.65,0.15,+4.29%,308588
2008-10-16,4,4.05,3.5,3.5,-1.,-22.22%,540654
2008-10-15,5.15,5.25,4.4,4.5,-0.3,-6.25%,427477
2008-10-14,5.1,5.3,4.55,4.8,0.9,+23.08%,484809
2008-10-13,4,4.25,3.8,3.9,0.4,+11.43%,358382
2008-10-10,4,4.05,3.5,3.5,-0.65,-15.66%,493610
2008-10-09,4.6,4.8,4,4.15,-0.65,-13.54%,600397
2008-10-08,5,5.1,4.6,4.8,-0.55,-10.28%,306042
2008-10-07,5.1,5.55,5.05,5.35,-0.65,-10.83%,317123
2008-10-06,6.45,6.45,6,6,-0.6,-9.09%,135504
2008-10-03,6.9,7,6.45,6.6,-0.5,-7.04%,255821
2008-10-02,7.8,8,7.05,7.1,-0.8,-10.13%,124962
2008-10-01,7.45,7.9,7.15,7.9,0.8,+11.27%,147127
2008-09-30,6.7,7.35,6.45,7.1,-0.05,-0.70%,178524
2008-09-29,7.6,7.9,7.1,7.15,-0.25,-3.38%,133944
2008-09-26,8.3,8.4,7.3,7.4,-1.,-11.90%,226377
2008-09-25,7.55,8.4,7.55,8.4,0.9,+12.00%,117382
2008-09-24,7.5,7.65,7.4,7.5,0,0.00%,239527
2008-09-23,8,8.1,7.35,7.5,-0.45,-5.66%,190360
2008-09-22,7.9,8.4,7.7,7.95,0.7,+9.66%,377857
2008-09-19,7.1,7.4,6.95,7.25,0.55,+8.21%,844236
2008-09-18,6.1,6.8,6.1,6.7,0.2,+3.08%,709273
2008-09-17,6.6,7.3,6.5,6.5,0,0.00%,460644
2008-09-16,6.65,6.65,6,6.5,-0.5,-7.14%,573104
2008-09-15,7.6,7.65,7,7,-0.5,-6.67%,370313
2008-09-12,7.3,7.75,7.3,7.5,0.3,+4.17%,282888
2008-09-11,8.05,8.3,7.2,7.2,-0.8,-10.00%,477796
2008-09-10,8.75,8.8,8,8,-1.1,-12.09%,560442
2008-09-09,9.5,9.6,9,9.1,-0.1,-1.09%,293917
2008-09-08,9.1,9.25,8.7,9.2,-0.2,-2.13%,542642
2008-09-05,9.6,9.65,8.3,9.4,-0.4,-4.08%,588190
2008-09-04,10.8,10.8,9.8,9.8,-0.6,-5.77%,275795
2008-09-03,11.15,11.45,10.3,10.4,-0.4,-3.70%,251256
2008-09-02,11.6,11.7,10.8,10.8,-0.7,-6.09%,114298
2008-09-01,11.5,11.9,11.35,11.5,0,0.00%,114106
2008-08-29,11.1,11.5,11.1,11.5,0.65,+5.99%,120726
2008-08-28,10.65,10.9,10.65,10.85,0.1,+0.93%,230002
2008-08-27,10.8,11.05,10.5,10.75,0,0.00%,76554
2008-08-26,10.4,10.75,10.15,10.75,0.35,+3.37%,112148
2008-08-25,11,11.2,10.4,10.4,-0.5,-4.59%,148835
2008-08-22,10.5,11,10.5,10.9,0.75,+7.39%,427626
2008-08-21,10.35,11.8,10.15,10.15,0.05,+0.50%,477285
2008-08-20,10.1,10.5,9.95,10.1,0.1,+1.00%,190362
2008-08-19,10,10.15,9.85,10,0.2,+2.04%,330891
2008-08-18,10.5,10.8,9.75,9.8,-0.7,-6.67%,479151
2008-08-15,10.7,10.9,10.5,10.5,-0.2,-1.87%,265915
2008-08-14,11,11.15,10.6,10.7,0,0.00%,266977
2008-08-13,11,11.35,10.45,10.7,-0.75,-6.55%,514518
2008-08-12,12,12.15,11.45,11.45,-0.8,-6.53%,206556
2008-08-11,12.05,12.25,11.95,12.25,0.05,+0.41%,119320
2008-08-08,11.9,12.25,11.9,12.2,0.35,+2.95%,142679
2008-08-07,12.3,12.3,11.75,11.85,-0.5,-4.05%,68536
2008-08-06,12,12.5,12,12.35,0.5,+4.22%,156623
2008-08-05,11.7,11.95,11.4,11.85,-0.05,-0.42%,155275
2008-08-04,11.95,11.95,11.75,11.9,0.35,+3.03%,147257
2008-08-01,12.3,12.45,11.5,11.55,-1.,-7.97%,335605
2008-07-31,11.25,12.6,11.25,12.55,1.4,+12.56%,148656
2008-07-30,12,12,11.15,11.15,-0.35,-3.04%,123056
2008-07-29,11.2,11.5,11.05,11.5,0.1,+0.88%,200362
2008-07-28,11.6,11.85,11.2,11.4,-0.4,-3.39%,210469
2008-07-25,12.5,12.65,11.6,11.8,-1.05,-8.17%,271500
2008-07-24,12.65,13.4,12.65,12.85,0.4,+3.21%,388382
2008-07-23,11.9,12.85,11.9,12.45,0.6,+5.06%,374878
2008-07-22,11.75,11.85,11.6,11.85,0.65,+5.80%,296627
2008-07-21,10.9,11.4,10,11.2,0.3,+2.75%,844298
2008-07-18,11.95,12,10.4,10.9,-1.3,-10.66%,657993
2008-07-17,12.1,12.2,11.65,12.2,-0.1,-0.81%,104323
2008-07-16,12.7,12.8,12.3,12.3,-0.45,-3.53%,195037
2008-07-15,12.6,12.85,12.45,12.75,0.25,+2.00%,153228
2008-07-14,12.7,12.95,12.45,12.5,-0.2,-1.57%,94311
2008-07-11,12.5,13.05,12.5,12.7,0.4,+3.25%,177053
2008-07-10,12.4,12.4,11.65,12.3,-0.1,-0.81%,229154
2008-07-09,12.65,12.7,12.2,12.4,-0.25,-1.98%,134265
2008-07-08,12.8,12.8,12.5,12.65,-0.3,-2.32%,121016
2008-07-07,12.8,13.1,12.7,12.95,-0.1,-0.77%,138617
2008-07-04,12.6,13.1,12.5,13.05,0.55,+4.40%,157124
2008-07-03,13.2,13.2,12.5,12.5,-0.6,-4.58%,189427
2008-07-02,12.9,13.1,12.75,13.1,0,0.00%,176252
2008-07-01,13.6,13.65,13.1,13.1,0.1,+0.77%,71030
2008-06-30,13.45,13.5,12.75,13,-0.6,-4.41%,524529
2008-06-27,14,14,13.4,13.6,-0.9,-6.21%,204442
2008-06-26,14.2,14.55,14.2,14.5,0.3,+2.11%,181971
2008-06-25,13.8,14.35,13.75,14.2,0.45,+3.27%,250002
2008-06-24,13.15,14.35,13.15,13.75,0.4,+3.00%,189981
2008-06-23,13,13.45,13,13.35,0,0.00%,228891
2008-06-20,12.7,13.35,12.65,13.35,0.65,+5.12%,554284
2008-06-19,12.6,13.35,12.4,12.7,-0.8,-5.93%,3040544
2008-06-18,13.7,13.8,13.5,13.5,-0.05,-0.37%,233772
2008-06-17,13.55,13.75,13.5,13.55,-0.2,-1.45%,144895
2008-06-16,13.55,13.9,13.45,13.75,0.05,+0.36%,102685
2008-06-13,13.3,13.7,13.3,13.7,0.2,+1.48%,66460
2008-06-12,13.6,13.75,13.4,13.5,-0.5,-3.57%,83149
2008-06-11,13.3,14,13.3,14,0.2,+1.45%,196940
2008-06-10,14.2,14.3,13.8,13.8,-0.95,-6.44%,223574
2008-06-06,14.05,14.8,14.05,14.75,0.7,+4.98%,103553
2008-06-05,14.7,14.85,13.7,14.05,-0.75,-5.07%,190819
2008-06-04,14.75,14.9,14.65,14.8,0,0.00%,161533
2008-06-03,15,15,14.7,14.8,0.15,+1.02%,158014
2008-06-02,14.95,14.95,14.4,14.65,-0.2,-1.35%,115614
2008-05-30,14.8,15,14.55,14.85,0.25,+1.71%,171724
2008-05-29,14.8,15.05,14.55,14.6,-0.05,-0.34%,148956
2008-05-28,14.95,14.95,14.4,14.65,-0.05,-0.34%,80153
2008-05-27,15,15,14.65,14.7,0,0.00%,74209
2008-05-26,14.9,14.9,14.6,14.7,-0.3,-2.00%,98990
2008-05-23,15.1,15.1,14.65,15,-0.3,-1.96%,223437
2008-05-22,15.15,15.75,14.85,15.3,0.15,+0.99%,302091
2008-05-21,15,15.3,14.7,15.15,-0.1,-0.66%,293505
2008-05-20,15,15.5,14.95,15.25,0.45,+3.04%,473754
2008-05-19,14.75,14.9,14.5,14.8,0.6,+4.23%,397245
2008-05-16,14.3,14.4,14.05,14.2,0.2,+1.43%,168665
2008-05-15,13.6,14.3,13.6,14,0.1,+0.72%,170566
2008-05-14,13.75,13.95,13.55,13.9,-0.1,-0.71%,119813
2008-05-13,13.9,14.25,13.5,14,0.4,+2.94%,211383
2008-05-12,14.3,14.45,13.6,13.6,-0.6,-4.23%,117800
2008-05-09,13.25,14.2,13.1,14.2,0.7,+5.19%,240936
2008-05-08,13.1,13.65,12.85,13.5,0.35,+2.66%,190641
2008-05-07,13.6,13.7,13,13.15,-0.3,-2.23%,162145
2008-05-06,13.05,13.45,12.8,13.45,0.4,+3.07%,195066
2008-05-05,13,13.1,12.9,13.05,0.25,+1.95%,124738
2008-05-02,13.15,13.15,12.75,12.8,0.2,+1.59%,203927
2008-05-01,13,13.3,12.55,12.6,-0.2,-1.56%,326271
2008-04-30,12.65,13,12.1,12.8,0.15,+1.19%,310527
2008-04-29,13,13.3,12.45,12.65,0.2,+1.61%,450022
2008-04-28,12.9,13,12.3,12.45,-0.45,-3.49%,422794
2008-04-24,12.65,13.15,12.55,12.9,0.1,+0.78%,388552
2008-04-23,12.8,13.3,12.8,12.8,-0.5,-3.76%,326961
2008-04-22,13.7,14,13.1,13.3,-0.7,-5.00%,469151
2008-04-21,14.7,14.75,13.85,14,-0.1,-0.71%,882929
2008-04-18,13.5,14.3,13.4,14.1,0.5,+3.68%,1001158
2008-04-17,13.5,14.1,13.2,13.6,0.35,+2.64%,542569
2008-04-16,13.6,13.6,13.15,13.25,-0.25,-1.85%,112102
2008-04-15,13.5,13.9,13.1,13.5,0.25,+1.89%,124737
2008-04-14,13.75,13.9,13.25,13.25,-0.75,-5.36%,91184
2008-04-11,14,14.1,13.75,14,-0.4,-2.78%,209735
2008-04-10,14.3,14.55,14.1,14.4,-0.1,-0.69%,236845
2008-04-09,14.5,15,14,14.5,-0.2,-1.36%,211006
2008-04-08,13.9,14.8,13.8,14.7,1,+7.30%,313527
2008-04-07,13.5,13.85,13.5,13.7,0.2,+1.48%,147365
2008-04-04,13.6,13.8,13.05,13.5,-0.1,-0.74%,222978
2008-04-03,13.1,13.6,13,13.6,0.5,+3.82%,92009
2008-04-02,13.7,14.1,12.65,13.1,-0.35,-2.60%,155662
2008-04-01,13.3,13.5,13.05,13.45,0.55,+4.26%,178880
2008-03-31,12.8,13.5,12.55,12.9,0.6,+4.88%,146337
2008-03-28,12.45,12.95,12,12.3,0,0.00%,98662
2008-03-27,12.25,12.6,12.1,12.3,-0.35,-2.77%,81060
2008-03-26,12.3,13.4,12.25,12.65,0.65,+5.42%,184164
2008-03-25,11.8,12.45,11.7,12,0.5,+4.35%,241164
2008-03-20,11.7,12.2,11.5,11.5,-2.05,-15.13%,750198
2008-03-19,13.2,13.9,13.2,13.55,0.55,+4.23%,127658
2008-03-18,13.25,13.55,12.8,13,-0.2,-1.52%,227123
2008-03-17,13.1,13.3,12.6,13.2,-0.2,-1.49%,268753
2008-03-14,13.1,13.7,13.1,13.4,0,0.00%,109604
2008-03-13,12.6,13.45,12.6,13.4,0.8,+6.35%,340706
2008-03-12,13.5,13.8,12.6,12.6,0.2,+1.61%,188181
2008-03-11,12.55,12.85,12,12.4,-1.65,-11.74%,380315
2008-03-10,15,15.35,13,14.05,-1.8,-11.36%,432317
2008-03-07,15.9,16,15.55,15.85,-0.15,-0.94%,286322
2008-03-06,15.75,16,15.5,16,0,0.00%,302491
2008-03-05,15.9,16.1,15.25,16,-0.35,-2.14%,725681
2008-03-04,15.7,16.75,15.55,16.35,0.45,+2.83%,736521
2008-03-03,15,16.4,15,15.9,0.9,+6.00%,753364
2008-02-29,14.2,15,14,15,0.5,+3.45%,383035
2008-02-28,13.5,14.5,13.4,14.5,0.85,+6.23%,411939
2008-02-27,12.85,13.7,12.8,13.65,0.9,+7.06%,300165
2008-02-26,11.9,12.75,11.8,12.75,0.8,+6.69%,167782
2008-02-25,12.6,12.6,11.45,11.95,-0.55,-4.40%,93395
2008-02-22,12.9,13,12.5,12.5,-0.5,-3.85%,73935
2008-02-21,12.8,13,12.55,13,0.3,+2.36%,129007
2008-02-20,12.4,12.7,12.25,12.7,0.7,+5.83%,259752
2008-02-19,11.95,12.1,11.7,12,0.1,+0.84%,60521
2008-02-18,11.6,12.1,11.6,11.9,0.3,+2.59%,122557
2008-02-15,11.65,11.8,11.55,11.6,-0.2,-1.69%,43433
2008-02-14,11.85,12.05,11.65,11.8,-0.05,-0.42%,95399
2008-02-13,11.7,12,11.7,11.85,0.15,+1.28%,122499
2008-02-12,11.3,11.7,11.1,11.7,0.2,+1.74%,208859
2008-02-11,11.5,11.5,11,11.5,-0.05,-0.43%,165867
2008-02-08,11.5,11.6,11.25,11.55,0.45,+4.05%,64682
2008-02-07,11.45,11.6,11,11.1,-0.35,-3.06%,371378
2008-02-06,11.8,12.05,11.45,11.45,-0.75,-6.15%,215364
2008-02-05,12.2,12.45,11.95,12.2,0.1,+0.83%,200392
2008-02-04,11.8,12.2,11.65,12.1,0.3,+2.54%,332266
2008-02-01,11.5,11.8,11.25,11.8,0.5,+4.42%,285200
2008-01-31,11.1,11.65,10.9,11.3,0.4,+3.67%,265605
2008-01-30,10.9,11.3,10.85,10.9,0.05,+0.46%,67519
2008-01-29,11.7,11.7,10.85,10.85,-0.85,-7.26%,98193
2008-01-25,10,11.7,10,11.7,1.9,+19.39%,281213
2008-01-24,9.9,9.95,9.6,9.8,-0.15,-1.51%,100497
2008-01-23,10.1,10.15,9.7,9.95,1.25,+14.37%,382362
2008-01-22,10.7,10.7,8.6,8.7,-2.6,-23.01%,528840
2008-01-21,11.8,11.8,11.15,11.3,-0.5,-4.24%,277210
2008-01-18,11.65,11.8,11.3,11.8,-0.7,-5.60%,230332
2008-01-17,12.5,12.9,11.6,12.5,-0.65,-4.94%,426539
2008-01-16,12.5,13.2,12.1,13.15,-0.35,-2.59%,337562
2008-01-15,12.5,13.8,12.5,13.5,1,+8.00%,599794
2008-01-14,11.05,12.5,11,12.5,1.3,+11.61%,231531
2008-01-11,11.5,11.55,10.7,11.2,-0.4,-3.45%,281015
2008-01-10,11.95,11.95,11.5,11.6,-0.4,-3.33%,322074
2008-01-09,12,12.15,11.85,12,-0.2,-1.64%,369019
2008-01-08,11.85,12.2,11.45,12.2,0.3,+2.52%,405600
2008-01-07,10.85,11.9,10.8,11.9,0.8,+7.21%,723792
2008-01-04,10.15,11.25,10.15,11.1,1.1,+11.00%,310536
2008-01-03,9.9,10.1,9.7,10,0.1,+1.01%,249386
2008-01-02,9.7,9.9,9.6,9.9,0.1,+1.02%,67448
2007-12-31,9.5,9.8,9.2,9.8,0.55,+5.95%,86808
2007-12-28,9.25,9.3,9,9.25,-0.25,-2.63%,156252
2007-12-27,9.05,9.5,9,9.5,0.4,+4.40%,96791
2007-12-24,8.7,9.1,8.65,9.1,0.35,+4.00%,135637
2007-12-21,9,9.05,8.6,8.75,-0.25,-2.78%,295866
2007-12-20,9.3,9.3,9,9,-0.2,-2.17%,421703
2007-12-19,9.5,9.5,8.95,9.2,0,0.00%,326266
2007-12-18,8.85,9.35,8.15,9.2,-0.35,-3.66%,528688
2007-12-17,10.15,10.15,9.4,9.55,-0.7,-6.83%,302678
2007-12-14,10.5,10.6,10.15,10.25,-0.3,-2.84%,191433
2007-12-13,10.25,10.7,10.2,10.55,0.45,+4.46%,381428
2007-12-12,10.3,10.35,10.1,10.1,-0.25,-2.42%,233479
2007-12-11,10.3,10.35,10.15,10.35,0.05,+0.49%,193218
2007-12-10,10.15,10.35,10.1,10.3,0.15,+1.48%,160708
2007-12-07,10.35,10.35,10.1,10.15,-0.25,-2.40%,115375
2007-12-06,10.35,10.4,10.2,10.4,0.25,+2.46%,192222
2007-12-05,10.2,10.3,10.1,10.15,-0.25,-2.40%,263831
2007-12-04,10.25,10.45,10.2,10.4,0.15,+1.46%,564246
2007-12-03,10.3,10.4,10.1,10.25,-0.05,-0.49%,220872
2007-11-30,10.2,10.3,10.1,10.3,-0.2,-1.90%,301017
2007-11-29,10.35,10.65,10.2,10.5,0.4,+3.96%,123139
2007-11-28,10.6,10.75,10.1,10.1,-0.4,-3.81%,155086
2007-11-27,10.6,10.7,10.35,10.5,-0.3,-2.78%,202719
2007-11-26,10.4,11.15,10.35,10.8,0.6,+5.88%,253050
2007-11-23,10.1,10.35,10.1,10.2,0.05,+0.49%,158058
2007-11-22,10.3,10.35,9.95,10.15,-0.3,-2.87%,199569
2007-11-21,10.6,10.95,10.35,10.45,-0.25,-2.34%,136059
2007-11-20,10.9,10.95,10.2,10.7,-0.6,-5.31%,326687
2007-11-19,11.2,11.5,11.05,11.3,0.1,+0.89%,236422
2007-11-16,11.2,11.3,10.8,11.2,-0.2,-1.75%,96381
2007-11-15,11,11.5,10.9,11.4,0.4,+3.64%,154391
2007-11-14,10.9,11.1,10.75,11,0.6,+5.77%,301836
2007-11-13,10.4,10.85,9.95,10.4,-0.05,-0.48%,294465
2007-11-12,11,11.3,10.45,10.45,-1.15,-9.91%,137098
2007-11-09,10.7,11.6,10.7,11.6,0.9,+8.41%,248198
2007-11-08,11.6,11.6,10.45,10.7,-1.15,-9.70%,470451
2007-11-07,12,12.25,11.85,11.85,-0.1,-0.84%,220180
2007-11-06,12.25,12.25,11.95,11.95,-0.35,-2.85%,57885
2007-11-05,12.05,12.35,12,12.3,0.25,+2.07%,145368
2007-11-02,12.4,12.4,12,12.05,-0.5,-3.98%,89164
2007-11-01,12,12.55,11.9,12.55,0.4,+3.29%,198964
2007-10-31,12.35,12.35,12.05,12.15,-0.2,-1.62%,87475
2007-10-30,12.35,12.4,12.3,12.35,0.15,+1.23%,87179
2007-10-29,12.5,12.5,12.05,12.2,-0.25,-2.01%,128440
2007-10-26,12.3,12.45,12.25,12.45,0.15,+1.22%,68661
2007-10-25,12.7,12.7,12.25,12.3,-0.2,-1.60%,126515
2007-10-24,12.4,13,12.35,12.5,0.25,+2.04%,243829
2007-10-23,12.6,12.7,12.2,12.25,-0.35,-2.78%,217868
2007-10-22,12.55,12.8,12.4,12.6,-0.7,-5.26%,377436
2007-10-19,12.8,13.55,12.6,13.3,0.55,+4.31%,377646
2007-10-18,12.65,12.8,12.55,12.75,0.15,+1.19%,165407
2007-10-17,12.65,12.85,12.55,12.6,-0.3,-2.33%,165380
2007-10-16,12.5,12.9,12.5,12.9,0,0.00%,269731
2007-10-15,12.6,12.9,12.6,12.9,0.4,+3.20%,165906
2007-10-12,12.6,12.75,12.5,12.5,-0.4,-3.10%,216477
2007-10-11,12.8,13,12.6,12.9,0.25,+1.98%,137360
2007-10-10,12.8,12.8,12.55,12.65,0.1,+0.80%,124811
2007-10-09,13.1,13.1,12.55,12.55,-0.65,-4.92%,117992
2007-10-08,13.1,13.45,13.05,13.2,0.55,+4.35%,92502
2007-10-05,12.6,13.1,12.5,12.65,0,0.00%,214737
2007-10-04,12.6,13.15,12.5,12.65,-0.2,-1.56%,108864
2007-10-03,13.6,13.6,12.8,12.85,-1.15,-8.21%,157462
2007-10-02,12.65,14,12.55,14,1.5,+12.00%,368355
2007-10-01,12.7,12.85,12.45,12.5,-0.35,-2.72%,89112
2007-09-28,13,13.15,12.7,12.85,0.5,+4.05%,278848
2007-09-27,12.6,12.7,12.3,12.35,-0.3,-2.37%,161436
2007-09-26,13.2,13.3,12.6,12.65,-0.3,-2.32%,148275
2007-09-25,12.05,12.95,11.85,12.95,1.25,+10.68%,684395
2007-09-24,11,11.7,10.9,11.7,1,+9.35%,310497
2007-09-21,10.2,11.1,10.15,10.7,0.35,+3.38%,1686586
2007-09-20,10.35,10.35,10.15,10.35,-0.05,-0.48%,85829
2007-09-19,10.5,10.5,10.15,10.4,-0.15,-1.42%,112096
2007-09-18,10.6,10.75,10.45,10.55,-0.25,-2.31%,94893
2007-09-17,10.85,11,10.5,10.8,-0.2,-1.82%,91402
2007-09-14,11,11,10.9,11,0.15,+1.38%,115381
2007-09-13,11.2,11.35,10.8,10.85,-0.6,-5.24%,194417
2007-09-12,10.6,11.6,10.6,11.45,0.9,+8.53%,246148
2007-09-11,10.35,10.6,10.35,10.55,0.2,+1.93%,57811
2007-09-10,10,10.35,9.8,10.35,-0.05,-0.48%,140822
2007-09-07,9.4,10.4,9.3,10.4,0.9,+9.47%,202277
2007-09-06,9.35,9.5,9.25,9.5,0,0.00%,79241
2007-09-05,9.55,9.6,9.35,9.5,0,0.00%,133931
2007-09-04,9.5,9.5,9.4,9.5,0.15,+1.60%,69380
2007-09-03,9.65,9.7,9.35,9.35,0,0.00%,134582
2007-08-31,9.35,9.4,9.25,9.35,0,0.00%,182377
2007-08-30,9.3,9.65,9.25,9.35,0,0.00%,445804
2007-08-29,9.25,9.65,9.25,9.35,-0.8,-7.88%,160197
2007-08-28,9.95,10.3,9.9,10.15,-0.05,-0.49%,48985
2007-08-27,10.3,10.3,9.45,10.2,0.2,+2.00%,301994
2007-08-24,10.4,10.4,9.95,10,-0.35,-3.38%,197639
2007-08-23,10.5,10.65,10.3,10.35,0.2,+1.97%,317032
2007-08-22,10.3,10.35,10.1,10.15,0.15,+1.50%,342206
2007-08-21,10.05,10.15,9.9,10,0.2,+2.04%,314257
2007-08-20,9.65,10.3,9.65,9.8,1.2,+13.95%,348428
2007-08-17,8.95,9.2,8.6,8.6,-0.7,-7.53%,550642
2007-08-16,9.2,9.55,8.6,9.3,-1.05,-10.14%,696926
2007-08-15,10.6,10.8,9.95,10.35,-1.2,-10.39%,283724
2007-08-14,11.6,11.75,11.25,11.55,-0.1,-0.86%,259040
2007-08-13,12.15,12.4,11.3,11.65,-1.15,-8.98%,401657
2007-08-10,13,13,12.4,12.8,-0.7,-5.19%,327116
2007-08-09,14.1,14.1,13.15,13.5,-0.1,-0.74%,332764
2007-08-08,12.3,13.8,12.1,13.6,1.4,+11.48%,494064
2007-08-07,13,13.4,11.5,12.2,-0.3,-2.40%,318247
2007-08-01,12.9,14,12.45,12.5,-0.5,-3.85%,401326
2007-07-31,12.7,13.1,12.65,13,0.4,+3.17%,176059
2007-07-30,12.25,12.95,12.25,12.6,-0.25,-1.95%,233812
2007-07-27,12.5,13.3,11.1,12.85,-1.2,-8.54%,400609
2007-07-26,14.4,14.5,13.7,14.05,-0.55,-3.77%,218855
2007-07-25,14.6,14.85,14.55,14.6,0,0.00%,207362
2007-07-24,15.1,15.15,14.6,14.6,-0.5,-3.31%,98562
2007-07-23,15.1,15.2,15,15.1,0,0.00%,73846
2007-07-20,15,15.15,15,15.1,0.3,+2.03%,108456
2007-07-19,14.95,15,14.8,14.8,-0.2,-1.33%,102372
2007-07-18,15.15,15.3,15,15,-0.25,-1.64%,158345
2007-07-17,15.4,15.4,15.05,15.25,-0.3,-1.93%,124437
2007-07-16,15.75,15.95,15.35,15.55,-0.1,-0.64%,127915
2007-07-13,15.15,15.7,15.1,15.65,0.7,+4.68%,245905
2007-07-12,15.1,15.15,14.7,14.95,-0.05,-0.33%,202149
2007-07-11,15.6,15.6,14.65,15,-0.5,-3.23%,298341
2007-07-10,15.45,15.95,15.3,15.5,0.4,+2.65%,355148
2007-07-09,14.8,15.5,14.7,15.1,0.45,+3.07%,246730
2007-07-06,14.75,14.8,14.5,14.65,0.15,+1.03%,262376
2007-07-05,14.65,14.75,14.3,14.5,0,0.00%,190536
2007-07-04,14.6,14.7,14.35,14.5,0.25,+1.75%,354668
2007-07-03,14.75,14.75,14.1,14.25,0.3,+2.15%,482290
2007-07-02,13.45,14,13.45,13.95,0.9,+6.90%,337185
2007-06-29,13.2,13.4,12.8,13.05,0.4,+3.16%,216413
2007-06-28,12.45,12.7,12.3,12.65,0.45,+3.69%,127623
2007-06-27,12.2,12.25,12.05,12.2,0,0.00%,112492
2007-06-26,12.65,12.75,12.1,12.2,-0.5,-3.94%,236340
2007-06-25,13.05,13.4,12.7,12.7,-0.35,-2.68%,293189
2007-06-22,12.6,13.8,12.6,13.05,1.05,+8.75%,542999
2007-06-21,11.35,12,11.25,12,0.7,+6.19%,497757
2007-06-20,11.35,11.35,11.1,11.3,0.2,+1.80%,160092
2007-06-19,11,11.2,10.9,11.1,0.4,+3.74%,260685
2007-06-18,10.6,10.7,10.5,10.7,0.2,+1.90%,81493
2007-06-15,11,11.05,10.4,10.5,-0.3,-2.78%,121571
2007-06-14,11.2,11.2,10.7,10.8,-0.05,-0.46%,49647
2007-06-13,11.2,11.2,10.6,10.85,-0.25,-2.25%,159179
2007-06-12,11.1,11.65,11.05,11.1,0.3,+2.78%,372341
2007-06-08,10.5,10.9,10.3,10.8,-0.1,-0.92%,91119
2007-06-07,11,11,10.6,10.9,-0.5,-4.39%,53530
2007-06-06,11.1,11.5,11,11.4,0.2,+1.79%,609028
2007-06-05,11.45,11.5,11,11.2,0,0.00%,536375
2007-06-04,11.3,11.45,11.2,11.2,0.1,+0.90%,386752
2007-06-01,11.3,11.4,11.1,11.1,0.05,+0.45%,293758
2007-05-31,11,11.1,10.95,11.05,0.15,+1.38%,133884
2007-05-30,11.1,11.2,10.7,10.9,-0.05,-0.46%,236898
2007-05-29,10.95,11.3,10.75,10.95,0.2,+1.86%,653616
2007-05-28,10,10.75,10,10.75,0.6,+5.91%,425885
2007-05-25,10.25,10.25,10.05,10.15,-0.05,-0.49%,150673
2007-05-24,10.2,10.2,10.05,10.2,0,0.00%,139130
2007-05-23,10.2,10.2,10.05,10.2,0.2,+2.00%,330230
2007-05-22,10.3,10.3,9.95,10,0,0.00%,1031284
2007-05-21,10.15,10.2,9.9,10,-0.1,-0.99%,242903
2007-05-18,10.2,10.3,9.9,10.1,-0.2,-1.94%,560265
2007-05-17,10.5,10.5,10.2,10.3,-0.15,-1.44%,219450
2007-05-16,10.8,10.8,10.4,10.45,0.15,+1.46%,378515
2007-05-15,10.55,11.1,10.25,10.3,0.1,+0.98%,2510479
2007-05-14,10,10.3,10,10.2,0.15,+1.49%,220936
2007-05-11,10.25,10.25,10,10.05,-0.2,-1.95%,54497
2007-05-10,9.9,10.3,9.6,10.25,0.3,+3.02%,128029
2007-05-09,10.5,10.5,9.95,9.95,-0.55,-5.24%,70463
2007-05-08,11.2,11.4,10.15,10.5,-0.05,-0.47%,606411
2007-05-07,10.1,10.75,10,10.55,0.6,+6.03%,269254
2007-05-04,9.55,10.5,9.5,9.95,0.6,+6.42%,423082
2007-05-03,9.25,9.7,8.6,9.35,-0.15,-1.58%,276949
2007-05-02,9.9,9.9,9.5,9.5,-0.45,-4.52%,131110
2007-05-01,10.1,10.1,9.8,9.95,-0.2,-1.97%,81477
2007-04-30,9.7,10.15,9.7,10.15,0,0.00%,175606
2007-04-27,10.6,10.6,9.75,10.15,-0.45,-4.25%,169488
2007-04-26,11.6,11.6,10.3,10.6,-0.55,-4.93%,238268
2007-04-24,11.6,11.7,10.9,11.15,-0.4,-3.46%,168815
2007-04-23,11.2,11.8,11.2,11.55,0.6,+5.48%,182001
2007-04-20,11.2,11.2,10.8,10.95,-0.45,-3.95%,169672
2007-04-19,11.8,11.8,11,11.4,-0.3,-2.56%,2237334
2007-04-18,11.85,12,11.5,11.7,0.5,+4.46%,414742
2007-04-17,10.6,11.35,10.5,11.2,1,+9.80%,262519
2007-04-16,9.9,10.2,9.75,10.2,0.6,+6.25%,229327
2007-04-13,9.85,9.85,9.45,9.6,0.2,+2.13%,187056
2007-04-12,9.85,9.85,9.25,9.4,-0.55,-5.53%,987001
2007-04-11,10.15,11,9.6,9.95,0.65,+6.99%,635256
2007-04-10,9,9.3,8.9,9.3,0.75,+8.77%,520916
2007-04-05,8.6,8.65,8.45,8.55,-0.05,-0.58%,159870
2007-04-04,8.7,8.8,8.6,8.6,0.1,+1.18%,334772
2007-04-03,8.5,8.5,8.2,8.5,0,0.00%,160859
2007-04-02,9,9,8.4,8.5,-0.25,-2.86%,250898
2007-03-30,8,8.85,7.95,8.75,1.05,+13.64%,626523
2007-03-29,7.3,7.7,7.2,7.7,0.6,+8.45%,266111
2007-03-28,7.15,7.2,7,7.1,0.05,+0.71%,95792
2007-03-27,7.25,7.25,7,7.05,0,0.00%,836640
2007-03-26,7,7.05,6.9,7.05,0.2,+2.92%,157091
2007-03-23,6.9,6.9,6.6,6.85,0.2,+3.01%,159510
2007-03-22,6.7,6.7,6.4,6.65,0.05,+0.76%,90648
2007-03-21,6.9,6.9,6.1,6.6,-0.25,-3.65%,252078
2007-03-20,7,7,6.85,6.85,-0.1,-1.44%,117907
2007-03-19,7.1,7.25,6.95,6.95,-0.05,-0.71%,107848
2007-03-16,7.25,7.25,6.9,7,-0.1,-1.41%,93318
2007-03-15,6.95,7.1,6.9,7.1,0.2,+2.90%,130917
2007-03-14,7,7,6.9,6.9,-0.2,-2.82%,88602
2007-03-13,7.15,7.15,7.05,7.1,0.1,+1.43%,160797
2007-03-12,7,7,6.9,7,0.15,+2.19%,58460
2007-03-09,7.15,7.15,6.85,6.85,-0.15,-2.14%,110970
2007-03-08,7.25,7.3,6.85,7,-0.25,-3.45%,81758
2007-03-07,7.15,7.35,7.1,7.25,0.25,+3.57%,97552
2007-03-06,6.7,7,6.6,7,0.45,+6.87%,139793
2007-03-05,7,7.05,6.55,6.55,-0.45,-6.43%,202114
2007-03-02,7.45,7.45,7,7,-0.3,-4.11%,141563
2007-03-01,7.6,7.7,7.25,7.3,0.2,+2.82%,221383
2007-02-28,7.25,7.3,6.85,7.1,-0.65,-8.39%,334905
2007-02-27,7.7,7.8,7.7,7.75,0.15,+1.97%,206280
2007-02-26,7.5,7.7,7.4,7.6,0.35,+4.83%,689262
2007-02-23,7.8,7.8,7.1,7.25,-0.4,-5.23%,524034
2007-02-22,7.5,7.65,7.3,7.65,0.25,+3.38%,1289332
2007-02-21,7.35,7.5,7.2,7.4,0.35,+4.96%,713367
2007-02-20,7.2,7.4,7.05,7.05,0.15,+2.17%,391213
2007-02-19,7,7.1,6.9,6.9,0.05,+0.73%,265795
2007-02-16,6.95,7.2,6.8,6.85,0.05,+0.74%,319521
2007-02-15,6.7,6.8,6.65,6.8,0.1,+1.49%,166789
2007-02-14,6.6,6.7,6.55,6.7,0.2,+3.08%,135067
2007-02-13,6.5,6.5,6.35,6.5,0.05,+0.78%,150932
2007-02-12,6.75,6.75,6.45,6.45,-0.25,-3.73%,62555
2007-02-09,6.5,6.85,6.5,6.7,0.25,+3.88%,124990
2007-02-08,6.8,6.8,6.05,6.45,-0.35,-5.15%,185827
2007-02-07,7,7,6.75,6.8,-0.1,-1.45%,199271
2007-02-06,6.9,7.1,6.8,6.9,0.05,+0.73%,358277
2007-02-05,7,7,6.85,6.85,0,0.00%,338425
2007-02-02,7,7,6.8,6.85,0.15,+2.24%,450037
2007-02-01,6.8,6.9,6.6,6.7,0.1,+1.52%,690221
2007-01-31,6.5,6.6,6.3,6.6,0.2,+3.13%,520302
2007-01-30,6.4,6.4,6.35,6.4,0.15,+2.40%,295862
2007-01-29,6.05,6.45,6,6.25,0.35,+5.93%,892945
2007-01-25,5.85,5.95,5.8,5.9,0.1,+1.72%,523265
2007-01-24,5.75,5.85,5.7,5.8,0.25,+4.50%,180625
2007-01-23,5.35,5.6,5.3,5.55,0.25,+4.72%,107166
2007-01-22,5.8,5.9,5.3,5.3,-0.5,-8.62%,382619
2007-01-19,5.9,5.9,5.8,5.8,-0.1,-1.69%,229012
2007-01-18,5.8,5.9,5.75,5.9,0.15,+2.61%,208845
2007-01-17,5.85,5.85,5.7,5.75,-0.05,-0.86%,124091
2007-01-16,5.8,5.8,5.7,5.8,0,0.00%,114315
2007-01-15,5.75,5.9,5.7,5.8,0.15,+2.65%,293379
2007-01-12,5.65,5.7,5.55,5.65,0.15,+2.73%,162981
2007-01-11,5.6,5.7,5.5,5.5,-0.05,-0.90%,113542
2007-01-10,5.65,5.65,5.4,5.55,0.1,+1.83%,185475
2007-01-09,5.45,5.55,5.4,5.45,0.15,+2.83%,141008
2007-01-08,5.35,5.4,5.25,5.3,0,0.00%,153702
2007-01-05,5.6,5.6,5.3,5.3,-0.1,-1.85%,236308
2007-01-04,5.55,5.6,5.3,5.4,0.15,+2.86%,310354
2007-01-03,5.2,5.5,5.1,5.25,0.25,+5.00%,154843
2007-01-02,5.6,5.6,4.75,5,-0.6,-10.71%,371452
2006-12-29,5.5,5.7,5.5,5.6,0.3,+5.66%,292899
2006-12-28,5.2,5.35,5.15,5.3,0.35,+7.07%,420409
2006-12-27,4.7,5,4.7,4.95,0.35,+7.61%,354828
2006-12-22,4.5,4.6,4.45,4.6,0.2,+4.55%,177049
2006-12-21,4.4,4.5,4.3,4.4,0.3,+7.32%,229405
2006-12-20,4,4.1,3.9,4.1,0.3,+7.89%,57516
2006-12-19,3.9,3.9,3.8,3.8,0,0.00%,68462
2006-12-18,4,4,3.8,3.8,-0.1,-2.56%,37519
2006-12-15,3.95,4,3.8,3.9,-0.1,-2.50%,56300
2006-12-14,4,4,3.85,4,0.05,+1.27%,61936
2006-12-13,4.15,4.15,3.95,3.95,-0.25,-5.95%,155676
2006-12-12,4.1,4.2,4.05,4.2,0.1,+2.44%,42561
2006-12-11,4.15,4.2,4.05,4.1,0.05,+1.23%,58757
2006-12-08,4.25,4.25,4.05,4.05,-0.25,-5.81%,74129
2006-12-07,4.45,4.45,4.3,4.3,-0.15,-3.37%,51803
2006-12-06,4.4,4.5,4.4,4.45,0.2,+4.71%,145298
2006-12-05,4.25,4.35,4.2,4.25,0.15,+3.66%,122663
2006-12-04,4.2,4.25,4.1,4.1,-0.05,-1.20%,60954
2006-12-01,4.1,4.25,4.05,4.15,0.15,+3.75%,142190
2006-11-30,4.05,4.05,3.9,4,-0.05,-1.23%,309800
2006-11-29,4.05,4.05,4,4.05,0.05,+1.25%,143312
2006-11-28,4.1,4.1,4,4,-0.1,-2.44%,37783
2006-11-27,4.1,4.15,4.05,4.1,0.1,+2.50%,68342
2006-11-24,4.1,4.1,4,4,-0.1,-2.44%,53946
2006-11-23,3.9,4.15,3.9,4.1,0.3,+7.89%,116737
2006-11-22,3.95,4,3.8,3.8,-0.15,-3.80%,95907
2006-11-21,4,4,3.95,3.95,-0.05,-1.25%,35470
2006-11-20,4.05,4.1,4,4,0,0.00%,83314
2006-11-17,4.1,4.1,3.9,4,-0.1,-2.44%,32600
2006-11-16,4.15,4.15,3.9,4.1,-0.05,-1.20%,117843
2006-11-15,4.2,4.2,4.1,4.15,-0.05,-1.19%,80988
2006-11-14,4.2,4.2,4.1,4.2,-0.05,-1.18%,99906
2006-11-13,4.6,4.65,4.05,4.25,-0.25,-5.56%,309211
2006-11-10,4.45,4.95,4.4,4.5,0.15,+3.45%,399959
2006-11-09,4,4.4,4,4.35,0.4,+10.13%,363972
2006-11-08,3.8,4.1,3.8,3.95,0.2,+5.33%,319520
2006-11-07,3.75,3.8,3.75,3.75,0,0.00%,113688
2006-11-06,3.6,3.85,3.55,3.75,0.15,+4.17%,241508
2006-11-03,3.55,3.6,3.55,3.6,0,0.00%,50433
2006-11-02,3.6,3.6,3.55,3.6,0,0.00%,55654
2006-11-01,3.65,3.65,3.55,3.6,0.1,+2.86%,44678
2006-10-31,3.7,3.7,3.5,3.5,-0.1,-2.78%,72750
2006-10-30,3.65,3.7,3.6,3.6,0,0.00%,75732
2006-10-27,3.65,3.65,3.6,3.6,-0.05,-1.37%,14350
2006-10-26,3.35,3.65,3.3,3.65,0.3,+8.96%,145760
2006-10-25,3.25,3.35,3.25,3.35,0.05,+1.52%,13933
2006-10-24,3.4,3.4,3.3,3.3,-0.1,-2.94%,32200
2006-10-23,3.45,3.5,3.3,3.4,-0.05,-1.45%,91798
2006-10-20,3.5,3.5,3.35,3.45,0,0.00%,22280
2006-10-19,3.55,3.6,3.35,3.45,-0.15,-4.17%,46029
2006-10-18,3.65,3.7,3.5,3.6,0,0.00%,81175
2006-10-17,3.7,3.7,3.55,3.6,0.05,+1.41%,229717
2006-10-16,3.55,3.7,3.55,3.55,0.05,+1.43%,272622
2006-10-13,3.5,3.5,3.4,3.5,0.1,+2.94%,45379
2006-10-12,3.5,3.6,3.4,3.4,-0.05,-1.45%,194038
2006-10-11,3.3,3.45,3.2,3.45,0.2,+6.15%,592639
2006-10-10,3.2,3.3,3.2,3.25,0.15,+4.84%,105219
2006-10-09,3.2,3.3,3.1,3.1,-0.05,-1.59%,90227
2006-10-06,3.15,3.2,3.15,3.15,0.1,+3.28%,8196
2006-10-05,3.1,3.2,3.05,3.05,-0.05,-1.61%,57252
2006-10-04,3.1,3.1,3.1,3.1,0,0.00%,52400
2006-10-03,3.1,3.15,3.1,3.1,0.05,+1.64%,69980
2006-10-02,3.05,3.1,3.05,3.05,0.05,+1.67%,19750
2006-09-29,3.2,3.2,2.95,3,-0.1,-3.23%,52580
2006-09-28,3.1,3.15,3.05,3.1,0,0.00%,17100
2006-09-27,3.15,3.15,3.05,3.1,-0.05,-1.59%,31100
2006-09-26,3.05,3.25,3.05,3.15,0,0.00%,37200
2006-09-25,3.1,3.15,3.05,3.15,0.05,+1.61%,16250
2006-09-22,3.05,3.1,3.05,3.1,-0.05,-1.59%,34600
2006-09-21,3.2,3.2,3.05,3.15,-0.15,-4.55%,16700
2006-09-20,3.35,3.35,3.3,3.3,0,0.00%,14351
2006-09-19,3.45,3.45,3.3,3.3,-0.1,-2.94%,44080
2006-09-18,3.6,3.6,3.4,3.4,-0.15,-4.23%,54096
2006-09-15,3.5,3.55,3.5,3.55,0.2,+5.97%,31045
2006-09-14,3.35,3.45,3.3,3.35,0,0.00%,21920
2006-09-13,3.4,3.6,3.35,3.35,-0.1,-2.90%,33450
2006-09-12,3.5,3.5,3.45,3.45,-0.05,-1.43%,21050
2006-09-11,3.6,3.65,3.5,3.5,-0.15,-4.11%,28264
2006-09-08,3.7,3.7,3.65,3.65,-0.05,-1.35%,46700
2006-09-07,3.7,3.7,3.55,3.7,0.05,+1.37%,72000
2006-09-06,3.6,3.65,3.6,3.65,0.1,+2.82%,309508
2006-09-05,3.55,3.6,3.5,3.55,0,0.00%,75196
2006-09-04,3.5,3.6,3.5,3.55,0,0.00%,32295
2006-09-01,3.5,3.55,3.5,3.55,0,0.00%,61049
2006-08-31,3.55,3.6,3.5,3.55,0,0.00%,50006
2006-08-30,3.6,3.65,3.55,3.55,-0.1,-2.74%,51615
2006-08-29,3.65,3.65,3.55,3.65,-0.05,-1.35%,10672
2006-08-28,3.75,3.75,3.7,3.7,0,0.00%,19841
2006-08-25,3.7,3.7,3.65,3.7,0,0.00%,46943
2006-08-24,3.55,3.7,3.45,3.7,0.1,+2.78%,43762
2006-08-23,3.6,3.6,3.5,3.6,0,0.00%,60952
2006-08-22,3.8,3.95,3.6,3.6,-0.2,-5.26%,55581
2006-08-21,3.9,4.05,3.8,3.8,-0.1,-2.56%,118237
2006-08-18,3.9,4.1,3.9,3.9,0,0.00%,200841
2006-08-17,3.65,3.9,3.6,3.9,0.3,+8.33%,97359
2006-08-16,3.5,3.65,3.5,3.6,0.1,+2.86%,100007
2006-08-15,3.55,3.6,3.45,3.5,0.05,+1.45%,72033
2006-08-14,3.5,3.6,3.45,3.45,0.05,+1.47%,164716
2006-08-11,3.55,3.6,3.3,3.4,-0.2,-5.56%,78151
2006-08-10,3.45,3.7,3.4,3.6,0.4,+12.50%,163651
2006-08-09,3.1,3.2,3.05,3.2,0.15,+4.92%,86450
2006-08-08,3.05,3.1,3.05,3.05,0,0.00%,56196
2006-08-07,3.15,3.15,3.05,3.05,-0.05,-1.61%,74615
2006-08-04,3.05,3.2,3.05,3.1,0.15,+5.08%,98063
2006-08-03,2.95,3,2.95,2.95,-0.05,-1.67%,38605
2006-08-02,3,3,3,3,0.05,+1.69%,72750
2006-08-01,3,3,2.95,2.95,-0.1,-3.28%,16400
2006-07-31,3.1,3.1,3.05,3.05,-0.05,-1.61%,8445
2006-07-28,3.1,3.15,3.1,3.1,0.05,+1.64%,20108
2006-07-27,3,3.1,2.95,3.05,0.2,+7.02%,103847
2006-07-26,2.85,2.9,2.85,2.85,0,0.00%,17218
2006-07-25,2.85,2.9,2.85,2.85,0.05,+1.79%,17823
2006-07-24,2.8,2.8,2.8,2.8,0,0.00%,22400
2006-07-21,2.8,2.85,2.8,2.8,-0.05,-1.75%,41719
2006-07-20,2.8,2.85,2.75,2.85,0.05,+1.79%,45416
2006-07-19,2.8,2.85,2.8,2.8,-0.05,-1.75%,39500
2006-07-18,2.85,2.9,2.8,2.85,0,0.00%,101827
2006-07-17,3.1,3.1,2.85,2.85,-0.2,-6.56%,85496
2006-07-14,3,3.05,3,3.05,0.05,+1.67%,70301
2006-07-13,2.9,3,2.9,3,0.05,+1.69%,55348
2006-07-12,2.9,2.95,2.9,2.95,0.1,+3.51%,14973
2006-07-11,2.85,2.9,2.85,2.85,-0.05,-1.72%,16937
2006-07-10,2.85,2.9,2.85,2.9,0,0.00%,23200
2006-07-07,2.9,2.95,2.85,2.9,0,0.00%,27400
2006-07-06,2.85,3,2.85,2.9,0.05,+1.75%,35925
2006-07-05,2.9,2.9,2.85,2.85,-0.15,-5.00%,17230
2006-07-04,2.9,3,2.8,3,0.1,+3.45%,8125
2006-07-03,3,3,2.85,2.9,0.1,+3.57%,17047
2006-06-30,2.5,2.8,2.5,2.8,0.3,+12.00%,132764
2006-06-29,2.75,2.8,2.4,2.5,-0.3,-10.71%,58932
2006-06-28,2.75,2.8,2.75,2.8,0,0.00%,11200
2006-06-27,2.8,2.8,2.75,2.8,-0.05,-1.75%,69413
2006-06-26,2.95,2.95,2.85,2.85,-0.15,-5.00%,16875
2006-06-23,3,3,3,3,-0.1,-3.23%,16021
2006-06-22,3.15,3.2,3.05,3.1,0,0.00%,24453
2006-06-21,3.1,3.1,3,3.1,0,0.00%,31601
2006-06-20,3.2,3.2,3.1,3.1,-0.05,-1.59%,30958
2006-06-19,3.15,3.25,3.15,3.15,0.1,+3.28%,65635
2006-06-16,3.1,3.1,3,3.05,0,0.00%,35900
2006-06-15,3.1,3.15,2.95,3.05,0.5,+19.61%,108840
2006-06-13,2.8,2.8,2.55,2.55,-0.4,-13.56%,78982
2006-06-09,3.15,3.25,2.8,2.95,-0.3,-9.23%,33043
2006-06-08,3.1,3.25,3.1,3.25,0,0.00%,32296
2006-06-07,3.1,3.25,3.1,3.25,0,0.00%,8200
2006-06-06,3.25,3.25,3.1,3.25,0,0.00%,65624
2006-06-05,3,3.25,3,3.25,0.25,+8.33%,44559
2006-06-02,3,3,3,3,0,0.00%,7160
2006-06-01,3,3.05,3,3,0,0.00%,13250
2006-05-31,3.05,3.1,2.9,3,-0.05,-1.64%,11905
2006-05-30,3.05,3.05,3.05,3.05,0,0.00%,3000
2006-05-29,3.1,3.35,3.05,3.05,0.05,+1.67%,45350
2006-05-26,3,3.1,2.9,3,0.1,+3.45%,28861
2006-05-25,2.9,2.9,2.9,2.9,0,0.00%,5000
2006-05-24,2.9,3.25,2.9,2.9,0.15,+5.45%,99385
2006-05-23,2.75,2.85,2.75,2.75,0,0.00%,48277
2006-05-22,2.85,3,2.7,2.75,-0.25,-8.33%,114030
2006-05-19,2.95,3,2.65,3,0,0.00%,134133
2006-05-18,3.1,3.2,2.9,3,-0.2,-6.25%,151520
2006-05-17,3.2,3.25,3.1,3.2,0.2,+6.67%,162515
2006-05-16,3.45,3.65,2.9,3,-0.5,-14.29%,166612
2006-05-15,3.7,3.7,3.4,3.5,-0.45,-11.39%,104879
2006-05-12,3.8,3.95,3.7,3.95,0.2,+5.33%,78071
2006-05-11,3.75,3.8,3.7,3.75,-0.05,-1.32%,19856
2006-05-10,4,4,3.7,3.8,-0.15,-3.80%,62061
2006-05-09,4.1,4.1,3.85,3.95,-0.15,-3.66%,77979
2006-05-08,4.05,4.2,3.9,4.1,0.1,+2.50%,368545
2006-05-05,3.7,4,3.6,4,0.3,+8.11%,165157
2006-05-04,3.6,3.75,3.45,3.7,0.05,+1.37%,45525
2006-05-03,3.85,3.85,3.4,3.65,-0.2,-5.19%,107533
2006-05-02,3.75,3.9,3.6,3.85,0.1,+2.67%,111234
2006-05-01,3.45,3.75,3.3,3.75,0.3,+8.70%,61118
2006-04-28,3.45,3.5,3.35,3.45,0,0.00%,111186
2006-04-27,3.45,3.5,3.3,3.45,0.1,+2.99%,93720
2006-04-26,3.55,3.55,3.35,3.35,-0.15,-4.29%,55919
2006-04-24,3.45,3.65,3.45,3.5,0.1,+2.94%,52804
2006-04-21,3.3,3.4,3.3,3.4,0,0.00%,65488
2006-04-20,3.5,3.5,3.25,3.4,-0.15,-4.23%,153957
2006-04-19,3.6,3.65,3.5,3.55,-0.05,-1.39%,109868
2006-04-18,3.85,3.9,3.5,3.6,-0.3,-7.69%,159980
2006-04-13,3.65,3.95,3.65,3.9,0.3,+8.33%,206128
2006-04-12,3.35,3.7,3.35,3.6,0.3,+9.09%,532977
2006-04-11,3.25,3.3,3.25,3.3,0.05,+1.54%,225048
2006-04-10,2.95,3.25,2.95,3.25,0.3,+10.17%,255101
2006-04-07,3,3.1,2.95,2.95,-0.05,-1.67%,102639
2006-04-06,3.1,3.1,2.9,3,0,0.00%,130216
2006-04-05,2.85,3.15,2.8,3,0.25,+9.09%,267106
2006-04-04,2.8,2.95,2.75,2.75,0,0.00%,245542
2006-04-03,2.6,2.9,2.6,2.75,0.15,+5.77%,233535
2006-03-31,2.6,2.6,2.55,2.6,0,0.00%,92906
2006-03-30,2.6,2.6,2.55,2.6,0,0.00%,165526
2006-03-29,2.6,2.6,2.5,2.6,0,0.00%,66766
2006-03-28,2.55,2.6,2.55,2.6,0.05,+1.96%,91614
2006-03-27,2.5,2.55,2.45,2.55,0.05,+2.00%,232217
2006-03-24,2.45,2.5,2.45,2.5,0.1,+4.17%,558731
2006-03-23,2.4,2.45,2.4,2.4,-0.05,-2.04%,83899
2006-03-22,2.4,2.45,2.35,2.45,0.05,+2.08%,22269
2006-03-21,2.45,2.45,2.4,2.4,-0.05,-2.04%,35258
2006-03-20,2.45,2.5,2.4,2.45,-0.05,-2.00%,57804
2006-03-17,2.5,2.55,2.45,2.5,0,0.00%,57692
2006-03-16,2.4,2.55,2.35,2.5,0,0.00%,100224
2006-03-15,2.5,2.5,2.45,2.5,0.05,+2.04%,10250
2006-03-14,2.55,2.55,2.45,2.45,-0.05,-2.00%,16925
2006-03-13,2.5,2.55,2.45,2.5,0.05,+2.04%,31011
2006-03-10,2.4,2.5,2.4,2.45,0.15,+6.52%,69236
2006-03-09,2.35,2.35,2.3,2.3,0,0.00%,43362
2006-03-08,2.4,2.4,2.3,2.3,-0.05,-2.13%,60800
2006-03-07,2.55,2.55,2.35,2.35,-0.1,-4.08%,50941
2006-03-06,2.5,2.6,2.45,2.45,0.05,+2.08%,118862
2006-03-03,2.7,2.7,2.4,2.4,-0.2,-7.69%,209984
2006-03-02,2.2,2.6,2.2,2.6,0.4,+18.18%,269147
2006-03-01,2.25,2.25,2.2,2.2,-0.05,-2.22%,42231
2006-02-28,2.2,2.3,2.15,2.25,0.05,+2.27%,71786
2006-02-27,2.2,2.25,2.15,2.2,0,0.00%,88645
2006-02-24,2.1,2.2,2.1,2.2,0.1,+4.76%,52048
2006-02-23,2.15,2.15,2.1,2.1,-0.05,-2.33%,18620
2006-02-22,2.15,2.15,2.1,2.15,0,0.00%,8016
2006-02-21,2.15,2.15,2.15,2.15,-0.05,-2.27%,45650
2006-02-20,2.05,2.2,2.05,2.2,0.2,+10.00%,32275
2006-02-17,2.1,2.1,2,2,-0.1,-4.76%,55588
2006-02-16,2.1,2.1,2.05,2.1,0,0.00%,38489
2006-02-15,2.1,2.15,2.05,2.1,0.05,+2.44%,56246
2006-02-14,2.15,2.15,2.05,2.05,-0.15,-6.82%,86167
2006-02-13,2.3,2.3,2.15,2.2,-0.1,-4.35%,69325
2006-02-10,2.3,2.35,2.3,2.3,0,0.00%,41722
2006-02-09,2.25,2.3,2.2,2.3,0,0.00%,88056
2006-02-08,2.35,2.4,2.25,2.3,-0.15,-6.12%,162204
2006-02-07,2.5,2.6,2.35,2.45,-0.05,-2.00%,731313
2006-02-06,2.4,2.5,2.4,2.5,0.15,+6.38%,635157
2006-02-03,2.3,2.35,2.3,2.35,0.05,+2.17%,133871
2006-02-02,2.15,2.3,2.1,2.3,0.2,+9.52%,271417
2006-02-01,2.05,2.1,2,2.1,0.05,+2.44%,46630
2006-01-31,2.05,2.05,1.95,2.05,0.1,+5.13%,55030
2006-01-30,2.15,2.15,1.95,1.95,-0.15,-7.14%,85617
2006-01-27,2.05,2.2,2,2.1,0.1,+5.00%,93399
2006-01-25,2.1,2.1,2,2,-0.05,-2.44%,93700
2006-01-24,2.2,2.2,2,2.05,0,0.00%,265614
2006-01-23,1.9,2.25,1.9,2.05,0.05,+2.50%,270191
2006-01-20,1.8,2,1.75,2,0.25,+14.29%,110730
2006-01-19,1.8,1.8,1.75,1.75,0.05,+2.94%,17740
2006-01-18,1.8,1.8,1.65,1.7,-0.05,-2.86%,47564
2006-01-17,1.85,1.85,1.7,1.75,-0.15,-7.89%,142400
2006-01-16,1.9,2,1.85,1.9,0.15,+8.57%,361318
2006-01-13,1.6,1.75,1.6,1.75,0.15,+9.38%,85782
2006-01-12,1.55,1.65,1.55,1.6,0.05,+3.23%,80147
2006-01-11,1.6,1.6,1.55,1.55,0,0.00%,47375
2006-01-10,1.55,1.55,1.55,1.55,-0.05,-3.13%,32010
2006-01-09,1.55,1.6,1.55,1.6,0,0.00%,10850
2006-01-06,1.6,1.6,1.55,1.6,0,0.00%,17290
2006-01-05,1.6,1.6,1.55,1.6,0.05,+3.23%,8700
2006-01-04,1.6,1.6,1.55,1.55,0,0.00%,25395
2006-01-03,1.55,1.55,1.55,1.55,0,0.00%,32983
2006-01-02,1.55,1.55,1.55,1.55,0.05,+3.33%,32983
2005-12-30,1.55,1.55,1.5,1.5,-0.05,-3.23%,6866
2005-12-29,1.55,1.6,1.5,1.55,0,0.00%,32333
2005-12-28,1.6,1.6,1.55,1.55,-0.05,-3.13%,20300
2005-12-27,1.6,1.6,1.6,1.6,0,0.00%,3400
2005-12-23,1.6,1.6,1.6,1.6,0,0.00%,3400
2005-12-22,1.6,1.6,1.6,1.6,0.05,+3.23%,10000
2005-12-21,1.6,1.6,1.55,1.55,-0.05,-3.13%,21333
2005-12-20,1.55,1.6,1.55,1.6,0.05,+3.23%,10650
2005-12-19,1.55,1.55,1.55,1.55,-0.05,-3.13%,15000
2005-12-16,1.55,1.6,1.55,1.6,0.05,+3.23%,18341
2005-12-15,1.7,1.7,1.55,1.55,-0.15,-8.82%,71108
2005-12-14,1.75,1.75,1.55,1.7,0,0.00%,111107
2005-12-13,1.65,1.7,1.65,1.7,0.1,+6.25%,71054
2005-12-12,1.6,1.6,1.6,1.6,-0.05,-3.03%,4947
2005-12-09,1.6,1.65,1.55,1.65,0.05,+3.13%,117768
2005-12-08,1.55,1.6,1.55,1.6,0.1,+6.67%,76200
2005-12-07,1.55,1.55,1.5,1.5,0,0.00%,94600
2005-12-06,1.55,1.6,1.5,1.5,-0.1,-6.25%,313467
2005-12-05,1.55,1.6,1.5,1.6,0.05,+3.23%,135066
2005-12-02,1.5,1.6,1.5,1.55,0.05,+3.33%,452722
2005-12-01,1.5,1.6,1.4,1.5,0,0.00%,2078626
2005-11-30,1.4,1.5,1.4,1.5,0.15,+11.11%,110794
2005-11-29,1.4,1.4,1.35,1.35,0,0.00%,76966
2005-11-28,1.35,1.35,1.35,1.35,0,0.00%,27000
2005-11-25,1.25,1.4,1.25,1.35,0.1,+8.00%,109827
2005-11-24,1.4,1.45,1.2,1.25,-0.15,-10.71%,84000
2005-11-23,1.35,1.4,1.35,1.4,0.05,+3.70%,18100
2005-11-22,1.45,1.5,1.3,1.35,-0.05,-3.57%,82527
2005-11-21,1.4,1.4,1.4,1.4,0.05,+3.70%,45000
2005-11-18,1.5,1.5,1.35,1.35,-0.05,-3.57%,26760
2005-11-17,1.35,1.4,1.35,1.4,0.1,+7.69%,20994
2005-11-16,1.3,1.35,1.3,1.3,-0.1,-7.14%,30630
2005-11-15,1.25,1.4,1.25,1.4,0.2,+16.67%,35538
2005-11-14,1.3,1.3,1.2,1.2,-0.1,-7.69%,29110
2005-11-11,1.2,1.3,1.2,1.3,0.1,+8.33%,22200
2005-11-10,1.25,1.25,1.2,1.2,0,0.00%,49423
2005-11-09,1.25,1.25,1.2,1.2,0,0.00%,47655
2005-11-08,1.2,1.25,1.2,1.2,0,0.00%,14454
2005-11-07,1.2,1.25,1.2,1.2,0,0.00%,25216
2005-11-04,1.25,1.25,1.2,1.2,0,0.00%,17600
2005-11-03,1.25,1.25,1.2,1.2,-0.05,-4.00%,15000
2005-11-02,1.25,1.3,1.25,1.25,0,0.00%,39400
2005-10-31,1.3,1.3,1.25,1.25,-0.05,-3.85%,19610
2005-10-28,1.3,1.3,1.3,1.3,0,0.00%,8415
2005-10-27,1.3,1.3,1.3,1.3,0.1,+8.33%,5125
2005-10-26,1.25,1.25,1.2,1.2,-0.05,-4.00%,23500
2005-10-25,1.3,1.3,1.25,1.25,0,0.00%,38800
2005-10-24,1.3,1.3,1.25,1.25,-0.05,-3.85%,17519
2005-10-21,1.3,1.3,1.3,1.3,0,0.00%,47478
2005-10-20,1.3,1.3,1.3,1.3,-0.05,-3.70%,30000
2005-10-19,1.35,1.35,1.35,1.35,0,0.00%,1000
2005-10-18,1.3,1.4,1.3,1.35,0,0.00%,36990
2005-10-17,1.35,1.35,1.35,1.35,-0.05,-3.57%,29000
2005-10-14,1.4,1.45,1.35,1.4,0.05,+3.70%,26500
2005-10-13,1.35,1.4,1.35,1.35,0,0.00%,32950
2005-10-12,1.4,1.4,1.3,1.35,-0.1,-6.90%,56500
2005-10-11,1.4,1.45,1.4,1.45,0.05,+3.57%,46450
2005-10-10,1.45,1.45,1.4,1.4,-0.05,-3.45%,4357
2005-10-07,1.4,1.45,1.4,1.45,0.05,+3.57%,23261
2005-10-06,1.5,1.5,1.4,1.4,-0.15,-9.68%,40860
2005-10-05,1.5,1.55,1.5,1.55,0.1,+6.90%,3000
2005-10-04,1.5,1.5,1.45,1.45,0,0.00%,49979
2005-10-03,1.5,1.55,1.45,1.45,-0.05,-3.33%,52255
2005-09-30,1.5,1.5,1.45,1.5,0.1,+7.14%,11633
2005-09-29,1.45,1.45,1.4,1.4,-0.1,-6.67%,38160
2005-09-28,1.5,1.5,1.45,1.5,0,0.00%,21010
2005-09-27,1.55,1.55,1.5,1.5,-0.05,-3.23%,36188
2005-09-26,1.55,1.55,1.55,1.55,0,0.00%,180
2005-09-23,1.55,1.55,1.55,1.55,0,0.00%,23000
2005-09-22,1.6,1.6,1.55,1.55,0,0.00%,16000
2005-09-21,1.6,1.6,1.55,1.55,-0.05,-3.13%,7450
2005-09-20,1.55,1.6,1.55,1.6,0.05,+3.23%,34450
2005-09-19,1.55,1.55,1.55,1.55,0,0.00%,27142
2005-09-16,1.6,1.6,1.55,1.55,-0.05,-3.13%,17430
2005-09-15,1.6,1.6,1.55,1.6,0,0.00%,24800
2005-09-14,1.65,1.65,1.6,1.6,-0.05,-3.03%,9690
2005-09-13,1.6,1.65,1.6,1.65,0.05,+3.13%,44949
2005-09-12,1.65,1.65,1.6,1.6,0,0.00%,29254
2005-09-09,1.6,1.6,1.55,1.6,0,0.00%,22090
2005-09-08,1.6,1.6,1.6,1.6,0.05,+3.23%,3180
2005-09-07,1.65,1.65,1.55,1.55,-0.1,-6.06%,17070
2005-09-02,1.75,1.75,1.65,1.65,-0.05,-2.94%,66400
2005-09-01,1.8,1.8,1.7,1.7,0,0.00%,14090
2005-08-31,1.85,1.85,1.7,1.7,-0.2,-10.53%,58647
2005-08-30,1.95,2,1.8,1.9,0.1,+5.56%,96350
2005-08-29,1.65,1.8,1.65,1.8,0.15,+9.09%,111552
2005-08-26,1.7,1.7,1.6,1.65,-0.05,-2.94%,10625
2005-08-25,1.65,1.7,1.65,1.7,0.1,+6.25%,49509
2005-08-24,1.65,1.65,1.6,1.6,-0.05,-3.03%,255128
2005-08-23,1.5,1.75,1.5,1.65,0.15,+10.00%,491867
2005-08-22,1.5,1.55,1.5,1.5,0,0.00%,77755
2005-08-19,1.5,1.5,1.45,1.5,-0.1,-6.25%,18000
2005-08-18,1.6,1.6,1.55,1.6,0.05,+3.23%,35000
2005-08-17,1.55,1.6,1.5,1.55,-0.05,-3.13%,36550
2005-08-16,1.55,1.7,1.55,1.6,0,0.00%,77141
2005-08-15,1.55,1.6,1.5,1.6,0,0.00%,26500
2005-08-12,1.6,1.6,1.55,1.6,0,0.00%,21116
2005-08-11,1.55,1.6,1.55,1.6,0.05,+3.23%,38000
2005-08-10,1.65,1.65,1.55,1.55,-0.15,-8.82%,5000
2005-08-09,1.3,1.9,1.3,1.7,0.45,+36.00%,207026
2005-08-08,1.35,1.35,1.25,1.25,-0.05,-3.85%,58328
2005-08-05,1.25,1.3,1.25,1.3,0.05,+4.00%,3950
2005-08-04,1.25,1.25,1.25,1.25,0,0.00%,4000
2005-08-03,1.25,1.3,1.25,1.25,0,0.00%,20500
2005-08-02,1.25,1.25,1.25,1.25,0,0.00%,36772
2005-08-01,1.3,1.3,1.25,1.25,-0.05,-3.85%,4050
2005-07-29,1.35,1.35,1.3,1.3,0,0.00%,38100
2005-07-28,1.4,1.4,1.3,1.3,-0.05,-3.70%,79114
2005-07-27,1.4,1.4,1.35,1.35,-0.05,-3.57%,7550
2005-07-26,1.35,1.45,1.35,1.4,0.1,+7.69%,81000
2005-07-25,1.4,1.4,1.3,1.3,-0.1,-7.14%,60580
2005-07-22,1.4,1.4,1.4,1.4,0,0.00%,3400
2005-07-21,1.45,1.45,1.4,1.4,-0.1,-6.67%,16000
2005-07-20,1.35,1.5,1.35,1.5,0.1,+7.14%,17150
2005-07-19,1.45,1.45,1.4,1.4,-0.05,-3.45%,40000
2005-07-18,1.5,1.5,1.45,1.45,-0.05,-3.33%,6250
2005-07-15,1.5,1.5,1.5,1.5,-0.05,-3.23%,58480
2005-07-14,1.55,1.55,1.55,1.55,0,0.00%,50000
2005-07-13,1.45,1.6,1.45,1.55,0,0.00%,21350
2005-07-08,1.5,1.55,1.5,1.55,0.1,+6.90%,3750
2005-07-07,1.55,1.55,1.45,1.45,-0.05,-3.33%,20034
2005-07-06,1.5,1.5,1.5,1.5,-0.05,-3.23%,500
2005-07-05,1.6,1.6,1.55,1.55,-0.05,-3.13%,4500
2005-07-04,1.5,1.6,1.5,1.6,0.1,+6.67%,18150
2005-07-01,1.45,1.5,1.45,1.5,0.05,+3.45%,15500
2005-06-30,1.35,1.45,1.3,1.45,0.1,+7.41%,66659
2005-06-29,1.3,1.4,1.3,1.35,-0.15,-10.00%,89576
2005-06-28,1.4,1.5,1.35,1.5,0,0.00%,46436
2005-06-27,1.4,1.5,1.35,1.5,0.1,+7.14%,83323
2005-06-24,1.5,1.5,1.4,1.4,-0.1,-6.67%,45000
2005-06-23,1.5,1.5,1.45,1.5,0.05,+3.45%,27498
2005-06-22,1.45,1.5,1.45,1.45,-0.05,-3.33%,44294
2005-06-21,1.5,1.55,1.5,1.5,-0.05,-3.23%,17145
2005-06-20,1.55,1.55,1.55,1.55,-0.05,-3.13%,4650
2005-06-17,1.55,1.6,1.55,1.6,0.05,+3.23%,9500
2005-06-16,1.65,1.65,1.55,1.55,-0.05,-3.13%,1050
2005-06-15,1.6,1.7,1.5,1.6,-0.1,-5.88%,34196
2005-06-14,1.6,1.7,1.55,1.7,0.1,+6.25%,36249
2005-06-10,1.55,1.6,1.55,1.6,0.05,+3.23%,15500
2005-06-09,1.55,1.55,1.55,1.55,-0.05,-3.13%,44300
2005-06-08,1.65,1.65,1.6,1.6,-0.1,-5.88%,13490
2005-06-07,1.7,1.7,1.7,1.7,0,0.00%,6410
2005-06-06,1.6,1.7,1.6,1.7,0.05,+3.03%,18710
2005-06-03,1.7,1.7,1.65,1.65,0.05,+3.13%,15070
2005-06-02,1.7,1.7,1.6,1.6,-0.1,-5.88%,38380
2005-05-31,1.7,1.7,1.7,1.7,0,0.00%,28574
2005-05-30,1.7,1.7,1.7,1.7,0.05,+3.03%,2520
2005-05-27,1.7,1.7,1.65,1.65,-0.05,-2.94%,50791
2005-05-26,1.7,1.7,1.7,1.7,0.05,+3.03%,37941
2005-05-25,1.7,1.7,1.6,1.65,-0.15,-8.33%,160400
2005-05-24,1.8,1.85,1.7,1.8,-0.05,-2.70%,128985
2005-05-23,1.85,1.85,1.85,1.85,0.1,+5.71%,63465
2005-05-20,1.7,1.75,1.7,1.75,0.05,+2.94%,26635
2005-05-19,1.7,1.7,1.65,1.7,0,0.00%,31609
2005-05-18,1.75,1.75,1.7,1.7,0,0.00%,10631
2005-05-17,1.6,1.7,1.6,1.7,0.1,+6.25%,13774
2005-05-16,1.65,1.65,1.55,1.6,0,0.00%,98400
2005-05-13,1.5,2,1.5,1.6,0.1,+6.67%,170992
2005-05-12,1.55,1.6,1.5,1.5,0,0.00%,32650
2005-05-11,1.45,1.6,1.45,1.5,0.05,+3.45%,99500
2005-05-10,1.55,1.6,1.45,1.45,-0.15,-9.38%,28200
2005-05-09,1.6,1.7,1.55,1.6,0,0.00%,39542
2005-05-06,1.6,1.6,1.4,1.6,-0.1,-5.88%,48200
2005-05-05,1.8,1.8,1.7,1.7,-0.15,-8.11%,28740
2005-05-04,1.9,1.9,1.75,1.85,-0.15,-7.50%,34660
2005-05-03,2.15,2.15,2,2,-0.05,-2.44%,29147
2005-05-02,1.95,2.1,1.95,2.05,0.2,+10.81%,38150
2005-04-29,1.9,1.9,1.85,1.85,-0.1,-5.13%,9500
2005-04-28,2,2,1.95,1.95,-0.05,-2.50%,55027
2005-04-27,1.9,2,1.9,2,0.05,+2.56%,20790
2005-04-26,1.9,1.95,1.8,1.95,0.05,+2.63%,38302
2005-04-22,1.9,2.05,1.8,1.9,-0.1,-5.00%,34960
2005-04-21,2.05,2.05,2,2,-0.1,-4.76%,12400
2005-04-20,2.2,2.3,2.1,2.1,0.1,+5.00%,20876
2005-04-19,2,2.1,2,2,0,0.00%,30680
2005-04-18,2.2,2.2,1.95,2,-0.2,-9.09%,43516
2005-04-15,2.5,2.5,2.2,2.2,-0.4,-15.38%,35849
2005-04-14,2.6,2.6,2.6,2.6,0,0.00%,11087
2005-04-13,2.6,2.7,2.6,2.6,-0.05,-1.89%,5152
2005-04-12,2.7,2.7,2.65,2.65,-0.05,-1.85%,6087
2005-04-11,2.75,2.75,2.7,2.7,-0.1,-3.57%,26900
2005-04-08,2.75,2.8,2.75,2.8,0.05,+1.82%,12500
2005-04-07,2.75,2.75,2.7,2.75,0,0.00%,7400
2005-04-06,2.75,2.75,2.75,2.75,0,0.00%,4667
2005-04-05,2.8,2.8,2.75,2.75,0,0.00%,22460
2005-04-04,2.95,2.95,2.75,2.75,-0.1,-3.51%,27798
2005-04-01,2.9,2.9,2.8,2.85,-0.05,-1.72%,14500
2005-03-31,3.1,3.1,2.9,2.9,0,0.00%,82292
2005-03-30,2.9,3.1,2.8,2.9,0,0.00%,81732
2005-03-29,2.9,3,2.8,2.9,0,0.00%,88758
2005-03-24,2.9,2.9,2.85,2.9,-0.05,-1.69%,95500
2005-03-23,2.8,2.95,2.8,2.95,0.1,+3.51%,44459
2005-03-22,2.85,2.85,2.85,2.85,0,0.00%,46000
2005-03-21,2.8,2.85,2.8,2.85,0.1,+3.64%,6400
2005-03-18,2.9,2.9,2.75,2.75,-0.05,-1.79%,36708
2005-03-17,2.9,2.95,2.8,2.8,-0.1,-3.45%,32076
2005-03-16,3,3,2.9,2.9,0.1,+3.57%,20960
2005-03-15,2.8,2.9,2.75,2.8,-0.1,-3.45%,32272
2005-03-14,3,3,2.9,2.9,-0.1,-3.33%,26200
2005-03-11,2.9,3,2.9,3,0.1,+3.45%,6984
2005-03-10,3,3,2.9,2.9,-0.1,-3.33%,16793
2005-03-09,2.95,3,2.8,3,0.1,+3.45%,26000
2005-03-08,2.9,2.9,2.9,2.9,-0.1,-3.33%,31200
2005-03-07,2.95,3,2.95,3,0.15,+5.26%,8960
2005-03-04,3,3.05,2.85,2.85,-0.15,-5.00%,44671
2005-03-03,2.95,3,2.9,3,0.1,+3.45%,35588
2005-03-02,2.85,2.9,2.8,2.9,0.1,+3.57%,23396
2005-03-01,2.9,2.9,2.8,2.8,-0.05,-1.75%,7677
2005-02-28,2.9,2.9,2.85,2.85,-0.05,-1.72%,9200
2005-02-25,2.9,2.9,2.9,2.9,0,0.00%,1500
2005-02-24,2.85,2.9,2.85,2.9,0,0.00%,12922
2005-02-23,2.9,2.9,2.9,2.9,-0.1,-3.33%,6300
2005-02-22,2.9,3,2.9,3,0.1,+3.45%,2199
2005-02-21,3,3,2.9,2.9,0,0.00%,11600
2005-02-18,3,3.1,2.9,2.9,-0.1,-3.33%,44845
2005-02-17,3,3,3,3,-0.1,-3.23%,8600
2005-02-16,3.1,3.15,3.1,3.1,0,0.00%,33913
2005-02-15,2.9,3.1,2.9,3.1,0.2,+6.90%,64582
2005-02-14,2.9,2.9,2.7,2.9,-0.05,-1.69%,44947
2005-02-11,2.9,2.95,2.9,2.95,0.15,+5.36%,22548
2005-02-10,2.7,2.9,2.7,2.8,0.1,+3.70%,31923
2005-02-09,3.2,3.2,2.5,2.7,-0.5,-15.63%,147238
2005-02-08,3,3.2,3,3.2,0.1,+3.23%,24742
2005-02-07,3.15,3.15,3.1,3.1,-0.1,-3.13%,30184
2005-02-04,3.2,3.2,3.2,3.2,0,0.00%,3500
2005-02-03,3.25,3.25,3.15,3.2,-0.1,-3.03%,10560
2005-02-02,3.2,3.3,3.2,3.3,0.1,+3.13%,22615
2005-02-01,3.3,3.3,3.2,3.2,-0.15,-4.48%,42564
2005-01-31,3.3,3.35,3.25,3.35,0.05,+1.52%,30918
2005-01-28,3.35,3.35,3.3,3.3,-0.1,-2.94%,35400
2005-01-27,3.3,3.4,3.2,3.4,0.35,+11.48%,641390
2005-01-25,3.15,3.4,3.05,3.05,-0.05,-1.61%,32400
2005-01-24,2.9,3.1,2.8,3.1,0.2,+6.90%,47855
2005-01-21,2.7,2.9,2.7,2.9,0.2,+7.41%,18000
2005-01-20,2.9,2.9,2.7,2.7,-0.15,-5.26%,33500
2005-01-19,2.85,2.9,2.8,2.85,-0.05,-1.72%,42500
2005-01-18,2.75,2.9,2.75,2.9,-0.1,-3.33%,9250
2005-01-17,2.9,3,2.9,3,0.1,+3.45%,14000
2005-01-14,2.9,2.9,2.9,2.9,-0.1,-3.33%,11650
2005-01-13,3,3,3,3,0,0.00%,500
2005-01-12,2.8,3,2.8,3,0.2,+7.14%,2000
2005-01-11,2.8,2.8,2.8,2.8,-0.1,-3.45%,4000
2005-01-10,2.9,2.9,2.9,2.9,0,0.00%,2000
2005-01-07,3.1,3.1,2.9,2.9,0,0.00%,2600
2005-01-05,2.85,2.9,2.8,2.9,0,0.00%,5000
2005-01-04,2.9,2.9,2.9,2.9,0,0.00%,6404
2004-12-30,2.9,2.9,2.9,2.9,0,0.00%,16595
2004-12-29,2.9,3.15,2.9,2.9,0.15,+5.45%,13404
2004-12-23,2.8,2.8,2.75,2.75,0.05,+1.85%,5000
2004-12-22,2.9,2.9,2.7,2.7,-0.1,-3.57%,11149
2004-12-21,2.9,2.9,2.8,2.8,-0.15,-5.08%,3480
2004-12-20,2.95,2.95,2.95,2.95,-0.05,-1.67%,600
2004-12-17,3,3,3,3,0,0.00%,2802
2004-12-16,3,3,3,3,0,0.00%,15750
2004-12-15,2.8,3,2.8,3,0,0.00%,5419
2004-12-14,2.8,3,2.8,3,0.2,+7.14%,13900
2004-12-13,2.9,3,2.8,2.8,0,0.00%,12710
2004-12-10,2.8,2.85,2.75,2.8,0,0.00%,17540
2004-12-09,3,3,2.65,2.8,-0.25,-8.20%,27598
2004-12-08,3.15,3.15,3.05,3.05,-0.25,-7.58%,21608
2004-12-07,3.2,3.4,3.2,3.3,-0.1,-2.94%,14020
2004-12-06,3.2,3.4,3.2,3.4,0.2,+6.25%,7500
2004-12-03,3.4,3.4,3.15,3.2,-0.5,-13.51%,31343
2004-12-02,3.55,3.75,3.4,3.7,-0.05,-1.33%,26410
2004-12-01,3.7,3.75,3.6,3.75,0,0.00%,18400
2004-11-30,3.7,3.8,3.7,3.75,-0.05,-1.32%,26530
2004-11-29,3.8,3.8,3.6,3.8,0,0.00%,34162
2004-11-26,3.6,3.8,3.55,3.8,0.25,+7.04%,42107
2004-11-25,3.5,3.6,3.45,3.55,0.15,+4.41%,169582
2004-11-24,3.25,3.45,3.25,3.4,0.15,+4.62%,84558
2004-11-23,3.4,3.4,3.2,3.25,-0.15,-4.41%,62954
2004-11-22,3.4,3.45,3.4,3.4,0,0.00%,21078
2004-11-19,3.25,3.6,3.25,3.4,0.25,+7.94%,80858
2004-11-18,2.95,3.25,2.95,3.15,0.15,+5.00%,81975
2004-11-17,3,3,2.9,3,0,0.00%,66398
2004-11-16,2.9,3,2.9,3,0.1,+3.45%,68509
2004-11-15,2.75,2.9,2.75,2.9,0.15,+5.45%,16540
2004-11-12,2.6,2.75,2.6,2.75,0.05,+1.85%,10400
2004-11-11,2.6,2.7,2.6,2.7,0.2,+8.00%,1500
2004-11-10,2.6,2.6,2.5,2.5,-0.15,-5.66%,14500
2004-11-08,2.6,2.65,2.5,2.65,0.05,+1.92%,17077
2004-11-05,2.65,2.7,2.6,2.6,-0.05,-1.89%,11480
2004-11-04,2.6,2.65,2.6,2.65,0.05,+1.92%,13333
2004-11-03,2.7,2.7,2.6,2.6,-0.1,-3.70%,1765
2004-11-02,2.75,2.75,2.7,2.7,0,0.00%,1300
2004-10-29,2.65,2.7,2.65,2.7,0,0.00%,6200
2004-10-28,2.6,2.7,2.6,2.7,0.2,+8.00%,13900
2004-10-27,2.7,2.7,2.5,2.5,-0.15,-5.66%,30000
2004-10-26,2.85,2.85,2.65,2.65,-0.2,-7.02%,12300
2004-10-25,2.8,2.85,2.8,2.85,0.05,+1.79%,5916
2004-10-22,2.8,2.8,2.8,2.8,0.05,+1.82%,3700
2004-10-21,2.7,2.75,2.7,2.75,-0.05,-1.79%,12200
2004-10-20,2.8,2.8,2.8,2.8,0,0.00%,2315
2004-10-19,2.65,2.8,2.65,2.8,0.2,+7.69%,2000
2004-10-18,2.6,2.6,2.6,2.6,0.05,+1.96%,185
2004-10-15,2.8,2.8,2.55,2.55,-0.3,-10.53%,17090
2004-10-14,2.8,2.85,2.8,2.85,-0.15,-5.00%,30500
2004-10-13,2.9,3,2.9,3,0.15,+5.26%,19347
2004-10-12,2.9,2.9,2.8,2.85,-0.05,-1.72%,4312
2004-10-11,2.85,2.9,2.85,2.9,0.1,+3.57%,3388
2004-10-08,2.7,2.9,2.7,2.8,0.1,+3.70%,25970
2004-10-07,3.15,3.2,2.7,2.7,-0.45,-14.29%,79077
2004-10-06,2.9,3.5,2.9,3.15,0.75,+31.25%,184889
2004-10-05,2.4,2.4,2.4,2.4,0,0.00%,55118
2004-10-01,2.35,2.4,2.35,2.4,0,0.00%,21510
2004-09-30,2.5,2.5,2.4,2.4,-0.15,-5.88%,5607
2004-09-28,2.45,2.55,2.45,2.55,0.1,+4.08%,3675
2004-09-27,2.55,2.55,2.45,2.45,-0.05,-2.00%,16872
2004-09-24,2.6,2.6,2.5,2.5,-0.1,-3.85%,6410
2004-09-23,2.65,2.65,2.6,2.6,0,0.00%,4780
2004-09-21,2.65,2.65,2.6,2.6,-0.05,-1.89%,7093
2004-09-20,2.7,2.7,2.65,2.65,-0.05,-1.85%,7056
2004-09-17,2.8,2.8,2.7,2.7,-0.1,-3.57%,5000
2004-09-16,2.75,2.8,2.75,2.8,0.05,+1.82%,14238
2004-09-15,2.75,2.75,2.75,2.75,0.1,+3.77%,47013
2004-09-14,2.6,2.65,2.6,2.65,0.05,+1.92%,10093
2004-09-13,2.8,2.8,2.5,2.6,-0.2,-7.14%,27334
2004-09-10,2.7,2.8,2.5,2.8,0.05,+1.82%,14700
2004-09-09,2.9,2.9,2.75,2.75,-0.15,-5.17%,9416
2004-09-08,2.9,2.9,2.9,2.9,0,0.00%,10016
2004-09-07,2.9,2.9,2.9,2.9,-0.1,-3.33%,13817
2004-09-06,3,3.1,3,3,0,0.00%,28718
2004-09-03,3,3,3,3,0.1,+3.45%,9232
2004-09-02,2.8,2.9,2.8,2.9,0,0.00%,27933
2004-09-01,2.7,2.9,2.7,2.9,-0.1,-3.33%,5500
2004-08-31,3.4,3.4,3,3,-0.4,-11.76%,27040
2004-08-30,3.45,3.45,3.4,3.4,-0.1,-2.86%,8950
2004-08-27,3.5,3.5,3.5,3.5,0.05,+1.45%,20000
2004-08-26,3.45,3.5,3.45,3.45,-0.05,-1.43%,4550
2004-08-25,3.4,3.5,3.4,3.5,0.1,+2.94%,2581
2004-08-24,3.4,3.4,3.4,3.4,-0.1,-2.86%,14000
2004-08-23,3.4,3.5,3.35,3.5,0.1,+2.94%,16020
2004-08-20,3.4,3.4,3.4,3.4,0,0.00%,5000
2004-08-19,3.4,3.4,3.4,3.4,-0.1,-2.86%,11815
2004-08-18,3.5,3.5,3.4,3.5,0,0.00%,12294
2004-08-16,3.4,3.5,3.4,3.5,-0.2,-5.41%,7000
2004-08-12,3.4,3.7,3.4,3.7,0.35,+10.45%,17949
2004-08-11,3.6,3.6,3.35,3.35,-0.25,-6.94%,10354
2004-08-10,3.5,3.7,3.5,3.6,-0.1,-2.70%,7179
2004-08-06,3.7,3.7,3.7,3.7,-0.1,-2.63%,180
2004-08-05,3.4,3.8,3.4,3.8,0.45,+13.43%,32128
2004-08-04,3.45,3.5,3.3,3.35,-0.05,-1.47%,86663
2004-08-03,3.5,3.55,3.4,3.4,-0.05,-1.45%,32610
2004-08-02,3.55,3.55,3.45,3.45,-0.1,-2.82%,34600
2004-07-30,3.6,3.6,3.55,3.55,-0.05,-1.39%,7417
2004-07-29,3.7,3.7,3.6,3.6,-0.25,-6.49%,2100
2004-07-28,3.85,3.85,3.85,3.85,0,0.00%,500
2004-07-27,3.85,3.85,3.85,3.85,0,0.00%,450
2004-07-26,3.85,3.85,3.85,3.85,-0.05,-1.28%,3000
2004-07-23,3.9,3.9,3.8,3.9,0,0.00%,33158
2004-07-22,3.9,4,3.9,3.9,0,0.00%,4085
2004-07-21,3.9,3.9,3.9,3.9,-0.1,-2.50%,10000
2004-07-20,4,4,4,4,0.05,+1.27%,2377
2004-07-19,3.95,3.95,3.95,3.95,-0.05,-1.25%,840
2004-07-16,4.1,4.1,4,4,0,0.00%,6500
2004-07-15,4,4,3.95,4,0,0.00%,8510
2004-07-14,4,4,4,4,-0.1,-2.44%,3750
2004-07-13,4.1,4.1,4.1,4.1,-0.2,-4.65%,500
2004-07-12,4.1,4.3,4.1,4.3,0.3,+7.50%,17000
2004-07-09,4,4,4,4,-0.05,-1.23%,610
2004-07-07,4.1,4.2,4.05,4.05,-0.05,-1.22%,13862
2004-07-06,4.2,4.2,4.1,4.1,-0.3,-6.82%,5380
2004-07-05,4.4,4.4,4.4,4.4,0,0.00%,17475
2004-07-02,4.4,4.4,4.3,4.4,0.1,+2.33%,5674
2004-07-01,4.1,4.4,4.1,4.3,0.3,+7.50%,31940
2004-06-30,4.1,4.1,4,4,-0.1,-2.44%,57480
2004-06-29,3.9,4.1,3.9,4.1,0.1,+2.50%,25388
2004-06-28,3.9,4,3.8,4,0.1,+2.56%,32348
2004-06-25,3.95,4,3.9,3.9,0,0.00%,11887
2004-06-24,3.9,3.9,3.9,3.9,0,0.00%,3926
2004-06-23,4,4,3.9,3.9,-0.05,-1.27%,14935
2004-06-22,3.8,3.95,3.75,3.95,0.15,+3.95%,74613
2004-06-21,3.75,3.8,3.7,3.8,0.1,+2.70%,30990
2004-06-18,3.75,3.75,3.7,3.7,0,0.00%,10000
2004-06-17,3.7,3.7,3.7,3.7,0,0.00%,19904
2004-06-16,3.65,3.7,3.55,3.7,0,0.00%,37995
2004-06-15,3.7,3.75,3.6,3.7,-0.05,-1.33%,22924
2004-06-11,3.75,3.75,3.75,3.75,0,0.00%,6117
2004-06-10,3.7,3.8,3.7,3.75,0.05,+1.35%,19896
2004-06-09,3.8,3.8,3.7,3.7,-0.15,-3.90%,65550
2004-06-08,3.8,3.85,3.8,3.85,0.05,+1.32%,10500
2004-06-07,3.8,3.8,3.8,3.8,0,0.00%,22986
2004-06-04,3.7,3.85,3.7,3.8,0,0.00%,30865
2004-06-02,3.7,3.8,3.7,3.8,0.1,+2.70%,4700
2004-06-01,3.7,3.7,3.7,3.7,0,0.00%,6000
2004-05-31,3.7,3.7,3.7,3.7,0,0.00%,29574
2004-05-28,3.7,3.7,3.6,3.7,-0.1,-2.63%,11075
2004-05-27,3.6,3.8,3.6,3.8,0.05,+1.33%,5200
2004-05-26,3.65,3.75,3.65,3.75,-0.05,-1.32%,2007
2004-05-25,3.7,3.8,3.7,3.8,0,0.00%,12040
2004-05-24,3.7,3.8,3.65,3.8,0,0.00%,23665
2004-05-21,3.65,3.8,3.6,3.8,0,0.00%,19395
2004-05-20,3.65,3.8,3.65,3.8,0.3,+8.57%,12289
2004-05-19,3.3,3.5,3.3,3.5,0.1,+2.94%,55700
2004-05-18,3.5,3.5,3.4,3.4,-0.15,-4.23%,41514
2004-05-17,3.55,3.65,3.55,3.55,-0.15,-4.05%,10654
2004-05-14,3.55,3.7,3.55,3.7,0.1,+2.78%,10245
2004-05-13,3.8,3.8,3.6,3.6,-0.2,-5.26%,6000
2004-05-12,3.65,3.8,3.6,3.8,0.15,+4.11%,20100
2004-05-11,3.7,3.7,3.4,3.65,-0.05,-1.35%,43157
2004-05-10,3.7,3.7,3.7,3.7,-0.25,-6.33%,2977
2004-05-07,3.75,3.95,3.7,3.95,0.05,+1.28%,10138
2004-05-06,3.8,3.9,3.8,3.9,0,0.00%,8500
2004-05-05,3.9,3.9,3.7,3.9,0,0.00%,10152
2004-05-04,3.9,3.9,3.9,3.9,-0.15,-3.70%,3833
2004-05-03,4.25,4.25,3.95,4.05,-0.1,-2.41%,11043
2004-04-30,4.05,4.15,3.9,4.15,0,0.00%,29463
2004-04-29,4,4.15,3.85,4.15,-0.05,-1.19%,51175
2004-04-28,4.2,4.25,4,4.2,-0.1,-2.33%,89209
2004-04-27,4.1,4.3,4,4.3,-0.1,-2.27%,105800
2004-04-26,4.1,4.4,4.05,4.4,0.1,+2.33%,35552
2004-04-23,3.95,4.3,3.95,4.3,0.1,+2.38%,40675
2004-04-22,4,4.2,4,4.2,0,0.00%,26388
2004-04-21,3.9,4.2,3.9,4.2,0.2,+5.00%,92694
2004-04-20,4,4.05,3.9,4,0,0.00%,51491
2004-04-19,3.9,4,3.85,4,0,0.00%,89708
2004-04-16,3.9,4,3.9,4,0,0.00%,44793
2004-04-15,4,4.05,4,4,0.15,+3.90%,192853
2004-04-14,3.65,3.9,3.5,3.85,0.2,+5.48%,82434
2004-04-13,3.8,3.8,3.55,3.65,-0.4,-9.88%,220999
2004-04-08,4,4.05,4,4.05,0.05,+1.25%,32800
2004-04-07,4,4,4,4,0,0.00%,62686
2004-04-06,4,4,4,4,0,0.00%,30000
2004-04-05,4.1,4.1,3.9,4,-0.05,-1.23%,31108
2004-04-02,4,4.05,3.95,4.05,0,0.00%,17125
2004-04-01,4,4.1,4,4.05,0,0.00%,9940
2004-03-31,4.05,4.05,4.05,4.05,0,0.00%,10500
2004-03-30,4.05,4.1,4.05,4.05,0.05,+1.25%,8250
2004-03-29,4.05,4.1,4,4,0,0.00%,23500
2004-03-26,4.1,4.1,3.95,4,-0.1,-2.44%,12163
2004-03-25,4.2,4.2,4.05,4.1,-0.1,-2.38%,10800
2004-03-24,4.35,4.35,4.2,4.2,-0.2,-4.55%,7600
2004-03-23,4.35,4.4,4.35,4.4,0,0.00%,288757
2004-03-22,4.5,4.5,4.4,4.4,-0.05,-1.12%,65000
2004-03-19,4.2,4.45,4.2,4.45,0.15,+3.49%,96345
2004-03-18,4,4.3,4,4.3,0.3,+7.50%,33160
2004-03-17,3.95,4.1,3.95,4,0.05,+1.27%,45510
2004-03-16,4,4,3.95,3.95,-0.05,-1.25%,36980
2004-03-15,4,4,4,4,0,0.00%,340
2004-03-12,4.1,4.1,3.95,4,0,0.00%,34599
2004-03-11,4,4,4,4,-0.3,-6.98%,11000
2004-03-10,4.4,4.4,4.3,4.3,-0.15,-3.37%,10390
2004-03-09,4,4.45,4,4.45,0.05,+1.14%,500
2004-03-08,4.4,4.4,4,4.4,0.05,+1.15%,125280
2004-03-05,4.2,4.4,4.2,4.35,0.25,+6.10%,14936
2004-03-04,4.2,4.2,4.1,4.1,-0.1,-2.38%,33900
2004-03-03,4.05,4.2,4.05,4.2,0.15,+3.70%,28966
2004-03-02,4,4.2,3.85,4.05,-0.15,-3.57%,26006
2004-03-01,4.2,4.2,4.05,4.2,0,0.00%,1850
2004-02-27,4.2,4.3,4.2,4.2,0,0.00%,13600
2004-02-26,4.1,4.2,4.1,4.2,0.2,+5.00%,22330
2004-02-25,4.4,4.4,4,4,-0.4,-9.09%,24472
2004-02-24,4.35,4.4,4.35,4.4,-0.05,-1.12%,7740
2004-02-23,4.55,4.55,4.35,4.45,-0.1,-2.20%,38880
2004-02-20,4.5,4.55,4.35,4.55,0,0.00%,35000
2004-02-19,4.4,4.55,4.4,4.55,0.2,+4.60%,96893
2004-02-18,4.2,4.35,4.15,4.35,0.05,+1.16%,110898
2004-02-17,4.1,4.3,4.1,4.3,0.2,+4.88%,100689
2004-02-16,3.9,4.1,3.9,4.1,0.2,+5.13%,56191
2004-02-13,3.85,3.95,3.8,3.9,-0.1,-2.50%,161582
2004-02-12,3.9,4,3.85,4,0.1,+2.56%,39554
2004-02-11,4.15,4.15,3.85,3.9,-0.25,-6.02%,46488
2004-02-10,3.95,4.15,3.9,4.15,0.15,+3.75%,74106
2004-02-09,3.95,4,3.95,4,-0.4,-9.09%,7176
2004-02-06,4.35,4.4,4.3,4.4,0.05,+1.15%,35600
2004-02-05,4.4,4.4,4.25,4.35,-0.05,-1.14%,30560
2004-02-04,4.4,4.4,4.3,4.4,0,0.00%,30264
2004-02-03,4.4,4.4,4.35,4.4,0,0.00%,28000
2004-02-02,4.4,4.4,4.4,4.4,-0.05,-1.12%,12326
2004-01-30,4.4,4.45,4.3,4.45,0.05,+1.14%,39300
2004-01-29,4.5,4.5,4.4,4.4,-0.1,-2.22%,24603
2004-01-28,4.3,4.5,4.3,4.5,0.2,+4.65%,42860
2004-01-27,4.45,4.5,4.3,4.3,-0.1,-2.27%,16830
2004-01-23,4.6,4.6,4.4,4.4,-0.2,-4.35%,41205
2004-01-22,4.6,4.6,4.5,4.6,0,0.00%,52124
2004-01-21,4.3,4.6,4.3,4.6,-0.1,-2.13%,2800
2004-01-20,4.7,4.7,4.6,4.7,0,0.00%,27170
2004-01-19,4.65,4.7,4.6,4.7,0.05,+1.08%,26046
2004-01-16,4.4,4.75,4.3,4.65,0.2,+4.49%,38665
2004-01-15,4.55,4.6,4.45,4.45,-0.15,-3.26%,61924
2004-01-14,4.7,4.75,4.6,4.6,-0.2,-4.17%,60801
2004-01-13,4.7,4.8,4.7,4.8,0.05,+1.05%,21475
2004-01-12,4.8,4.8,4.75,4.75,-0.15,-3.06%,37247
2004-01-09,4.9,4.95,4.75,4.9,0.05,+1.03%,23003
2004-01-08,4.9,4.9,4.7,4.85,0.1,+2.11%,44839
2004-01-07,4.8,4.8,4.7,4.75,0,0.00%,41730
2004-01-06,4.85,5,4.75,4.75,-0.15,-3.06%,31550
2004-01-05,4.8,4.9,4.7,4.9,0.1,+2.08%,18949
2004-01-02,4.7,5.1,4.7,4.8,0.1,+2.13%,58150
2003-12-31,4.7,4.8,4.6,4.7,0.2,+4.44%,34023
2003-12-30,4.2,4.55,4.2,4.5,0.5,+12.50%,54442
2003-12-29,3.85,4.2,3.85,4,0.2,+5.26%,50175
2003-12-24,3.75,3.8,3.75,3.8,0.05,+1.33%,26569
2003-12-23,3.7,3.8,3.7,3.75,-0.15,-3.85%,173219
2003-12-22,4.1,4.1,3.9,3.9,-0.3,-7.14%,67471
2003-12-19,4.25,4.25,4.1,4.2,-0.1,-2.33%,42129
2003-12-18,4.25,4.4,4.2,4.3,0.05,+1.18%,40686
2003-12-17,4.6,4.6,4.25,4.25,-0.25,-5.56%,22069
2003-12-16,4.3,4.65,4.3,4.5,0.05,+1.12%,47024
2003-12-15,4.8,4.8,4.45,4.45,-0.4,-8.25%,38225
2003-12-12,5.1,5.1,4.5,4.85,-0.35,-6.73%,52828
2003-12-11,5.3,5.3,5.1,5.2,-0.2,-3.70%,21302
2003-12-10,5.2,5.4,5.2,5.4,0,0.00%,29312
2003-12-08,5.3,5.4,5.1,5.4,0.1,+1.89%,139783
2003-12-05,5.3,5.3,5.2,5.3,0,0.00%,41636
2003-12-04,5.1,5.3,5.1,5.3,0.1,+1.92%,24054
2003-12-03,5.2,5.2,4.8,5.2,-0.1,-1.89%,71402
2003-12-02,5.3,5.3,5.2,5.3,-0.2,-3.64%,24856
2003-12-01,5.7,5.7,5.5,5.5,-0.3,-5.17%,303
2003-11-28,5.7,5.8,5.5,5.8,0.1,+1.75%,223934
2003-11-27,5.4,5.7,5.3,5.7,0.3,+5.56%,53430
2003-11-24,5.4,5.4,5.1,5.4,-0.1,-1.82%,47164
2003-11-21,5.5,5.6,5.4,5.5,-0.2,-3.51%,42824
2003-11-20,5.6,5.7,5.4,5.7,0,0.00%,72604
2003-11-19,6,6,5.7,5.7,-0.3,-5.00%,123387
2003-11-18,6.1,6.1,5.8,6,-0.2,-3.23%,55212
2003-11-17,6.3,6.3,6,6.2,0,0.00%,53195
2003-11-14,6.5,6.5,6.2,6.2,-0.1,-1.59%,68540
2003-11-13,6.2,6.5,6.2,6.3,0.2,+3.28%,63675
2003-11-12,6,6.1,6,6.1,0,0.00%,54034
2003-11-11,6.1,6.1,6,6.1,0,0.00%,26900
2003-11-10,5.9,6.1,5.9,6.1,0.2,+3.39%,83036
2003-11-07,5.7,6,5.5,5.9,0.1,+1.72%,399554
2003-11-06,5.7,5.9,5.6,5.8,0.2,+3.57%,53853
2003-11-05,5.5,5.6,5.4,5.6,0,0.00%,82016
2003-11-04,5.8,5.8,5.5,5.6,-0.1,-1.75%,18793
2003-11-03,5.4,5.7,5.3,5.7,0.3,+5.56%,40961
2003-10-31,5.3,5.5,5.3,5.4,0.2,+3.85%,82280
2003-10-30,5.1,5.3,5.1,5.2,0,0.00%,30691
2003-10-29,5.3,5.3,5.1,5.2,-0.1,-1.89%,75257
2003-10-28,5.3,5.3,5.1,5.3,-0.1,-1.85%,266698
2003-10-27,5.6,5.6,5.3,5.4,0,0.00%,51439
2003-10-24,5.5,5.6,5.4,5.4,-0.1,-1.82%,100990
2003-10-23,5.6,5.7,5.3,5.5,-0.2,-3.51%,60693
2003-10-22,5.8,5.8,5.7,5.7,-0.2,-3.39%,68080
2003-10-21,5.6,5.9,5.6,5.9,0.5,+9.26%,75001
2003-10-20,5.1,5.4,5.1,5.4,0.2,+3.85%,76516
2003-10-17,5.4,5.4,4.6,5.2,-0.2,-3.70%,214729
2003-10-16,5.5,5.6,5.4,5.4,-0.2,-3.57%,73670
2003-10-15,6,6,5.6,5.6,-0.3,-5.08%,63347
2003-10-14,5.9,6,5.9,5.9,0.1,+1.72%,43620
2003-10-13,6,6.1,5.8,5.8,-0.2,-3.33%,55441
2003-10-10,6.1,6.2,5.9,6,0.2,+3.45%,130447
2003-10-09,5.3,6.2,5.3,5.8,0.4,+7.41%,395738
2003-10-08,5,5.4,5,5.4,0.3,+5.88%,98068
2003-10-07,5.3,5.3,5.1,5.1,-0.1,-1.92%,74260
2003-10-06,5.3,5.4,5.2,5.2,-0.1,-1.89%,50677
2003-10-03,5.4,5.4,5.3,5.3,0,0.00%,92802
2003-10-02,5,5.3,5,5.3,0.3,+6.00%,128357
2003-10-01,5.1,5.1,4.95,5,-0.1,-1.96%,80885
2003-09-30,5.2,5.4,5,5.1,-0.2,-3.77%,105719
2003-09-29,5.1,5.3,5.1,5.3,0.2,+3.92%,117778
2003-09-26,5,5.4,4.95,5.1,0.15,+3.03%,486768
2003-09-25,4.7,5.1,4.7,4.95,0.25,+5.32%,168242
2003-09-24,4.7,4.7,4.6,4.7,0.1,+2.17%,20669
2003-09-23,4.5,4.65,4.45,4.6,0.1,+2.22%,91120
2003-09-22,4.65,4.8,4.45,4.5,-0.3,-6.25%,43444
2003-09-19,4.55,4.8,4.5,4.8,0.3,+6.67%,43462
2003-09-18,4.85,4.85,4.35,4.5,-0.4,-8.16%,76959
2003-09-17,4.85,4.95,4.85,4.9,0.05,+1.03%,36031
2003-09-16,4.9,5,4.85,4.85,-0.05,-1.02%,65597
2003-09-15,4.6,5.1,4.6,4.9,0.4,+8.89%,136207
2003-09-12,4.45,4.6,4.45,4.5,0.05,+1.12%,52180
2003-09-11,4.4,4.45,4.35,4.45,0,0.00%,54525
2003-09-10,4.4,4.5,4.4,4.45,0.05,+1.14%,45730
2003-09-09,4.5,4.5,4.4,4.4,0,0.00%,46991
2003-09-08,4.35,4.55,4.35,4.4,0.05,+1.15%,70369
2003-09-05,4.25,4.5,4.2,4.35,0.2,+4.82%,81813
2003-09-04,3.95,4.25,3.95,4.15,0.2,+5.06%,92918
2003-09-03,3.9,4,3.9,3.95,0,0.00%,80846
2003-09-02,3.75,3.95,3.75,3.95,0.25,+6.76%,72897
2003-09-01,3.65,3.75,3.65,3.7,0.05,+1.37%,67830
2003-08-29,3.6,3.75,3.6,3.65,-0.05,-1.35%,33327
2003-08-28,3.75,3.75,3.6,3.7,-0.05,-1.33%,98129
2003-08-27,3.8,3.8,3.75,3.75,-0.05,-1.32%,55174
2003-08-26,3.8,3.85,3.75,3.8,0,0.00%,59106
2003-08-25,3.9,3.9,3.8,3.8,-0.1,-2.56%,58700
2003-08-22,3.85,3.95,3.85,3.9,0.15,+4.00%,103550
2003-08-21,3.75,3.9,3.75,3.75,-0.15,-3.85%,93843
2003-08-20,3.8,3.9,3.5,3.9,0.1,+2.63%,144295
2003-08-19,3.95,4.1,3.7,3.8,-0.15,-3.80%,177071
2003-08-18,3.7,4.1,3.7,3.95,0.3,+8.22%,244517
2003-08-15,3.7,3.75,3.4,3.65,0.2,+5.80%,407937
2003-08-14,2.9,3.5,2.9,3.45,0.65,+23.21%,757441
2003-08-13,2.85,2.85,2.8,2.8,0,0.00%,65140
2003-08-12,2.85,2.9,2.8,2.8,-0.05,-1.75%,105763
2003-08-11,2.8,2.85,2.8,2.85,0.15,+5.56%,58533
2003-08-08,2.7,2.85,2.7,2.7,0.05,+1.89%,110932
2003-08-07,2.5,2.75,2.5,2.65,0.1,+3.92%,103462
2003-08-06,2.5,2.6,2.5,2.55,0.05,+2.00%,30615
2003-08-05,2.55,2.7,2.5,2.5,0,0.00%,184921
2003-08-04,2.3,2.6,2.3,2.5,0.15,+6.38%,135371
2003-08-01,2.25,2.35,2.25,2.35,0.1,+4.44%,533512
2003-07-31,2.2,2.25,2.2,2.25,0.1,+4.65%,53100
2003-07-30,2.2,2.25,2.15,2.15,0,0.00%,29897
2003-07-29,2.1,2.15,2.05,2.15,0,0.00%,55780
2003-07-28,2.2,2.25,2.15,2.15,-0.05,-2.27%,29697
2003-07-25,2.35,2.35,2.2,2.2,-0.2,-8.33%,85932
2003-07-24,2.3,2.4,2.3,2.4,0.15,+6.67%,96390
2003-07-23,2.25,2.3,2.25,2.25,0.05,+2.27%,66561
2003-07-22,2.3,2.3,2.2,2.2,-0.1,-4.35%,45394
2003-07-21,2.2,2.3,2.15,2.3,0.1,+4.55%,74417
2003-07-18,2.2,2.2,2.05,2.2,0,0.00%,47240
2003-07-17,1.9,2.2,1.9,2.2,0.25,+12.82%,267995
2003-07-16,1.9,1.95,1.9,1.95,0.05,+2.63%,16100
2003-07-15,1.9,1.95,1.9,1.9,0,0.00%,61525
2003-07-14,1.9,1.95,1.9,1.9,0,0.00%,21264
2003-07-11,1.95,1.95,1.9,1.9,0,0.00%,22064
2003-07-10,1.85,1.9,1.85,1.9,0,0.00%,159092
2003-07-09,1.9,1.9,1.9,1.9,0,0.00%,24500
2003-07-08,1.9,1.9,1.85,1.9,0,0.00%,74485
2003-07-07,1.75,1.95,1.75,1.9,0.2,+11.76%,67593
2003-07-04,1.75,1.75,1.7,1.7,-0.05,-2.86%,11024
2003-07-03,1.7,1.75,1.65,1.75,0.05,+2.94%,34350
2003-07-02,1.75,1.75,1.7,1.7,-0.05,-2.86%,20500
2003-07-01,1.8,1.8,1.75,1.75,0.1,+6.06%,11700
2003-06-30,2,2,1.65,1.65,-0.15,-8.33%,63133
2003-06-27,1.7,1.8,1.55,1.8,0.25,+16.13%,72698
2003-06-26,1.5,1.6,1.5,1.55,0.05,+3.33%,43618
2003-06-25,1.45,1.55,1.45,1.5,0.05,+3.45%,60810
2003-06-24,1.5,1.5,1.45,1.45,-0.1,-6.45%,21698
2003-06-23,1.6,1.6,1.55,1.55,0,0.00%,71150
2003-06-20,1.5,1.7,1.5,1.55,0.1,+6.90%,79852
2003-06-19,1.4,1.45,1.35,1.45,0.15,+11.54%,31638
2003-06-18,1.25,1.4,1.25,1.3,0,0.00%,47690
2003-06-17,1.3,1.3,1.3,1.3,0.05,+4.00%,16381
2003-06-16,1.35,1.35,1.25,1.25,-0.05,-3.85%,5180
2003-06-13,1.3,1.3,1.3,1.3,-0.05,-3.70%,4000
2003-06-12,1.3,1.35,1.3,1.35,0.15,+12.50%,14400
2003-06-11,1.25,1.25,1.2,1.2,-0.05,-4.00%,19275
2003-06-10,1.3,1.3,1.25,1.25,-0.05,-3.85%,3200
2003-06-06,1.25,1.3,1.25,1.3,0.05,+4.00%,10000
2003-06-05,1.25,1.25,1.25,1.25,-0.05,-3.85%,450
2003-06-04,1.3,1.3,1.3,1.3,0.15,+13.04%,420
2003-06-03,1.1,1.15,1.1,1.15,0,0.00%,2936
2003-06-02,1.15,1.15,1.15,1.15,0.05,+4.55%,4000
2003-05-30,1.1,1.1,1.1,1.1,0,0.00%,2400
2003-05-29,1.1,1.1,1.1,1.1,0,0.00%,200
2003-05-28,1.15,1.15,1.1,1.1,-0.05,-4.35%,7000
2003-05-26,1.15,1.15,1.15,1.15,0,0.00%,2000
2003-05-23,1.15,1.15,1.15,1.15,-0.05,-4.17%,10000
2003-05-22,1.2,1.25,1.2,1.2,0,0.00%,16524
2003-05-21,1.2,1.2,1.2,1.2,-0.05,-4.00%,37500
2003-05-20,1.25,1.25,1.25,1.25,0.05,+4.17%,5000
2003-05-19,1.2,1.2,1.2,1.2,-0.05,-4.00%,33092
2003-05-16,1.25,1.25,1.25,1.25,0,0.00%,1763
2003-05-15,1.25,1.25,1.25,1.25,0,0.00%,2000
2003-05-14,1.25,1.25,1.25,1.25,0,0.00%,1000
2003-05-13,1.3,1.3,1.25,1.25,0,0.00%,18000
2003-05-08,1.25,1.25,1.25,1.25,0,0.00%,236
2003-05-07,1.25,1.25,1.25,1.25,0,0.00%,5316
2003-05-06,1.25,1.25,1.25,1.25,0,0.00%,2000
2003-05-05,1.25,1.25,1.25,1.25,0,0.00%,332
2003-05-02,1.2,1.25,1.2,1.25,0,0.00%,19314
2003-05-01,1.2,1.25,1.2,1.25,0,0.00%,37178
2003-04-30,1.25,1.25,1.25,1.25,0.05,+4.17%,1000
2003-04-29,1.2,1.2,1.2,1.2,0,0.00%,3630
2003-04-28,1.2,1.2,1.2,1.2,0,0.00%,10000
2003-04-23,1.2,1.2,1.2,1.2,0.05,+4.35%,6491
2003-04-22,1.15,1.15,1.15,1.15,0,0.00%,1500
2003-04-17,1.1,1.15,1.1,1.15,0,0.00%,121600
2003-04-16,1.15,1.15,1.15,1.15,-0.05,-4.17%,20000
2003-04-09,1.15,1.2,1.1,1.2,0.05,+4.35%,26000
2003-04-08,1.15,1.15,1.15,1.15,0,0.00%,9088
2003-04-07,1.15,1.15,1.15,1.15,0,0.00%,65292
2003-04-03,1.15,1.15,1.15,1.15,0,0.00%,18019
2003-04-01,1.15,1.15,1.15,1.15,0.05,+4.55%,12000
2003-03-25,1.15,1.15,1.1,1.1,0,0.00%,30500
2003-03-24,1.1,1.15,1.1,1.1,-0.05,-4.35%,16000
2003-03-21,1.15,1.15,1.15,1.15,0.05,+4.55%,3000
2003-03-20,1.1,1.1,1.1,1.1,-0.05,-4.35%,1000
2003-03-18,1.1,1.15,1.1,1.15,0.05,+4.55%,20040
2003-03-17,1.1,1.1,1.1,1.1,0,0.00%,200
2003-03-14,1.15,1.15,1.1,1.1,0,0.00%,19170
2003-03-11,1.1,1.1,1.1,1.1,0,0.00%,55000
2003-03-07,1.1,1.1,1.1,1.1,-0.05,-4.35%,3570
2003-03-06,1.15,1.15,1.15,1.15,0,0.00%,3712
2003-03-05,1.15,1.15,1.15,1.15,-0.05,-4.17%,1288
2003-03-03,1.2,1.2,1.2,1.2,-0.05,-4.00%,20000
2003-02-28,1.25,1.25,1.25,1.25,0.05,+4.17%,1300
2003-02-27,1.25,1.25,1.2,1.2,0,0.00%,10800
2003-02-26,1.2,1.2,1.2,1.2,0,0.00%,45200
2003-02-25,1.2,1.2,1.2,1.2,0,0.00%,43260
2003-02-24,1.2,1.2,1.2,1.2,0.05,+4.35%,15000
2003-02-20,1.15,1.15,1.15,1.15,0.05,+4.55%,4000
2003-02-19,1.1,1.1,1.1,1.1,0,0.00%,2800
2003-02-18,1.15,1.15,1.1,1.1,-0.05,-4.35%,105000
2003-02-17,1.2,1.2,1.15,1.15,-0.05,-4.17%,35738
2003-02-14,1.2,1.2,1.2,1.2,0,0.00%,10890
2003-02-13,1.2,1.2,1.15,1.2,-0.1,-7.69%,52800
2003-02-10,1.35,1.35,1.3,1.3,0,0.00%,67095
2003-02-07,1.35,1.35,1.3,1.3,-0.05,-3.70%,87721
2003-02-06,1.3,1.4,1.3,1.35,0,0.00%,161993
2003-02-05,1.2,1.35,1.2,1.35,0.2,+17.39%,335829
2003-02-04,1.1,1.15,1.1,1.15,0.1,+9.52%,55196
2003-02-03,1.05,1.05,1.05,1.05,-0.1,-8.70%,22000
2003-01-31,1.1,1.15,1.1,1.15,0.05,+4.55%,35800
2003-01-30,1.1,1.1,1.1,1.1,0,0.00%,23270
2003-01-29,1.1,1.15,1.1,1.1,0,0.00%,22700
2003-01-28,1.1,1.1,1.1,1.1,0.05,+4.76%,25880
2003-01-24,1.1,1.1,1.05,1.05,-0.05,-4.55%,23500
2003-01-23,1.1,1.1,1.1,1.1,-0.05,-4.35%,6500
2003-01-22,1.15,1.15,1.15,1.15,0.05,+4.55%,3000
2003-01-21,1.15,1.15,1.1,1.1,-0.1,-8.33%,51010
2003-01-17,1.1,1.2,1.1,1.2,0.05,+4.35%,6357
2003-01-16,1.15,1.15,1.15,1.15,-0.05,-4.17%,6880
2003-01-15,1.15,1.2,1.15,1.2,0.1,+9.09%,23120
2003-01-13,1.1,1.1,1.1,1.1,0.05,+4.76%,5600
2003-01-10,1.05,1.05,1.05,1.05,-0.05,-4.55%,4700
2003-01-07,1.15,1.15,1.1,1.1,-0.05,-4.35%,0
2003-01-06,1.15,1.15,1.15,1.15,0.05,+4.55%,3000
2003-01-03,1.1,1.1,1.1,1.1,-0.1,-8.33%,11200
2002-12-31,1.2,1.2,1.2,1.2,0,0.00%,5000
2002-12-30,1.2,1.2,1.2,1.2,0,0.00%,38000
2002-12-27,1.15,1.2,1.15,1.2,0,0.00%,37500
2002-12-23,1.1,1.2,1.1,1.2,0.1,+9.09%,3500
2002-12-19,1.05,1.1,1.05,1.1,0.05,+4.76%,4800
2002-12-18,1.1,1.1,1.05,1.05,-0.05,-4.55%,22500
2002-12-17,1.05,1.1,1.05,1.1,0.05,+4.76%,6000
2002-12-16,1.1,1.1,1.05,1.05,-0.05,-4.55%,1050
2002-12-13,1.1,1.15,1.1,1.1,0.05,+4.76%,28546
2002-12-12,1.05,1.05,1.05,1.05,0.05,+5.00%,22552
2002-12-11,1.05,1.05,1,1,-0.05,-4.76%,12450
2002-12-10,1,1.05,1,1.05,0.12,+12.90%,2800
2002-12-06,1,1,0.93,0.93,-0.17,-15.45%,1200
2002-12-05,1.15,1.15,1.1,1.1,-0.05,-4.35%,15053
2002-12-04,1.15,1.15,1.15,1.15,0.05,+4.55%,7830
2002-12-03,1.1,1.1,1.1,1.1,-0.05,-4.35%,232
2002-12-02,1.15,1.15,1.15,1.15,0,0.00%,2170
2002-11-29,1.15,1.15,1.15,1.15,0.05,+4.55%,200
2002-11-27,1.1,1.1,1.1,1.1,0,0.00%,2976
2002-11-26,1.1,1.1,1.1,1.1,0,0.00%,360
2002-11-22,1.1,1.1,1.1,1.1,0,0.00%,592
2002-11-21,1.1,1.1,1.1,1.1,-0.1,-8.33%,4050
2002-11-20,1.2,1.2,1.2,1.2,0.1,+9.09%,188
2002-11-19,1.1,1.1,1.1,1.1,-0.05,-4.35%,13188
2002-11-13,1.15,1.15,1.15,1.15,0,0.00%,2500
2002-11-11,1.15,1.15,1.15,1.15,-0.15,-11.54%,1750
2002-11-08,1.3,1.3,1.3,1.3,0.1,+8.33%,2000
2002-11-07,1.2,1.2,1.2,1.2,0.05,+4.35%,2000
2002-11-06,1.25,1.25,1.15,1.15,-0.05,-4.17%,15000
2002-11-05,1.2,1.2,1.2,1.2,0,0.00%,4000
2002-11-01,1.2,1.2,1.2,1.2,0,0.00%,2000
2002-10-31,1.2,1.2,1.2,1.2,0,0.00%,500
2002-10-30,1.2,1.2,1.2,1.2,-0.05,-4.00%,4550
2002-10-25,1.25,1.25,1.25,1.25,0.05,+4.17%,2300
2002-10-24,1.2,1.2,1.2,1.2,-0.1,-7.69%,15000
2002-10-23,1.3,1.3,1.3,1.3,0.1,+8.33%,4000
2002-10-22,1.2,1.2,1.2,1.2,0,0.00%,2000
2002-10-21,1.3,1.3,1.2,1.2,-0.1,-7.69%,3365
2002-10-18,1.3,1.3,1.3,1.3,0,0.00%,5000
2002-10-17,1.4,1.4,1.3,1.3,0,0.00%,4985
2002-10-16,1.3,1.3,1.3,1.3,0,0.00%,5200
2002-10-15,1.3,1.3,1.3,1.3,-0.1,-7.14%,450
2002-10-14,1.4,1.4,1.4,1.4,0.1,+7.69%,250
2002-10-11,1.3,1.3,1.3,1.3,-0.1,-7.14%,9000
2002-10-10,1.4,1.4,1.4,1.4,0,0.00%,13000
2002-10-09,1.4,1.4,1.4,1.4,0,0.00%,3000
2002-10-08,1.45,1.45,1.4,1.4,-0.05,-3.45%,5036
2002-10-07,1.45,1.45,1.45,1.45,0,0.00%,3200
2002-10-04,1.5,1.5,1.45,1.45,-0.05,-3.33%,3970
2002-10-03,1.45,1.5,1.45,1.5,0.1,+7.14%,6400
2002-10-01,1.4,1.4,1.4,1.4,0,0.00%,140
2002-09-30,1.4,1.4,1.4,1.4,0.1,+7.69%,4900
2002-09-25,1.35,1.35,1.3,1.3,-0.1,-7.14%,9000
2002-09-24,1.4,1.4,1.4,1.4,-0.1,-6.67%,1500
2002-09-23,1.6,1.6,1.5,1.5,-0.1,-6.25%,25489
2002-09-20,1.6,1.6,1.6,1.6,-0.1,-5.88%,1580
2002-09-18,1.7,1.7,1.7,1.7,-0.1,-5.56%,1200
2002-09-17,1.75,1.8,1.75,1.8,0.1,+5.88%,1500
2002-09-13,1.75,1.75,1.7,1.7,0.05,+3.03%,15780
2002-09-12,1.75,1.75,1.65,1.65,-0.05,-2.94%,12000
2002-09-11,1.7,1.7,1.7,1.7,0.1,+6.25%,1400
2002-09-09,1.7,1.7,1.6,1.6,0,0.00%,26141
2002-09-06,1.7,1.7,1.6,1.6,-0.2,-11.11%,20000
2002-08-30,1.8,1.8,1.8,1.8,0,0.00%,880
2002-08-29,1.8,1.8,1.8,1.8,0,0.00%,275
2002-08-28,1.8,1.8,1.8,1.8,0,0.00%,8019
2002-08-26,1.8,1.8,1.8,1.8,0,0.00%,2000
2002-08-23,1.8,1.9,1.8,1.8,0,0.00%,14548
2002-08-21,1.8,1.8,1.8,1.8,0.1,+5.88%,1480
2002-08-20,1.8,1.8,1.7,1.7,-0.2,-10.53%,3430
2002-08-19,1.9,1.9,1.9,1.9,0.1,+5.56%,2500
2002-08-16,1.8,1.8,1.8,1.8,0,0.00%,290
2002-08-15,1.9,1.9,1.8,1.8,-0.1,-5.26%,11451
2002-08-14,1.9,1.9,1.9,1.9,0,0.00%,1300
2002-08-13,1.95,1.95,1.9,1.9,-0.1,-5.00%,8000
2002-08-12,2,2,2,2,0.1,+5.26%,824
2002-08-09,1.9,1.9,1.8,1.9,0,0.00%,16000
2002-08-07,1.8,1.9,1.8,1.9,0.1,+5.56%,192
2002-08-06,1.9,1.9,1.8,1.8,-0.3,-14.29%,2516
2002-08-05,2,2.1,2,2.1,0.2,+10.53%,600
2002-08-01,1.9,2,1.8,1.9,-0.1,-5.00%,21000
2002-07-31,2,2,2,2,-0.2,-9.09%,1000
2002-07-30,1.85,2.25,1.85,2.2,0.4,+22.22%,9200
2002-07-29,1.9,1.95,1.7,1.8,-0.15,-7.69%,25830
2002-07-26,2,2,1.95,1.95,-0.3,-13.33%,4000
2002-07-25,2.2,2.25,2.2,2.25,0.05,+2.27%,8900
2002-07-24,2.2,2.2,2.15,2.2,-0.05,-2.22%,10000
2002-07-22,2.2,2.25,2.2,2.25,-0.1,-4.26%,19000
2002-07-19,2.4,2.4,2.1,2.35,0.05,+2.17%,6000
2002-07-17,2.35,2.35,2.3,2.3,0,0.00%,8000
2002-07-16,2.4,2.4,2.3,2.3,-0.1,-4.17%,14450
2002-07-15,2.4,2.4,2.4,2.4,0,0.00%,2500
2002-07-11,2.4,2.4,2.4,2.4,0,0.00%,4800
2002-07-10,2.4,2.4,2.4,2.4,0,0.00%,4500
2002-07-09,2.4,2.4,2.4,2.4,-0.1,-4.00%,2000
2002-07-08,2.5,2.5,2.5,2.5,0.15,+6.38%,500
2002-07-05,2.4,2.4,2.35,2.35,-0.05,-2.08%,10000
2002-07-04,2.45,2.45,2.4,2.4,-0.05,-2.04%,5000
2002-07-03,2.45,2.45,2.45,2.45,0.05,+2.08%,306
2002-07-02,2.45,2.45,2.4,2.4,-0.05,-2.04%,7700
2002-07-01,2.45,2.45,2.45,2.45,0.05,+2.08%,2500
2002-06-28,2.45,2.5,2.4,2.4,-0.2,-7.69%,27592
2002-06-27,2.4,2.6,2.35,2.6,0.15,+6.12%,17644
2002-06-26,2.45,2.45,2.45,2.45,0.05,+2.08%,1000
2002-06-25,2.6,2.6,2.4,2.4,-0.1,-4.00%,16735
2002-06-24,2.5,2.5,2.5,2.5,0,0.00%,3500
2002-06-21,2.55,2.55,2.5,2.5,-0.1,-3.85%,9590
2002-06-20,2.5,2.6,2.5,2.6,0.1,+4.00%,6000
2002-06-19,2.65,2.65,2.5,2.5,-0.15,-5.66%,740
2002-06-18,2.5,2.65,2.5,2.65,0.1,+3.92%,600
2002-06-17,2.55,2.55,2.55,2.55,-0.1,-3.77%,118
2002-06-14,2.7,2.7,2.65,2.65,0,0.00%,2978
2002-06-13,2.7,2.7,2.65,2.65,-0.05,-1.85%,2196
2002-06-11,2.6,2.7,2.55,2.7,0.1,+3.85%,12716
2002-06-07,2.7,2.75,2.6,2.6,-0.15,-5.45%,13674
2002-06-06,2.75,2.75,2.75,2.75,-0.05,-1.79%,3000
2002-06-05,2.9,2.9,2.8,2.8,0,0.00%,4220
2002-06-04,2.9,2.9,2.8,2.8,0,0.00%,6610
2002-05-31,2.9,3,2.8,2.8,0,0.00%,15628
2002-05-30,2.75,2.8,2.75,2.8,0.05,+1.82%,7800
2002-05-29,2.7,2.8,2.65,2.75,0.05,+1.85%,17215
2002-05-28,2.6,2.7,2.6,2.7,0,0.00%,25385
2002-05-27,2.8,2.8,2.7,2.7,-0.1,-3.57%,11370
2002-05-24,2.8,2.8,2.8,2.8,0.15,+5.66%,1700
2002-05-21,2.6,2.65,2.5,2.65,-0.05,-1.85%,10955
2002-05-20,2.8,2.8,2.7,2.7,0,0.00%,10340
2002-05-17,2.8,2.85,2.7,2.7,-0.05,-1.82%,14758
2002-05-16,2.8,2.8,2.75,2.75,-0.05,-1.79%,23005
2002-05-15,2.75,2.8,2.75,2.8,0.05,+1.82%,22476
2002-05-14,2.85,2.85,2.75,2.75,-0.05,-1.79%,17848
2002-05-13,2.95,2.95,2.8,2.8,-0.15,-5.08%,27742
2002-05-10,2.9,2.95,2.85,2.95,0.05,+1.72%,29392
2002-05-09,2.9,2.9,2.85,2.9,0,0.00%,18592
2002-05-08,2.9,2.95,2.9,2.9,0.05,+1.75%,12180
2002-05-07,2.95,2.95,2.85,2.85,-0.15,-5.00%,14115
2002-05-06,3.15,3.25,3,3,0,0.00%,46550
2002-05-03,2.95,3,2.85,3,0.2,+7.14%,55479
2002-05-02,2.7,2.8,2.7,2.8,0.15,+5.66%,34600
2002-05-01,2.55,2.65,2.55,2.65,0.1,+3.92%,40584
2002-04-30,2.6,2.6,2.55,2.55,-0.05,-1.92%,24000
2002-04-29,2.55,2.7,2.55,2.6,0.05,+1.96%,12000
2002-04-26,2.6,2.6,2.55,2.55,-0.05,-1.92%,8260
2002-04-24,2.65,2.7,2.6,2.6,-0.1,-3.70%,21300
2002-04-23,2.75,2.75,2.65,2.7,0,0.00%,6448
2002-04-22,2.7,2.7,2.7,2.7,0,0.00%,13738
2002-04-19,2.75,2.75,2.65,2.7,-0.1,-3.57%,2692
2002-04-18,2.6,2.8,2.6,2.8,0.1,+3.70%,17256
2002-04-17,2.7,2.7,2.7,2.7,0.15,+5.88%,10000
2002-04-16,2.6,2.7,2.55,2.55,0,0.00%,16994
2002-04-15,2.55,3.2,2.55,2.55,0,0.00%,42705
2002-04-12,2.45,2.55,2.45,2.55,0,0.00%,4594
2002-04-11,2.3,2.55,2.3,2.55,0.05,+2.00%,8520
2002-04-10,2.5,2.5,2.4,2.5,-0.05,-1.96%,20257
2002-04-09,2.4,2.55,2.4,2.55,0.15,+6.25%,41950
2002-04-08,2.55,2.55,2.4,2.4,-0.2,-7.69%,37700
2002-04-05,2.35,2.6,2.35,2.6,0.1,+4.00%,22200
2002-04-04,2.3,2.5,2.3,2.5,0.25,+11.11%,19100
2002-04-03,2.3,2.4,2.25,2.25,0.05,+2.27%,3040
2002-04-02,2.1,2.2,2.1,2.2,0.15,+7.32%,9500
2002-03-28,2.2,2.2,2.05,2.05,-0.15,-6.82%,3952
2002-03-27,2.2,2.2,2.2,2.2,0,0.00%,70
2002-03-26,2.2,2.2,2.2,2.2,-0.1,-4.35%,18754
2002-03-25,2.3,2.3,2.3,2.3,0.1,+4.55%,2100
2002-03-22,2.3,2.3,2.2,2.2,-0.1,-4.35%,8500
2002-03-21,2.3,2.3,2.3,2.3,0,0.00%,1592
2002-03-20,2.2,2.3,2.2,2.3,0,0.00%,8800
2002-03-19,2.3,2.3,2.3,2.3,0.05,+2.22%,1000
2002-03-18,2.25,2.25,2.1,2.25,0.05,+2.27%,14989
2002-03-15,2.4,2.4,2.2,2.2,-0.2,-8.33%,45891
2002-03-14,2.4,2.5,2.3,2.4,0,0.00%,19200
2002-03-13,2.35,2.4,2.3,2.4,0.05,+2.13%,27190
2002-03-12,2.4,2.4,2.35,2.35,-0.05,-2.08%,5000
2002-03-11,2.5,2.5,2.4,2.4,0,0.00%,15000
2002-03-08,2.5,2.5,2.4,2.4,0,0.00%,1177
2002-03-07,2.4,2.4,2.4,2.4,0,0.00%,3000
2002-03-06,2.4,2.4,2.4,2.4,0,0.00%,2300
2002-03-05,2.5,2.5,2.4,2.4,-0.15,-5.88%,27328
2002-03-04,2.55,2.65,2.55,2.55,-0.1,-3.77%,14000
2002-03-01,2.6,2.65,2.6,2.65,0.25,+10.42%,6000
2002-02-27,2.4,2.4,2.4,2.4,0,0.00%,6359
2002-02-26,2.55,2.55,2.4,2.4,-0.1,-4.00%,8860
2002-02-25,2.5,2.5,2.5,2.5,-0.2,-7.41%,660
2002-02-22,2.45,2.7,2.4,2.7,0.25,+10.20%,8840
2002-02-21,2.45,2.45,2.45,2.45,0,0.00%,850
2002-02-20,2.4,2.45,2.4,2.45,0.05,+2.08%,2700
2002-02-19,2.45,2.45,2.4,2.4,-0.05,-2.04%,11456
2002-02-18,2.6,2.6,2.4,2.45,-0.2,-7.55%,80138
2002-02-15,2.8,2.8,2.65,2.65,-0.15,-5.36%,4671
2002-02-14,2.8,2.8,2.75,2.8,-0.05,-1.75%,8950
2002-02-13,2.85,2.85,2.85,2.85,0,0.00%,7495
2002-02-12,2.9,2.9,2.8,2.85,-0.05,-1.72%,11404
2002-02-11,2.95,2.95,2.9,2.9,0,0.00%,23800
2002-02-08,2.95,2.95,2.9,2.9,0,0.00%,31109
2002-02-07,2.88,2.95,2.88,2.9,-0.05,-1.69%,8585
2002-02-06,3,3,2.7,2.95,-0.05,-1.67%,76151
2002-02-05,3.15,3.15,3,3,-0.2,-6.25%,91508
2002-02-04,3.2,3.2,3.15,3.2,0,0.00%,32675
2002-02-01,3.2,3.25,3.2,3.2,0.1,+3.23%,35958
2002-01-31,3.3,3.3,3.1,3.1,-0.15,-4.62%,80360
2002-01-30,3.2,3.25,3.1,3.25,0.15,+4.84%,41694
2002-01-29,3.1,3.2,3.1,3.1,0,0.00%,26029
2002-01-25,3.15,3.15,3.1,3.1,0,0.00%,26522
2002-01-24,3.2,3.2,3.05,3.1,-0.1,-3.13%,21550
2002-01-23,3.1,3.25,3.05,3.2,0.15,+4.92%,63150
2002-01-22,3.05,3.1,3,3.05,0.05,+1.67%,21862
2002-01-21,3.1,3.1,3,3,-0.05,-1.64%,13490
2002-01-18,3,3.05,3,3.05,0.1,+3.39%,19900
2002-01-17,3.1,3.1,2.95,2.95,-0.15,-4.84%,21700
2002-01-16,3.25,3.3,2.95,3.1,-0.2,-6.06%,50002
2002-01-15,3.3,3.3,3.2,3.3,-0.1,-2.94%,45668
2002-01-14,3.25,3.5,3.25,3.4,0.2,+6.25%,119041
2002-01-11,3,3.3,3,3.2,0.25,+8.47%,97670
2002-01-10,2.85,2.95,2.85,2.95,0.25,+9.26%,109286
2002-01-08,2.65,2.7,2.65,2.7,0,0.00%,29720
2002-01-07,2.6,2.75,2.6,2.7,0.1,+3.85%,27084
2001-12-31,2.65,2.65,2.6,2.6,0.05,+1.96%,9465
2001-12-28,2.6,2.6,2.55,2.55,-0.1,-3.77%,16000
2001-12-27,2.65,2.7,2.65,2.65,0.05,+1.92%,10690
2001-12-24,2.65,2.65,2.6,2.6,0,0.00%,15600
2001-12-21,2.5,2.6,2.5,2.6,0.1,+4.00%,48820
2001-12-20,2.5,2.5,2.5,2.5,0,0.00%,8500
2001-12-19,2.55,2.55,2.5,2.5,-0.05,-1.96%,21788
2001-12-18,2.6,2.6,2.55,2.55,0,0.00%,6300
2001-12-17,2.6,2.6,2.55,2.55,-0.1,-3.77%,17845
2001-12-14,2.5,2.65,2.5,2.65,0.15,+6.00%,16234
2001-12-13,2.65,2.7,2.5,2.5,-0.2,-7.41%,53100
2001-12-12,2.8,2.8,2.7,2.7,-0.05,-1.82%,39730
2001-12-11,2.9,2.9,2.75,2.75,-0.1,-3.51%,97629
2001-12-10,2.8,2.9,2.8,2.85,0.05,+1.79%,56844
2001-12-07,2.85,2.85,2.8,2.8,0,0.00%,76891
2001-12-06,2.7,2.9,2.7,2.8,0.1,+3.70%,106544
2001-12-05,2.5,2.7,2.5,2.7,0.2,+8.00%,77352
2001-12-04,2.6,2.65,2.45,2.5,-0.15,-5.66%,67797
2001-12-03,2.7,2.7,2.55,2.65,-0.05,-1.85%,69934
2001-11-30,2.45,2.75,2.4,2.7,0.3,+12.50%,135310
2001-11-29,2.4,2.5,2.4,2.4,0,0.00%,101019
2001-11-28,2.25,2.4,2.2,2.4,0.2,+9.09%,1374932
2001-11-27,2.25,2.25,2.15,2.2,-0.1,-4.35%,68000
2001-11-26,2,2.3,2,2.3,0.35,+17.95%,97207
2001-11-23,2,2.1,1.95,1.95,-0.15,-7.14%,37660
2001-11-22,1.75,2.1,1.75,2.1,0.35,+20.00%,143384
2001-11-21,1.65,1.75,1.65,1.75,0.05,+2.94%,33485
2001-11-20,1.6,1.7,1.6,1.7,0.1,+6.25%,6000
2001-11-19,1.6,1.6,1.6,1.6,0.1,+6.67%,5080
2001-11-16,1.6,1.6,1.5,1.5,-0.2,-11.76%,28368
2001-11-15,1.7,1.7,1.7,1.7,0,0.00%,5800
2001-11-14,1.7,1.75,1.7,1.7,-0.05,-2.86%,13594
2001-11-13,1.8,1.8,1.7,1.75,0,0.00%,17537
2001-11-12,1.5,1.75,1.5,1.75,0.15,+9.38%,29542
2001-11-09,1.6,1.65,1.6,1.6,0,0.00%,10500
2001-11-08,1.75,1.8,1.6,1.6,0,0.00%,66000
2001-11-07,1.5,1.6,1.5,1.6,0.1,+6.67%,9024
2001-11-06,1.5,1.5,1.5,1.5,0,0.00%,1000
2001-11-05,1.45,1.5,1.45,1.5,0.05,+3.45%,9100
2001-11-02,1.5,1.5,1.45,1.45,0,0.00%,10891
2001-11-01,1.45,1.45,1.45,1.45,0.05,+3.57%,3009
2001-10-31,1.45,1.45,1.4,1.4,0,0.00%,22587
2001-10-30,1.45,1.45,1.4,1.4,0,0.00%,6500
2001-10-29,1.35,1.4,1.35,1.4,0.1,+7.69%,16650
2001-10-25,1.3,1.3,1.3,1.3,0.05,+4.00%,480
2001-10-24,1.25,1.25,1.25,1.25,0,0.00%,2350
2001-10-23,1.35,1.35,1.25,1.25,-0.1,-7.41%,612
2001-10-22,1.35,1.35,1.35,1.35,0,0.00%,2000
2001-10-19,1.35,1.35,1.35,1.35,-0.05,-3.57%,5500
2001-10-17,1.4,1.4,1.4,1.4,0,0.00%,6300
2001-10-16,1.35,1.4,1.35,1.4,0,0.00%,3400
2001-10-15,1.35,1.4,1.35,1.4,0.05,+3.70%,3081
2001-10-12,1.35,1.35,1.35,1.35,0,0.00%,1063
2001-10-11,1.35,1.35,1.35,1.35,-0.05,-3.57%,5629
2001-10-10,1.4,1.4,1.4,1.4,0.25,+21.74%,1500
2001-10-09,1.3,1.45,1.15,1.15,-0.15,-11.54%,14200
2001-10-04,1.35,1.35,1.3,1.3,-0.15,-10.34%,985
2001-10-03,1.25,1.45,1.25,1.45,0.2,+16.00%,12715
2001-10-02,1.15,1.25,1.15,1.25,0.15,+13.64%,12825
2001-09-27,1.1,1.1,1.1,1.1,0.1,+10.00%,3000
2001-09-25,1,1,1,1,0.05,+5.26%,3480
2001-09-21,1,1,0.95,0.95,0.24,+33.80%,18400
2001-09-19,1.05,1.05,0.71,0.71,-0.34,-32.38%,5800
2001-09-18,1.1,1.1,1.05,1.05,-0.1,-8.70%,18680
2001-09-17,1.2,1.2,1.15,1.15,-0.05,-4.17%,13025
2001-09-14,1.25,1.25,1.2,1.2,-0.05,-4.00%,23050
2001-09-13,1.25,1.25,1.25,1.25,0,0.00%,4000
2001-09-12,1.3,1.3,1.2,1.25,0,0.00%,7000
2001-09-11,1.3,1.3,1.25,1.25,-0.05,-3.85%,2450
2001-09-07,1.3,1.3,1.3,1.3,0,0.00%,2000
2001-09-06,1.3,1.3,1.3,1.3,0.05,+4.00%,250
2001-09-05,1.3,1.3,1.25,1.25,-0.05,-3.85%,2000
2001-09-03,1.3,1.3,1.3,1.3,0,0.00%,1923
2001-08-31,1.3,1.3,1.3,1.3,0.05,+4.00%,1960
2001-08-30,1.25,1.25,1.25,1.25,-0.05,-3.85%,9100
2001-08-28,1.25,1.3,1.25,1.3,0.05,+4.00%,11200
2001-08-27,1.23,1.25,1.23,1.25,0.05,+4.17%,7000
2001-08-24,1.25,1.25,1.2,1.2,-0.15,-11.11%,7800
2001-08-23,1.3,1.35,1.3,1.35,0.05,+3.85%,7000
2001-08-22,1.3,1.3,1.3,1.3,0,0.00%,3353
2001-08-21,1.3,1.3,1.3,1.3,0,0.00%,1200
2001-08-20,1.3,1.3,1.3,1.3,0,0.00%,1046
2001-08-17,1.3,1.3,1.3,1.3,0,0.00%,2480
2001-08-15,1.35,1.35,1.3,1.3,0,0.00%,1019
2001-08-14,1.4,1.4,1.3,1.3,0,0.00%,6700
2001-08-13,1.3,1.3,1.3,1.3,-0.05,-3.70%,1500
2001-08-10,1.35,1.4,1.35,1.35,-0.05,-3.57%,9385
2001-08-09,1.35,1.4,1.35,1.4,0,0.00%,350
2001-08-08,1.4,1.4,1.4,1.4,-0.05,-3.45%,20000
2001-08-07,1.45,1.45,1.45,1.45,0,0.00%,27000
2001-08-06,1.45,1.45,1.45,1.45,0,0.00%,10748
2001-08-03,1.45,1.45,1.45,1.45,-0.1,-6.45%,1000
2001-08-02,1.4,1.55,1.4,1.55,0.15,+10.71%,20251
2001-08-01,1.4,1.4,1.4,1.4,0,0.00%,4911
2001-07-31,1.4,1.4,1.4,1.4,-0.05,-3.45%,7088
2001-07-30,1.45,1.45,1.45,1.45,-0.05,-3.33%,6355
2001-07-27,1.5,1.5,1.5,1.5,-0.05,-3.23%,5200
2001-07-25,1.55,1.55,1.55,1.55,0.1,+6.90%,6398
2001-07-24,1.5,1.5,1.45,1.45,-0.05,-3.33%,5687
2001-07-23,1.5,1.5,1.5,1.5,-0.05,-3.23%,5900
2001-07-20,1.5,1.55,1.45,1.55,0.05,+3.33%,10734
2001-07-19,1.55,1.55,1.5,1.5,0,0.00%,8200
2001-07-18,1.6,1.6,1.5,1.5,-0.05,-3.23%,32674
2001-07-17,1.55,1.55,1.55,1.55,0,0.00%,16566
2001-07-16,1.6,1.65,1.55,1.55,-0.05,-3.13%,1170
2001-07-13,1.65,1.65,1.6,1.6,-0.1,-5.88%,4312
2001-07-11,1.6,1.7,1.6,1.7,0.1,+6.25%,27500
2001-07-10,1.55,1.6,1.55,1.6,0.05,+3.23%,12842
2001-07-09,1.55,1.55,1.55,1.55,0,0.00%,2280
2001-07-06,1.6,1.6,1.55,1.55,0,0.00%,14810
2001-07-05,1.61,1.61,1.5,1.55,-0.15,-8.82%,3600
2001-07-04,1.7,1.7,1.7,1.7,0,0.00%,1159
2001-07-03,1.8,1.8,1.7,1.7,0,0.00%,9760
2001-07-02,1.75,1.8,1.7,1.7,0.25,+17.24%,24420
2001-06-26,1.65,1.65,1.45,1.45,0,0.00%,26191
2001-06-25,1.44,1.6,1.44,1.45,0.15,+11.54%,5550
2001-06-22,1.3,1.3,1.3,1.3,-0.1,-7.14%,2620
2001-06-21,1.4,1.4,1.4,1.4,0.1,+7.69%,1288
2001-06-20,1.4,1.4,1.3,1.3,-0.1,-7.14%,4920
2001-06-19,1.4,1.4,1.4,1.4,-0.05,-3.45%,320
2001-06-18,1.3,1.45,1.25,1.45,0.2,+16.00%,15244
2001-06-15,1.2,1.25,1.2,1.25,0.05,+4.17%,1020
2001-06-14,1.45,1.45,1.2,1.2,-0.25,-17.24%,13900
2001-06-13,1.5,1.5,1.45,1.45,-0.1,-6.45%,1398
2001-06-12,1.6,1.7,1.55,1.55,0.05,+3.33%,20500
2001-06-08,1.5,1.5,1.5,1.5,-0.05,-3.23%,1360
2001-06-07,1.5,1.6,1.5,1.55,0.05,+3.33%,25050
2001-06-06,1.4,1.5,1.4,1.5,0.1,+7.14%,60366
2001-06-05,1.4,1.4,1.4,1.4,0,0.00%,3600
2001-06-04,1.4,1.4,1.4,1.4,0,0.00%,41500
2001-05-31,1.4,1.4,1.35,1.4,0,0.00%,50090
2001-05-30,1.5,1.5,1.4,1.4,-0.1,-6.67%,2408
2001-05-29,1.5,1.5,1.5,1.5,0,0.00%,333
2001-05-28,1.45,1.5,1.45,1.5,0.1,+7.14%,1000
2001-05-25,1.4,1.4,1.4,1.4,0,0.00%,60000
2001-05-24,1.4,1.4,1.4,1.4,0,0.00%,10500
2001-05-23,1.35,1.4,1.35,1.4,0.05,+3.70%,10820
2001-05-22,1.5,1.5,1.35,1.35,-0.15,-10.00%,3000
2001-05-21,1.55,1.55,1.5,1.5,0.05,+3.45%,20020
2001-05-18,1.5,1.5,1.45,1.45,-0.05,-3.33%,1650
2001-05-17,1.55,1.6,1.5,1.5,0,0.00%,16618
2001-05-16,1.5,1.5,1.45,1.5,0.05,+3.45%,4200
2001-05-15,1.4,1.45,1.4,1.45,0.1,+7.41%,2558
2001-05-11,1.5,1.5,1.35,1.35,0,0.00%,32350
2001-05-10,1.4,1.4,1.35,1.35,0,0.00%,15204
2001-05-09,1.3,1.35,1.3,1.35,0.05,+3.85%,11350
2001-05-07,1.35,1.35,1.3,1.3,0.05,+4.00%,1650
2001-05-04,1.25,1.25,1.25,1.25,0,0.00%,40
2001-05-03,1.3,1.3,1.2,1.25,-0.1,-7.41%,29960
2001-05-02,1.35,1.35,1.35,1.35,0.15,+12.50%,2000
2001-04-30,1.2,1.2,1.2,1.2,0,0.00%,18500
2001-04-27,1.25,1.25,1.2,1.2,-0.05,-4.00%,5200
2001-04-26,1.3,1.3,1.25,1.25,0,0.00%,8510
2001-04-24,1.25,1.25,1.25,1.25,-0.05,-3.85%,2999
2001-04-19,1.25,1.3,1.25,1.3,0.05,+4.00%,580
2001-04-18,1.25,1.25,1.25,1.25,-0.05,-3.85%,1272
2001-04-17,1.3,1.3,1.3,1.3,0.05,+4.00%,2400
2001-04-12,1.3,1.3,1.25,1.25,0,0.00%,951
2001-04-11,1.25,1.25,1.25,1.25,0,0.00%,6250
2001-04-10,1.2,1.25,1.2,1.25,0.05,+4.17%,5000
2001-04-09,1.2,1.2,1.2,1.2,-0.05,-4.00%,5000
2001-04-06,1.2,1.25,1.2,1.25,0.1,+8.70%,4550
2001-04-05,1.2,1.2,1.15,1.15,-0.05,-4.17%,1000
2001-04-04,1.2,1.2,1.2,1.2,0,0.00%,18650
2001-04-03,1.25,1.25,1.2,1.2,-0.15,-11.11%,6300
2001-03-26,1.35,1.35,1.35,1.35,0,0.00%,2300
2001-03-23,1.25,1.35,1.2,1.35,0.1,+8.00%,12950
2001-03-22,1.25,1.25,1.25,1.25,0.05,+4.17%,1500
2001-03-21,1.25,1.25,1.2,1.2,-0.1,-7.69%,4550
2001-03-20,1.3,1.3,1.3,1.3,-0.1,-7.14%,2000
2001-03-19,1.25,1.4,1.25,1.4,0.15,+12.00%,4300
2001-03-16,1.3,1.3,1.25,1.25,0,0.00%,10000
2001-03-14,1.25,1.25,1.25,1.25,0.05,+4.17%,2000
2001-03-13,1.3,1.3,1.2,1.2,-0.15,-11.11%,2900
2001-03-12,1.3,1.35,1.3,1.35,-0.05,-3.57%,1100
2001-03-09,1.35,1.4,1.35,1.4,0.1,+7.69%,1100
2001-03-08,1.3,1.3,1.3,1.3,0.05,+4.00%,200
2001-03-06,1.25,1.25,1.25,1.25,-0.05,-3.85%,1200
2001-03-05,1.3,1.3,1.3,1.3,0,0.00%,11600
2001-03-02,1.3,1.3,1.3,1.3,0,0.00%,10500
2001-03-01,1.3,1.3,1.3,1.3,0,0.00%,3000
2001-02-28,1.35,1.35,1.3,1.3,-0.05,-3.70%,3200
2001-02-27,1.3,1.4,1.3,1.35,0.15,+12.50%,6400
2001-02-26,1.35,1.35,1.2,1.2,-0.15,-11.11%,18674
2001-02-22,1.35,1.35,1.35,1.35,0,0.00%,5000
2001-02-21,1.4,1.4,1.35,1.35,-0.05,-3.57%,15410
2001-02-20,1.4,1.4,1.4,1.4,0,0.00%,6600
2001-02-19,1.5,1.5,1.4,1.4,0,0.00%,15340
2001-02-16,1.4,1.4,1.4,1.4,-0.1,-6.67%,2929
2001-02-15,1.51,1.51,1.5,1.5,0.1,+7.14%,1500
2001-02-14,1.45,1.45,1.4,1.4,-0.05,-3.45%,15597
2001-02-13,1.45,1.45,1.45,1.45,-0.05,-3.33%,10000
2001-02-12,1.5,1.55,1.5,1.5,0.05,+3.45%,14000
2001-02-09,1.5,1.5,1.45,1.45,0,0.00%,5879
2001-02-07,1.45,1.45,1.45,1.45,-0.1,-6.45%,280
2001-02-06,1.45,1.55,1.45,1.55,0.1,+6.90%,29644
2001-02-05,1.5,1.5,1.45,1.45,-0.05,-3.33%,36145
2001-02-02,1.5,1.5,1.5,1.5,0,0.00%,5674
2001-01-31,1.4,1.5,1.4,1.5,0.1,+7.14%,5140
2001-01-30,1.35,1.4,1.35,1.4,0,0.00%,6115
2001-01-29,1.4,1.4,1.4,1.4,0.1,+7.69%,3100
2001-01-24,1.4,1.4,1.3,1.3,-0.3,-18.75%,2000
2001-01-23,1.5,1.6,1.5,1.6,0.2,+14.29%,6500
2001-01-22,1.4,1.4,1.4,1.4,0,0.00%,8000
2001-01-19,1.4,1.4,1.4,1.4,0.2,+16.67%,900
2001-01-18,1.2,1.2,1.2,1.2,0,0.00%,607
2001-01-16,1.4,1.4,1.2,1.2,-0.2,-14.29%,11400
2001-01-15,1.55,1.55,1.4,1.4,-0.1,-6.67%,2400
2001-01-11,1.5,1.5,1.5,1.5,0.1,+7.14%,3000
2001-01-09,1.5,1.5,1.4,1.4,-0.1,-6.67%,1880
2001-01-08,1.6,1.6,1.5,1.5,0,0.00%,2562
2001-01-05,1.5,1.5,1.5,1.5,0,0.00%,500
2001-01-04,1.5,1.5,1.5,1.5,0,0.00%,200
2001-01-02,1.5,1.5,1.5,1.5,0,0.00%,1000
2000-12-29,1.5,1.5,1.5,1.5,-0.05,-3.23%,270
2000-12-20,1.6,1.6,1.55,1.55,-0.1,-6.06%,1600
2000-12-19,1.65,1.65,1.65,1.65,0,0.00%,2000
2000-12-18,1.55,1.65,1.55,1.65,0.1,+6.45%,3000
2000-12-15,1.6,1.6,1.55,1.55,-0.05,-3.13%,1395
2000-12-14,1.65,1.65,1.6,1.6,0,0.00%,8616
2000-12-13,1.65,1.65,1.6,1.6,-0.05,-3.03%,19200
2000-12-12,1.65,1.65,1.65,1.65,0,0.00%,7446
2000-12-11,1.65,1.65,1.65,1.65,-0.05,-2.94%,3500
2000-12-08,1.7,1.7,1.7,1.7,0.05,+3.03%,600
2000-12-07,1.7,1.7,1.65,1.65,-0.05,-2.94%,14000
2000-12-06,1.7,1.7,1.7,1.7,0,0.00%,4000
2000-12-05,1.7,1.75,1.7,1.7,0,0.00%,12760
2000-12-04,1.7,1.7,1.7,1.7,0.05,+3.03%,5500
2000-12-01,1.65,1.65,1.6,1.65,0,0.00%,12000
2000-11-30,1.65,1.65,1.65,1.65,-0.05,-2.94%,69500
2000-11-29,1.65,1.7,1.65,1.7,0,0.00%,17441
2000-11-28,1.7,1.7,1.65,1.7,-0.1,-5.56%,17400
2000-11-27,1.9,1.9,1.8,1.8,-0.15,-7.69%,27576
2000-11-24,2,2,1.95,1.95,0.05,+2.63%,9508
2000-11-23,1.8,1.9,1.8,1.9,0.05,+2.70%,52150
2000-11-22,1.75,1.85,1.75,1.85,0.15,+8.82%,15341
2000-11-21,1.68,1.7,1.68,1.7,0,0.00%,23000
2000-11-20,1.7,1.75,1.7,1.7,0,0.00%,23770
2000-11-17,1.75,1.75,1.7,1.7,-0.05,-2.86%,3158
2000-11-16,1.75,1.75,1.75,1.75,0,0.00%,30280
2000-11-15,1.7,1.75,1.7,1.75,0.05,+2.94%,1280
2000-11-14,1.7,1.7,1.7,1.7,0,0.00%,57400
2000-11-13,1.7,1.8,1.7,1.7,0.05,+3.03%,2400
2000-11-10,1.7,1.7,1.65,1.65,-0.05,-2.94%,14100
2000-11-09,1.8,1.8,1.7,1.7,-0.1,-5.56%,109147
2000-11-08,1.8,1.8,1.75,1.8,-0.05,-2.70%,10500
2000-11-07,1.85,1.85,1.85,1.85,0,0.00%,20000
2000-11-06,1.85,1.85,1.85,1.85,-0.05,-2.63%,6650
2000-11-03,1.95,1.95,1.85,1.9,0,0.00%,11020
2000-11-02,1.9,1.95,1.85,1.9,0.1,+5.56%,15598
2000-11-01,1.8,1.8,1.8,1.8,0.05,+2.86%,5000
2000-10-31,1.7,1.75,1.7,1.75,0.05,+2.94%,5291
2000-10-30,1.7,1.7,1.7,1.7,0.05,+3.03%,2340
2000-10-27,1.7,1.8,1.65,1.65,-0.05,-2.94%,16300
2000-10-26,1.7,1.8,1.7,1.7,-0.1,-5.56%,1600
2000-10-25,1.8,1.8,1.8,1.8,-0.05,-2.70%,13858
2000-10-24,1.9,1.9,1.85,1.85,0,0.00%,4340
2000-10-23,1.85,1.85,1.85,1.85,-0.1,-5.13%,5000
2000-10-20,1.95,1.95,1.95,1.95,0,0.00%,1260
2000-10-18,1.9,1.95,1.9,1.95,0,0.00%,875
2000-10-17,1.95,1.95,1.95,1.95,0.05,+2.63%,1600
2000-10-16,1.85,1.9,1.85,1.9,0.05,+2.70%,7160
2000-10-13,1.85,1.85,1.85,1.85,0.05,+2.78%,1000
2000-10-11,1.8,1.8,1.8,1.8,-0.1,-5.26%,592
2000-10-09,1.95,1.95,1.9,1.9,-0.1,-5.00%,3500
2000-10-05,2,2,2,2,0.2,+11.11%,500
2000-10-04,1.8,1.8,1.8,1.8,-0.3,-14.29%,1050
2000-10-02,2,2.1,2,2.1,0.1,+5.00%,10000
2000-09-29,2,2,2,2,0.3,+17.65%,893
2000-09-22,1.7,1.7,1.7,1.7,-0.3,-15.00%,235
2000-09-21,2,2,2,2,0,0.00%,300
2000-09-20,1.95,2,1.95,2,-0.1,-4.76%,3635
2000-09-18,2,2.1,2,2.1,0.2,+10.53%,7900
2000-09-15,1.9,1.9,1.9,1.9,-0.1,-5.00%,3100
2000-09-14,2,2.1,2,2,-0.1,-4.76%,23500
2000-09-13,2.2,2.2,2.1,2.1,-0.2,-8.70%,3500
2000-09-12,2.2,2.3,2.2,2.3,0.1,+4.55%,2850
2000-09-11,2.25,2.25,2.2,2.2,-0.05,-2.22%,10500
2000-09-08,2.3,2.35,2.25,2.25,0,0.00%,8431
2000-09-07,2.35,2.35,2.25,2.25,-0.1,-4.26%,6690
2000-09-06,2.3,2.35,2.3,2.35,0,0.00%,2871
2000-09-05,2.35,2.4,2.35,2.35,0,0.00%,3751
2000-09-04,2.35,2.35,2.35,2.35,0,0.00%,5000
2000-09-01,2.4,2.4,2.35,2.35,-0.05,-2.08%,3538
2000-08-31,2.55,2.55,2.4,2.4,-0.05,-2.04%,3160
2000-08-30,2.5,2.5,2.45,2.45,0,0.00%,17499
2000-08-29,2.45,2.45,2.45,2.45,0,0.00%,2427
2000-08-28,2.5,2.5,2.4,2.45,-0.05,-2.00%,17300
2000-08-25,2.45,2.5,2.45,2.5,0.15,+6.38%,7300
2000-08-24,2.44,2.45,2.35,2.35,-0.15,-6.00%,10679
2000-08-23,2.55,2.55,2.5,2.5,-0.05,-1.96%,6342
2000-08-22,2.6,2.6,2.55,2.55,-0.05,-1.92%,5288
2000-08-21,2.5,2.6,2.5,2.6,0.1,+4.00%,12456
2000-08-18,2.3,2.5,2.3,2.5,0.25,+11.11%,10503
2000-08-17,2.5,2.5,2.25,2.25,-0.25,-10.00%,2188
2000-08-16,2.5,2.5,2.5,2.5,0,0.00%,31800
2000-08-15,2.6,2.6,2.5,2.5,0,0.00%,2369
2000-08-14,2.45,2.65,2.45,2.5,0.05,+2.04%,13840
2000-08-11,2.3,2.5,2.3,2.45,0.2,+8.89%,13281
2000-08-09,2.3,2.3,2.25,2.25,-0.05,-2.17%,8500
2000-08-08,2.35,2.35,2.3,2.3,-0.05,-2.13%,5517
2000-08-07,2.35,2.35,2.35,2.35,0.05,+2.17%,1000
2000-08-04,2.3,2.35,2.3,2.3,0,0.00%,2663
2000-08-03,2.4,2.4,2.3,2.3,-0.1,-4.17%,628
2000-08-02,2.4,2.4,2.4,2.4,0.05,+2.13%,3000
2000-08-01,2.4,2.4,2.35,2.35,-0.05,-2.08%,12400
2000-07-31,2.43,2.5,2.4,2.4,-0.05,-2.04%,6300
2000-07-28,2.6,2.6,2.4,2.45,-0.15,-5.77%,6658
2000-07-27,2.7,2.7,2.6,2.6,-0.2,-7.14%,7750
2000-07-26,2.72,2.8,2.6,2.8,-0.05,-1.75%,32480
2000-07-25,2.5,3,2.5,2.85,0.35,+14.00%,66033
2000-07-24,2.4,2.5,2.4,2.5,0,0.00%,11035
2000-07-21,2.35,2.5,2.35,2.5,0.15,+6.38%,5600
2000-07-20,2.51,2.51,2.35,2.35,-0.15,-6.00%,11730
2000-07-19,2.45,2.5,2.45,2.5,0.05,+2.04%,21520
2000-07-18,2.45,2.55,2.4,2.45,0.05,+2.08%,58801
2000-07-17,2.4,2.4,2.4,2.4,0.1,+4.35%,23709
2000-07-14,2.25,2.4,2.25,2.3,0.05,+2.22%,49534
2000-07-13,2.3,2.3,2.2,2.25,-0.15,-6.25%,4400
2000-07-12,2.2,2.45,2.2,2.4,0.05,+2.13%,28500
2000-07-11,2.1,2.35,2.1,2.35,0,0.00%,8343
2000-07-10,2.3,2.35,2.3,2.35,0,0.00%,9550
2000-07-07,2.33,2.4,2.2,2.35,0.15,+6.82%,20840
2000-07-06,2.4,2.4,2.1,2.2,0,0.00%,14389
2000-07-05,2,2.2,2,2.2,0.2,+10.00%,112233
2000-07-04,2,2,2,2,0,0.00%,37900
2000-07-03,1.88,2,1.88,2,0.1,+5.26%,30900
2000-06-30,1.9,1.9,1.85,1.9,0.05,+2.70%,7749
2000-06-29,1.98,1.98,1.85,1.85,0.05,+2.78%,6020
2000-06-28,1.8,1.8,1.8,1.8,-0.2,-10.00%,2665
2000-06-27,1.7,2,1.7,2,0.3,+17.65%,17561
2000-06-26,1.9,2,1.7,1.7,-0.2,-10.53%,7186
2000-06-23,1.69,1.9,1.69,1.9,0.2,+11.76%,4027
2000-06-22,1.7,1.7,1.7,1.7,0,0.00%,10757
2000-06-21,1.74,1.75,1.7,1.7,-0.05,-2.86%,5380
2000-06-20,1.7,1.75,1.7,1.75,0.05,+2.94%,14350
2000-06-19,1.75,1.8,1.7,1.7,-0.2,-10.53%,5448
2000-06-16,1.9,1.9,1.8,1.9,-0.1,-5.00%,6250
2000-06-15,2,2,1.9,2,-0.1,-4.76%,7963
2000-06-14,2.05,2.1,2.05,2.1,0.1,+5.00%,1690
2000-06-13,2.07,2.07,2,2,0.1,+5.26%,7295
2000-06-09,1.8,1.9,1.8,1.9,0.1,+5.56%,13750
2000-06-08,1.7,1.8,1.7,1.8,0.2,+12.50%,47740
2000-06-07,1.7,1.7,1.6,1.6,0,0.00%,1800
2000-06-05,1.8,1.8,1.6,1.6,-0.1,-5.88%,502850
2000-06-02,1.7,1.7,1.7,1.7,-0.1,-5.56%,1000
2000-06-01,1.8,1.8,1.8,1.8,0.1,+5.88%,1850
2000-05-31,1.75,1.8,1.7,1.7,0.05,+3.03%,6650
2000-05-30,1.7,1.7,1.65,1.65,-0.05,-2.94%,7192
2000-05-29,1.8,1.8,1.7,1.7,-0.1,-5.56%,3800
"Downloaded from Barchart.com as of 01-18-2026 12:48am CST"
