Time,Open,High,Low,Latest,Change,%Change,Volume
3/01/2000,102.45,102.45,101.36,101.55,-0.63,-0.62%,0
4/01/2000,101.61,103.27,101.46,103.26,1.71,1.68%,0
5/01/2000,103.25,104.38,102.84,104.31,1.05,1.02%,0
6/01/2000,104.26,105.52,104.01,105.26,0.95,0.91%,0
7/01/2000,105.25,105.87,104.91,105.3,0.04,0.04%,0
10/01/2000,105.27,105.37,104.38,105.2,-0.1,-0.09%,0
11/01/2000,105.2,106.29,105.06,106.05,0.85,0.81%,0
12/01/2000,106.07,106.19,105.59,105.88,-0.17,-0.16%,0
13/01/2000,105.9,106.23,105.47,106.12,0.24,0.23%,0
14/01/2000,106.03,106.38,105.5,105.84,-0.28,-0.26%,0
17/01/2000,105.84,105.86,104.68,104.82,-1.02,-0.96%,0
18/01/2000,104.81,105.73,104.81,105.67,0.85,0.81%,0
19/01/2000,105.67,106.09,105.2,105.3,-0.37,-0.35%,0
20/01/2000,105.34,105.71,105.21,105.25,-0.05,-0.05%,0
21/01/2000,105.27,105.51,104.49,104.68,-0.57,-0.54%,0
24/01/2000,105.08,105.84,104.71,105.61,0.93,0.89%,0
25/01/2000,105.63,106.03,105.54,105.95,0.34,0.32%,0
26/01/2000,105.96,106.29,105.57,105.63,-0.32,-0.30%,0
27/01/2000,105.71,105.87,104.75,105.11,-0.52,-0.49%,0
28/01/2000,105.12,107.21,104.58,107.05,1.94,1.85%,0
31/01/2000,107.02,107.52,106.62,107.3,0.25,0.23%,0
1/02/2000,107.39,107.94,107.17,107.78,0.48,0.45%,0
2/02/2000,107.78,109.03,107.76,108.14,0.36,0.33%,0
3/02/2000,108.2,108.76,107.28,107.61,-0.53,-0.49%,0
4/02/2000,107.61,108.01,107.21,107.3,-0.31,-0.29%,0
7/02/2000,107.25,108.82,107.25,108.71,1.41,1.31%,0
8/02/2000,108.63,109.69,108.63,109.43,0.72,0.66%,0
9/02/2000,109.53,109.64,108.62,109.04,-0.39,-0.36%,0
10/02/2000,109.03,109.18,108.33,109.16,0.12,0.11%,0
11/02/2000,109.2,109.76,108.85,108.85,-0.31,-0.28%,0
14/02/2000,108.9,109.05,108.08,108.83,-0.02,-0.02%,0
15/02/2000,108.86,109.32,108.49,109.03,0.2,0.18%,0
16/02/2000,109.04,109.62,108.92,109.38,0.35,0.32%,0
17/02/2000,109.34,110.64,109.34,110.64,1.26,1.15%,0
18/02/2000,110.63,111.24,110.32,111.08,0.44,0.40%,0
21/02/2000,110.85,111.43,110.43,111.21,0.13,0.12%,0
22/02/2000,111.22,111.73,110.59,110.78,-0.43,-0.39%,0
23/02/2000,110.75,111.33,110.12,111.13,0.35,0.32%,0
24/02/2000,111.12,111.48,110.61,111.29,0.16,0.14%,0
25/02/2000,111.29,111.46,110.17,110.3,-0.99,-0.89%,0
28/02/2000,110.19,110.39,108.48,109.51,-0.79,-0.72%,0
29/02/2000,109.58,110.4,109.41,110.16,0.65,0.59%,0
1/03/2000,110.17,110.31,106.63,107.23,-2.93,-2.66%,0
2/03/2000,107.15,107.93,106.64,107.75,0.52,0.48%,0
3/03/2000,107.75,108,107.37,107.72,-0.03,-0.03%,0
6/03/2000,107.82,107.92,106.77,107.53,-0.19,-0.18%,0
7/03/2000,107.53,108.1,105.85,106.2,-1.33,-1.24%,0
8/03/2000,106.2,107.48,106.07,107.17,0.97,0.91%,0
9/03/2000,107.12,107.25,106.24,106.61,-0.56,-0.52%,0
10/03/2000,106.6,106.69,106.1,106.24,-0.37,-0.35%,0
13/03/2000,106.29,106.55,104.85,105.51,-0.73,-0.69%,0
14/03/2000,105.57,105.88,104.65,105.17,-0.34,-0.32%,0
15/03/2000,105.16,106.2,104.8,105.68,0.51,0.48%,0
16/03/2000,105.6,105.8,105.15,105.45,-0.23,-0.22%,0
17/03/2000,105.45,106.69,105.39,106.68,1.23,1.17%,0
20/03/2000,106.67,107.06,106.33,106.35,-0.33,-0.31%,0
21/03/2000,106.36,107.23,106.29,106.75,0.4,0.38%,0
22/03/2000,106.79,107.15,106.54,107.05,0.3,0.28%,0
23/03/2000,107.05,107.77,107.02,107.29,0.24,0.22%,0
24/03/2000,107.3,107.65,106.81,107.05,-0.24,-0.22%,0
27/03/2000,107.08,107.13,106.63,106.71,-0.34,-0.32%,0
28/03/2000,106.76,106.76,105.79,105.79,-0.92,-0.86%,0
29/03/2000,105.8,106.33,105,105.65,-0.14,-0.13%,0
30/03/2000,105.62,105.9,104.85,105.43,-0.22,-0.21%,0
31/03/2000,105.43,106.06,102.08,102.75,-2.68,-2.54%,0
3/04/2000,103.27,105.58,102.85,104.78,2.03,1.98%,0
4/04/2000,104.72,105.76,104.17,105.12,0.34,0.32%,0
5/04/2000,105.11,105.54,104.79,104.92,-0.2,-0.19%,0
6/04/2000,104.9,105.12,104.58,104.75,-0.17,-0.16%,0
7/04/2000,104.73,105.5,104.72,105.46,0.71,0.68%,0
10/04/2000,105.39,106.85,105.32,106.43,0.97,0.92%,0
11/04/2000,106.39,107.13,106.37,106.97,0.54,0.51%,0
12/04/2000,106.94,106.98,105.28,105.82,-1.15,-1.08%,0
13/04/2000,105.82,106.1,105.64,105.9,0.08,0.08%,0
14/04/2000,105.88,106.15,104.73,104.73,-1.17,-1.10%,0
17/04/2000,104.67,105.38,103.26,104.44,-0.29,-0.28%,0
18/04/2000,104.5,104.94,104.08,104.7,0.26,0.25%,0
19/04/2000,104.7,105.04,104.25,104.78,0.08,0.08%,0
20/04/2000,104.78,105.76,104.53,105.72,0.94,0.90%,0
21/04/2000,105.69,105.89,105.45,105.75,0.03,0.03%,0
24/04/2000,105.81,105.99,105.11,105.78,0.03,0.03%,0
25/04/2000,105.77,106.31,105.24,106.25,0.47,0.44%,0
26/04/2000,106.25,106.75,105.55,106.24,-0.01,-0.01%,0
27/04/2000,106.22,106.58,105.88,106.42,0.18,0.17%,0
28/04/2000,106.39,108.32,106.39,108.12,1.7,1.60%,0
1/05/2000,108.12,109.03,107.7,108.76,0.64,0.59%,0
2/05/2000,108.74,108.96,108.25,108.48,-0.28,-0.26%,0
3/05/2000,108.44,109.48,108.37,109,0.52,0.48%,0
4/05/2000,109.02,109.61,107.71,108.02,-0.98,-0.90%,0
5/05/2000,108.03,108.66,107.28,108.46,0.44,0.41%,0
8/05/2000,108.56,109.2,108.33,109,0.54,0.50%,0
9/05/2000,108.92,109.66,108.6,109.11,0.11,0.10%,0
10/05/2000,109.12,109.61,108.63,109.51,0.4,0.37%,0
11/05/2000,109.49,110.03,108.14,108.5,-1.01,-0.92%,0
12/05/2000,108.48,109.04,107.72,108.48,-0.02,-0.02%,0
15/05/2000,108.46,109.57,108.45,109.39,0.91,0.84%,0
16/05/2000,109.36,109.89,108.79,109.63,0.24,0.22%,0
17/05/2000,109.61,109.99,109.04,109.4,-0.23,-0.21%,0
18/05/2000,109.27,109.43,108.5,108.69,-0.71,-0.65%,0
19/05/2000,108.72,108.88,106.35,106.91,-1.78,-1.64%,0
22/05/2000,106.88,107.45,106.83,107.07,0.16,0.15%,0
23/05/2000,107.11,107.3,106.45,106.53,-0.54,-0.50%,0
24/05/2000,106.46,107.98,106.42,107.88,1.35,1.27%,0
25/05/2000,107.75,108.06,107.29,107.41,-0.47,-0.44%,0
26/05/2000,107.37,107.83,106.58,107.1,-0.31,-0.29%,0
29/05/2000,106.9,107.37,106.72,106.92,-0.18,-0.17%,0
30/05/2000,106.93,107.05,106.08,106.45,-0.47,-0.44%,0
31/05/2000,106.46,107.91,106.2,107.7,1.25,1.17%,0
1/06/2000,107.67,108.98,107.63,108.51,0.81,0.75%,0
2/06/2000,108.49,109.01,107.67,107.97,-0.54,-0.50%,0
5/06/2000,108.05,108.29,107.28,107.35,-0.62,-0.57%,0
6/06/2000,107.3,107.59,105.24,105.81,-1.54,-1.43%,0
7/06/2000,105.78,106.25,105.07,105.5,-0.31,-0.29%,0
8/06/2000,105.45,106.22,105.33,106,0.5,0.47%,0
9/06/2000,106,107.01,105.85,106.86,0.86,0.81%,0
12/06/2000,106.83,107.18,106.36,106.79,-0.07,-0.07%,0
13/06/2000,106.81,107.01,106.22,106.92,0.13,0.12%,0
14/06/2000,106.9,107.13,106.32,106.58,-0.34,-0.32%,0
15/06/2000,106.6,106.7,105.9,106.56,-0.02,-0.02%,0
16/06/2000,106.53,106.59,106.05,106.36,-0.2,-0.19%,0
19/06/2000,106.37,106.5,105.62,105.95,-0.41,-0.39%,0
20/06/2000,105.93,105.93,105.24,105.52,-0.43,-0.41%,0
21/06/2000,105.5,105.65,105.19,105.61,0.09,0.09%,0
22/06/2000,105.57,105.63,104.15,104.6,-1.01,-0.96%,0
23/06/2000,104.56,104.9,103.94,104.71,0.11,0.11%,0
26/06/2000,104.49,105.76,104.3,105.65,0.94,0.90%,0
27/06/2000,105.65,105.89,105.25,105.34,-0.31,-0.29%,0
28/06/2000,105.28,105.78,105.28,105.52,0.18,0.17%,0
29/06/2000,105.5,105.63,104.4,105.25,-0.27,-0.26%,0
30/06/2000,105.3,106.35,104.76,106.05,0.8,0.76%,0
3/07/2000,105.99,106.46,105.62,105.64,-0.41,-0.39%,0
4/07/2000,105.65,106.53,105.3,106.11,0.47,0.44%,0
5/07/2000,106.07,107.23,105.83,107.05,0.94,0.89%,0
6/07/2000,107.05,107.53,106.86,107.45,0.4,0.37%,0
7/07/2000,107.44,107.95,107.23,107.91,0.46,0.43%,0
10/07/2000,108.05,108.05,106.59,107.04,-0.87,-0.81%,0
11/07/2000,106.96,107.18,106.61,107.12,0.08,0.07%,0
12/07/2000,107.09,108.46,107.05,108.12,1,0.93%,0
13/07/2000,108.08,108.4,106.99,108.11,-0.01,-0.01%,0
14/07/2000,108.11,108.42,107.75,107.81,-0.3,-0.28%,0
17/07/2000,107.82,108.8,107.32,108.06,0.25,0.23%,0
18/07/2000,108.02,108.4,107.63,108.29,0.23,0.21%,0
19/07/2000,108.26,108.36,107.76,108.3,0.01,0.01%,0
20/07/2000,108.3,108.31,107.33,107.65,-0.65,-0.60%,0
21/07/2000,107.69,109.17,107.42,108.85,1.2,1.11%,0
24/07/2000,108.83,109.11,108.5,108.78,-0.07,-0.06%,0
25/07/2000,108.74,109.31,108.59,109.01,0.23,0.21%,0
26/07/2000,109.04,109.38,108.94,109.21,0.2,0.18%,0
27/07/2000,109.19,109.33,108.74,109.21,0,0.00%,0
28/07/2000,109.2,109.78,108.55,109.48,0.27,0.25%,0
31/07/2000,109.43,109.8,109.18,109.44,-0.04,-0.04%,0
1/08/2000,109.39,109.76,108.96,109.21,-0.23,-0.21%,0
2/08/2000,109.21,109.32,108.35,108.91,-0.3,-0.27%,0
3/08/2000,108.94,109.15,107.96,108.36,-0.55,-0.51%,0
4/08/2000,108.42,108.62,108.08,108.57,0.21,0.19%,0
7/08/2000,108.56,109.15,108.53,109.11,0.54,0.50%,0
8/08/2000,109.08,109.24,108.35,108.6,-0.51,-0.47%,0
9/08/2000,108.61,108.7,107.78,107.86,-0.74,-0.68%,0
10/08/2000,107.81,109.1,107.5,108.8,0.94,0.87%,0
11/08/2000,108.73,108.95,108.33,108.55,-0.25,-0.23%,0
14/08/2000,108.57,109.62,108.57,109.41,0.86,0.79%,0
15/08/2000,109.42,109.6,108.91,109.03,-0.38,-0.35%,0
16/08/2000,109.01,109.18,108.34,108.6,-0.43,-0.39%,0
17/08/2000,108.54,108.66,108.26,108.61,0.01,0.01%,0
18/08/2000,108.56,109.11,108.09,108.38,-0.23,-0.21%,0
21/08/2000,108.3,108.75,107.84,108.63,0.25,0.23%,0
22/08/2000,108.65,108.69,108.15,108.28,-0.35,-0.32%,0
23/08/2000,108.2,108.43,106.87,107.13,-1.15,-1.06%,0
24/08/2000,107.04,107.36,106.62,106.83,-0.3,-0.28%,0
25/08/2000,106.85,107.27,106.66,106.8,-0.03,-0.03%,0
28/08/2000,106.8,106.85,106.09,106.43,-0.37,-0.35%,0
29/08/2000,106.48,106.73,106.02,106.12,-0.31,-0.29%,0
30/08/2000,106.09,106.71,105.93,106.55,0.43,0.41%,0
31/08/2000,106.49,106.84,106.29,106.67,0.12,0.11%,0
1/09/2000,106.75,106.76,105.59,105.92,-0.75,-0.70%,0
4/09/2000,105.93,105.97,105.61,105.82,-0.1,-0.09%,0
5/09/2000,105.78,106.5,105.78,105.8,-0.02,-0.02%,0
6/09/2000,105.8,106.13,105.58,105.82,0.02,0.02%,0
7/09/2000,105.83,106.45,104.83,105.08,-0.74,-0.70%,0
8/09/2000,105.14,106.25,105.09,106.11,1.03,0.98%,0
11/09/2000,106.05,106.55,105.9,106.02,-0.09,-0.08%,0
12/09/2000,106.01,107.03,106.01,106.76,0.74,0.70%,0
13/09/2000,106.74,107.32,106.74,107.12,0.36,0.34%,0
14/09/2000,107.14,107.66,106.94,107.63,0.51,0.48%,0
15/09/2000,107.55,107.76,107.07,107.07,-0.56,-0.52%,0
18/09/2000,107.15,107.23,106.7,106.89,-0.18,-0.17%,0
19/09/2000,106.87,107.13,106.7,106.99,0.1,0.09%,0
20/09/2000,106.96,107.38,106.41,106.54,-0.45,-0.42%,0
21/09/2000,106.58,106.77,106.3,106.63,0.09,0.08%,0
22/09/2000,106.58,108.11,106.44,107.89,1.26,1.18%,0
25/09/2000,107.65,108.13,107.41,107.83,-0.06,-0.06%,0
26/09/2000,107.82,107.82,107.18,107.63,-0.2,-0.19%,0
27/09/2000,107.58,107.88,107.2,107.35,-0.28,-0.26%,0
28/09/2000,107.32,107.77,107.22,107.58,0.23,0.21%,0
29/09/2000,107.59,108.5,107.53,108.09,0.51,0.47%,0
2/10/2000,108.11,108.96,108.08,108.9,0.81,0.75%,0
3/10/2000,108.84,108.98,108.44,108.87,-0.03,-0.03%,0
4/10/2000,108.85,109.45,108.6,109.36,0.49,0.45%,0
5/10/2000,109.34,109.58,109.05,109.1,-0.26,-0.24%,0
6/10/2000,109.09,109.16,108.68,108.74,-0.36,-0.33%,0
9/10/2000,108.91,109.13,108.71,108.71,-0.03,-0.03%,0
10/10/2000,108.77,108.87,107.67,107.74,-0.97,-0.89%,0
11/10/2000,107.73,108.13,107.49,107.64,-0.1,-0.09%,0
12/10/2000,107.65,108.14,107.35,107.68,0.04,0.04%,0
13/10/2000,107.64,107.96,107.54,107.82,0.14,0.13%,0
16/10/2000,107.74,108.36,107.52,108.06,0.24,0.22%,0
17/10/2000,108.03,108.23,107.88,107.99,-0.07,-0.06%,0
18/10/2000,107.98,108.33,107.45,107.8,-0.19,-0.18%,0
19/10/2000,107.74,108.6,107.61,108.31,0.51,0.47%,0
20/10/2000,108.3,109.15,108.25,108.81,0.5,0.46%,0
23/10/2000,108.88,109.04,108.18,108.18,-0.63,-0.58%,0
24/10/2000,108.18,108.46,107.79,107.79,-0.39,-0.36%,0
25/10/2000,107.82,108.3,107.65,108.11,0.32,0.30%,0
26/10/2000,108.14,108.62,107.96,108.41,0.3,0.28%,0
27/10/2000,108.38,108.82,108.24,108.68,0.27,0.25%,0
30/10/2000,108.96,109.28,108.44,108.93,0.25,0.23%,0
31/10/2000,108.93,109.29,108.74,108.99,0.06,0.06%,0
1/11/2000,108.92,108.95,108.15,108.19,-0.8,-0.73%,0
2/11/2000,108.15,108.45,108,108.12,-0.07,-0.06%,0
3/11/2000,108.13,108.31,106.84,106.96,-1.16,-1.07%,0
6/11/2000,107.07,107.57,106.9,107.44,0.48,0.45%,0
7/11/2000,107.43,107.51,106.96,107.01,-0.43,-0.40%,0
8/11/2000,107.04,107.81,106.96,107.24,0.23,0.21%,0
9/11/2000,107.22,107.83,107.14,107.32,0.08,0.07%,0
10/11/2000,107.33,107.96,107.33,107.89,0.57,0.53%,0
13/11/2000,107.88,108.1,107.41,107.68,-0.21,-0.19%,0
14/11/2000,107.66,108.23,107.52,108.18,0.5,0.46%,0
15/11/2000,108.15,108.93,108.02,108.82,0.64,0.59%,0
16/11/2000,108.78,109.09,108.7,108.95,0.13,0.12%,0
17/11/2000,108.89,109.03,108.62,108.86,-0.09,-0.08%,0
20/11/2000,108.85,110.34,108.78,109.88,1.02,0.94%,0
21/11/2000,109.86,110.41,109.65,110.1,0.22,0.20%,0
22/11/2000,110.05,110.33,109.53,110.2,0.1,0.09%,0
23/11/2000,110.17,110.43,110.04,110.33,0.13,0.12%,0
24/11/2000,110.29,111.41,110.16,111.22,0.89,0.81%,0
27/11/2000,111.28,111.52,110.52,110.63,-0.59,-0.53%,0
28/11/2000,110.64,110.8,110.05,110.15,-0.48,-0.43%,0
29/11/2000,110.13,111.32,109.84,111.18,1.03,0.94%,0
30/11/2000,111.22,111.35,110.33,110.33,-0.85,-0.76%,0
1/12/2000,110.35,112.01,110.32,111.18,0.85,0.77%,0
4/12/2000,111.44,111.44,110.45,110.96,-0.22,-0.20%,0
5/12/2000,110.98,111.36,110.45,111.12,0.16,0.14%,0
6/12/2000,111.11,111.15,110.22,110.31,-0.81,-0.73%,0
7/12/2000,110.25,110.82,110.16,110.39,0.08,0.07%,0
8/12/2000,110.42,111.48,110.42,111.01,0.62,0.56%,0
11/12/2000,111.32,111.4,110.58,110.78,-0.23,-0.21%,0
12/12/2000,110.77,111.73,110.73,111.44,0.66,0.60%,0
13/12/2000,111.44,112.73,111.34,112.29,0.85,0.76%,0
14/12/2000,112.24,112.8,111.95,111.95,-0.34,-0.30%,0
15/12/2000,111.95,112.75,111.9,112.62,0.67,0.60%,0
18/12/2000,112.43,112.73,111.93,112.25,-0.37,-0.33%,0
19/12/2000,112.23,112.58,111.84,112.39,0.14,0.12%,0
20/12/2000,112.39,113.03,112.39,112.76,0.37,0.33%,0
21/12/2000,112.75,113.15,111.9,112.06,-0.7,-0.62%,0
22/12/2000,112.12,112.92,112.05,112.87,0.81,0.72%,0
25/12/2000,112.84,112.99,112.75,112.88,0.01,0.01%,0
26/12/2000,112.89,113.67,112.89,113.55,0.67,0.59%,0
27/12/2000,113.57,114.37,113.42,114.15,0.6,0.53%,0
28/12/2000,114.12,114.89,114.12,114.41,0.26,0.23%,0
29/12/2000,114.38,115.05,114.22,114.34,-0.07,-0.06%,0
2/01/2001,114.32,115.06,114.26,114.35,0.01,0.01%,0
3/01/2001,114.39,114.66,113.6,113.61,-0.74,-0.65%,0
4/01/2001,113.57,115.77,113.57,115.65,2.04,1.80%,0
5/01/2001,115.64,116.9,115.52,116.52,0.87,0.75%,0
8/01/2001,116.6,116.62,115.67,115.95,-0.57,-0.49%,0
9/01/2001,115.99,116.93,115.69,116.83,0.88,0.76%,0
10/01/2001,116.79,117.13,115.79,116.51,-0.32,-0.27%,0
11/01/2001,116.5,117.83,116.32,117.72,1.21,1.04%,0
12/01/2001,117.76,118.57,117.38,118.45,0.73,0.62%,0
15/01/2001,118.31,119.35,118.31,118.95,0.5,0.42%,0
16/01/2001,118.96,119.14,117.1,117.63,-1.32,-1.11%,0
17/01/2001,117.64,118.95,116.97,118.83,1.2,1.02%,0
18/01/2001,118.75,119.84,117.68,118.05,-0.78,-0.66%,0
19/01/2001,118.1,118.28,117.03,117.14,-0.91,-0.77%,0
22/01/2001,117.15,117.23,116.16,116.28,-0.86,-0.73%,0
23/01/2001,116.25,117.43,116.25,116.81,0.53,0.46%,0
24/01/2001,116.7,118.45,116.54,117.84,1.03,0.88%,0
25/01/2001,117.77,118.13,116.39,116.78,-1.06,-0.90%,0
26/01/2001,116.77,117.55,116.36,117.26,0.48,0.41%,0
29/01/2001,117.33,117.73,116.19,116.71,-0.55,-0.47%,0
30/01/2001,116.7,116.93,115.66,115.82,-0.89,-0.76%,0
31/01/2001,115.83,116.67,115.65,116.48,0.66,0.57%,0
1/02/2001,116.48,116.75,115.3,115.6,-0.88,-0.76%,0
2/02/2001,115.63,115.9,114.98,115.63,0.03,0.03%,0
5/02/2001,115.64,116.04,114.64,114.72,-0.91,-0.79%,0
6/02/2001,114.69,115.25,114.38,114.76,0.04,0.03%,0
7/02/2001,114.76,116.35,114.69,116.24,1.48,1.29%,0
8/02/2001,116.28,116.75,115.88,116.69,0.45,0.39%,0
9/02/2001,116.7,117.75,116.34,117.48,0.79,0.68%,0
12/02/2001,117.61,117.92,117.38,117.42,-0.06,-0.05%,0
13/02/2001,117.41,117.6,116.58,116.85,-0.57,-0.49%,0
14/02/2001,116.81,116.89,116.08,116.41,-0.44,-0.38%,0
15/02/2001,116.33,116.43,115.37,115.37,-1.04,-0.89%,0
16/02/2001,115.4,115.9,114.58,115.62,0.25,0.22%,0
19/02/2001,115.86,116.18,115.64,116.02,0.4,0.35%,0
20/02/2001,115.97,116.28,115.24,115.66,-0.36,-0.31%,0
21/02/2001,115.71,116.84,115.34,116.56,0.9,0.78%,0
22/02/2001,116.51,117.18,115.86,116.86,0.3,0.26%,0
23/02/2001,116.89,117.18,115.67,115.78,-1.08,-0.92%,0
26/02/2001,115.87,116.75,115.8,116.42,0.64,0.55%,0
27/02/2001,116.4,116.56,115.95,116.02,-0.4,-0.34%,0
28/02/2001,116.02,117.54,115.93,117.28,1.26,1.09%,0
1/03/2001,117.32,117.55,117.04,117.34,0.06,0.05%,0
2/03/2001,117.42,119.28,117.31,119.01,1.67,1.42%,0
5/03/2001,118.95,119.72,118.66,119.16,0.15,0.13%,0
6/03/2001,119.13,119.24,118.3,118.79,-0.37,-0.31%,0
7/03/2001,118.8,120.19,118.6,119.97,1.18,0.99%,0
8/03/2001,119.94,120.41,119.34,119.7,-0.27,-0.23%,0
9/03/2001,119.75,119.88,119.11,119.46,-0.24,-0.20%,0
12/03/2001,119.31,120.68,119.31,120.42,0.96,0.80%,0
13/03/2001,120.45,120.62,119.63,119.66,-0.76,-0.63%,0
14/03/2001,119.64,121.18,119.35,121.02,1.36,1.14%,0
15/03/2001,120.97,122.53,120.52,122.39,1.37,1.13%,0
16/03/2001,122.36,123.14,121.87,123.01,0.62,0.51%,0
19/03/2001,123.05,123.6,122.04,122.88,-0.13,-0.11%,0
20/03/2001,122.87,122.98,122.08,122.12,-0.76,-0.62%,0
21/03/2001,122.1,123.89,122.01,123.41,1.29,1.06%,0
22/03/2001,123.33,124.3,123.05,123.51,0.1,0.08%,0
23/03/2001,123.52,123.75,122.48,122.76,-0.75,-0.61%,0
26/03/2001,122.76,123.78,122.55,122.63,-0.13,-0.11%,0
27/03/2001,122.5,123.34,121.65,122.22,-0.41,-0.33%,0
28/03/2001,122.2,122.74,121.44,122.24,0.02,0.02%,0
29/03/2001,122.26,123.76,122.18,123.7,1.46,1.19%,0
30/03/2001,123.73,126.34,123.23,126.25,2.55,2.06%,0
2/04/2001,126.28,126.81,125.68,126.73,0.48,0.38%,0
3/04/2001,126.72,126.8,125.27,125.55,-1.18,-0.93%,0
4/04/2001,125.45,126.25,124.86,125.47,-0.08,-0.06%,0
5/04/2001,125.36,125.5,123.53,123.98,-1.49,-1.19%,0
6/04/2001,124,125.51,123.79,123.79,-0.19,-0.15%,0
9/04/2001,123.97,125.44,123.97,125,1.21,0.98%,0
10/04/2001,125.05,125.4,124.21,124.35,-0.65,-0.52%,0
11/04/2001,124.3,124.93,123.88,124.76,0.41,0.33%,0
12/04/2001,124.74,124.96,122.97,123.56,-1.2,-0.96%,0
13/04/2001,123.55,124.44,123.55,124.08,0.52,0.42%,0
16/04/2001,124.15,124.93,124.15,124.31,0.23,0.19%,0
17/04/2001,124.29,124.69,123.1,123.21,-1.1,-0.88%,0
18/04/2001,123.24,123.59,122.11,122.11,-1.1,-0.89%,0
19/04/2001,122.07,122.43,120.96,121.03,-1.08,-0.88%,0
20/04/2001,120.94,122.69,120.92,122.37,1.34,1.11%,0
23/04/2001,122.43,122.53,121.18,121.25,-1.12,-0.92%,0
24/04/2001,121.23,122.33,121.13,122.24,0.99,0.82%,0
25/04/2001,122.2,122.66,121.97,122.09,-0.15,-0.12%,0
26/04/2001,122.06,123.53,121.82,123.09,1,0.82%,0
27/04/2001,123.08,124.32,123.08,123.96,0.87,0.71%,0
30/04/2001,124.08,124.18,123.26,123.53,-0.43,-0.35%,0
1/05/2001,123.55,123.66,121.91,121.94,-1.59,-1.29%,0
2/05/2001,121.96,122.52,121.42,121.49,-0.45,-0.37%,0
3/05/2001,121.46,121.81,120.83,121.36,-0.13,-0.11%,0
4/05/2001,121.34,121.47,120.58,121.3,-0.06,-0.05%,0
7/05/2001,121.28,121.8,120.95,121.09,-0.21,-0.17%,0
8/05/2001,121.12,122.11,120.84,121.17,0.08,0.07%,0
9/05/2001,121.16,122.4,121.16,122.12,0.95,0.78%,0
10/05/2001,122.11,122.73,122.04,122.63,0.51,0.42%,0
11/05/2001,122.64,122.83,121.87,122.5,-0.13,-0.11%,0
14/05/2001,122.44,123.35,122.43,123.28,0.78,0.64%,0
15/05/2001,123.27,123.66,123.1,123.4,0.12,0.10%,0
16/05/2001,123.38,124.03,123.1,123.58,0.18,0.15%,0
17/05/2001,123.51,123.53,122.42,122.42,-1.16,-0.94%,0
18/05/2001,122.45,123.78,122.45,123.47,1.05,0.86%,0
21/05/2001,123.51,123.74,122.54,122.6,-0.87,-0.70%,0
22/05/2001,122.63,123.33,122.45,122.75,0.15,0.12%,0
23/05/2001,122.75,122.91,119.44,120.08,-2.67,-2.18%,0
24/05/2001,120.08,120.45,119.03,119.88,-0.2,-0.17%,0
25/05/2001,119.93,120.79,119.82,120.54,0.66,0.55%,0
28/05/2001,120.56,121.17,120.49,121.06,0.52,0.43%,0
29/05/2001,121.03,121.39,120,120.11,-0.95,-0.78%,0
30/05/2001,120.18,120.61,119.95,120.31,0.2,0.17%,0
31/05/2001,120.33,120.6,118.52,119.16,-1.15,-0.96%,0
1/06/2001,119.21,119.33,118.37,119.21,0.05,0.04%,0
4/06/2001,119.17,119.84,118.89,119.25,0.04,0.03%,0
5/06/2001,119.26,120.43,118.78,120.28,1.03,0.86%,0
6/06/2001,120.25,120.82,120.16,120.23,-0.05,-0.04%,0
7/06/2001,120.18,120.3,119.64,120.12,-0.11,-0.09%,0
8/06/2001,120.13,120.98,120.1,120.93,0.81,0.67%,0
11/06/2001,120.92,122.05,120.88,121.89,0.96,0.79%,0
12/06/2001,121.88,122.08,121.56,121.56,-0.33,-0.27%,0
13/06/2001,121.57,122.4,121.57,122.08,0.52,0.43%,0
14/06/2001,122.12,122.23,121.24,121.27,-0.81,-0.66%,0
15/06/2001,121.29,123.22,120.9,122.9,1.63,1.34%,0
18/06/2001,122.99,123.48,122.73,123.31,0.41,0.33%,0
19/06/2001,123.33,123.72,122.72,122.9,-0.41,-0.33%,0
20/06/2001,122.82,124.01,122.59,123.75,0.85,0.69%,0
21/06/2001,123.7,124.57,123.7,124.55,0.8,0.65%,0
22/06/2001,124.52,124.7,123.88,124.48,-0.07,-0.06%,0
25/06/2001,124.42,124.48,123.73,123.8,-0.68,-0.55%,0
26/06/2001,123.79,124.02,123.28,123.82,0.02,0.02%,0
27/06/2001,123.79,124.44,123.75,124.33,0.51,0.41%,0
28/06/2001,124.23,124.97,124.22,124.63,0.3,0.24%,0
29/06/2001,124.66,124.88,123.8,124.72,0.09,0.07%,0
2/07/2001,124.69,124.98,124.21,124.22,-0.5,-0.40%,0
3/07/2001,124.11,124.57,123.69,124.38,0.16,0.13%,0
4/07/2001,124.38,125.03,124.26,124.47,0.09,0.07%,0
5/07/2001,124.45,125.78,124.42,125.68,1.21,0.97%,0
6/07/2001,125.67,126.12,125.48,125.8,0.12,0.10%,0
9/07/2001,125.81,125.97,125.23,125.23,-0.57,-0.45%,0
10/07/2001,125.25,125.86,125.22,125.32,0.09,0.07%,0
11/07/2001,125.3,125.75,123.89,124.33,-0.99,-0.79%,0
12/07/2001,124.33,124.5,123.55,123.77,-0.56,-0.45%,0
13/07/2001,123.79,125,123.79,124.85,1.08,0.87%,0
16/07/2001,124.82,125.49,124.75,125.43,0.58,0.46%,0
17/07/2001,125.54,125.64,124.78,124.89,-0.54,-0.43%,0
18/07/2001,124.86,125.43,123.82,123.85,-1.04,-0.83%,0
19/07/2001,123.86,124.15,123.25,123.3,-0.55,-0.44%,0
20/07/2001,123.28,123.76,122.74,122.96,-0.34,-0.28%,0
23/07/2001,123.05,124.47,123.01,124.42,1.46,1.19%,0
24/07/2001,124.42,124.48,123.89,124.06,-0.36,-0.29%,0
25/07/2001,124.03,124.45,123.45,123.62,-0.44,-0.35%,0
26/07/2001,123.61,124.05,123.19,123.67,0.05,0.04%,0
27/07/2001,123.71,124.09,123.25,123.49,-0.18,-0.15%,0
30/07/2001,123.47,125.34,123.26,125.13,1.64,1.33%,0
31/07/2001,125.16,125.25,124.68,125.05,-0.08,-0.06%,0
1/08/2001,125.07,125.23,124.49,124.62,-0.43,-0.34%,0
2/08/2001,124.61,124.7,123.61,123.67,-0.95,-0.76%,0
3/08/2001,123.66,124,123.35,123.61,-0.06,-0.05%,0
6/08/2001,123.61,124.25,123.61,123.92,0.31,0.25%,0
7/08/2001,123.9,124.14,123.45,123.59,-0.33,-0.27%,0
8/08/2001,123.6,123.68,122.84,123.57,-0.02,-0.02%,0
9/08/2001,123.57,123.95,121.39,121.78,-1.79,-1.45%,0
10/08/2001,121.78,122.6,121.75,121.98,0.2,0.16%,0
13/08/2001,122,122.54,121.43,122.46,0.48,0.39%,0
14/08/2001,122.47,123.15,121.24,121.78,-0.68,-0.56%,0
15/08/2001,121.77,121.92,119.11,119.56,-2.22,-1.82%,0
16/08/2001,119.54,120.35,119.27,120.29,0.73,0.61%,0
17/08/2001,120.37,120.77,120.08,120.2,-0.09,-0.07%,0
20/08/2001,120.25,120.84,120.13,120.72,0.52,0.43%,0
21/08/2001,120.73,120.93,119.54,119.57,-1.15,-0.95%,0
22/08/2001,119.56,120.55,119.39,120.39,0.82,0.69%,0
23/08/2001,120.35,120.67,119.65,119.82,-0.57,-0.47%,0
24/08/2001,119.82,120.35,119.58,120.09,0.27,0.23%,0
27/08/2001,120.07,120.48,119.84,119.84,-0.25,-0.21%,0
28/08/2001,119.89,120.79,119.7,120.02,0.18,0.15%,0
29/08/2001,120.04,120.29,119.13,120.17,0.15,0.12%,0
30/08/2001,120.15,120.28,119.23,119.4,-0.77,-0.64%,0
31/08/2001,119.38,119.55,118.54,118.73,-0.67,-0.56%,0
3/09/2001,118.9,119.28,118.63,118.74,0.01,0.01%,0
4/09/2001,118.65,119.63,118.62,119.23,0.49,0.41%,0
5/09/2001,119.21,120.87,119.21,120.73,1.5,1.26%,0
6/09/2001,120.71,121.5,120.65,120.94,0.21,0.17%,0
7/09/2001,120.93,121.41,119.8,120.1,-0.84,-0.69%,0
10/09/2001,120.03,121.13,119.79,120.95,0.85,0.71%,0
11/09/2001,120.97,122.05,118.55,119.17,-1.78,-1.47%,0
12/09/2001,119.28,119.83,118.67,119.48,0.31,0.26%,0
13/09/2001,119.5,119.75,118.64,118.86,-0.62,-0.52%,0
14/09/2001,118.86,119.19,116.96,117.34,-1.52,-1.28%,0
17/09/2001,117.4,118.38,116.79,117.7,0.36,0.31%,0
18/09/2001,117.82,118.17,117.12,117.25,-0.45,-0.38%,0
19/09/2001,117.26,118.13,117.14,117.65,0.4,0.34%,0
20/09/2001,117.57,117.65,115.84,116.26,-1.39,-1.18%,0
21/09/2001,116.28,117.48,116.08,116.6,0.34,0.29%,0
24/09/2001,116.61,117.62,116.34,117.51,0.91,0.78%,0
25/09/2001,117.5,117.78,117,117.52,0.01,0.01%,0
26/09/2001,117.49,118.08,117.1,117.71,0.19,0.16%,0
27/09/2001,117.7,120.03,117.67,119.65,1.94,1.65%,0
28/09/2001,119.69,119.75,118.73,119.41,-0.24,-0.20%,0
1/10/2001,119.35,120.43,119.3,120.19,0.78,0.65%,0
2/10/2001,120.2,121.11,120.06,120.77,0.58,0.48%,0
3/10/2001,120.7,121.45,120.42,120.63,-0.14,-0.12%,0
4/10/2001,120.61,120.84,120.1,120.47,-0.16,-0.13%,0
5/10/2001,120.46,120.66,119.9,120.53,0.06,0.05%,0
8/10/2001,120.36,120.36,119.57,119.88,-0.65,-0.54%,0
9/10/2001,119.75,120.34,119.72,120.11,0.23,0.19%,0
10/10/2001,120.11,120.58,119.73,120.38,0.27,0.22%,0
11/10/2001,120.35,121.68,120.07,121.4,1.02,0.85%,0
12/10/2001,121.38,121.74,120.68,121.14,-0.26,-0.21%,0
15/10/2001,120.84,121.14,120.45,120.83,-0.31,-0.26%,0
16/10/2001,120.81,121.89,120.58,121.28,0.45,0.37%,0
17/10/2001,121.27,121.79,120.73,121.26,-0.02,-0.02%,0
18/10/2001,121.19,121.48,120.69,121.1,-0.16,-0.13%,0
19/10/2001,121.06,121.33,120.79,121.23,0.13,0.11%,0
22/10/2001,121.14,122.58,121.13,122.46,1.23,1.01%,0
23/10/2001,122.38,123.05,122.2,122.57,0.11,0.09%,0
24/10/2001,122.65,122.96,122.28,122.79,0.22,0.18%,0
25/10/2001,122.76,123.36,122.42,122.88,0.09,0.07%,0
26/10/2001,122.88,123.25,122.38,122.7,-0.18,-0.15%,0
29/10/2001,122.68,122.8,121.82,121.96,-0.74,-0.60%,0
30/10/2001,121.89,122.13,121.54,121.97,0.01,0.01%,0
31/10/2001,121.93,122.63,121.6,122.41,0.44,0.36%,0
1/11/2001,122.42,122.52,121.32,122,-0.41,-0.33%,0
2/11/2001,122.02,122.02,121.38,121.7,-0.3,-0.25%,0
5/11/2001,121.57,122.11,121.54,121.74,0.04,0.03%,0
6/11/2001,121.64,121.67,120.93,121.18,-0.56,-0.46%,0
7/11/2001,121.18,121.25,120.68,120.92,-0.26,-0.21%,0
8/11/2001,121.03,121.37,119.75,120.14,-0.78,-0.65%,0
9/11/2001,120.07,120.53,119.98,120.39,0.25,0.21%,0
12/11/2001,120.4,120.83,119.67,120.44,0.05,0.04%,0
13/11/2001,120.5,121.78,120.36,121.67,1.23,1.02%,0
14/11/2001,121.62,122,121.35,121.58,-0.09,-0.07%,0
15/11/2001,121.53,122.49,121.45,122.31,0.73,0.60%,0
16/11/2001,122.3,122.94,121.95,122.93,0.62,0.51%,0
19/11/2001,122.72,123.49,122.7,123.27,0.34,0.28%,0
20/11/2001,123.22,123.25,122.49,122.58,-0.69,-0.56%,0
21/11/2001,122.6,123.4,122.5,123.11,0.53,0.43%,0
22/11/2001,123.18,124.03,122.99,123.91,0.8,0.65%,0
23/11/2001,123.96,124.46,123.73,124.33,0.42,0.34%,0
26/11/2001,124.41,124.46,123.84,124.12,-0.21,-0.17%,0
27/11/2001,124.01,124.56,123.73,123.99,-0.13,-0.10%,0
28/11/2001,123.97,124.01,123.05,123.06,-0.93,-0.75%,0
29/11/2001,123.09,123.93,122.87,123.76,0.7,0.57%,0
30/11/2001,123.84,124.15,122.83,123.52,-0.24,-0.19%,0
3/12/2001,123.35,124.05,123.26,123.99,0.47,0.38%,0
4/12/2001,124.09,124.38,123.65,124.16,0.17,0.14%,0
5/12/2001,124.18,124.52,124.02,124.24,0.08,0.06%,0
6/12/2001,124.15,124.93,123.75,124.76,0.52,0.42%,0
7/12/2001,124.59,125.76,124.49,125.54,0.78,0.63%,0
10/12/2001,125.57,126.4,125.51,126.18,0.64,0.51%,0
11/12/2001,126.03,126.29,125.72,126.2,0.02,0.02%,0
12/12/2001,126.01,126.57,125.51,126.2,0,0.00%,0
13/12/2001,125.98,126.63,125.87,126.21,0.01,0.01%,0
14/12/2001,126.08,127.93,125.99,127.3,1.09,0.86%,0
17/12/2001,127.29,128.03,127.13,127.51,0.21,0.16%,0
18/12/2001,127.54,128.43,127.49,127.81,0.3,0.24%,0
19/12/2001,127.88,128.43,127.62,128.1,0.29,0.23%,0
20/12/2001,128.16,128.87,127.91,128.57,0.47,0.37%,0
21/12/2001,128.85,129.69,128.71,129.65,1.08,0.84%,0
24/12/2001,129.58,129.99,129.33,129.81,0.16,0.12%,0
25/12/2001,129.83,130.95,129.75,130.88,1.07,0.82%,0
26/12/2001,130.89,130.99,130.41,130.79,-0.09,-0.07%,0
27/12/2001,130.84,132.08,130.78,131.54,0.75,0.57%,0
28/12/2001,131.7,131.89,130.75,131.2,-0.34,-0.26%,0
31/12/2001,131.29,131.64,130.63,131.56,0.36,0.27%,0
2/01/2002,131.65,132.26,131.29,132.12,0.56,0.43%,0
3/01/2002,132.12,132.24,131.39,131.71,-0.41,-0.31%,0
4/01/2002,131.81,131.85,130.71,130.98,-0.73,-0.55%,0
7/01/2002,130.95,131.6,130.41,131.03,0.05,0.04%,0
8/01/2002,131.09,132.84,131.01,132.71,1.68,1.28%,0
9/01/2002,132.85,133.37,132.22,132.67,-0.04,-0.03%,0
10/01/2002,133.17,133.24,132.01,132.69,0.02,0.02%,0
11/01/2002,132.39,132.55,131.59,131.94,-0.75,-0.57%,0
14/01/2002,132.08,132.15,131.5,131.91,-0.03,-0.02%,0
15/01/2002,132.01,132.07,130.9,131.31,-0.6,-0.45%,0
16/01/2002,131.11,132.1,130.96,131.85,0.54,0.41%,0
17/01/2002,132.09,132.65,131.81,132.55,0.7,0.53%,0
18/01/2002,132.55,133.03,132.4,132.58,0.03,0.02%,0
21/01/2002,132.68,132.76,132.04,132.57,-0.01,-0.01%,0
22/01/2002,132.74,134.47,132.64,133.88,1.31,0.99%,0
23/01/2002,133.82,134.6,133.5,134.44,0.56,0.42%,0
24/01/2002,134.61,134.83,134.1,134.82,0.38,0.28%,0
25/01/2002,134.71,134.95,134.1,134.39,-0.43,-0.32%,0
28/01/2002,134.79,134.95,133.24,133.48,-0.91,-0.68%,0
29/01/2002,133.52,133.74,132.95,133.44,-0.04,-0.03%,0
30/01/2002,133.4,133.66,132.36,132.82,-0.62,-0.46%,0
31/01/2002,132.89,135.14,132.63,135.02,2.2,1.66%,0
1/02/2002,134.64,135.04,133.08,133.2,-1.82,-1.35%,0
4/02/2002,133.1,133.48,131.99,132.31,-0.89,-0.67%,0
5/02/2002,132.35,134.29,131.9,133.85,1.54,1.16%,0
6/02/2002,133.96,134.38,133.36,133.68,-0.17,-0.13%,0
7/02/2002,133.68,134.15,133.38,133.52,-0.16,-0.12%,0
8/02/2002,133.82,135,133.53,134.62,1.1,0.82%,0
11/02/2002,134.92,135.01,133.36,133.44,-1.18,-0.88%,0
12/02/2002,133.42,133.71,132.45,132.61,-0.83,-0.62%,0
13/02/2002,132.65,133.43,132.17,133.37,0.76,0.57%,0
14/02/2002,133.28,133.35,131.99,132.08,-1.29,-0.97%,0
15/02/2002,132.14,133.22,131.85,132.61,0.53,0.40%,0
18/02/2002,132.71,132.99,132.4,132.72,0.11,0.08%,0
19/02/2002,132.69,133.99,132.62,133.6,0.88,0.66%,0
20/02/2002,133.53,133.94,133,133.72,0.12,0.09%,0
21/02/2002,133.76,134.49,133.43,134.15,0.43,0.32%,0
22/02/2002,134.2,134.48,133.55,134.01,-0.14,-0.10%,0
25/02/2002,134.1,134.2,133.65,133.95,-0.06,-0.04%,0
26/02/2002,133.87,134.71,133.69,134.56,0.61,0.46%,0
27/02/2002,134.67,134.98,134.12,134.29,-0.27,-0.20%,0
28/02/2002,134.27,134.41,133.47,133.67,-0.62,-0.46%,0
1/03/2002,133.37,133.88,133.11,133.28,-0.39,-0.29%,0
4/03/2002,133.54,133.58,131.86,132.28,-1,-0.75%,0
5/03/2002,132.06,132.58,131.59,132.21,-0.07,-0.05%,0
6/03/2002,132.23,132.47,130.81,130.89,-1.32,-1.00%,0
7/03/2002,130.68,130.89,126.4,127.2,-3.69,-2.82%,0
8/03/2002,127.56,128.73,127.32,128.59,1.39,1.09%,0
11/03/2002,128.6,129.19,127.78,128.27,-0.32,-0.25%,0
12/03/2002,128.33,129.13,127.99,128.85,0.58,0.45%,0
13/03/2002,129.03,129.63,129.01,129.45,0.6,0.47%,0
14/03/2002,129.47,129.57,128.24,129.28,-0.17,-0.13%,0
15/03/2002,129.16,129.46,128.88,129.07,-0.21,-0.16%,0
18/03/2002,129.16,131.54,129.15,131.32,2.25,1.74%,0
19/03/2002,131.31,132.48,130.89,132.03,0.71,0.54%,0
20/03/2002,132.09,132.42,131.29,131.54,-0.49,-0.37%,0
21/03/2002,131.39,132.26,131.26,131.96,0.42,0.32%,0
22/03/2002,132.09,132.93,131.98,132.87,0.91,0.69%,0
25/03/2002,132.89,133.49,132.68,133.34,0.47,0.35%,0
26/03/2002,133.34,133.46,132.31,132.89,-0.45,-0.34%,0
27/03/2002,133.02,133.28,132.33,132.72,-0.17,-0.13%,0
28/03/2002,132.63,132.86,132.18,132.61,-0.11,-0.08%,0
29/03/2002,132.73,132.73,132.73,132.73,0.12,0.09%,0
1/04/2002,132.8,133.84,132.76,133.41,0.68,0.51%,0
2/04/2002,133.47,133.62,132.88,133.39,-0.02,-0.01%,0
3/04/2002,133.22,133.29,132.38,132.67,-0.72,-0.54%,0
4/04/2002,132.72,133.11,131.61,132.2,-0.47,-0.35%,0
5/04/2002,132.34,132.43,131.32,131.72,-0.48,-0.36%,0
8/04/2002,131.75,131.88,131.14,131.49,-0.23,-0.17%,0
9/04/2002,131.7,131.9,130.76,130.82,-0.67,-0.51%,0
10/04/2002,130.65,130.88,130.24,130.65,-0.17,-0.13%,0
11/04/2002,130.7,131.84,130.64,131.5,0.85,0.65%,0
12/04/2002,131.49,132.25,131.32,131.95,0.45,0.34%,0
15/04/2002,131.98,132.39,131.35,131.92,-0.03,-0.02%,0
16/04/2002,132.15,132.2,130.9,131.14,-0.78,-0.59%,0
17/04/2002,131.2,131.29,130.44,130.78,-0.36,-0.27%,0
18/04/2002,130.71,130.77,129.58,129.89,-0.89,-0.68%,0
19/04/2002,130.01,130.64,129.9,130.36,0.47,0.36%,0
22/04/2002,130.5,130.71,129.66,129.97,-0.39,-0.30%,0
23/04/2002,130.03,130.29,129.76,130.15,0.18,0.14%,0
24/04/2002,130.2,130.43,129.45,129.51,-0.64,-0.49%,0
25/04/2002,129.6,129.69,128.18,128.56,-0.95,-0.73%,0
26/04/2002,128.7,128.9,127.79,127.88,-0.68,-0.53%,0
29/04/2002,127.93,128.27,127.66,128.08,0.2,0.16%,0
30/04/2002,127.97,128.65,127.74,128.55,0.47,0.37%,0
1/05/2002,128.55,128.67,127.16,127.45,-1.1,-0.86%,0
2/05/2002,127.45,128.13,126.98,127.94,0.49,0.38%,0
3/05/2002,127.9,128.02,126.86,126.99,-0.95,-0.74%,0
6/05/2002,127.03,127.51,126.9,127.28,0.29,0.23%,0
7/05/2002,127.18,128.35,126.79,127.97,0.69,0.54%,0
8/05/2002,128.04,128.8,127.87,128.77,0.8,0.63%,0
9/05/2002,128.88,129.07,128.13,128.37,-0.4,-0.31%,0
10/05/2002,128.32,128.7,127.51,127.56,-0.81,-0.63%,0
13/05/2002,127.68,127.85,127.21,127.76,0.2,0.16%,0
14/05/2002,127.8,128.79,127.72,128.57,0.81,0.63%,0
15/05/2002,128.54,128.64,127.61,127.72,-0.85,-0.66%,0
16/05/2002,127.67,128.42,127.37,128.18,0.46,0.36%,0
17/05/2002,128.15,128.19,125.55,125.81,-2.37,-1.85%,0
20/05/2002,125.99,126.21,125.18,125.35,-0.46,-0.37%,0
21/05/2002,125.31,126.07,123.75,124.1,-1.25,-1.00%,0
22/05/2002,124.18,125.06,123.53,124.21,0.11,0.09%,0
23/05/2002,124.19,125.33,123.88,124.96,0.75,0.60%,0
24/05/2002,125.11,125.28,124.63,124.72,-0.24,-0.19%,0
27/05/2002,124.79,125.05,124.67,124.74,0.02,0.02%,0
28/05/2002,124.85,124.93,124.33,124.47,-0.27,-0.22%,0
29/05/2002,124.59,124.69,124.15,124.32,-0.15,-0.12%,0
30/05/2002,124.36,124.4,122.8,123.21,-1.11,-0.89%,0
31/05/2002,123.38,124.51,123.02,124.27,1.06,0.86%,0
3/06/2002,124.26,124.47,123.63,123.79,-0.48,-0.39%,0
4/06/2002,123.6,124.37,123.29,123.93,0.14,0.11%,0
5/06/2002,124.13,124.71,123.92,124.46,0.53,0.43%,0
6/06/2002,124.37,125.04,123.81,124.24,-0.22,-0.18%,0
7/06/2002,124.15,124.65,124.05,124.43,0.19,0.15%,0
10/06/2002,124.43,124.93,124.32,124.69,0.26,0.21%,0
11/06/2002,124.78,125.78,124.44,125.32,0.63,0.51%,0
12/06/2002,125.33,125.88,125.22,125.67,0.35,0.28%,0
13/06/2002,125.7,125.9,124.83,124.97,-0.7,-0.56%,0
14/06/2002,124.89,125.12,123.95,124.08,-0.89,-0.71%,0
17/06/2002,124.25,124.51,124.06,124.44,0.36,0.29%,0
18/06/2002,124.28,124.82,124.25,124.33,-0.11,-0.09%,0
19/06/2002,124.33,124.37,123.66,123.81,-0.52,-0.42%,0
20/06/2002,123.87,124.21,123.26,123.38,-0.43,-0.35%,0
21/06/2002,123.54,123.7,120.84,121.47,-1.91,-1.55%,0
24/06/2002,121.78,122.8,121.01,121.71,0.24,0.20%,0
25/06/2002,121.69,121.99,121.39,121.5,-0.21,-0.17%,0
26/06/2002,121.38,121.45,118.95,119.72,-1.78,-1.47%,0
27/06/2002,120.05,120.28,119.18,119.43,-0.29,-0.24%,0
28/06/2002,119.66,120.26,118.4,119.54,0.11,0.09%,0
1/07/2002,119.75,120.17,119.31,120.06,0.52,0.44%,0
2/07/2002,119.74,120.73,119.69,120.19,0.13,0.11%,0
3/07/2002,119.85,120.57,119.66,119.72,-0.47,-0.39%,0
4/07/2002,119.79,120.43,119.75,119.99,0.27,0.23%,0
5/07/2002,120.13,120.64,119.89,120.21,0.22,0.18%,0
8/07/2002,119.95,120.18,118.44,118.56,-1.65,-1.37%,0
9/07/2002,118.51,118.95,117.75,117.9,-0.66,-0.56%,0
10/07/2002,118.11,118.31,117.38,117.63,-0.27,-0.23%,0
11/07/2002,117.67,117.9,116.51,116.83,-0.8,-0.68%,0
12/07/2002,117.11,117.21,116.5,116.74,-0.09,-0.08%,0
15/07/2002,117.19,117.19,115.66,116.35,-0.39,-0.33%,0
16/07/2002,116.33,116.43,115.54,116.07,-0.28,-0.24%,0
17/07/2002,115.82,116.73,115.65,116.27,0.2,0.17%,0
18/07/2002,116.33,117.29,116.25,116.68,0.41,0.35%,0
19/07/2002,116.51,116.64,115.6,115.66,-1.02,-0.87%,0
22/07/2002,115.95,116.67,115.79,116.27,0.61,0.53%,0
23/07/2002,116.2,117.91,116.18,117.58,1.31,1.13%,0
24/07/2002,117.56,117.58,115.92,116.75,-0.83,-0.71%,0
25/07/2002,116.63,117.04,116.19,116.43,-0.32,-0.27%,0
26/07/2002,116.48,119.03,116.44,118.88,2.45,2.10%,0
29/07/2002,118.97,120,118.53,119.73,0.85,0.72%,0
30/07/2002,119.62,120.28,119.28,120.19,0.46,0.38%,0
31/07/2002,120.22,120.4,119.48,119.84,-0.35,-0.29%,0
1/08/2002,119.85,120.33,119.05,119.35,-0.49,-0.41%,0
2/08/2002,119.19,119.33,118.76,118.86,-0.49,-0.41%,0
5/08/2002,118.85,119.79,118.66,119.7,0.84,0.71%,0
6/08/2002,119.68,121.21,119.52,120.76,1.06,0.89%,0
7/08/2002,120.79,121.08,120.03,120.27,-0.49,-0.41%,0
8/08/2002,120.16,121.14,120.01,120.99,0.72,0.60%,0
9/08/2002,120.99,121.33,120.05,120.13,-0.86,-0.71%,0
12/08/2002,120.19,120.22,118.8,118.99,-1.14,-0.95%,0
13/08/2002,118.96,119.26,118.76,118.8,-0.19,-0.16%,0
14/08/2002,118.37,118.4,116.33,117.32,-1.48,-1.25%,0
15/08/2002,117.37,117.85,116.91,117.36,0.04,0.03%,0
16/08/2002,117.37,117.88,117.13,117.75,0.39,0.33%,0
19/08/2002,117.59,118.72,117.46,118.53,0.78,0.66%,0
20/08/2002,118.64,119.26,118.43,118.8,0.27,0.23%,0
21/08/2002,118.81,118.86,117.77,118.51,-0.29,-0.24%,0
22/08/2002,118.52,119.98,118.44,119.98,1.47,1.24%,0
23/08/2002,119.88,120.28,119.48,119.61,-0.37,-0.31%,0
26/08/2002,119.54,119.88,119.35,119.71,0.1,0.08%,0
27/08/2002,119.75,119.89,117.98,118.2,-1.51,-1.26%,0
28/08/2002,118.26,118.73,117.94,118.68,0.48,0.41%,0
29/08/2002,118.87,119.07,117.5,118.2,-0.48,-0.40%,0
30/08/2002,118.3,118.75,117.76,118.44,0.24,0.20%,0
2/09/2002,118.5,118.8,117.96,118.1,-0.34,-0.29%,0
3/09/2002,118.14,118.17,116.87,117.07,-1.03,-0.87%,0
4/09/2002,116.96,118.35,116.94,118.02,0.95,0.81%,0
5/09/2002,118.03,118.51,117.36,118.29,0.27,0.23%,0
6/09/2002,118.35,118.88,117.99,118.46,0.17,0.14%,0
9/09/2002,118.58,119.29,118.24,118.89,0.43,0.36%,0
10/09/2002,118.9,120.11,118.36,119.93,1.04,0.87%,0
11/09/2002,119.8,120.69,119.65,120.31,0.38,0.32%,0
12/09/2002,120.31,120.67,119.78,120.1,-0.21,-0.17%,0
13/09/2002,120.1,122.26,119.47,121.85,1.75,1.46%,0
16/09/2002,121.89,122.46,121.7,122.32,0.47,0.39%,0
17/09/2002,122.23,123.41,121.96,122.13,-0.19,-0.16%,0
18/09/2002,122.05,122.93,121.38,121.67,-0.46,-0.38%,0
19/09/2002,121.54,121.93,120.94,121.27,-0.4,-0.33%,0
20/09/2002,121.35,123.72,121.29,123.45,2.18,1.80%,0
23/09/2002,123.55,124.21,122.9,123.96,0.51,0.41%,0
24/09/2002,123.9,124.03,122.96,123.3,-0.66,-0.53%,0
25/09/2002,123.33,123.41,122.04,122.81,-0.49,-0.40%,0
26/09/2002,122.87,123.06,121.87,122.24,-0.57,-0.46%,0
27/09/2002,122.07,123.22,122.01,122.54,0.3,0.25%,0
30/09/2002,122.64,122.81,121.12,121.79,-0.75,-0.61%,0
1/10/2002,121.79,122.78,121.63,122.48,0.69,0.57%,0
2/10/2002,122.63,123.35,122.56,122.84,0.36,0.29%,0
3/10/2002,122.87,123.11,122.4,122.72,-0.12,-0.10%,0
4/10/2002,122.63,123.31,122.33,123.26,0.54,0.44%,0
7/10/2002,123.28,124.44,123.07,124.21,0.95,0.77%,0
8/10/2002,124.34,124.6,123.97,124.33,0.12,0.10%,0
9/10/2002,124.28,124.38,123.18,123.28,-1.05,-0.84%,0
10/10/2002,123.27,123.73,123.03,123.69,0.41,0.33%,0
11/10/2002,123.65,124.46,123.4,124.06,0.37,0.30%,0
14/10/2002,124.11,124.35,123.81,124.31,0.25,0.20%,0
15/10/2002,124.33,124.97,124.21,124.68,0.37,0.30%,0
16/10/2002,124.67,124.99,123.93,124.45,-0.23,-0.18%,0
17/10/2002,124.49,125.15,124.07,124.92,0.47,0.38%,0
18/10/2002,125.07,125.58,124.95,125.5,0.58,0.46%,0
21/10/2002,125.45,125.64,124.53,124.92,-0.58,-0.46%,0
22/10/2002,124.92,125.45,124.71,125.08,0.16,0.13%,0
23/10/2002,125.17,125.26,123.85,124.56,-0.52,-0.42%,0
24/10/2002,124.59,124.86,123.91,124.43,-0.13,-0.10%,0
25/10/2002,124.45,124.67,123.63,124.23,-0.2,-0.16%,0
28/10/2002,124.28,124.99,123.54,123.6,-0.63,-0.51%,0
29/10/2002,123.53,123.75,122.35,123.16,-0.44,-0.36%,0
30/10/2002,123.08,123.21,122.54,122.93,-0.23,-0.19%,0
31/10/2002,122.93,123.2,122.39,122.52,-0.41,-0.33%,0
1/11/2002,122.46,122.82,121.64,122.15,-0.37,-0.30%,0
4/11/2002,122.2,122.58,122.13,122.22,0.07,0.06%,0
5/11/2002,122.19,122.28,121.39,121.85,-0.37,-0.30%,0
6/11/2002,121.82,122.65,121.67,121.86,0.01,0.01%,0
7/11/2002,121.71,121.94,121.1,121.16,-0.7,-0.57%,0
8/11/2002,121.16,121.35,119.56,119.78,-1.38,-1.14%,0
11/11/2002,119.97,120.08,119.11,119.56,-0.22,-0.18%,0
12/11/2002,119.68,119.87,119.3,119.69,0.13,0.11%,0
13/11/2002,119.57,120.31,119.5,120.09,0.4,0.33%,0
14/11/2002,120,120.68,119.66,120.48,0.39,0.32%,0
15/11/2002,120.45,120.9,120.26,120.5,0.02,0.02%,0
18/11/2002,120.4,121.29,120.3,121.01,0.51,0.42%,0
19/11/2002,121.01,122.5,120.82,122.18,1.17,0.97%,0
20/11/2002,122.29,122.69,122.17,122.59,0.41,0.34%,0
21/11/2002,122.74,122.94,121.93,122.65,0.06,0.05%,0
22/11/2002,122.61,122.96,122.47,122.89,0.24,0.20%,0
25/11/2002,123.07,123.18,121.76,122.13,-0.76,-0.62%,0
26/11/2002,122.13,122.18,121.54,121.58,-0.55,-0.45%,0
27/11/2002,121.71,122.43,121.35,122.33,0.75,0.62%,0
28/11/2002,122.33,122.44,121.99,122.19,-0.14,-0.11%,0
29/11/2002,122.29,122.76,122.18,122.57,0.38,0.31%,0
2/12/2002,122.58,125.01,122.55,124.54,1.97,1.61%,0
3/12/2002,124.46,124.82,124.21,124.56,0.02,0.02%,0
4/12/2002,124.35,125,124.17,124.55,-0.01,-0.01%,0
5/12/2002,124.57,125.69,124.42,124.82,0.27,0.22%,0
6/12/2002,124.95,125.5,122.53,123.53,-1.29,-1.03%,0
9/12/2002,123.34,123.53,122.45,123.32,-0.21,-0.17%,0
10/12/2002,123.37,123.83,123.08,123.77,0.45,0.36%,0
11/12/2002,123.76,124.05,123.11,123.63,-0.14,-0.11%,0
12/12/2002,123.6,123.86,122.5,122.69,-0.94,-0.76%,0
13/12/2002,122.58,122.85,120.33,120.49,-2.2,-1.79%,0
16/12/2002,120.66,121.46,120.43,121.38,0.89,0.74%,0
17/12/2002,121.39,121.51,120.22,121.26,-0.12,-0.10%,0
18/12/2002,121.3,121.68,120.88,121.14,-0.12,-0.10%,0
19/12/2002,120.98,121.24,120.4,120.44,-0.7,-0.58%,0
20/12/2002,120.59,120.99,120.33,120.4,-0.04,-0.03%,0
23/12/2002,120.4,120.78,119.83,120.43,0.03,0.02%,0
24/12/2002,120.43,120.51,119.99,120.33,-0.1,-0.08%,0
26/12/2002,120.31,120.42,119.95,119.96,-0.37,-0.31%,0
27/12/2002,119.96,120.18,119.83,119.88,-0.08,-0.07%,0
30/12/2002,119.88,120.01,118.31,118.49,-1.39,-1.16%,0
31/12/2002,118.5,118.83,118.39,118.79,0.3,0.25%,0
2/01/2003,118.79,120.19,118.66,120.1,1.31,1.10%,0
3/01/2003,120.09,120.28,119.62,119.69,-0.41,-0.34%,0
6/01/2003,119.81,119.88,118.55,119.22,-0.47,-0.39%,0
7/01/2003,119.21,120.58,119.18,120.43,1.21,1.01%,0
8/01/2003,120.5,120.5,118.68,119.08,-1.35,-1.12%,0
9/01/2003,119.13,119.58,118.75,119.32,0.24,0.20%,0
10/01/2003,119.4,120.04,119.11,119.26,-0.06,-0.05%,0
13/01/2003,119.18,119.44,118.76,118.95,-0.31,-0.26%,0
14/01/2003,119.01,119.15,117.64,118.09,-0.86,-0.72%,0
15/01/2003,118.16,118.64,117.82,118.12,0.03,0.03%,0
16/01/2003,118.09,118.32,117.68,117.87,-0.25,-0.21%,0
17/01/2003,117.8,118.17,117.47,117.74,-0.13,-0.11%,0
20/01/2003,118.01,118.31,117.88,118.02,0.28,0.24%,0
21/01/2003,118.02,119.12,117.99,118.16,0.14,0.12%,0
22/01/2003,118.15,118.52,117.97,118.28,0.12,0.10%,0
23/01/2003,118.3,118.83,117.67,118.09,-0.19,-0.16%,0
24/01/2003,118.08,118.18,117.56,117.79,-0.3,-0.25%,0
27/01/2003,117.84,119.29,117.57,118.49,0.7,0.59%,0
28/01/2003,118.53,118.94,118.35,118.65,0.16,0.14%,0
29/01/2003,118.76,118.78,117.88,118.4,-0.25,-0.21%,0
30/01/2003,118.36,119.48,118.35,119.04,0.64,0.54%,0
31/01/2003,118.96,120.05,118.87,119.94,0.9,0.76%,0
3/02/2003,119.88,120.92,119.82,120.26,0.32,0.27%,0
4/02/2003,120.28,120.57,119.63,119.72,-0.54,-0.45%,0
5/02/2003,119.68,120.33,119.07,120.02,0.3,0.25%,0
6/02/2003,120.03,120.25,119.59,119.85,-0.17,-0.14%,0
7/02/2003,119.79,120.43,119.59,120.28,0.43,0.36%,0
10/02/2003,120.39,121.39,120.26,121.23,0.95,0.79%,0
11/02/2003,121.31,121.76,120.93,120.94,-0.29,-0.24%,0
12/02/2003,121.08,121.46,120.49,121.31,0.37,0.31%,0
13/02/2003,121.4,121.5,120.24,120.65,-0.66,-0.54%,0
14/02/2003,120.56,120.82,120.14,120.35,-0.3,-0.25%,0
17/02/2003,120.46,120.79,120,120.16,-0.19,-0.16%,0
18/02/2003,119.6,119.6,118.71,119.01,-1.15,-0.96%,0
19/02/2003,119.07,119.19,118.58,118.75,-0.26,-0.22%,0
20/02/2003,118.72,119.07,118.13,118.39,-0.36,-0.30%,0
21/02/2003,118.33,118.9,118.21,118.69,0.3,0.25%,0
24/02/2003,118.8,118.92,117.61,117.9,-0.79,-0.67%,0
25/02/2003,117.88,118.22,117.02,117.33,-0.57,-0.48%,0
26/02/2003,117.36,117.63,117.05,117.08,-0.25,-0.21%,0
27/02/2003,117.18,117.8,116.84,117.62,0.54,0.46%,0
28/02/2003,117.73,118.27,117.62,118.16,0.54,0.46%,0
3/03/2003,118.18,118.29,117.13,117.57,-0.59,-0.50%,0
4/03/2003,117.61,118.09,117.46,117.91,0.34,0.29%,0
5/03/2003,117.6,117.62,117.04,117.34,-0.57,-0.48%,0
6/03/2003,117.24,117.59,117.17,117.41,0.07,0.06%,0
7/03/2003,117.38,117.47,116.35,117.1,-0.31,-0.26%,0
10/03/2003,117.09,117.14,116.43,116.82,-0.28,-0.24%,0
11/03/2003,116.85,117.3,116.68,117.15,0.33,0.28%,0
12/03/2003,117.1,117.53,117.02,117.39,0.24,0.20%,0
13/03/2003,117.38,118.72,117.35,118.67,1.28,1.09%,0
14/03/2003,118.57,118.78,118.05,118.28,-0.39,-0.33%,0
17/03/2003,118.13,118.68,117.58,118.54,0.26,0.22%,0
18/03/2003,118.55,119.18,118.48,118.85,0.31,0.26%,0
19/03/2003,118.83,120.63,118.57,120.52,1.67,1.41%,0
20/03/2003,120.4,120.49,119.75,120.27,-0.25,-0.21%,0
21/03/2003,120.29,121.88,120.19,121.64,1.37,1.14%,0
24/03/2003,121.07,121.32,120.38,120.79,-0.85,-0.70%,0
25/03/2003,120.71,120.77,119.42,120.2,-0.59,-0.49%,0
26/03/2003,120.06,120.48,119.85,119.97,-0.23,-0.19%,0
27/03/2003,119.92,120.05,119.6,119.96,-0.01,-0.01%,0
28/03/2003,120.01,120.4,119.49,119.77,-0.19,-0.16%,0
31/03/2003,119.78,120.18,117.87,117.91,-1.86,-1.55%,0
1/04/2003,118.07,118.49,117.83,118.01,0.1,0.08%,0
2/04/2003,117.91,119.24,117.64,118.96,0.95,0.81%,0
3/04/2003,118.94,119.69,118.54,119.37,0.41,0.34%,0
4/04/2003,119.38,120.18,119.17,119.91,0.54,0.45%,0
7/04/2003,120.32,120.89,119.67,119.73,-0.18,-0.15%,0
8/04/2003,119.74,120.14,119.45,119.87,0.14,0.12%,0
9/04/2003,119.85,120.66,119.65,120.16,0.29,0.24%,0
10/04/2003,120.08,120.29,119.18,119.61,-0.55,-0.46%,0
11/04/2003,119.67,120.85,119.52,120.43,0.82,0.69%,0
14/04/2003,120.54,120.82,119.99,120.36,-0.07,-0.06%,0
15/04/2003,120.35,120.69,120.02,120.33,-0.03,-0.02%,0
16/04/2003,120.33,120.56,119.3,119.5,-0.83,-0.69%,0
17/04/2003,119.56,119.74,118.95,119.67,0.17,0.14%,0
18/04/2003,119.67,119.81,119.54,119.76,0.09,0.08%,0
21/04/2003,119.65,120.67,119.56,120.49,0.73,0.61%,0
22/04/2003,120.54,120.74,119.37,119.99,-0.5,-0.41%,0
23/04/2003,119.94,120.64,119.8,120.38,0.39,0.33%,0
24/04/2003,120.34,120.69,119.57,119.89,-0.49,-0.41%,0
25/04/2003,119.98,121.12,119.71,120.1,0.21,0.18%,0
28/04/2003,120.24,120.5,119.9,120.49,0.39,0.32%,0
29/04/2003,120.45,120.71,119.64,119.83,-0.66,-0.55%,0
30/04/2003,119.79,120,118.65,118.92,-0.91,-0.76%,0
1/05/2003,118.83,118.99,118.18,118.57,-0.35,-0.29%,0
2/05/2003,118.61,119.28,118.42,118.97,0.4,0.34%,0
5/05/2003,119.01,119.1,118.51,118.6,-0.37,-0.31%,0
6/05/2003,118.62,118.76,117.31,117.57,-1.03,-0.87%,0
7/05/2003,117.55,117.82,116.08,116.43,-1.14,-0.97%,0
8/05/2003,116.4,117,116.01,116.88,0.45,0.39%,0
9/05/2003,117.06,117.6,117.06,117.27,0.39,0.33%,0
12/05/2003,117.22,117.28,116.34,117.07,-0.2,-0.17%,0
13/05/2003,116.99,117.51,116.38,116.52,-0.55,-0.47%,0
14/05/2003,116.78,116.88,115.66,116.27,-0.25,-0.21%,0
15/05/2003,116.26,116.64,115.34,116.56,0.29,0.25%,0
16/05/2003,116.5,116.59,115.86,116.06,-0.5,-0.43%,0
19/05/2003,115.46,117.48,115.07,117.2,1.14,0.98%,0
20/05/2003,117.15,117.39,116.67,116.75,-0.45,-0.38%,0
21/05/2003,116.74,117.55,116.56,117.27,0.52,0.45%,0
22/05/2003,117.62,117.79,116.92,117.2,-0.07,-0.06%,0
23/05/2003,117.2,117.44,116.76,116.84,-0.36,-0.31%,0
26/05/2003,116.85,117.4,116.74,116.85,0.01,0.01%,0
27/05/2003,116.85,117.35,116.21,117.26,0.41,0.35%,0
28/05/2003,117.26,118.92,116.97,118.67,1.41,1.20%,0
29/05/2003,118.64,119.15,117.93,118.05,-0.62,-0.52%,0
30/05/2003,118.04,119.63,117.96,119.33,1.28,1.08%,0
2/06/2003,119.61,119.67,118.32,118.57,-0.76,-0.64%,0
3/06/2003,118.61,119.33,118.31,119.2,0.63,0.53%,0
4/06/2003,119.21,119.4,118.39,118.81,-0.39,-0.33%,0
5/06/2003,118.9,118.93,117.38,117.75,-1.06,-0.89%,0
6/06/2003,117.64,118.93,117.6,118.74,0.99,0.84%,0
9/06/2003,118.75,118.79,117.78,118.24,-0.5,-0.42%,0
10/06/2003,118.17,118.4,117.6,117.85,-0.39,-0.33%,0
11/06/2003,117.78,118.13,117.47,117.72,-0.13,-0.11%,0
12/06/2003,117.78,117.95,117.51,117.6,-0.12,-0.10%,0
13/06/2003,117.71,117.89,117.12,117.47,-0.13,-0.11%,0
16/06/2003,117.33,117.78,117.18,117.72,0.25,0.21%,0
17/06/2003,117.65,118.42,117.53,118.07,0.35,0.30%,0
18/06/2003,118.13,118.74,117.75,117.82,-0.25,-0.21%,0
19/06/2003,117.82,119.1,117.82,118.29,0.47,0.40%,0
20/06/2003,118.39,118.63,118.03,118.37,0.08,0.07%,0
23/06/2003,118.51,118.62,117.51,117.66,-0.71,-0.60%,0
24/06/2003,117.78,118.08,117.62,117.92,0.26,0.22%,0
25/06/2003,117.85,118.14,117.32,117.97,0.05,0.04%,0
26/06/2003,118.03,119.48,117.93,119.41,1.44,1.22%,0
27/06/2003,119.39,120.02,119.17,119.6,0.19,0.16%,0
30/06/2003,119.74,120.24,119.64,119.75,0.15,0.13%,0
1/07/2003,119.73,119.98,119.01,119.46,-0.29,-0.24%,0
2/07/2003,119.42,119.48,117.92,118.1,-1.36,-1.14%,0
3/07/2003,118.14,119.22,117.87,118.28,0.18,0.15%,0
4/07/2003,118.18,118.46,117.99,118.15,-0.13,-0.11%,0
7/07/2003,118.07,118.33,117.85,118.09,-0.06,-0.05%,0
8/07/2003,118.18,118.69,117.65,118.22,0.13,0.11%,0
9/07/2003,118.15,118.44,117.65,117.83,-0.39,-0.33%,0
10/07/2003,117.82,118.06,117.51,117.75,-0.08,-0.07%,0
11/07/2003,117.7,118.01,117.58,117.67,-0.08,-0.07%,0
14/07/2003,117.83,117.85,117.33,117.65,-0.02,-0.02%,0
15/07/2003,117.73,118.03,116.67,118.03,0.38,0.32%,0
16/07/2003,117.94,118.68,117.84,118.08,0.05,0.04%,0
17/07/2003,118.1,118.98,117.88,118.78,0.7,0.59%,0
18/07/2003,118.81,119.26,118.27,118.38,-0.4,-0.34%,0
21/07/2003,118.58,118.79,118.26,118.44,0.06,0.05%,0
22/07/2003,118.42,119.39,118.42,119.07,0.63,0.53%,0
23/07/2003,119.15,119.15,118.62,118.81,-0.26,-0.22%,0
24/07/2003,118.77,119.32,118.56,118.95,0.14,0.12%,0
25/07/2003,118.93,119.32,118.61,118.82,-0.13,-0.11%,0
28/07/2003,118.98,119.6,118.85,119.4,0.58,0.49%,0
29/07/2003,119.42,119.93,119.1,119.89,0.49,0.41%,0
30/07/2003,119.94,120.66,119.65,120.28,0.39,0.33%,0
31/07/2003,120.28,120.63,119.74,120.54,0.26,0.22%,0
1/08/2003,120.55,120.69,119.82,120.15,-0.39,-0.32%,0
4/08/2003,120.19,120.63,119.71,120.36,0.21,0.17%,0
5/08/2003,120.32,120.63,119.77,119.78,-0.58,-0.48%,0
6/08/2003,119.84,120.46,119.73,120.23,0.45,0.38%,0
7/08/2003,120.21,120.3,118.83,119.03,-1.2,-1.00%,0
8/08/2003,118.93,119.27,118.85,119.08,0.05,0.04%,0
11/08/2003,119.07,119.18,118.2,118.56,-0.52,-0.44%,0
12/08/2003,118.58,118.78,118.39,118.68,0.12,0.10%,0
13/08/2003,118.74,119.49,118.52,119.15,0.47,0.40%,0
14/08/2003,119.16,119.68,118.9,118.94,-0.21,-0.18%,0
15/08/2003,119.11,119.31,118.77,119.19,0.25,0.21%,0
18/08/2003,119.45,119.5,119.43,119.44,0.25,0.21%,0
19/08/2003,119.45,119.83,118.24,118.31,-1.13,-0.95%,0
20/08/2003,118.37,118.83,117.83,118.12,-0.19,-0.16%,0
21/08/2003,118.09,118.38,117.56,117.79,-0.33,-0.28%,0
22/08/2003,117.82,118.07,117.32,117.59,-0.2,-0.17%,0
25/08/2003,117.68,117.68,117.17,117.37,-0.22,-0.19%,0
26/08/2003,117.33,117.79,117.19,117.33,-0.04,-0.03%,0
27/08/2003,117.35,118.01,117.32,117.43,0.1,0.09%,0
28/08/2003,117.41,117.64,117.24,117.28,-0.15,-0.13%,0
29/08/2003,117.33,117.4,116.17,116.98,-0.3,-0.26%,0
1/09/2003,116.75,117.03,116.37,116.54,-0.44,-0.38%,0
2/09/2003,116.56,117.25,115.83,116.22,-0.32,-0.27%,0
3/09/2003,116.59,116.59,115.88,115.95,-0.27,-0.23%,0
4/09/2003,115.89,117.1,115.81,116.72,0.77,0.66%,0
5/09/2003,116.72,117.16,116.43,116.98,0.26,0.22%,0
8/09/2003,116.84,117.72,116.39,116.74,-0.24,-0.21%,0
9/09/2003,116.84,116.96,116.1,116.91,0.17,0.15%,0
10/09/2003,116.84,117.25,116.67,117.09,0.18,0.15%,0
11/09/2003,117.09,117.26,116.46,117.03,-0.06,-0.05%,0
12/09/2003,117.1,117.52,116.74,117.31,0.28,0.24%,0
15/09/2003,117.29,117.69,117.24,117.47,0.16,0.14%,0
16/09/2003,117.47,117.49,116.04,116.11,-1.36,-1.16%,0
17/09/2003,116.19,116.53,115.87,116.07,-0.04,-0.03%,0
18/09/2003,116.02,116.17,114.76,115.33,-0.74,-0.64%,0
19/09/2003,115.24,115.49,113.58,114.11,-1.22,-1.06%,0
22/09/2003,112.59,112.78,111.39,112.1,-2.01,-1.76%,0
23/09/2003,112.23,112.38,110.9,112.31,0.21,0.19%,0
24/09/2003,112.29,112.4,111.26,111.66,-0.65,-0.58%,0
25/09/2003,111.74,112.35,111.46,112.06,0.4,0.36%,0
26/09/2003,112.23,112.32,111.63,111.78,-0.28,-0.25%,0
29/09/2003,111.78,111.81,110.73,110.79,-0.99,-0.89%,0
30/09/2003,110.76,112.09,110.12,111.49,0.7,0.63%,0
1/10/2003,111.51,111.6,110.56,110.65,-0.84,-0.75%,0
2/10/2003,110.66,111.31,110.55,110.78,0.13,0.12%,0
3/10/2003,110.68,111.04,110.27,110.85,0.07,0.06%,0
6/10/2003,111.01,111.35,110.81,110.95,0.1,0.09%,0
7/10/2003,110.98,111.13,109.37,109.93,-1.02,-0.92%,0
8/10/2003,109.93,110.05,109.39,109.64,-0.29,-0.26%,0
9/10/2003,109.61,109.61,108.89,109.07,-0.57,-0.52%,0
10/10/2003,109.08,109.3,108.31,108.61,-0.46,-0.42%,0
13/10/2003,108.47,109.04,108.31,108.92,0.31,0.29%,0
14/10/2003,108.93,110.24,108.68,108.89,-0.03,-0.03%,0
15/10/2003,108.87,109.82,108.78,109.56,0.67,0.62%,0
16/10/2003,109.54,110.33,109.23,109.91,0.35,0.32%,0
17/10/2003,109.97,110.02,109.29,109.37,-0.54,-0.49%,0
20/10/2003,109,110.58,108.79,110.38,1.01,0.92%,0
21/10/2003,110.38,110.46,109.42,109.47,-0.91,-0.82%,0
22/10/2003,109.49,109.7,108.82,108.9,-0.57,-0.52%,0
23/10/2003,108.98,109.87,108.88,109.63,0.73,0.67%,0
24/10/2003,109.51,110.01,109.04,109.4,-0.23,-0.21%,0
27/10/2003,109.46,109.46,108.29,108.52,-0.88,-0.80%,0
28/10/2003,108.53,108.65,108.19,108.26,-0.26,-0.24%,0
29/10/2003,108.28,108.36,107.86,108.34,0.08,0.07%,0
30/10/2003,108.32,108.91,107.99,108.76,0.42,0.39%,0
31/10/2003,108.75,110.23,108.64,109.94,1.18,1.08%,0
3/11/2003,109.87,111.49,109.71,111.07,1.13,1.03%,0
4/11/2003,110.96,111,109.4,109.5,-1.57,-1.41%,0
5/11/2003,109.57,110.06,109.49,109.9,0.4,0.37%,0
6/11/2003,109.88,110.29,109.83,110.24,0.34,0.31%,0
7/11/2003,110.21,110.4,109.06,109.39,-0.85,-0.77%,0
10/11/2003,109.34,109.65,107.89,108.67,-0.72,-0.66%,0
11/11/2003,108.82,109.13,108.42,108.75,0.08,0.07%,0
12/11/2003,108.69,109.18,108.46,108.78,0.03,0.03%,0
13/11/2003,108.86,108.89,108.09,108.16,-0.62,-0.57%,0
14/11/2003,108.11,108.54,107.97,108.37,0.21,0.19%,0
17/11/2003,108.31,109.75,108.2,108.92,0.55,0.51%,0
18/11/2003,108.91,109.1,107.96,108.08,-0.84,-0.77%,0
19/11/2003,107.97,109.39,107.57,109.33,1.25,1.16%,0
20/11/2003,109.3,109.31,108.62,108.87,-0.46,-0.42%,0
21/11/2003,109.03,109.39,108.68,108.75,-0.12,-0.11%,0
24/11/2003,108.9,109.5,108.78,109.47,0.72,0.66%,0
25/11/2003,109.33,110.06,109.25,109.47,0,0.00%,0
26/11/2003,109.4,109.78,108.89,108.96,-0.51,-0.47%,0
27/11/2003,109.1,109.31,108.9,109.08,0.12,0.11%,0
28/11/2003,109.13,109.68,109.08,109.63,0.55,0.50%,0
1/12/2003,109.72,110.05,109.1,109.42,-0.21,-0.19%,0
2/12/2003,109.43,109.85,108.59,108.73,-0.69,-0.63%,0
3/12/2003,108.57,108.82,108.13,108.15,-0.58,-0.53%,0
4/12/2003,108.28,108.51,107.97,108.29,0.14,0.13%,0
5/12/2003,108.2,108.4,107.54,107.66,-0.63,-0.58%,0
8/12/2003,107.69,107.79,107.11,107.43,-0.23,-0.21%,0
9/12/2003,107.4,107.66,106.74,107.09,-0.34,-0.32%,0
10/12/2003,107.25,108.76,107.08,108.23,1.14,1.06%,0
11/12/2003,108.46,108.47,107.95,108,-0.23,-0.21%,0
12/12/2003,108.06,108.08,107.66,107.73,-0.27,-0.25%,0
15/12/2003,108.33,108.4,107.39,107.59,-0.14,-0.13%,0
16/12/2003,107.54,107.83,107.42,107.49,-0.1,-0.09%,0
17/12/2003,107.51,107.87,107.23,107.47,-0.02,-0.02%,0
18/12/2003,107.43,108.1,107.34,107.59,0.12,0.11%,0
19/12/2003,107.62,108,107.56,107.83,0.24,0.22%,0
22/12/2003,107.58,107.94,107.31,107.55,-0.28,-0.26%,0
23/12/2003,107.55,107.58,107.27,107.4,-0.15,-0.14%,0
24/12/2003,107.53,107.55,107.13,107.35,-0.05,-0.05%,0
25/12/2003,107.37,107.39,107.11,107.28,-0.07,-0.07%,0
26/12/2003,107.17,107.5,106.93,107.48,0.2,0.19%,0
29/12/2003,107.07,107.39,106.9,106.94,-0.54,-0.50%,0
30/12/2003,107.02,107.14,106.9,107.07,0.13,0.12%,0
31/12/2003,106.98,107.74,106.88,107.38,0.31,0.29%,0
2/01/2004,107.21,107.51,106.85,106.97,-0.41,-0.38%,0
5/01/2004,106.96,107.19,106.06,106.26,-0.71,-0.66%,0
6/01/2004,106.19,106.4,106.05,106.21,-0.05,-0.05%,0
7/01/2004,106.17,106.43,105.92,106.27,0.06,0.06%,0
8/01/2004,106.17,106.24,106.13,106.18,-0.09,-0.08%,0
9/01/2004,106.18,108.27,106.14,106.36,0.18,0.17%,0
12/01/2004,106.64,106.74,106.4,106.72,0.36,0.34%,0
13/01/2004,106.63,106.72,106.12,106.25,-0.47,-0.44%,0
14/01/2004,106.21,106.33,105.96,106.17,-0.08,-0.08%,0
15/01/2004,106.15,106.38,106.01,106.32,0.15,0.14%,0
16/01/2004,106.35,106.99,105.72,106.72,0.4,0.38%,0
19/01/2004,106.61,107.49,106.47,107.26,0.54,0.51%,0
20/01/2004,107.25,107.92,106.99,107.1,-0.16,-0.15%,0
21/01/2004,107.07,107.29,106.6,106.93,-0.17,-0.16%,0
22/01/2004,106.89,106.98,105.94,106.04,-0.89,-0.83%,0
23/01/2004,106.04,106.56,105.76,106.56,0.52,0.49%,0
26/01/2004,106.62,106.74,105.81,106.36,-0.2,-0.19%,0
27/01/2004,106.38,106.42,105.45,105.68,-0.68,-0.64%,0
28/01/2004,105.55,106.66,105.51,105.81,0.13,0.12%,0
29/01/2004,106.21,106.31,105.65,105.97,0.16,0.15%,0
30/01/2004,105.94,106.13,105.65,105.78,-0.19,-0.18%,0
2/02/2004,105.61,105.8,105.38,105.63,-0.15,-0.14%,0
3/02/2004,105.6,105.87,105.24,105.52,-0.11,-0.10%,0
4/02/2004,105.46,105.64,105.33,105.43,-0.09,-0.09%,0
5/02/2004,105.43,106.04,105.38,105.9,0.47,0.45%,0
6/02/2004,105.82,106.79,105.4,105.49,-0.41,-0.39%,0
9/02/2004,105.81,105.99,105.54,105.68,0.19,0.18%,0
10/02/2004,105.57,105.89,105.35,105.54,-0.14,-0.13%,0
11/02/2004,105.62,105.71,105.19,105.36,-0.18,-0.17%,0
12/02/2004,105.47,105.54,105.31,105.39,0.03,0.03%,0
13/02/2004,105.37,105.6,105.33,105.47,0.08,0.08%,0
16/02/2004,105.48,105.54,105.41,105.47,0,0.00%,0
17/02/2004,105.47,106.01,105.46,105.69,0.22,0.21%,0
18/02/2004,105.67,107.14,105.52,106.84,1.15,1.09%,0
19/02/2004,106.77,107.44,106.31,107.05,0.21,0.20%,0
20/02/2004,107.02,109.34,106.86,109.02,1.97,1.84%,0
23/02/2004,108.86,109.37,108.1,108.46,-0.56,-0.51%,0
24/02/2004,108.38,108.74,108.09,108.18,-0.28,-0.26%,0
25/02/2004,108.19,109.13,108.06,109.06,0.88,0.81%,0
26/02/2004,109,109.83,108.78,109.69,0.63,0.58%,0
27/02/2004,109.56,109.69,108.9,109.15,-0.54,-0.49%,0
1/03/2004,109.04,109.43,108.91,109.04,-0.11,-0.10%,0
2/03/2004,108.98,110.42,108.92,110.08,1.04,0.95%,0
3/03/2004,110.09,110.5,110.02,110.07,-0.01,-0.01%,0
4/03/2004,110.04,111.1,110.02,110.66,0.59,0.54%,0
5/03/2004,111.1,112.26,111.01,112.07,1.41,1.27%,0
8/03/2004,112.09,112.33,111.13,111.2,-0.87,-0.78%,0
9/03/2004,111.2,111.63,110.23,111.32,0.12,0.11%,0
10/03/2004,111.33,111.56,110.72,110.76,-0.56,-0.50%,0
11/03/2004,110.89,111.08,110.45,110.93,0.17,0.15%,0
12/03/2004,110.78,111.4,110.6,110.86,-0.07,-0.06%,0
15/03/2004,110.68,111.06,109.2,110.34,-0.52,-0.47%,0
16/03/2004,110.3,110.38,108.64,108.78,-1.56,-1.41%,0
17/03/2004,108.8,108.97,107.97,108.36,-0.42,-0.39%,0
18/03/2004,108.22,108.39,106.42,106.72,-1.64,-1.51%,0
19/03/2004,106.84,107.33,106.63,106.73,0.01,0.01%,0
22/03/2004,106.84,107.66,106.74,106.79,0.06,0.06%,0
23/03/2004,106.88,106.95,106.47,106.76,-0.03,-0.03%,0
24/03/2004,106.73,106.95,106.05,106.26,-0.5,-0.47%,0
25/03/2004,106.23,106.48,105.77,106.16,-0.1,-0.09%,0
26/03/2004,106.18,106.25,105.56,105.98,-0.18,-0.17%,0
29/03/2004,105.57,105.96,105.26,105.5,-0.48,-0.45%,0
30/03/2004,105.53,106.22,105.41,105.65,0.15,0.14%,0
31/03/2004,105.77,105.9,103.41,104.39,-1.26,-1.19%,0
1/04/2004,104.24,104.49,103.49,103.72,-0.67,-0.64%,0
2/04/2004,103.82,104.78,103.66,104.57,0.85,0.82%,0
5/04/2004,104.52,105.46,104.15,104.95,0.38,0.36%,0
6/04/2004,104.91,107.1,104.89,105.74,0.79,0.75%,0
7/04/2004,105.73,106.16,104.98,105.31,-0.43,-0.41%,0
8/04/2004,105.23,106.43,105.22,106.31,1,0.95%,0
9/04/2004,106.3,106.77,105.99,106.45,0.14,0.13%,0
12/04/2004,106.33,106.44,105.27,105.39,-1.06,-1.00%,0
13/04/2004,105.39,107.02,105.07,106.74,1.35,1.28%,0
14/04/2004,106.57,108.97,106.55,108.76,2.02,1.89%,0
15/04/2004,108.68,109.27,108.26,108.4,-0.36,-0.33%,0
16/04/2004,108.3,108.88,107.53,107.73,-0.67,-0.62%,0
19/04/2004,107.73,108.7,107.6,108.5,0.77,0.71%,0
20/04/2004,108.45,108.88,107.71,108.56,0.06,0.06%,0
21/04/2004,108.82,109.75,108.6,109.42,0.86,0.79%,0
22/04/2004,109.39,109.89,109.14,109.56,0.14,0.13%,0
23/04/2004,109.41,109.85,108.6,109.13,-0.43,-0.39%,0
26/04/2004,108.97,109.34,108.31,108.67,-0.46,-0.42%,0
27/04/2004,108.58,109.9,108.42,109.42,0.75,0.69%,0
28/04/2004,109.44,110.24,108.78,110.04,0.62,0.57%,0
29/04/2004,110.13,111.06,109.54,109.74,-0.3,-0.27%,0
30/04/2004,109.86,110.63,109.78,110.38,0.64,0.58%,0
3/05/2004,110.43,110.71,109.83,110.39,0.01,0.01%,0
4/05/2004,110.34,110.61,109.57,109.72,-0.67,-0.61%,0
5/05/2004,109.36,109.6,108.35,108.69,-1.03,-0.94%,0
6/05/2004,108.73,109.89,108.59,109.81,1.12,1.03%,0
7/05/2004,109.79,112.52,109.73,112.17,2.36,2.15%,0
10/05/2004,112.3,114.15,112.15,113.69,1.52,1.36%,0
11/05/2004,113.68,113.96,113.14,113.23,-0.46,-0.40%,0
12/05/2004,113.15,113.51,112.43,113.11,-0.12,-0.11%,0
13/05/2004,112.99,114.61,112.84,114.5,1.39,1.23%,0
14/05/2004,114.52,114.89,113.98,114.25,-0.25,-0.22%,0
17/05/2004,114.22,114.65,113.08,114.29,0.04,0.04%,0
18/05/2004,114.35,114.7,113.4,114.11,-0.18,-0.16%,0
19/05/2004,114.34,114.37,112.44,112.88,-1.23,-1.08%,0
20/05/2004,113.14,113.9,112.74,112.85,-0.03,-0.03%,0
21/05/2004,112.79,113.07,111.78,112.27,-0.58,-0.51%,0
24/05/2004,112.07,112.96,112.07,112.76,0.49,0.44%,0
25/05/2004,112.94,113.33,111.64,111.89,-0.87,-0.77%,0
26/05/2004,111.73,111.94,111.26,111.88,-0.01,-0.01%,0
27/05/2004,111.97,112.12,110.69,110.89,-0.99,-0.88%,0
28/05/2004,110.9,111.07,110.05,110.25,-0.64,-0.58%,0
31/05/2004,110.43,110.46,109.07,109.36,-0.89,-0.81%,0
1/06/2004,109.59,110.74,109.23,110.62,1.26,1.15%,0
2/06/2004,110.62,110.92,109.94,110.04,-0.58,-0.52%,0
3/06/2004,109.9,111.54,109.82,110.8,0.76,0.69%,0
4/06/2004,110.81,112.01,110.24,111.05,0.25,0.23%,0
7/06/2004,111,111.01,109.47,109.64,-1.41,-1.27%,0
8/06/2004,109.59,110.15,109.49,109.67,0.03,0.03%,0
9/06/2004,109.64,110.58,108.67,110.54,0.87,0.79%,0
10/06/2004,110.44,110.55,109.18,109.32,-1.22,-1.10%,0
11/06/2004,109.34,110.5,109.2,110.02,0.7,0.64%,0
14/06/2004,110.2,111.48,110.06,111.18,1.16,1.05%,0
15/06/2004,111.03,111.42,109.31,109.4,-1.78,-1.60%,0
16/06/2004,109.53,110.26,109.23,110.14,0.74,0.68%,0
17/06/2004,110.09,110.24,108.9,109.59,-0.55,-0.50%,0
18/06/2004,109.64,109.76,108.56,108.81,-0.78,-0.71%,0
21/06/2004,108.8,108.91,108.24,108.85,0.04,0.04%,0
22/06/2004,108.93,109.4,108.39,109.37,0.52,0.48%,0
23/06/2004,109.3,109.32,108.45,108.59,-0.78,-0.71%,0
24/06/2004,108.52,108.61,107.03,107.19,-1.4,-1.29%,0
25/06/2004,107.17,108.04,107.06,107.66,0.47,0.44%,0
28/06/2004,107.59,108.35,107.42,107.94,0.28,0.26%,0
29/06/2004,107.96,108.77,107.79,108.39,0.45,0.42%,0
30/06/2004,108.24,109.59,108.19,108.8,0.41,0.38%,0
1/07/2004,108.77,108.92,107.85,108.22,-0.58,-0.53%,0
2/07/2004,108.41,109.38,108.07,108.37,0.15,0.14%,0
5/07/2004,108.35,109.21,108.27,109.05,0.68,0.63%,0
6/07/2004,109.11,109.74,108.87,109.51,0.46,0.42%,0
7/07/2004,109.5,109.53,108.18,108.45,-1.06,-0.97%,0
8/07/2004,108.67,109.18,108.4,108.82,0.37,0.34%,0
9/07/2004,109.02,109.02,107.95,108.32,-0.5,-0.46%,0
12/07/2004,107.94,108.42,107.59,108.28,-0.04,-0.04%,0
13/07/2004,108.29,109.4,108.19,108.76,0.48,0.44%,0
14/07/2004,108.66,109.47,108.43,109.1,0.34,0.31%,0
15/07/2004,109.16,109.99,109.03,109.8,0.7,0.64%,0
16/07/2004,109.83,110.04,108.56,108.73,-1.07,-0.97%,0
19/07/2004,108.85,108.87,108.12,108.23,-0.5,-0.46%,0
20/07/2004,108.28,108.85,108.12,108.67,0.44,0.41%,0
21/07/2004,108.68,110.34,108.38,109.96,1.29,1.19%,0
22/07/2004,109.79,109.96,109.28,109.81,-0.15,-0.14%,0
23/07/2004,109.82,110.28,109.64,110.12,0.31,0.28%,0
26/07/2004,110.13,110.21,109.43,109.88,-0.24,-0.22%,0
27/07/2004,109.99,111.2,109.62,110.92,1.04,0.95%,0
28/07/2004,110.9,111.91,110.81,111.72,0.8,0.72%,0
29/07/2004,111.67,112.5,111.52,112.16,0.44,0.39%,0
30/07/2004,112,112.25,111.11,111.18,-0.98,-0.87%,0
2/08/2004,111.09,111.41,110.58,110.8,-0.38,-0.34%,0
3/08/2004,110.73,111.17,110.41,110.58,-0.22,-0.20%,0
4/08/2004,110.56,111.76,110.55,111.19,0.61,0.55%,0
5/08/2004,111.14,111.77,110.84,111.69,0.5,0.45%,0
6/08/2004,111.81,111.91,109.84,110.28,-1.41,-1.26%,0
9/08/2004,110.49,110.93,110.15,110.62,0.34,0.31%,0
10/08/2004,110.64,111.47,110.43,111.41,0.79,0.71%,0
11/08/2004,111.33,111.45,110.63,110.88,-0.53,-0.48%,0
12/08/2004,110.93,111.26,110.46,110.79,-0.09,-0.08%,0
13/08/2004,110.92,112.1,110.48,110.71,-0.08,-0.07%,0
16/08/2004,110.39,111.01,110.35,110.54,-0.17,-0.15%,0
17/08/2004,110.5,110.62,109.9,110.08,-0.46,-0.42%,0
18/08/2004,110.07,110.17,109.3,109.33,-0.75,-0.68%,0
19/08/2004,109.34,109.63,109.08,109.39,0.06,0.05%,0
20/08/2004,109.36,109.77,108.96,109.23,-0.16,-0.15%,0
23/08/2004,109.26,109.91,109.13,109.75,0.52,0.48%,0
24/08/2004,109.84,110.06,109.38,109.56,-0.19,-0.17%,0
25/08/2004,109.65,110.5,109.45,110.11,0.55,0.50%,0
26/08/2004,110.19,110.32,109.29,109.53,-0.58,-0.53%,0
27/08/2004,109.69,109.78,109.03,109.67,0.14,0.13%,0
30/08/2004,109.6,110.45,109.54,109.92,0.25,0.23%,0
31/08/2004,109.86,110.24,108.75,109.22,-0.7,-0.64%,0
1/09/2004,109.18,109.74,108.97,109.43,0.21,0.19%,0
2/09/2004,109.53,109.64,109.24,109.49,0.06,0.05%,0
3/09/2004,109.5,110.7,109.12,110.52,1.03,0.94%,0
6/09/2004,110.56,110.64,109.97,110.14,-0.38,-0.34%,0
7/09/2004,110.15,110.25,109.25,109.38,-0.76,-0.69%,0
8/09/2004,109.34,109.8,109.06,109.3,-0.08,-0.07%,0
9/09/2004,109.35,110.04,109.16,109.86,0.56,0.51%,0
10/09/2004,109.67,110.36,109.22,109.54,-0.32,-0.29%,0
13/09/2004,109.49,110.37,109.31,110.13,0.59,0.54%,0
14/09/2004,110.06,110.14,109.38,109.62,-0.51,-0.46%,0
15/09/2004,109.62,110.39,109.33,109.98,0.36,0.33%,0
16/09/2004,110.03,110.09,109.49,109.52,-0.46,-0.42%,0
17/09/2004,109.59,110.27,109.38,109.95,0.43,0.39%,0
20/09/2004,109.88,110.15,109.72,109.91,-0.04,-0.04%,0
21/09/2004,109.88,110.21,109.6,109.68,-0.23,-0.21%,0
22/09/2004,109.64,110.78,109.62,110.57,0.89,0.81%,0
23/09/2004,110.61,110.94,110.27,110.7,0.13,0.12%,0
24/09/2004,110.81,110.88,110.32,110.73,0.03,0.03%,0
27/09/2004,110.54,111.42,110.47,111.33,0.6,0.54%,0
28/09/2004,111.29,111.73,111.16,111.4,0.07,0.06%,0
29/09/2004,111.39,111.4,110.68,110.85,-0.55,-0.49%,0
30/09/2004,110.91,111.27,109.83,110.07,-0.78,-0.70%,0
1/10/2004,110.05,110.6,109.83,110.48,0.41,0.37%,0
4/10/2004,110.77,111.2,110.52,110.9,0.42,0.38%,0
5/10/2004,110.96,111.35,110.69,111.07,0.17,0.15%,0
6/10/2004,111.15,111.47,111.01,111.42,0.35,0.32%,0
7/10/2004,111.35,111.45,110.96,111.16,-0.26,-0.23%,0
8/10/2004,111.26,111.28,109.33,109.54,-1.62,-1.46%,0
11/10/2004,109.49,109.6,109.14,109.37,-0.17,-0.16%,0
12/10/2004,109.38,110.1,109.25,109.73,0.36,0.33%,0
13/10/2004,109.69,110.21,109.42,109.78,0.05,0.05%,0
14/10/2004,109.76,109.86,109.16,109.6,-0.18,-0.16%,0
15/10/2004,109.68,109.71,108.82,109.21,-0.39,-0.36%,0
18/10/2004,109.51,109.6,109.11,109.29,0.08,0.07%,0
19/10/2004,109.27,109.45,108.27,108.46,-0.83,-0.76%,0
20/10/2004,108.36,108.69,108.13,108.22,-0.24,-0.22%,0
21/10/2004,108.24,108.39,107.38,107.48,-0.74,-0.68%,0
22/10/2004,107.49,107.76,107.2,107.31,-0.17,-0.16%,0
25/10/2004,107.25,107.39,106.23,106.74,-0.57,-0.53%,0
26/10/2004,106.74,107.02,106.42,106.66,-0.08,-0.07%,0
27/10/2004,106.74,107.16,106.23,106.54,-0.12,-0.11%,0
28/10/2004,106.45,106.97,105.91,106.27,-0.27,-0.25%,0
29/10/2004,106.29,106.38,105.82,105.84,-0.43,-0.40%,0
1/11/2004,105.93,106.59,105.77,106.48,0.64,0.60%,0
2/11/2004,106.46,106.77,106.07,106.19,-0.29,-0.27%,0
3/11/2004,106.04,106.9,105.95,106.19,0,0.00%,0
4/11/2004,106.24,106.5,105.7,106.09,-0.1,-0.09%,0
5/11/2004,106.05,106.67,105.55,105.67,-0.42,-0.40%,0
8/11/2004,105.41,105.78,105.3,105.53,-0.14,-0.13%,0
9/11/2004,105.47,105.94,105.46,105.74,0.21,0.20%,0
10/11/2004,105.66,107.3,105.66,107.18,1.44,1.36%,0
11/11/2004,107.15,107.15,106.55,106.61,-0.57,-0.53%,0
12/11/2004,106.61,106.81,105.33,105.59,-1.02,-0.96%,0
15/11/2004,105.61,105.72,105.17,105.35,-0.24,-0.23%,0
16/11/2004,105.29,105.69,105.21,105.39,0.04,0.04%,0
17/11/2004,105.32,105.53,103.81,104.03,-1.36,-1.29%,0
18/11/2004,104.04,104.43,103.66,104.14,0.11,0.11%,0
19/11/2004,104.17,104.39,102.71,103.05,-1.09,-1.05%,0
22/11/2004,103.28,103.4,102.98,103.23,0.18,0.17%,0
23/11/2004,103.14,103.7,102.88,103.38,0.15,0.15%,0
24/11/2004,103.33,103.72,102.57,102.81,-0.57,-0.55%,0
25/11/2004,102.8,103.04,102.41,102.55,-0.26,-0.25%,0
26/11/2004,102.46,103.44,102.18,102.56,0.01,0.01%,0
29/11/2004,102.77,103.13,102.53,102.88,0.32,0.31%,0
30/11/2004,102.87,103.37,102.43,102.97,0.09,0.09%,0
1/12/2004,103.05,103.12,102.63,102.69,-0.28,-0.27%,0
2/12/2004,102.6,103.42,101.83,103.21,0.52,0.51%,0
3/12/2004,103.2,103.61,102.07,102.09,-1.12,-1.09%,0
6/12/2004,102.18,103.38,101.92,103.37,1.28,1.25%,0
7/12/2004,103.18,103.36,102.42,102.88,-0.49,-0.47%,0
8/12/2004,102.96,105.02,102.8,104.12,1.24,1.21%,0
9/12/2004,103.98,105.03,103.87,104.54,0.42,0.40%,0
10/12/2004,104.69,106.19,104.62,105.18,0.64,0.61%,0
13/12/2004,105.44,105.6,104.55,104.74,-0.44,-0.42%,0
14/12/2004,104.83,105.81,104.65,105.53,0.79,0.75%,0
15/12/2004,105.53,105.75,103.99,104.26,-1.27,-1.20%,0
16/12/2004,104.26,104.98,103.44,104.78,0.52,0.50%,0
17/12/2004,104.79,104.81,104.08,104.42,-0.36,-0.34%,0
20/12/2004,104.18,104.5,103.89,104.05,-0.37,-0.35%,0
21/12/2004,104.1,104.7,103.7,104.4,0.35,0.34%,0
22/12/2004,104.35,104.51,103.91,104.17,-0.23,-0.22%,0
23/12/2004,104.25,104.28,103.56,103.58,-0.59,-0.57%,0
24/12/2004,103.6,103.8,103.46,103.67,0.09,0.09%,0
27/12/2004,103.71,104.12,102.72,103.12,-0.55,-0.53%,0
28/12/2004,103.06,103.36,102.84,103.08,-0.04,-0.04%,0
29/12/2004,103.07,104.31,103.04,103.89,0.81,0.79%,0
30/12/2004,103.87,104.22,102.87,103.01,-0.88,-0.85%,0
31/12/2004,103.09,103.15,102.32,102.43,-0.58,-0.56%,0
3/01/2005,102.7,103.48,102.37,102.7,0.27,0.26%,0
4/01/2005,102.79,104.81,102.46,104.63,1.93,1.88%,0
5/01/2005,104.56,105.03,103.78,104.09,-0.54,-0.52%,0
6/01/2005,104.15,105.19,103.89,105.1,1.01,0.97%,0
7/01/2005,105.01,105.16,103.88,104.9,-0.2,-0.19%,0
10/01/2005,104.81,104.84,104.09,104.23,-0.67,-0.64%,0
11/01/2005,104.34,104.36,103.12,103.37,-0.86,-0.83%,0
12/01/2005,103.35,103.56,102.14,102.39,-0.98,-0.95%,0
13/01/2005,102.44,102.88,102.25,102.5,0.11,0.11%,0
14/01/2005,102.38,103.22,101.79,101.99,-0.51,-0.50%,0
17/01/2005,101.99,102.2,101.69,102.11,0.12,0.12%,0
18/01/2005,102.12,103.01,102.11,102.29,0.18,0.18%,0
19/01/2005,102.28,102.98,102.02,102.86,0.57,0.56%,0
20/01/2005,102.76,103.62,102.5,103.3,0.44,0.43%,0
21/01/2005,103.44,103.93,102.63,102.7,-0.6,-0.58%,0
24/01/2005,102.79,103.01,102.54,102.57,-0.13,-0.13%,0
25/01/2005,102.63,104.35,102.51,104.17,1.6,1.56%,0
26/01/2005,104.07,104.14,102.76,103.05,-1.12,-1.08%,0
27/01/2005,103.07,103.54,102.92,103.14,0.09,0.09%,0
28/01/2005,102.71,103.77,102.38,103.37,0.23,0.22%,0
31/01/2005,103.58,103.8,103.35,103.65,0.28,0.27%,0
1/02/2005,103.7,104.11,103.5,103.67,0.02,0.02%,0
2/02/2005,103.69,104.1,103.35,103.78,0.11,0.11%,0
3/02/2005,103.61,104.73,103.58,104.46,0.68,0.66%,0
4/02/2005,104.47,104.64,103.47,104.01,-0.45,-0.43%,0
7/02/2005,104.38,105.05,104.06,104.79,0.78,0.75%,0
8/02/2005,104.86,105.97,104.8,105.71,0.92,0.88%,0
9/02/2005,105.85,105.98,105.32,105.73,0.02,0.02%,0
10/02/2005,105.64,106.89,105.37,105.78,0.05,0.05%,0
11/02/2005,105.78,105.94,105.49,105.79,0.01,0.01%,0
14/02/2005,105.46,105.59,104.65,105.15,-0.64,-0.60%,0
15/02/2005,105.1,105.37,104.29,104.39,-0.76,-0.72%,0
16/02/2005,104.43,105.73,104.4,105.41,1.02,0.98%,0
17/02/2005,105.44,105.8,105.18,105.59,0.18,0.17%,0
18/02/2005,105.54,105.9,105.15,105.68,0.09,0.09%,0
21/02/2005,105.72,105.8,105.41,105.6,-0.08,-0.08%,0
22/02/2005,105.56,105.59,103.83,104.07,-1.53,-1.45%,0
23/02/2005,104.3,105.12,103.94,104.92,0.85,0.82%,0
24/02/2005,104.85,105.58,104.63,105.41,0.49,0.47%,0
25/02/2005,105.39,105.59,105.04,105.18,-0.23,-0.22%,0
28/02/2005,105.27,105.32,104.12,104.51,-0.67,-0.64%,0
1/03/2005,104.63,104.8,104.16,104.35,-0.16,-0.15%,0
2/03/2005,104.4,105.17,104.33,104.74,0.39,0.37%,0
3/03/2005,104.76,105.38,104.73,105.32,0.58,0.55%,0
4/03/2005,105.27,105.6,104.34,104.75,-0.57,-0.54%,0
7/03/2005,104.77,105.37,104.53,105.17,0.42,0.40%,0
8/03/2005,105.18,105.2,104.35,104.74,-0.43,-0.41%,0
9/03/2005,104.69,104.77,103.65,103.98,-0.76,-0.73%,0
10/03/2005,103.93,104.35,103.71,104.07,0.09,0.09%,0
11/03/2005,104.13,104.3,103.73,103.97,-0.1,-0.10%,0
14/03/2005,104.07,105.18,103.69,104.95,0.98,0.94%,0
15/03/2005,104.84,105.03,104.16,104.5,-0.45,-0.43%,0
16/03/2005,104.58,104.71,103.91,104.14,-0.36,-0.34%,0
17/03/2005,104.16,104.89,104.06,104.57,0.43,0.41%,0
18/03/2005,104.53,105.07,104.51,104.71,0.14,0.13%,0
21/03/2005,104.8,105.5,104.68,105.06,0.35,0.33%,0
22/03/2005,105.19,105.7,104.85,105.66,0.6,0.57%,0
23/03/2005,105.63,106.2,105.28,106.1,0.44,0.42%,0
24/03/2005,105.97,106.58,105.91,106.35,0.25,0.24%,0
25/03/2005,106.3,106.52,106.27,106.38,0.03,0.03%,0
28/03/2005,106.39,107.36,106.34,107.2,0.82,0.77%,0
29/03/2005,107.2,107.6,106.95,107.59,0.39,0.36%,0
30/03/2005,107.59,107.7,107.12,107.46,-0.13,-0.12%,0
31/03/2005,107.54,107.6,106.65,107.22,-0.24,-0.22%,0
1/04/2005,107.15,107.79,106.75,107.64,0.42,0.39%,0
4/04/2005,107.66,108.43,107.57,108.2,0.56,0.52%,0
5/04/2005,108.29,108.9,108.09,108.15,-0.05,-0.05%,0
6/04/2005,108.18,108.79,107.87,108.67,0.52,0.48%,0
7/04/2005,108.67,108.8,108.1,108.65,-0.02,-0.02%,0
8/04/2005,108.64,108.88,108.2,108.36,-0.29,-0.27%,0
11/04/2005,108.24,108.53,107.64,107.85,-0.51,-0.47%,0
12/04/2005,107.87,108.49,107.51,107.77,-0.08,-0.07%,0
13/04/2005,107.77,107.86,107.13,107.42,-0.35,-0.32%,0
14/04/2005,107.36,108.44,107.25,108.12,0.7,0.65%,0
15/04/2005,108.19,108.55,107.48,107.77,-0.35,-0.32%,0
18/04/2005,107.66,108.05,107.27,107.59,-0.18,-0.17%,0
19/04/2005,107.5,107.54,106.81,106.83,-0.76,-0.71%,0
20/04/2005,106.74,107.5,106.6,106.75,-0.08,-0.07%,0
21/04/2005,106.87,107.44,106.7,106.86,0.11,0.10%,0
22/04/2005,106.96,106.98,105.76,105.98,-0.88,-0.82%,0
25/04/2005,105.35,106.06,105.28,105.66,-0.32,-0.30%,0
26/04/2005,105.66,106.17,105.57,106.01,0.35,0.33%,0
27/04/2005,106.02,106.41,105.68,105.82,-0.19,-0.18%,0
28/04/2005,105.88,106.29,105.52,105.99,0.17,0.16%,0
29/04/2005,106.12,106.16,104.61,104.9,-1.09,-1.03%,0
2/05/2005,105.08,105.43,104.92,104.99,0.09,0.09%,0
3/05/2005,105.05,105.36,104.93,105.12,0.13,0.12%,0
4/05/2005,105.08,105.12,104.2,104.55,-0.57,-0.54%,0
5/05/2005,104.56,104.69,104.22,104.43,-0.12,-0.11%,0
6/05/2005,104.46,105.1,104.44,104.96,0.53,0.51%,0
9/05/2005,105.13,105.69,105.1,105.61,0.65,0.62%,0
10/05/2005,105.62,105.97,105.38,105.53,-0.08,-0.08%,0
11/05/2005,105.54,105.94,104.89,105.77,0.24,0.23%,0
12/05/2005,105.78,106.92,105.7,106.76,0.99,0.94%,0
13/05/2005,106.76,107.43,106.67,107.38,0.62,0.58%,0
16/05/2005,107.28,107.79,106.9,106.99,-0.39,-0.36%,0
17/05/2005,106.75,107.54,106.55,107.37,0.38,0.36%,0
18/05/2005,107.54,107.79,106.75,106.88,-0.49,-0.46%,0
19/05/2005,107.06,107.65,106.97,107.65,0.77,0.72%,0
20/05/2005,107.63,108.3,107.34,108.16,0.51,0.47%,0
23/05/2005,108.22,108.3,107.55,107.62,-0.54,-0.50%,0
24/05/2005,107.66,107.81,107.24,107.59,-0.03,-0.03%,0
25/05/2005,107.64,107.9,107.28,107.7,0.11,0.10%,0
26/05/2005,107.74,108.28,107.61,107.93,0.23,0.21%,0
27/05/2005,107.96,108.09,107.75,108.03,0.1,0.09%,0
30/05/2005,107.98,108.17,107.75,107.99,-0.04,-0.04%,0
31/05/2005,107.99,108.57,107.71,108.55,0.56,0.52%,0
1/06/2005,108.56,108.85,108.14,108.69,0.14,0.13%,0
2/06/2005,108.77,108.8,108.1,108.27,-0.42,-0.39%,0
3/06/2005,108.3,108.31,107.45,107.84,-0.43,-0.40%,0
6/06/2005,107.72,107.85,106.73,106.86,-0.98,-0.91%,0
7/06/2005,106.94,107.04,106.5,106.58,-0.28,-0.26%,0
8/06/2005,106.61,107.38,106.53,107.35,0.77,0.72%,0
9/06/2005,107.3,107.77,107.1,107.47,0.12,0.11%,0
10/06/2005,107.43,108.64,107.34,108.59,1.12,1.04%,0
13/06/2005,108.64,109.69,108.46,109.53,0.94,0.87%,0
14/06/2005,109.57,109.61,109.08,109.46,-0.07,-0.06%,0
15/06/2005,109.47,109.73,109.15,109.21,-0.25,-0.23%,0
16/06/2005,109.22,109.41,108.66,108.98,-0.23,-0.21%,0
17/06/2005,108.92,109.09,108.6,108.66,-0.32,-0.29%,0
20/06/2005,108.81,109.61,108.61,109.4,0.74,0.68%,0
21/06/2005,109.27,109.49,108.21,108.27,-1.13,-1.03%,0
22/06/2005,108.19,109.16,108.15,108.8,0.53,0.49%,0
23/06/2005,108.87,108.97,108.42,108.87,0.07,0.06%,0
24/06/2005,108.94,109.4,108.88,109.14,0.27,0.25%,0
27/06/2005,109.18,109.45,109.15,109.34,0.2,0.18%,0
28/06/2005,109.26,110.08,109.22,109.92,0.58,0.53%,0
29/06/2005,110.03,110.65,109.72,110.44,0.52,0.47%,0
30/06/2005,110.43,110.99,110.01,110.9,0.46,0.42%,0
1/07/2005,110.92,111.79,110.61,111.77,0.87,0.78%,0
4/07/2005,111.69,111.89,111.33,111.6,-0.17,-0.15%,0
5/07/2005,111.62,112.13,111.45,111.59,-0.01,-0.01%,0
6/07/2005,111.74,112.3,111.47,112.19,0.6,0.54%,0
7/07/2005,112.19,112.34,111.49,112.01,-0.18,-0.16%,0
8/07/2005,112.1,112.6,111.8,112.28,0.27,0.24%,0
11/07/2005,112.14,112.26,111.68,111.77,-0.51,-0.45%,0
12/07/2005,111.83,111.83,110.76,110.9,-0.87,-0.78%,0
13/07/2005,110.81,112.28,110.79,111.86,0.96,0.87%,0
14/07/2005,111.88,112.37,111.65,112.29,0.43,0.38%,0
15/07/2005,112.37,112.42,111.76,112.2,-0.09,-0.08%,0
18/07/2005,112.31,112.37,111.51,111.94,-0.26,-0.23%,0
19/07/2005,111.98,112.99,111.85,112.72,0.78,0.70%,0
20/07/2005,112.7,113.72,112.46,112.8,0.08,0.07%,0
21/07/2005,112.91,112.91,109.89,110.33,-2.47,-2.19%,0
22/07/2005,110.28,111.48,110.19,111.29,0.96,0.87%,0
25/07/2005,111.24,111.99,111.24,111.4,0.11,0.10%,0
26/07/2005,111.48,112.63,111.37,112.49,1.09,0.98%,0
27/07/2005,112.52,112.8,112.16,112.32,-0.17,-0.15%,0
28/07/2005,112.48,112.88,111.98,112.14,-0.18,-0.16%,0
29/07/2005,112.12,112.45,111.96,112.43,0.29,0.26%,0
1/08/2005,112.58,112.78,111.74,112.19,-0.24,-0.21%,0
2/08/2005,112.22,112.39,111.13,111.43,-0.76,-0.68%,0
3/08/2005,111.48,111.94,110.99,111.05,-0.38,-0.34%,0
4/08/2005,111.09,111.61,110.77,111.29,0.24,0.22%,0
5/08/2005,111.23,112.21,111.12,112.04,0.75,0.67%,0
8/08/2005,112.08,112.62,111.56,112.16,0.12,0.11%,0
9/08/2005,112.19,112.24,111.67,111.96,-0.2,-0.18%,0
10/08/2005,111.9,112.01,110.42,110.68,-1.28,-1.14%,0
11/08/2005,110.65,110.74,109.74,109.76,-0.92,-0.83%,0
12/08/2005,109.67,109.95,109.31,109.42,-0.34,-0.31%,0
15/08/2005,109.47,109.82,109.22,109.25,-0.17,-0.16%,0
16/08/2005,109.24,109.68,109.05,109.47,0.22,0.20%,0
17/08/2005,109.55,110.08,109.39,109.92,0.45,0.41%,0
18/08/2005,109.93,110.67,109.74,110.59,0.67,0.61%,0
19/08/2005,110.54,110.83,110.32,110.4,-0.19,-0.17%,0
22/08/2005,110.43,110.55,109.41,109.68,-0.72,-0.65%,0
23/08/2005,109.78,110.18,109.6,109.86,0.18,0.16%,0
24/08/2005,109.87,110.73,109.86,110.21,0.35,0.32%,0
25/08/2005,110.23,110.45,109.77,110.02,-0.19,-0.17%,0
26/08/2005,110.04,110.39,109.37,110.16,0.14,0.13%,0
29/08/2005,110.18,110.71,109.84,110.65,0.49,0.44%,0
30/08/2005,110.63,111.61,110.5,111.34,0.69,0.62%,0
31/08/2005,111.25,111.79,110.38,110.69,-0.65,-0.58%,0
1/09/2005,110.63,110.92,109.6,109.85,-0.84,-0.76%,0
2/09/2005,109.84,110.07,109.22,109.68,-0.17,-0.15%,0
5/09/2005,109.72,109.8,108.78,109.18,-0.5,-0.46%,0
6/09/2005,109.12,109.84,109.12,109.64,0.46,0.42%,0
7/09/2005,109.68,110.3,109.42,110.1,0.46,0.42%,0
8/09/2005,110.12,110.63,110,110.49,0.39,0.35%,0
9/09/2005,110.52,110.76,109.5,109.78,-0.71,-0.64%,0
12/09/2005,109.05,110.29,109.03,110.24,0.46,0.42%,0
13/09/2005,110.39,111.06,110.14,110.66,0.42,0.38%,0
14/09/2005,110.66,110.83,109.9,110.37,-0.29,-0.26%,0
15/09/2005,110.39,110.73,110.17,110.69,0.32,0.29%,0
16/09/2005,110.62,111.48,110.46,111.33,0.64,0.58%,0
19/09/2005,111.49,111.69,111.18,111.49,0.16,0.14%,0
20/09/2005,111.53,111.98,111.14,111.89,0.4,0.36%,0
21/09/2005,111.96,112.04,110.97,111.34,-0.55,-0.49%,0
22/09/2005,111.29,111.83,111.04,111.68,0.34,0.31%,0
23/09/2005,111.71,112.46,111.06,112.45,0.77,0.69%,0
26/09/2005,112.5,112.6,112.22,112.25,-0.2,-0.18%,0
27/09/2005,112.2,113.53,112.14,113.32,1.07,0.95%,0
28/09/2005,113.31,113.45,112.88,113.19,-0.13,-0.11%,0
29/09/2005,113.12,113.22,112.66,112.99,-0.2,-0.18%,0
30/09/2005,113,113.7,112.92,113.47,0.48,0.42%,0
3/10/2005,113.37,114.38,113.37,114.12,0.65,0.57%,0
4/10/2005,114.11,114.39,114.01,114.2,0.08,0.07%,0
5/10/2005,114.25,114.42,113.6,114.06,-0.14,-0.12%,0
6/10/2005,114.01,114.21,113.02,113.21,-0.85,-0.75%,0
7/10/2005,113.29,114.02,113.15,113.84,0.63,0.56%,0
10/10/2005,113.77,114.3,113.53,114.09,0.25,0.22%,0
11/10/2005,114.09,114.64,113.82,114.5,0.41,0.36%,0
12/10/2005,114.56,114.77,114.25,114.36,-0.14,-0.12%,0
13/10/2005,114.4,115.1,114.21,114.34,-0.02,-0.02%,0
14/10/2005,114.5,114.89,113.87,114.01,-0.33,-0.29%,0
17/10/2005,114.07,114.92,113.76,114.9,0.89,0.78%,0
18/10/2005,114.92,115.95,114.91,115.63,0.73,0.64%,0
19/10/2005,115.71,115.99,115.25,115.32,-0.31,-0.27%,0
20/10/2005,115.43,115.78,115.27,115.39,0.07,0.06%,0
21/10/2005,115.33,116,115,115.92,0.53,0.46%,0
24/10/2005,115.92,115.98,115.07,115.47,-0.45,-0.39%,0
25/10/2005,115.45,115.73,114.61,115.02,-0.45,-0.39%,0
26/10/2005,115.04,115.94,114.91,115.83,0.81,0.70%,0
27/10/2005,115.86,116.24,114.84,115.45,-0.38,-0.33%,0
28/10/2005,115.46,115.69,115.09,115.65,0.2,0.17%,0
31/10/2005,115.73,116.47,115.55,116.37,0.72,0.62%,0
1/11/2005,116.41,116.77,116.41,116.64,0.27,0.23%,0
2/11/2005,116.73,117,116.56,116.82,0.18,0.15%,0
3/11/2005,116.88,117.41,116.8,117.14,0.32,0.27%,0
4/11/2005,117.23,118.36,117.16,118.31,1.17,1.00%,0
7/11/2005,118.25,118.39,117.45,117.58,-0.73,-0.62%,0
8/11/2005,117.67,117.98,117.1,117.2,-0.38,-0.32%,0
9/11/2005,117.28,117.72,116.88,117.55,0.35,0.30%,0
10/11/2005,117.53,118.27,117.36,118.22,0.67,0.57%,0
11/11/2005,118.21,118.21,117.65,118.01,-0.21,-0.18%,0
14/11/2005,118,118.92,117.87,118.73,0.72,0.61%,0
15/11/2005,118.81,119.42,118.72,118.85,0.12,0.10%,0
16/11/2005,118.9,119.57,118.81,119.11,0.26,0.22%,0
17/11/2005,119.16,119.29,118.47,118.74,-0.37,-0.31%,0
18/11/2005,118.83,119.41,118.71,119.19,0.45,0.38%,0
21/11/2005,119.19,119.46,118.56,118.94,-0.25,-0.21%,0
22/11/2005,119.07,119.51,118.67,118.82,-0.12,-0.10%,0
23/11/2005,118.75,119.05,118.22,118.7,-0.12,-0.10%,0
24/11/2005,118.74,118.99,118.55,118.93,0.23,0.19%,0
25/11/2005,118.92,119.72,118.91,119.57,0.64,0.54%,0
28/11/2005,119.65,119.95,118.36,118.77,-0.8,-0.67%,0
29/11/2005,118.85,119.71,118.78,119.56,0.79,0.67%,0
30/11/2005,119.67,119.88,119.24,119.83,0.27,0.23%,0
1/12/2005,119.83,120.73,119.68,120.44,0.61,0.51%,0
2/12/2005,120.62,121.23,120.2,120.48,0.04,0.03%,0
5/12/2005,121.06,121.4,120.7,120.83,0.35,0.29%,0
6/12/2005,120.82,121.27,120.74,120.81,-0.02,-0.02%,0
7/12/2005,120.88,121.21,120.58,120.96,0.15,0.12%,0
8/12/2005,121.05,121.17,119.99,120.32,-0.64,-0.53%,0
9/12/2005,120.32,120.77,120.28,120.62,0.3,0.25%,0
12/12/2005,120.73,121.07,119.52,119.74,-0.88,-0.73%,0
13/12/2005,119.78,120.46,119.63,120.05,0.31,0.26%,0
14/12/2005,119.93,120.19,116.75,117.41,-2.64,-2.20%,0
15/12/2005,117.41,117.71,115.84,116.42,-0.99,-0.84%,0
16/12/2005,116.24,116.51,115.61,115.75,-0.67,-0.58%,0
19/12/2005,115.64,116.58,115.51,116.04,0.29,0.25%,0
20/12/2005,116.14,117.3,115.98,117.15,1.11,0.96%,0
21/12/2005,117.25,117.54,116.77,117.28,0.13,0.11%,0
22/12/2005,117.37,117.65,116.44,116.66,-0.62,-0.53%,0
23/12/2005,116.66,116.91,116.14,116.32,-0.34,-0.29%,0
26/12/2005,116.32,116.59,115.99,116.24,-0.08,-0.07%,0
27/12/2005,116.31,117.47,116.29,117.43,1.19,1.02%,0
28/12/2005,117.42,117.97,116.98,117.86,0.43,0.37%,0
29/12/2005,117.92,118,117.71,117.8,-0.06,-0.05%,0
30/12/2005,117.86,118.18,117.01,117.96,0.16,0.14%,0
2/01/2006,117.9,118.08,117.54,117.91,-0.05,-0.04%,0
3/01/2006,117.89,117.9,116.03,116.31,-1.6,-1.36%,0
4/01/2006,116.18,116.46,115.6,116.03,-0.28,-0.24%,0
5/01/2006,116.1,116.48,115.76,115.88,-0.15,-0.13%,0
6/01/2006,115.93,116.31,114.25,114.41,-1.47,-1.27%,0
9/01/2006,114.52,114.76,113.78,114.39,-0.02,-0.02%,0
10/01/2006,114.49,114.79,114.11,114.37,-0.02,-0.02%,0
11/01/2006,114.36,114.9,113.92,114.15,-0.22,-0.19%,0
12/01/2006,114.16,114.44,113.44,114.26,0.11,0.10%,0
13/01/2006,114.37,114.8,114.14,114.27,0.01,0.01%,0
16/01/2006,114.2,115.13,113.8,114.86,0.59,0.52%,0
17/01/2006,114.98,115.94,114.58,115.48,0.62,0.54%,0
18/01/2006,115.48,115.9,114.82,115.28,-0.2,-0.17%,0
19/01/2006,115.25,115.6,114.94,115.45,0.17,0.15%,0
20/01/2006,115.41,115.69,114.97,115.31,-0.14,-0.12%,0
23/01/2006,115.26,115.31,114.15,114.39,-0.92,-0.80%,0
24/01/2006,114.4,114.88,114.34,114.58,0.19,0.17%,0
25/01/2006,114.7,115.99,114.65,115.78,1.2,1.05%,0
26/01/2006,115.85,116.53,115.45,116.39,0.61,0.53%,0
27/01/2006,116.46,117.45,116.13,117.27,0.88,0.76%,0
30/01/2006,117.3,117.81,117.02,117.62,0.35,0.30%,0
31/01/2006,117.6,117.79,116.69,117.32,-0.3,-0.26%,0
1/02/2006,117.16,118.13,117.07,117.98,0.66,0.56%,0
2/02/2006,118.04,118.67,117.88,118.49,0.51,0.43%,0
3/02/2006,118.57,119.4,118.32,118.92,0.43,0.36%,0
6/02/2006,118.8,119.12,118.49,119.05,0.13,0.11%,0
7/02/2006,119.03,119.19,117.61,118.16,-0.89,-0.75%,0
8/02/2006,117.95,118.83,117.56,118.49,0.33,0.28%,0
9/02/2006,118.53,118.92,118.29,118.84,0.35,0.30%,0
10/02/2006,118.84,118.93,116.89,117.88,-0.96,-0.81%,0
13/02/2006,117.76,118.27,117.52,117.7,-0.18,-0.15%,0
14/02/2006,117.78,117.81,117.13,117.35,-0.35,-0.30%,0
15/02/2006,117.38,118.11,116.76,117.9,0.55,0.47%,0
16/02/2006,117.88,118.26,117.69,117.79,-0.11,-0.09%,0
17/02/2006,117.6,118.88,117.32,118.23,0.44,0.37%,0
20/02/2006,118.21,118.37,117.93,118.24,0.01,0.01%,0
21/02/2006,118.24,119.01,118.24,118.78,0.54,0.46%,0
22/02/2006,118.71,118.91,118.31,118.54,-0.24,-0.20%,0
23/02/2006,118.54,118.54,116.77,117.23,-1.31,-1.11%,0
24/02/2006,117.13,117.18,116.43,116.89,-0.34,-0.29%,0
27/02/2006,116.9,117.16,115.69,116.21,-0.68,-0.58%,0
28/02/2006,116.12,116.49,115.71,115.76,-0.45,-0.39%,0
1/03/2006,115.76,116.32,115.46,116.13,0.37,0.32%,0
2/03/2006,116.08,116.43,115.8,115.84,-0.29,-0.25%,0
3/03/2006,115.87,116.8,115.56,116.41,0.57,0.49%,0
6/03/2006,116.34,117.68,116.05,117.55,1.14,0.98%,0
7/03/2006,117.58,118.06,117.29,117.94,0.39,0.33%,0
8/03/2006,117.86,118.05,117.32,117.92,-0.02,-0.02%,0
9/03/2006,117.84,118.43,117.1,118.16,0.24,0.20%,0
10/03/2006,118.22,119.16,118,119.02,0.86,0.73%,0
13/03/2006,118.9,119.21,118.76,118.83,-0.19,-0.16%,0
14/03/2006,118.73,118.79,117.26,117.42,-1.41,-1.19%,0
15/03/2006,117.59,117.78,117.13,117.27,-0.15,-0.13%,0
16/03/2006,117.38,117.9,116.79,116.85,-0.42,-0.36%,0
17/03/2006,116.83,117,115.72,115.81,-1.04,-0.89%,0
20/03/2006,116.03,116.45,115.52,116.18,0.37,0.32%,0
21/03/2006,116.38,117.25,116.26,117.23,1.05,0.90%,0
22/03/2006,117.28,117.41,116.58,116.88,-0.35,-0.30%,0
23/03/2006,117.02,117.97,116.75,117.9,1.02,0.87%,0
24/03/2006,117.86,118.5,117.42,117.5,-0.4,-0.34%,0
27/03/2006,117.57,117.67,116.42,116.79,-0.71,-0.60%,0
28/03/2006,116.76,118.05,116.28,117.83,1.04,0.89%,0
29/03/2006,117.93,118.23,117.5,117.76,-0.07,-0.06%,0
30/03/2006,117.81,117.95,117.11,117.33,-0.43,-0.37%,0
31/03/2006,117.33,118.14,117.15,117.69,0.36,0.31%,0
3/04/2006,117.8,118.8,117.59,117.71,0.02,0.02%,0
4/04/2006,117.69,117.96,117.23,117.45,-0.26,-0.22%,0
5/04/2006,117.54,117.79,116.69,117.39,-0.06,-0.05%,0
6/04/2006,117.42,117.98,117.26,117.67,0.28,0.24%,0
7/04/2006,117.78,118.41,117.45,118.3,0.63,0.54%,0
10/04/2006,118.17,118.71,117.9,118.46,0.16,0.14%,0
11/04/2006,118.32,118.9,118.24,118.29,-0.17,-0.14%,0
12/04/2006,118.27,118.62,117.84,118.59,0.3,0.25%,0
13/04/2006,118.57,118.84,118.31,118.45,-0.14,-0.12%,0
14/04/2006,118.55,118.75,118.45,118.65,0.2,0.17%,0
17/04/2006,118.58,118.6,117.55,117.83,-0.82,-0.69%,0
18/04/2006,117.81,118.22,117.26,117.33,-0.5,-0.42%,0
19/04/2006,117.15,117.96,116.77,117.16,-0.17,-0.14%,0
20/04/2006,117.27,117.89,117.23,117.52,0.36,0.31%,0
21/04/2006,117.54,117.77,116.62,116.65,-0.87,-0.74%,0
24/04/2006,115.68,115.97,114.25,114.39,-2.26,-1.94%,0
25/04/2006,114.63,115.01,114.32,114.84,0.45,0.39%,0
26/04/2006,114.83,115.4,114.63,114.74,-0.1,-0.09%,0
27/04/2006,114.72,115.12,113.84,114.14,-0.6,-0.52%,0
28/04/2006,114.13,114.48,113.68,113.81,-0.33,-0.29%,0
1/05/2006,113.69,113.85,112.34,113.6,-0.21,-0.18%,0
2/05/2006,113.35,114.02,113.09,113.26,-0.34,-0.30%,0
3/05/2006,113.32,113.86,112.9,113.72,0.46,0.41%,0
4/05/2006,113.59,114.17,113.26,113.47,-0.25,-0.22%,0
5/05/2006,113.65,114.02,112.27,112.47,-1,-0.88%,0
8/05/2006,112.04,112.19,110.99,111.72,-0.75,-0.67%,0
9/05/2006,111.64,111.95,110.88,111.15,-0.57,-0.51%,0
10/05/2006,111.03,111.27,110.12,110.19,-0.96,-0.86%,0
11/05/2006,110.49,111.53,110.12,110.5,0.31,0.28%,0
12/05/2006,110.7,110.74,109.33,110.08,-0.42,-0.38%,0
15/05/2006,109.6,110.52,109.34,110.25,0.17,0.15%,0
16/05/2006,110.5,110.86,109.66,109.71,-0.54,-0.49%,0
17/05/2006,109.79,111.35,108.98,111.02,1.31,1.19%,0
18/05/2006,110.97,111.27,110.32,110.99,-0.03,-0.03%,0
19/05/2006,110.83,112.23,110.45,111.68,0.69,0.62%,0
22/05/2006,111.72,112.94,111.28,111.34,-0.34,-0.30%,0
23/05/2006,111.55,111.9,110.98,111.34,0,0.00%,0
24/05/2006,111.98,112.95,111.66,112.7,1.36,1.22%,0
25/05/2006,112.95,112.97,111.73,111.78,-0.92,-0.82%,0
26/05/2006,111.76,112.78,111.48,112.7,0.92,0.82%,0
29/05/2006,112.55,112.7,112.17,112.37,-0.33,-0.29%,0
30/05/2006,112.49,112.79,111.63,112.17,-0.2,-0.18%,0
31/05/2006,112.16,112.7,111.45,112.58,0.41,0.37%,0
1/06/2006,112.64,113.37,112.37,112.72,0.14,0.12%,0
2/06/2006,112.72,112.94,111.35,111.63,-1.09,-0.97%,0
5/06/2006,111.67,112.18,111.44,112.15,0.52,0.47%,0
6/06/2006,112.25,113.55,112.07,113.2,1.05,0.94%,0
7/06/2006,113.34,113.69,112.92,113.48,0.28,0.25%,0
8/06/2006,113.58,114.72,113.37,114.18,0.7,0.62%,0
9/06/2006,114.24,114.32,113.57,113.94,-0.24,-0.21%,0
12/06/2006,113.98,114.58,113.97,114.24,0.3,0.26%,0
13/06/2006,114.38,115.43,114.25,115.28,1.04,0.91%,0
14/06/2006,115.42,115.42,114.48,115.03,-0.25,-0.22%,0
15/06/2006,115.05,115.22,114.64,114.94,-0.09,-0.08%,0
16/06/2006,114.77,115.21,114.57,115.13,0.19,0.17%,0
19/06/2006,115.17,115.78,115.11,115.44,0.31,0.27%,0
20/06/2006,115.56,115.64,114.64,114.94,-0.5,-0.43%,0
21/06/2006,114.97,115.22,114.38,114.78,-0.16,-0.14%,0
22/06/2006,114.9,116.28,114.69,116.12,1.34,1.17%,0
23/06/2006,116.13,116.61,115.77,116.54,0.42,0.36%,0
26/06/2006,116.51,116.57,116.1,116.35,-0.19,-0.16%,0
27/06/2006,116.26,116.7,115.86,116.28,-0.07,-0.06%,0
28/06/2006,116.31,116.5,116.05,116.44,0.16,0.14%,0
29/06/2006,116.46,116.64,114.85,115.01,-1.43,-1.23%,0
30/06/2006,115.16,115.23,114.17,114.42,-0.59,-0.51%,0
3/07/2006,114.44,114.95,114.12,114.62,0.2,0.17%,0
4/07/2006,114.66,114.83,114.39,114.64,0.02,0.02%,0
5/07/2006,114.82,115.81,114.6,115.72,1.08,0.94%,0
6/07/2006,115.73,115.74,114.9,115.14,-0.58,-0.50%,0
7/07/2006,115.12,115.31,113.84,113.89,-1.25,-1.09%,0
10/07/2006,113.99,114.26,113.47,114.16,0.27,0.24%,0
11/07/2006,114.35,114.68,113.92,114.18,0.02,0.02%,0
12/07/2006,114.22,115.73,114.19,115.52,1.34,1.17%,0
13/07/2006,115.51,115.53,115,115.36,-0.16,-0.14%,0
14/07/2006,115.4,116.39,115.35,116.22,0.86,0.75%,0
17/07/2006,116.23,117.28,116.15,117.2,0.98,0.84%,0
18/07/2006,117.25,117.59,116.72,117.37,0.17,0.15%,0
19/07/2006,117.33,117.89,116.67,116.85,-0.52,-0.44%,0
20/07/2006,116.86,117.02,116.55,116.89,0.04,0.03%,0
21/07/2006,117.05,117.13,115.83,116.23,-0.66,-0.56%,0
24/07/2006,116.16,116.93,116.11,116.81,0.58,0.50%,0
25/07/2006,116.66,117.39,116.54,117.21,0.4,0.34%,0
26/07/2006,117.26,117.26,116.19,116.33,-0.88,-0.75%,0
27/07/2006,116.27,116.41,115.31,115.77,-0.56,-0.48%,0
28/07/2006,115.79,116.04,114.62,114.75,-1.02,-0.88%,0
31/07/2006,114.67,114.85,114.19,114.63,-0.12,-0.10%,0
1/08/2006,114.69,115.39,114.5,114.51,-0.12,-0.10%,0
2/08/2006,114.57,114.89,114.22,114.58,0.07,0.06%,0
3/08/2006,114.69,115.31,114.54,114.93,0.35,0.31%,0
4/08/2006,115,115.55,113.99,114.43,-0.5,-0.44%,0
7/08/2006,114.24,115.16,114.18,115.1,0.67,0.59%,0
8/08/2006,115.14,115.36,114.58,114.98,-0.12,-0.10%,0
9/08/2006,115.31,115.75,114.81,115.28,0.3,0.26%,0
10/08/2006,115.34,115.63,114.68,115.27,-0.01,-0.01%,0
11/08/2006,115.27,116.45,115.14,116.29,1.02,0.88%,0
14/08/2006,116.3,116.76,116.17,116.73,0.44,0.38%,0
15/08/2006,116.72,116.73,115.86,116.09,-0.64,-0.55%,0
16/08/2006,116.09,116.38,115.63,115.9,-0.19,-0.16%,0
17/08/2006,115.87,116.18,115.21,115.94,0.04,0.03%,0
18/08/2006,115.96,116.1,115.47,115.82,-0.12,-0.10%,0
21/08/2006,115.79,115.98,115.35,115.85,0.03,0.03%,0
22/08/2006,115.83,116.84,115.83,116.58,0.73,0.63%,0
23/08/2006,116.53,116.64,116.1,116.34,-0.24,-0.21%,0
24/08/2006,116.43,116.59,116.18,116.55,0.21,0.18%,0
25/08/2006,116.55,117.4,116.42,117.3,0.75,0.64%,0
28/08/2006,117.22,117.35,116.87,117.18,-0.12,-0.10%,0
29/08/2006,117.2,117.26,116.52,116.66,-0.52,-0.44%,0
30/08/2006,116.67,117.28,116.57,117.11,0.45,0.39%,0
31/08/2006,117.15,117.51,116.92,117.36,0.25,0.21%,0
1/09/2006,117.4,117.5,117.06,117.13,-0.23,-0.20%,0
4/09/2006,117.06,117.1,115.89,115.99,-1.14,-0.97%,0
5/09/2006,116.09,116.21,115.58,115.94,-0.05,-0.04%,0
6/09/2006,116.09,116.89,115.96,116.6,0.66,0.57%,0
7/09/2006,116.65,117.06,116,116.42,-0.18,-0.15%,0
8/09/2006,116.43,117.03,116.1,116.9,0.48,0.41%,0
11/09/2006,116.88,117.78,116.62,117.53,0.63,0.54%,0
12/09/2006,117.68,118.15,117.39,117.97,0.44,0.37%,0
13/09/2006,117.97,118.02,117.35,117.57,-0.4,-0.34%,0
14/09/2006,117.68,117.78,117.31,117.5,-0.07,-0.06%,0
15/09/2006,117.6,118.11,117.29,117.6,0.1,0.09%,0
18/09/2006,117.27,118.28,117.26,117.88,0.28,0.24%,0
19/09/2006,117.96,118.1,117.01,117.61,-0.27,-0.23%,0
20/09/2006,117.75,117.78,116.99,117.44,-0.17,-0.14%,0
21/09/2006,117.44,117.48,116.23,116.3,-1.14,-0.97%,0
22/09/2006,116.35,116.61,116.08,116.5,0.2,0.17%,0
25/09/2006,116.5,116.76,116.14,116.52,0.02,0.02%,0
26/09/2006,116.63,117.25,116.27,117.14,0.62,0.53%,0
27/09/2006,117.11,117.66,116.91,117.51,0.37,0.32%,0
28/09/2006,117.5,117.95,117.33,117.84,0.33,0.28%,0
29/09/2006,117.83,118.2,117.53,118.15,0.31,0.26%,0
2/10/2006,118.16,118.4,117.53,117.66,-0.49,-0.41%,0
3/10/2006,117.63,117.98,117.39,117.91,0.25,0.21%,0
4/10/2006,117.92,118.29,117.82,117.89,-0.02,-0.02%,0
5/10/2006,117.9,117.95,117.46,117.64,-0.25,-0.21%,0
6/10/2006,117.71,119.11,117.63,119,1.36,1.16%,0
9/10/2006,118.93,119.3,118.83,119.12,0.12,0.10%,0
10/10/2006,119.11,119.78,118.9,119.72,0.6,0.50%,0
11/10/2006,119.71,119.85,119.35,119.66,-0.06,-0.05%,0
12/10/2006,119.78,119.8,119.26,119.41,-0.25,-0.21%,0
13/10/2006,119.36,119.87,119.08,119.68,0.27,0.23%,0
16/10/2006,119.67,119.8,119.02,119.13,-0.55,-0.46%,0
17/10/2006,119.04,119.14,118.55,118.86,-0.27,-0.23%,0
18/10/2006,118.74,119.19,118.33,118.92,0.06,0.05%,0
19/10/2006,118.93,119.01,118.05,118.18,-0.74,-0.62%,0
20/10/2006,118.16,118.8,118.12,118.69,0.51,0.43%,0
23/10/2006,118.76,119.41,118.57,119.31,0.62,0.52%,0
24/10/2006,119.35,119.66,119.08,119.31,0,0.00%,0
25/10/2006,119.38,119.45,118.89,119.02,-0.29,-0.24%,0
26/10/2006,119.13,119.16,118.27,118.4,-0.62,-0.52%,0
27/10/2006,118.4,118.72,117.13,117.51,-0.89,-0.75%,0
30/10/2006,117.47,117.62,117.2,117.39,-0.12,-0.10%,0
31/10/2006,117.46,118.05,116.62,116.94,-0.45,-0.38%,0
1/11/2006,116.97,117.16,116.58,117.06,0.12,0.10%,0
2/11/2006,117.05,117.38,116.67,117.15,0.09,0.08%,0
3/11/2006,117.14,118.2,116.99,118.03,0.88,0.75%,0
6/11/2006,118.09,118.47,117.8,118.28,0.25,0.21%,0
7/11/2006,118.32,118.32,117.25,117.67,-0.61,-0.52%,0
8/11/2006,117.69,118.01,117.39,117.76,0.09,0.08%,0
9/11/2006,117.85,118.6,117.71,117.93,0.17,0.14%,0
10/11/2006,117.93,117.95,117.18,117.6,-0.33,-0.28%,0
13/11/2006,117.61,118.3,117.14,118.2,0.6,0.51%,0
14/11/2006,118.19,118.19,117.27,117.51,-0.69,-0.58%,0
15/11/2006,117.62,118.2,117.52,118.05,0.54,0.46%,0
16/11/2006,118.03,118.35,117.75,118.22,0.17,0.14%,0
17/11/2006,118.22,118.47,117.51,117.78,-0.44,-0.37%,0
20/11/2006,117.88,118.19,117.78,118.06,0.28,0.24%,0
21/11/2006,118.05,118.27,117.75,117.81,-0.25,-0.21%,0
22/11/2006,117.92,117.93,116.37,116.76,-1.05,-0.89%,0
23/11/2006,116.74,116.83,116.05,116.28,-0.48,-0.41%,0
24/11/2006,116.29,116.49,115.58,115.83,-0.45,-0.39%,0
27/11/2006,115.54,116.41,115.4,116.08,0.25,0.22%,0
28/11/2006,116.09,116.41,115.9,116.08,0,0.00%,0
29/11/2006,116.16,116.48,115.59,116.34,0.26,0.22%,0
30/11/2006,116.4,116.56,115.51,115.69,-0.65,-0.56%,0
1/12/2006,115.82,116.38,114.98,115.4,-0.29,-0.25%,0
4/12/2006,115.45,115.84,115.09,115.34,-0.06,-0.05%,0
5/12/2006,115.27,115.44,114.45,114.84,-0.5,-0.43%,0
6/12/2006,114.9,115.32,114.53,115.22,0.38,0.33%,0
7/12/2006,115.26,115.4,114.76,115.26,0.04,0.03%,0
8/12/2006,115.26,116.51,114.9,116.41,1.15,1.00%,0
11/12/2006,116.4,117.26,116.18,116.97,0.56,0.48%,0
12/12/2006,116.99,117.24,116.68,116.8,-0.17,-0.15%,0
13/12/2006,116.77,117.65,116.67,117.53,0.73,0.63%,0
14/12/2006,117.58,117.9,117.27,117.83,0.3,0.26%,0
15/12/2006,117.85,118.33,117.44,118.07,0.24,0.20%,0
18/12/2006,118,118.29,117.7,118.08,0.01,0.01%,0
19/12/2006,118.14,118.33,117.82,118.1,0.02,0.02%,0
20/12/2006,118.12,118.51,117.95,118.38,0.28,0.24%,0
21/12/2006,118.45,118.51,117.94,118.36,-0.02,-0.02%,0
22/12/2006,118.34,118.96,118.21,118.79,0.43,0.36%,0
25/12/2006,118.86,118.98,118.64,118.8,0.01,0.01%,0
26/12/2006,118.77,119.23,118.71,119.07,0.27,0.23%,0
27/12/2006,119.14,119.23,118.29,118.74,-0.33,-0.28%,0
28/12/2006,118.86,119.04,118.52,118.91,0.17,0.14%,0
29/12/2006,118.93,119.18,118.75,119.03,0.12,0.10%,0
2/01/2007,119.05,119.07,118.51,118.84,-0.19,-0.16%,0
3/01/2007,118.87,119.67,118.68,119.38,0.54,0.45%,0
4/01/2007,119.4,119.52,119.02,119.09,-0.29,-0.24%,0
5/01/2007,119.06,119.07,117.98,118.64,-0.45,-0.38%,0
8/01/2007,118.64,118.84,118.12,118.74,0.1,0.08%,0
9/01/2007,118.79,119.53,118.7,119.4,0.66,0.56%,0
10/01/2007,119.38,119.77,119.13,119.63,0.23,0.19%,0
11/01/2007,119.64,120.63,119.51,120.45,0.82,0.69%,0
12/01/2007,120.5,120.74,120.16,120.36,-0.09,-0.07%,0
15/01/2007,120.38,120.61,120.06,120.44,0.08,0.07%,0
16/01/2007,120.43,120.77,120.22,120.64,0.2,0.17%,0
17/01/2007,120.63,120.88,120.34,120.66,0.02,0.02%,0
18/01/2007,120.7,121.59,120.49,121.22,0.56,0.46%,0
19/01/2007,121.23,121.5,121.1,121.25,0.03,0.02%,0
22/01/2007,121.26,121.81,121.22,121.62,0.37,0.31%,0
23/01/2007,121.65,121.76,121.12,121.61,-0.01,-0.01%,0
24/01/2007,121.65,121.8,120.64,121.02,-0.59,-0.49%,0
25/01/2007,121.22,121.28,120.2,121.13,0.11,0.09%,0
26/01/2007,121.26,121.65,121.21,121.58,0.45,0.37%,0
29/01/2007,121.47,122.19,121.46,121.81,0.23,0.19%,0
30/01/2007,121.75,122,121.47,121.66,-0.15,-0.12%,0
31/01/2007,121.63,121.76,120.63,120.74,-0.92,-0.76%,0
1/02/2007,120.71,120.9,120.13,120.71,-0.03,-0.02%,0
2/02/2007,120.82,121.36,120.64,121.06,0.35,0.29%,0
5/02/2007,121.08,121.2,120.24,120.4,-0.66,-0.55%,0
6/02/2007,120.34,120.58,119.98,120.12,-0.28,-0.23%,0
7/02/2007,120.12,120.81,120.01,120.68,0.56,0.47%,0
8/02/2007,120.69,121.45,120.59,121.09,0.41,0.34%,0
9/02/2007,121.05,121.75,120.99,121.66,0.57,0.47%,0
12/02/2007,121.83,122.11,121.59,121.88,0.22,0.18%,0
13/02/2007,121.94,121.96,121.1,121.18,-0.7,-0.57%,0
14/02/2007,121.18,121.37,120.63,120.73,-0.45,-0.37%,0
15/02/2007,120.8,120.81,119.25,119.25,-1.48,-1.23%,0
16/02/2007,119.27,119.57,118.98,119.3,0.05,0.04%,0
19/02/2007,119.4,119.73,119.22,119.62,0.32,0.27%,0
20/02/2007,119.57,120.34,119.5,120,0.38,0.32%,0
21/02/2007,120.04,121.19,119.71,120.88,0.88,0.73%,0
22/02/2007,120.94,121.64,120.83,121.62,0.74,0.61%,0
23/02/2007,121.59,121.65,120.94,121.04,-0.58,-0.48%,0
26/02/2007,120.99,121.07,120.37,120.6,-0.44,-0.36%,0
27/02/2007,120.64,120.78,117.49,117.8,-2.8,-2.32%,0
28/02/2007,117.94,118.84,117.92,118.41,0.61,0.52%,0
1/03/2007,118.58,118.87,116.96,117.5,-0.91,-0.77%,0
2/03/2007,117.63,117.84,116.42,116.86,-0.64,-0.54%,0
5/03/2007,116.78,116.8,115.16,115.88,-0.98,-0.84%,0
6/03/2007,115.52,116.75,115.24,116.7,0.82,0.71%,0
7/03/2007,116.59,116.91,116.22,116.27,-0.43,-0.37%,0
8/03/2007,116.08,117.49,115.58,117.16,0.89,0.77%,0
9/03/2007,117.19,118.39,117.1,118.17,1.01,0.86%,0
12/03/2007,118.29,118.5,117.21,117.73,-0.44,-0.37%,0
13/03/2007,117.72,117.79,116.3,116.33,-1.4,-1.19%,0
14/03/2007,116.27,117.12,115.78,117.06,0.73,0.63%,0
15/03/2007,117.1,117.77,117.02,117.62,0.56,0.48%,0
16/03/2007,117.57,117.62,116.51,116.73,-0.89,-0.76%,0
19/03/2007,116.41,117.77,116.25,117.5,0.77,0.66%,0
20/03/2007,117.53,118.02,116.92,117.2,-0.3,-0.26%,0
21/03/2007,117.29,117.95,117.16,117.6,0.4,0.34%,0
22/03/2007,117.54,118.29,117.25,118.08,0.48,0.41%,0
23/03/2007,118.14,118.25,117.4,118.06,-0.02,-0.02%,0
26/03/2007,118.1,118.43,117.63,118.07,0.01,0.01%,0
27/03/2007,118.13,118.39,117.7,117.9,-0.17,-0.14%,0
28/03/2007,117.82,118,116.38,116.97,-0.93,-0.79%,0
29/03/2007,116.86,118.09,116.68,117.95,0.98,0.84%,0
30/03/2007,118.07,118.4,117.23,117.85,-0.1,-0.08%,0
2/04/2007,117.55,118.07,117.46,117.78,-0.07,-0.06%,0
3/04/2007,117.85,118.94,117.74,118.94,1.16,0.98%,0
4/04/2007,118.96,119.1,118.56,118.71,-0.23,-0.19%,0
5/04/2007,118.72,119,118.44,118.69,-0.02,-0.02%,0
6/04/2007,118.74,119.39,118.68,119.28,0.59,0.50%,0
9/04/2007,119.24,119.4,119.18,119.29,0.01,0.01%,0
10/04/2007,119.33,119.37,118.75,119.06,-0.23,-0.19%,0
11/04/2007,119.07,119.54,118.87,119.33,0.27,0.23%,0
12/04/2007,119.39,119.51,118.82,119.06,-0.27,-0.23%,0
13/04/2007,119.15,119.57,118.22,119.18,0.12,0.10%,0
16/04/2007,119.363,119.866,118.983,119.738,0.558,0.47%,0
17/04/2007,119.75,119.82,118.82,118.825,-0.913,-0.76%,0
18/04/2007,118.913,119.019,118.116,118.631,-0.194,-0.16%,0
19/04/2007,118.677,118.677,117.607,118.362,-0.269,-0.23%,0
20/04/2007,118.482,118.96,118.255,118.749,0.387,0.33%,0
23/04/2007,118.66,119.03,118.23,118.62,-0.129,-0.11%,0
24/04/2007,118.655,118.945,118.24,118.57,-0.05,-0.04%,0
25/04/2007,118.585,118.84,118.28,118.715,0.145,0.12%,0
26/04/2007,118.736,119.672,118.532,119.574,0.859,0.72%,0
27/04/2007,119.569,119.761,118.881,119.514,-0.06,-0.05%,0
30/04/2007,119.34,119.751,119.185,119.505,-0.009,-0.01%,0
1/05/2007,119.351,119.853,119.087,119.776,0.271,0.23%,0
2/05/2007,119.855,120.285,119.52,120.11,0.334,0.28%,0
3/05/2007,120.165,120.46,119.975,120.405,0.295,0.25%,0
4/05/2007,120.427,120.463,119.911,120.142,-0.263,-0.22%,0
7/05/2007,120.064,120.189,119.793,120.077,-0.065,-0.05%,0
8/05/2007,120.105,120.141,119.53,119.965,-0.112,-0.09%,0
9/05/2007,119.95,120.124,119.59,120.034,0.069,0.06%,0
10/05/2007,120.04,120.532,119.92,119.98,-0.054,-0.04%,0
11/05/2007,119.99,120.23,119.44,120.15,0.17,0.14%,0
14/05/2007,120.1,120.45,120.02,120.33,0.18,0.15%,0
15/05/2007,120.31,120.59,120.08,120.269,-0.061,-0.05%,0
16/05/2007,120.3,120.83,120.16,120.79,0.521,0.43%,0
17/05/2007,120.769,121.36,120.595,121.34,0.55,0.46%,0
18/05/2007,121.33,121.39,120.65,121.11,-0.23,-0.19%,0
21/05/2007,121.1,121.63,121.09,121.417,0.307,0.25%,0
22/05/2007,121.44,121.595,121.18,121.57,0.153,0.13%,0
23/05/2007,121.56,121.87,121.29,121.68,0.11,0.09%,0
24/05/2007,121.66,121.68,121.22,121.33,-0.35,-0.29%,0
25/05/2007,121.36,121.76,120.83,121.73,0.4,0.33%,0
28/05/2007,121.73,121.817,121.59,121.744,0.014,0.01%,0
29/05/2007,121.7,121.81,121.16,121.62,-0.124,-0.10%,0
30/05/2007,121.68,121.77,121.27,121.59,-0.03,-0.02%,0
31/05/2007,121.66,121.98,121.42,121.689,0.099,0.08%,0
1/06/2007,121.67,122.135,121.66,122.03,0.341,0.28%,0
4/06/2007,122.02,122.11,121.5,121.79,-0.24,-0.20%,0
5/06/2007,121.77,121.94,121.07,121.38,-0.41,-0.34%,0
6/06/2007,121.41,121.49,120.85,121.06,-0.32,-0.26%,0
7/06/2007,121.08,121.562,120.76,121.06,0,0.00%,0
8/06/2007,121.05,121.83,120.73,121.73,0.67,0.55%,0
11/06/2007,121.74,121.835,121.49,121.79,0.06,0.05%,0
12/06/2007,121.75,121.86,121.56,121.78,-0.01,-0.01%,0
13/06/2007,121.78,122.65,121.47,122.63,0.85,0.70%,0
14/06/2007,122.63,123.13,122.52,122.94,0.31,0.25%,0
15/06/2007,122.925,123.66,122.89,123.46,0.52,0.42%,0
18/06/2007,123.46,123.75,123.27,123.62,0.16,0.13%,0
19/06/2007,123.6,123.74,123.27,123.37,-0.25,-0.20%,0
20/06/2007,123.37,123.677,123.07,123.627,0.257,0.21%,0
21/06/2007,123.59,123.75,123.43,123.7,0.073,0.06%,0
22/06/2007,123.68,124.16,123.63,123.87,0.17,0.14%,0
25/06/2007,123.79,123.94,123.29,123.618,-0.252,-0.20%,0
26/06/2007,123.63,123.63,122.76,123.27,-0.348,-0.28%,0
27/06/2007,123.19,123.19,122.21,122.63,-0.64,-0.52%,0
28/06/2007,122.735,123.36,122.735,123.27,0.64,0.52%,0
29/06/2007,123.21,123.56,122.98,123.04,-0.23,-0.19%,0
2/07/2007,123.144,123.288,122.108,122.326,-0.714,-0.58%,0
3/07/2007,122.4,122.685,122.135,122.37,0.044,0.04%,0
4/07/2007,122.457,122.671,122.219,122.638,0.268,0.22%,0
5/07/2007,122.708,123.018,122.342,122.922,0.284,0.23%,0
6/07/2007,122.955,123.555,122.865,123.375,0.453,0.37%,0
9/07/2007,123.37,123.675,123.219,123.39,0.015,0.01%,0
10/07/2007,123.415,123.495,121.9,121.97,-1.42,-1.15%,0
11/07/2007,121.745,122.315,121,122.175,0.205,0.17%,0
12/07/2007,122.465,122.593,121.836,122.527,0.352,0.29%,0
13/07/2007,122.424,122.62,121.932,122.034,-0.493,-0.40%,0
16/07/2007,121.945,122.19,121.565,121.805,-0.229,-0.19%,0
17/07/2007,121.9,122.42,121.703,122.31,0.505,0.41%,0
18/07/2007,122.331,122.345,121.58,121.903,-0.407,-0.33%,0
19/07/2007,121.97,122.191,121.76,122.135,0.232,0.19%,0
20/07/2007,122.023,122.436,120.868,121.239,-0.896,-0.73%,0
23/07/2007,121.62,121.695,120.805,121.275,0.036,0.03%,0
24/07/2007,121.11,121.145,120.118,120.118,-1.157,-0.95%,0
25/07/2007,120.27,120.634,119.814,120.487,0.369,0.31%,0
26/07/2007,120.52,120.75,118.54,118.72,-1.767,-1.47%,0
27/07/2007,118.687,119.299,118.037,118.84,0.12,0.10%,0
30/07/2007,118.455,119.065,118.035,118.99,0.15,0.13%,0
31/07/2007,119.055,119.5,118.72,118.739,-0.251,-0.21%,0
1/08/2007,118.67,118.97,117.58,118.54,-0.199,-0.17%,0
2/08/2007,118.63,119.373,118.3,119.24,0.7,0.59%,0
3/08/2007,119.19,119.33,118.14,118.14,-1.1,-0.92%,0
6/08/2007,118.233,118.39,117.34,118.26,0.12,0.10%,0
7/08/2007,118.87,118.9,118.01,118.9,0.64,0.54%,0
8/08/2007,118.834,119.83,118.42,119.35,0.45,0.38%,0
9/08/2007,119.37,119.78,118.12,118.3,-1.05,-0.88%,0
10/08/2007,118.31,118.75,117.18,118.535,0.235,0.20%,0
13/08/2007,118.49,118.57,117.66,118.33,-0.205,-0.17%,0
14/08/2007,118.32,118.52,117.64,117.785,-0.545,-0.46%,0
15/08/2007,117.65,117.65,116.55,116.82,-0.965,-0.82%,0
16/08/2007,116.74,116.74,111.97,113.16,-3.66,-3.13%,0
17/08/2007,113.35,114.91,111.57,114.44,1.28,1.13%,0
20/08/2007,114.39,115.5,113.55,114.86,0.42,0.37%,0
21/08/2007,114.95,115.24,113.98,114.48,-0.38,-0.33%,0
22/08/2007,114.46,115.46,114.1,115.12,0.64,0.56%,0
23/08/2007,115.57,117.13,115.57,115.97,0.85,0.74%,0
24/08/2007,115.98,116.44,115.49,116.26,0.29,0.25%,0
27/08/2007,116.31,116.75,115.87,116.1,-0.16,-0.14%,0
28/08/2007,115.76,115.76,114.51,114.52,-1.58,-1.36%,0
29/08/2007,114.52,115.99,113.83,115.96,1.44,1.26%,0
30/08/2007,115.93,116.078,115.14,115.82,-0.14,-0.12%,0
31/08/2007,115.82,116.61,115.45,115.94,0.12,0.10%,0
3/09/2007,115.94,116.11,115.64,115.93,-0.01,-0.01%,0
4/09/2007,115.93,116.42,115.3,116.364,0.434,0.37%,0
5/09/2007,116.2,116.47,114.98,115.15,-1.214,-1.04%,0
6/09/2007,115.26,115.56,114.79,115.35,0.2,0.17%,0
7/09/2007,115.33,115.65,113.09,113.35,-2,-1.73%,0
10/09/2007,113.38,114,112.7,113.78,0.43,0.38%,0
11/09/2007,113.69,114.38,113.35,114.2,0.42,0.37%,0
12/09/2007,114.15,114.38,113.75,114.194,-0.006,-0.01%,0
13/09/2007,114.35,115.493,114.1,115.3,1.106,0.97%,0
14/09/2007,115.27,115.39,114.33,115.32,0.02,0.02%,0
17/09/2007,115.33,115.38,114.63,115.16,-0.16,-0.14%,0
18/09/2007,115.2,116.27,114.77,116.17,1.01,0.88%,0
19/09/2007,116.285,116.32,115.61,116.09,-0.08,-0.07%,0
20/09/2007,116.02,116.02,113.96,114.38,-1.71,-1.47%,0
21/09/2007,114.58,115.851,114.58,115.34,0.96,0.84%,0
24/09/2007,115.33,115.33,114.73,114.8,-0.54,-0.47%,0
25/09/2007,114.79,114.98,114.07,114.48,-0.32,-0.28%,0
26/09/2007,114.58,115.741,114.46,115.58,1.1,0.96%,0
27/09/2007,115.54,115.884,115.07,115.68,0.1,0.09%,0
28/09/2007,115.61,115.61,114.66,114.88,-0.8,-0.69%,0
1/10/2007,114.89,116.06,114.716,115.68,0.8,0.70%,0
2/10/2007,115.66,116.01,115.26,115.83,0.15,0.13%,0
3/10/2007,115.84,116.78,115.54,116.71,0.88,0.76%,0
4/10/2007,116.71,116.76,116.24,116.49,-0.22,-0.19%,0
5/10/2007,116.49,117.28,116.3,116.89,0.4,0.34%,0
8/10/2007,116.93,117.6,116.93,117.38,0.49,0.42%,0
9/10/2007,117.37,117.45,116.77,117.16,-0.22,-0.19%,0
10/10/2007,117.148,117.53,116.93,117.25,0.09,0.08%,0
11/10/2007,117.24,117.79,117.032,117.08,-0.17,-0.14%,0
12/10/2007,117.1,117.7,117.1,117.61,0.53,0.45%,0
15/10/2007,117.56,117.941,117.14,117.37,-0.24,-0.20%,0
16/10/2007,117.43,117.45,116.41,116.9,-0.47,-0.40%,0
17/10/2007,116.66,117.19,116.15,116.641,-0.259,-0.22%,0
18/10/2007,116.66,116.66,115.24,115.651,-0.99,-0.85%,0
19/10/2007,115.651,115.72,114.53,114.53,-1.121,-0.97%,0
22/10/2007,114.53,114.6,113.23,114.56,0.03,0.03%,0
23/10/2007,114.54,115.03,114.13,114.766,0.206,0.18%,0
24/10/2007,114.77,114.95,113.79,114.26,-0.506,-0.44%,0
25/10/2007,114.26,114.57,113.75,114.162,-0.098,-0.09%,0
26/10/2007,114.21,114.58,113.9,114.24,0.078,0.07%,0
29/10/2007,114.19,114.91,114.03,114.65,0.41,0.36%,0
30/10/2007,114.64,114.97,114.34,114.65,0,0.00%,0
31/10/2007,114.63,115.5,114.51,115.43,0.78,0.68%,0
1/11/2007,115.4,115.92,114.44,114.649,-0.781,-0.68%,0
2/11/2007,114.67,115.415,114.41,114.85,0.201,0.18%,0
5/11/2007,114.81,114.81,114,114.53,-0.32,-0.28%,0
6/11/2007,114.54,114.78,114.24,114.73,0.2,0.17%,0
7/11/2007,114.71,114.78,112.64,112.64,-2.09,-1.82%,0
8/11/2007,112.63,113.34,112.26,112.66,0.02,0.02%,0
9/11/2007,112.61,112.881,110.47,110.67,-1.99,-1.77%,0
12/11/2007,110.73,110.781,109.09,109.424,-1.246,-1.13%,0
13/11/2007,109.55,110.97,109.55,110.94,1.516,1.39%,0
14/11/2007,110.89,111.76,110.73,111.33,0.39,0.35%,0
15/11/2007,111.24,111.68,110.23,110.32,-1.01,-0.91%,0
16/11/2007,110.328,111.33,109.73,111.066,0.746,0.68%,0
19/11/2007,111.05,111.07,109.76,109.81,-1.256,-1.13%,0
20/11/2007,109.77,110.57,109.54,110,0.19,0.17%,0
21/11/2007,109.811,109.811,108.21,108.39,-1.61,-1.46%,0
22/11/2007,108.46,109.17,108.27,108.44,0.05,0.05%,0
23/11/2007,108.42,108.61,107.49,108.3,-0.14,-0.13%,0
26/11/2007,108.33,108.76,107.24,107.4,-0.9,-0.83%,0
27/11/2007,107.37,109.13,107.27,109.01,1.61,1.50%,0
28/11/2007,108.95,110.5,108.24,110.03,1.02,0.94%,0
29/11/2007,110.01,110.31,109.45,109.92,-0.11,-0.10%,0
30/11/2007,109.94,111.23,109.66,111.2,1.28,1.16%,0
3/12/2007,111.01,111.01,110.1,110.47,-0.73,-0.66%,0
4/12/2007,110.49,110.52,109.53,109.84,-0.63,-0.57%,0
5/12/2007,109.87,110.96,109.73,110.91,1.07,0.97%,0
6/12/2007,110.85,111.44,110.6,111.31,0.4,0.36%,0
7/12/2007,111.31,111.79,111.13,111.695,0.385,0.35%,0
10/12/2007,111.67,111.89,111.43,111.7,0.005,0.00%,0
11/12/2007,111.7,112.133,110.54,110.654,-1.046,-0.94%,0
12/12/2007,110.78,112.47,110.78,112.23,1.576,1.42%,0
13/12/2007,112.23,112.45,111.36,112.23,0,0.00%,0
14/12/2007,112.25,113.59,112.25,113.27,1.04,0.93%,0
17/12/2007,113.23,113.48,112.79,112.94,-0.33,-0.29%,0
18/12/2007,112.98,113.53,112.85,113.39,0.45,0.40%,0
19/12/2007,113.37,113.497,112.7,113.43,0.04,0.04%,0
20/12/2007,113.37,113.37,112.76,113.12,-0.31,-0.27%,0
21/12/2007,113.15,114.3,112.92,113.99,0.87,0.77%,0
24/12/2007,114,114.48,113.98,114.29,0.3,0.26%,0
26/12/2007,114.19,114.34,113.88,114.32,0.03,0.03%,0
27/12/2007,114.25,114.66,113.55,113.7,-0.62,-0.54%,0
28/12/2007,113.73,114.01,112.31,112.31,-1.39,-1.22%,0
31/12/2007,112.29,112.29,111.37,111.69,-0.62,-0.55%,0
2/01/2008,111.66,111.92,109.2,109.659,-2.031,-1.82%,0
3/01/2008,109.665,109.74,108.21,109.32,-0.339,-0.31%,0
4/01/2008,109.34,109.54,107.84,108.62,-0.7,-0.64%,0
7/01/2008,108.62,109.732,108.54,109.19,0.57,0.52%,0
8/01/2008,109.16,109.83,108.88,108.91,-0.28,-0.26%,0
9/01/2008,108.91,110.09,108.8,110.06,1.15,1.06%,0
10/01/2008,109.99,110.08,109.12,109.33,-0.73,-0.66%,0
11/01/2008,109.37,109.71,108.61,108.84,-0.49,-0.45%,0
14/01/2008,108.87,108.961,107.33,108.16,-0.68,-0.62%,0
15/01/2008,108.17,108.28,106.58,106.81,-1.35,-1.25%,0
16/01/2008,106.79,107.9,105.88,107.63,0.82,0.77%,0
17/01/2008,107.6,107.8,106.56,106.56,-1.07,-0.99%,0
18/01/2008,106.56,107.59,106.36,106.84,0.28,0.26%,0
21/01/2008,106.83,106.98,105.65,105.96,-0.88,-0.82%,0
22/01/2008,105.97,107.04,105.6,106.465,0.505,0.48%,0
23/01/2008,106.42,107.38,104.94,106.73,0.265,0.25%,0
24/01/2008,106.67,107.18,105.9,107.17,0.44,0.41%,0
25/01/2008,107.165,107.89,106.73,106.73,-0.44,-0.41%,0
28/01/2008,106.76,107.05,105.94,106.895,0.165,0.15%,0
29/01/2008,106.87,107.24,106.36,107.09,0.195,0.18%,0
30/01/2008,107.1,107.48,106.28,106.32,-0.77,-0.72%,0
31/01/2008,106.28,107.3,105.67,106.44,0.12,0.11%,0
1/02/2008,106.44,106.73,105.73,106.57,0.13,0.12%,0
4/02/2008,106.53,107.11,106.53,106.71,0.14,0.13%,0
5/02/2008,106.69,107.74,106.62,106.83,0.12,0.11%,0
6/02/2008,106.76,106.79,106.15,106.55,-0.28,-0.26%,0
7/02/2008,106.52,107.8,105.87,107.5,0.95,0.89%,0
8/02/2008,107.47,107.73,107.13,107.34,-0.16,-0.15%,0
11/02/2008,107.37,107.49,106.3,106.96,-0.38,-0.35%,0
12/02/2008,106.98,107.53,106.78,107.34,0.38,0.36%,0
13/02/2008,107.3,108.37,106.97,108.32,0.98,0.91%,0
14/02/2008,108.28,108.61,107.78,107.86,-0.46,-0.42%,0
15/02/2008,107.88,108.31,107.24,107.81,-0.05,-0.05%,0
18/02/2008,107.76,108.32,107.73,108.24,0.43,0.40%,0
19/02/2008,108.21,108.28,107.17,107.76,-0.48,-0.44%,0
20/02/2008,107.81,108.33,107.43,108.13,0.37,0.34%,0
21/02/2008,108.11,108.33,107.175,107.4,-0.73,-0.68%,0
22/02/2008,107.42,107.57,106.75,107.17,-0.23,-0.21%,0
25/02/2008,107.21,108.19,107.21,108.08,0.91,0.85%,0
26/02/2008,108.04,108.14,107.2,107.3,-0.78,-0.72%,0
27/02/2008,107.31,107.37,105.92,106.48,-0.82,-0.76%,0
28/02/2008,106.48,106.64,105.1,105.37,-1.11,-1.04%,0
29/02/2008,105.01,105.01,103.71,103.74,-1.63,-1.55%,0
3/03/2008,103.71,103.71,102.59,103.48,-0.26,-0.25%,0
4/03/2008,103.49,103.562,102.63,103.36,-0.12,-0.12%,0
5/03/2008,103.38,104.19,103.26,104.01,0.65,0.63%,0
6/03/2008,103.96,104,102.56,102.66,-1.35,-1.30%,0
7/03/2008,102.72,103.24,101.39,102.68,0.02,0.02%,0
10/03/2008,102.45,102.45,101.54,101.74,-0.94,-0.92%,0
11/03/2008,101.76,103.57,101.41,103.425,1.685,1.66%,0
12/03/2008,103.33,103.33,101.65,101.82,-1.605,-1.55%,0
13/03/2008,101.685,101.685,99.74,100.64,-1.18,-1.16%,0
14/03/2008,100.65,101.15,98.944,99.02,-1.62,-1.61%,0
17/03/2008,98.16,98.16,96.61,97.355,-1.665,-1.68%,0
18/03/2008,97.36,99.89,96.95,99.78,2.425,2.49%,0
19/03/2008,99.82,100.11,97.8,99.1,-0.68,-0.68%,0
20/03/2008,99.05,100.165,98.49,99.54,0.44,0.44%,0
21/03/2008,99.52,99.74,99.29,99.59,0.05,0.05%,0
24/03/2008,99.59,100.88,99.56,100.74,1.15,1.15%,0
25/03/2008,100.73,101.035,99.59,99.98,-0.76,-0.75%,0
26/03/2008,100.02,100.33,98.84,99.16,-0.82,-0.82%,0
27/03/2008,99.21,100.16,98.53,99.63,0.47,0.47%,0
28/03/2008,99.6,100.39,99.14,99.25,-0.38,-0.38%,0
31/03/2008,99.25,100.16,98.94,99.67,0.42,0.42%,0
1/04/2008,99.67,102.16,99.56,101.855,2.185,2.19%,0
2/04/2008,101.82,102.831,101.49,102.38,0.525,0.52%,0
3/04/2008,102.35,102.95,102.02,102.29,-0.09,-0.09%,0
4/04/2008,102.28,102.69,101.43,101.49,-0.8,-0.78%,0
7/04/2008,101.53,102.85,101.53,102.4,0.91,0.90%,0
8/04/2008,102.38,102.69,101.72,102.64,0.24,0.23%,0
9/04/2008,102.64,102.83,101.52,101.79,-0.85,-0.83%,0
10/04/2008,101.82,102.041,99.98,101.955,0.165,0.16%,0
11/04/2008,101.91,102.27,100.62,100.99,-0.965,-0.95%,0
14/04/2008,100.98,101.5,100.26,101.09,0.1,0.10%,0
15/04/2008,101.08,101.825,100.805,101.76,0.67,0.66%,0
16/04/2008,101.409,101.514,100.312,101.092,-0.668,-0.66%,0
17/04/2008,101.68,102.72,101.68,102.47,1.378,1.36%,0
18/04/2008,102.46,104.643,102.23,103.69,1.22,1.19%,0
21/04/2008,103.66,104.062,102.94,103.29,-0.4,-0.39%,0
22/04/2008,103.28,103.543,102.65,103.02,-0.27,-0.26%,0
23/04/2008,103.05,103.78,102.72,103.427,0.407,0.40%,0
24/04/2008,103.363,104.521,103.29,104.24,0.813,0.79%,0
25/04/2008,104.213,104.82,103.87,104.42,0.18,0.17%,0
28/04/2008,104.4,104.813,104.1,104.2,-0.22,-0.21%,0
29/04/2008,104.18,104.36,103.2,104,-0.2,-0.19%,0
30/04/2008,104.044,104.88,103.65,103.87,-0.13,-0.13%,0
1/05/2008,103.9,104.57,103.52,104.47,0.6,0.58%,0
2/05/2008,104.414,105.7,104.31,105.42,0.95,0.91%,0
5/05/2008,104.76,105.62,104.76,104.85,-0.57,-0.54%,0
6/05/2008,105.12,105.12,103.99,104.77,-0.08,-0.08%,0
7/05/2008,104.79,105.59,104.64,104.723,-0.047,-0.04%,0
8/05/2008,104.748,104.95,103.36,103.716,-1.007,-0.96%,0
9/05/2008,103.76,103.964,102.57,102.83,-0.886,-0.85%,0
12/05/2008,102.9,104.04,102.55,103.76,0.93,0.90%,0
13/05/2008,103.721,104.9,103.36,104.76,1,0.96%,0
14/05/2008,104.73,105.44,104.55,105.031,0.271,0.26%,0
15/05/2008,105.02,105.29,104.4,104.75,-0.281,-0.27%,0
16/05/2008,104.77,105.096,103.48,104.1,-0.65,-0.62%,0
19/05/2008,104.12,104.69,103.59,104.32,0.22,0.21%,0
20/05/2008,104.32,104.48,103.42,103.69,-0.63,-0.60%,0
21/05/2008,103.68,103.68,102.94,103.047,-0.643,-0.62%,0
22/05/2008,103.068,104.381,102.7,104.08,1.033,1.00%,0
23/05/2008,104.067,104.26,103.04,103.37,-0.71,-0.68%,0
26/05/2008,103.4,103.49,103.1,103.43,0.06,0.06%,0
27/05/2008,103.41,104.33,103.24,104.28,0.85,0.82%,0
28/05/2008,104.25,105.317,103.86,104.71,0.43,0.41%,0
29/05/2008,104.677,105.871,104.58,105.5,0.79,0.75%,0
30/05/2008,105.47,105.74,105.21,105.5,0,0.00%,0
2/06/2008,105.49,105.531,104,104.42,-1.08,-1.02%,0
3/06/2008,104.45,105.555,103.85,105.08,0.66,0.63%,0
4/06/2008,105.07,105.35,104.51,105.196,0.116,0.11%,0
5/06/2008,105.21,106.44,105.18,105.93,0.734,0.70%,0
6/06/2008,105.93,106.34,104.93,104.95,-0.98,-0.93%,0
9/06/2008,104.94,106.34,104.61,106.31,1.36,1.30%,0
10/06/2008,106.27,107.45,106.21,107.423,1.113,1.05%,0
11/06/2008,107.417,107.76,106.52,106.94,-0.483,-0.45%,0
12/06/2008,106.95,108.09,106.73,107.94,1,0.94%,0
13/06/2008,107.92,108.385,107.62,108.18,0.24,0.22%,0
16/06/2008,108.16,108.58,107.89,108.21,0.03,0.03%,0
17/06/2008,108.209,108.4,107.57,107.94,-0.27,-0.25%,0
18/06/2008,107.94,108.43,107.74,107.88,-0.06,-0.06%,0
19/06/2008,107.883,108.06,107.38,108,0.12,0.11%,0
20/06/2008,107.997,108.06,107.142,107.32,-0.68,-0.63%,0
23/06/2008,107.35,108.07,107.13,107.85,0.53,0.49%,0
24/06/2008,107.82,108.22,107.33,107.821,-0.029,-0.03%,0
25/06/2008,107.82,108.42,107.63,107.81,-0.011,-0.01%,0
26/06/2008,107.84,108.183,106.59,106.8,-1.01,-0.94%,0
27/06/2008,106.84,107.21,105.84,106.13,-0.67,-0.63%,0
30/06/2008,106.16,106.463,104.96,106.22,0.09,0.08%,0
1/07/2008,106.21,106.39,105.2,106.13,-0.09,-0.08%,0
2/07/2008,106.15,106.77,105.75,105.9,-0.23,-0.22%,0
3/07/2008,105.911,106.94,105.75,106.73,0.83,0.78%,0
4/07/2008,106.76,106.88,106.56,106.8,0.07,0.07%,0
7/07/2008,106.8,107.75,106.63,107.17,0.37,0.35%,0
8/07/2008,107.15,107.54,106.23,107.5,0.33,0.31%,0
9/07/2008,107.48,107.66,106.69,106.76,-0.74,-0.69%,0
10/07/2008,106.77,107.45,106.68,107.06,0.3,0.28%,0
11/07/2008,107.058,107.291,105.63,106.27,-0.79,-0.74%,0
14/07/2008,106.3,106.81,106.04,106.14,-0.13,-0.12%,0
15/07/2008,106.159,106.23,104.12,104.71,-1.43,-1.35%,0
16/07/2008,104.73,105.19,103.75,105.12,0.41,0.39%,0
17/07/2008,105.12,105.49,104.76,105.33,0.21,0.20%,0
18/07/2008,106.77,106.99,105.95,106.98,1.65,1.57%,0
21/07/2008,106.94,107.17,106.35,106.44,-0.54,-0.50%,0
22/07/2008,106.44,107.45,106.04,107.32,0.88,0.83%,0
23/07/2008,107.32,107.96,107.15,107.89,0.57,0.53%,0
24/07/2008,107.87,107.982,107.2,107.33,-0.56,-0.52%,0
25/07/2008,107.35,107.94,106.56,107.86,0.53,0.49%,0
28/07/2008,107.82,108.07,107.33,107.46,-0.4,-0.37%,0
29/07/2008,107.47,108.29,107.28,108.11,0.65,0.60%,0
30/07/2008,108.09,108.33,107.69,108.13,0.02,0.02%,0
31/07/2008,108.12,108.37,107.55,107.92,-0.21,-0.19%,0
1/08/2008,107.93,107.94,107.3,107.68,-0.24,-0.22%,0
4/08/2008,107.71,108.29,107.43,108.26,0.58,0.54%,0
5/08/2008,108.24,108.41,107.65,108.35,0.09,0.08%,0
6/08/2008,108.338,109.848,108.18,109.787,1.437,1.33%,0
7/08/2008,109.69,109.69,109.09,109.44,-0.347,-0.32%,0
8/08/2008,109.448,110.36,109.28,110.18,0.74,0.68%,0
11/08/2008,110.17,110.38,109.52,110.07,-0.11,-0.10%,0
12/08/2008,110.08,110.35,109.27,109.275,-0.795,-0.72%,0
13/08/2008,109.27,109.705,108.35,109.55,0.275,0.25%,0
14/08/2008,109.47,109.981,109,109.73,0.18,0.16%,0
15/08/2008,109.72,110.68,109.6,110.48,0.75,0.68%,0
18/08/2008,110.46,110.46,109.98,110.09,-0.39,-0.35%,0
19/08/2008,110.138,110.327,109.53,109.71,-0.38,-0.35%,0
20/08/2008,109.738,110.27,109.58,109.88,0.17,0.15%,0
21/08/2008,109.797,109.797,108.09,108.46,-1.42,-1.29%,0
22/08/2008,108.47,110.141,108.4,110.08,1.62,1.49%,0
25/08/2008,110.12,110.28,109,109.29,-0.79,-0.72%,0
26/08/2008,109.31,109.93,109.12,109.6,0.31,0.28%,0
27/08/2008,109.6,109.89,108.65,109.49,-0.11,-0.10%,0
28/08/2008,109.46,109.72,108.75,109.48,-0.01,-0.01%,0
29/08/2008,109.494,109.57,108.38,108.8,-0.68,-0.62%,0
1/09/2008,108.83,108.83,108.23,108.31,-0.49,-0.45%,0
2/09/2008,108.58,109.18,107.86,108.61,0.3,0.28%,0
3/09/2008,108.606,109.09,108.07,108.28,-0.33,-0.30%,0
4/09/2008,108.3,108.57,106.98,107.08,-1.2,-1.11%,0
5/09/2008,107.09,107.7,105.42,107.68,0.6,0.56%,0
8/09/2008,107.72,109.08,107.72,108.27,0.59,0.55%,0
9/09/2008,108.18,108.18,106.733,106.84,-1.43,-1.32%,0
10/09/2008,106.84,107.936,106.58,107.66,0.82,0.77%,0
11/09/2008,107.67,107.79,106.04,107.123,-0.537,-0.50%,0
12/09/2008,107.17,107.96,106.69,107.96,0.837,0.78%,0
15/09/2008,106.92,106.92,104.45,104.659,-3.301,-3.06%,0
16/09/2008,104.667,106.348,103.5,105.6,0.941,0.90%,0
17/09/2008,105.63,106.71,104.33,104.607,-0.993,-0.94%,0
18/09/2008,104.61,105.768,103.96,105.46,0.853,0.82%,0
19/09/2008,105.478,108.04,105.413,107.45,1.99,1.89%,0
22/09/2008,106.91,106.91,105.18,105.5,-1.95,-1.81%,0
23/09/2008,105.53,106.07,105.11,105.56,0.06,0.06%,0
24/09/2008,105.533,106.35,105.33,106.11,0.55,0.52%,0
25/09/2008,106.1,107.01,105.39,106.57,0.46,0.43%,0
26/09/2008,106.47,106.47,105,106.08,-0.49,-0.46%,0
29/09/2008,106,106.96,104.04,104.21,-1.87,-1.76%,0
30/09/2008,104.14,106.46,103.47,106.12,1.91,1.83%,0
1/10/2008,106.112,106.55,105.29,105.74,-0.38,-0.36%,0
2/10/2008,105.74,106.28,105.07,105.34,-0.4,-0.38%,0
3/10/2008,105.358,106.17,104.38,105.32,-0.02,-0.02%,0
6/10/2008,105.08,105.08,100.07,101.84,-3.48,-3.30%,0
7/10/2008,101.81,103.29,101.09,101.5,-0.34,-0.33%,0
8/10/2008,101.48,101.59,98.51,99.167,-2.333,-2.30%,0
9/10/2008,99.25,101.49,99.25,99.799,0.632,0.64%,0
10/10/2008,99.801,100.7,97.89,100.63,0.831,0.83%,0
13/10/2008,100.67,102.148,99.54,102.047,1.417,1.41%,0
14/10/2008,102,103.09,101.55,102.07,0.023,0.02%,0
15/10/2008,102.03,102.03,99.93,99.95,-2.12,-2.08%,0
16/10/2008,99.98,101.67,99.24,101.59,1.64,1.64%,0
17/10/2008,101.56,101.83,100.53,101.62,0.03,0.03%,0
20/10/2008,101.69,102.42,101.34,101.84,0.22,0.22%,0
21/10/2008,101.86,102.15,100.121,100.121,-1.719,-1.69%,0
22/10/2008,100.13,100.54,97.26,97.682,-2.439,-2.44%,0
23/10/2008,97.64,98.32,95.98,97.31,-0.372,-0.38%,0
24/10/2008,97.45,97.86,90.83,94.29,-3.02,-3.10%,0
27/10/2008,94.3,94.473,91.97,92.846,-1.444,-1.53%,0
28/10/2008,92.81,98.25,92.62,97.98,5.134,5.53%,0
29/10/2008,98.01,98.29,96.06,97.393,-0.587,-0.60%,0
30/10/2008,97.46,99.13,97.38,98.556,1.163,1.19%,0
31/10/2008,98.596,99.13,96.32,98.49,-0.066,-0.07%,0
3/11/2008,98.543,99.65,98.28,99.127,0.637,0.65%,0
4/11/2008,99.08,100.57,98.347,99.73,0.603,0.61%,0
5/11/2008,99.67,99.87,97.918,97.918,-1.812,-1.82%,0
6/11/2008,97.97,98.67,97.43,97.73,-0.188,-0.19%,0
7/11/2008,97.76,98.64,96.73,98.23,0.5,0.51%,0
10/11/2008,98.21,99.48,97.6,98.02,-0.21,-0.21%,0
11/11/2008,98.023,98.29,97.29,97.66,-0.36,-0.37%,0
12/11/2008,97.67,98.1,94.45,95.02,-2.64,-2.70%,0
13/11/2008,94.97,98.14,94.97,97.681,2.661,2.80%,0
14/11/2008,97.68,97.71,96.06,97.07,-0.611,-0.63%,0
17/11/2008,97.21,97.55,95.99,96.45,-0.62,-0.64%,0
18/11/2008,96.48,97.41,96,97.012,0.562,0.58%,0
19/11/2008,97.033,97.052,95.7,95.7,-1.312,-1.35%,0
20/11/2008,95.732,96.18,93.58,93.72,-1.98,-2.07%,0
21/11/2008,93.81,95.947,93.81,95.9,2.18,2.33%,0
24/11/2008,95.89,97.33,94.91,97.33,1.43,1.49%,0
25/11/2008,97.35,97.37,94.96,95.26,-2.07,-2.13%,0
26/11/2008,95.26,95.87,94.52,95.66,0.4,0.42%,0
27/11/2008,95.63,95.71,94.96,95.3,-0.36,-0.38%,0
28/11/2008,95.203,95.75,95.06,95.55,0.25,0.26%,0
1/12/2008,95.41,95.41,93.078,93.21,-2.34,-2.45%,0
2/12/2008,93.216,93.82,92.56,93.19,-0.02,-0.02%,0
3/12/2008,93.17,93.62,92.46,93.28,0.09,0.10%,0
4/12/2008,93.294,93.41,92.14,92.23,-1.05,-1.13%,0
5/12/2008,92.25,93.318,91.52,92.82,0.59,0.64%,0
8/12/2008,92.88,93.893,92.51,92.83,0.01,0.01%,0
9/12/2008,92.806,93.07,91.91,92.16,-0.67,-0.72%,0
10/12/2008,92.26,93.03,92.26,92.76,0.6,0.65%,0
11/12/2008,92.74,92.844,91.08,91.42,-1.34,-1.44%,0
12/12/2008,91.44,91.85,88.09,91.12,-0.3,-0.33%,0
15/12/2008,91.21,91.35,90.16,90.656,-0.464,-0.51%,0
16/12/2008,90.63,90.63,88.75,89.05,-1.606,-1.77%,0
17/12/2008,89.01,89.212,87.07,87.22,-1.83,-2.06%,0
18/12/2008,87.27,90.03,87.23,89.42,2.2,2.52%,0
19/12/2008,89.45,89.84,88.31,89.33,-0.09,-0.10%,0
22/12/2008,89.46,90.47,89.46,90.27,0.94,1.05%,0
23/12/2008,90.223,90.97,89.81,90.97,0.7,0.78%,0
24/12/2008,90.9,90.9,90.2,90.44,-0.53,-0.58%,0
26/12/2008,90.41,90.88,90.3,90.82,0.38,0.42%,0
29/12/2008,90.75,90.75,89.67,90.66,-0.16,-0.18%,0
30/12/2008,90.7,91,89.93,90.29,-0.37,-0.41%,0
31/12/2008,90.346,90.95,90.11,90.69,0.4,0.44%,0
2/01/2009,90.74,92.41,90.64,91.85,1.16,1.28%,0
5/01/2009,91.79,93.57,91.72,93.35,1.5,1.63%,0
6/01/2009,93.411,94.64,92.82,93.669,0.319,0.34%,0
7/01/2009,93.65,94.16,92.31,92.64,-1.029,-1.10%,0
8/01/2009,92.68,92.95,90.75,91.2,-1.44,-1.55%,0
9/01/2009,91.23,91.65,90.06,90.35,-0.85,-0.93%,0
12/01/2009,90.26,90.26,88.79,89.21,-1.14,-1.26%,0
13/01/2009,89.233,89.88,88.71,89.397,0.187,0.21%,0
14/01/2009,89.351,89.964,88.55,89.036,-0.361,-0.40%,0
15/01/2009,89.072,90,88.39,89.812,0.776,0.87%,0
16/01/2009,89.81,90.91,89.81,90.69,0.878,0.98%,0
19/01/2009,90.7,91.24,90.07,90.656,-0.034,-0.04%,0
20/01/2009,90.654,90.97,89.71,89.762,-0.894,-0.99%,0
21/01/2009,89.78,90.162,87.04,89.473,-0.289,-0.32%,0
22/01/2009,89.45,89.546,88,88.884,-0.589,-0.66%,0
23/01/2009,88.927,89.63,87.9,88.71,-0.174,-0.20%,0
27/01/2009,89.06,90.07,88.34,88.96,0.25,0.28%,0
28/01/2009,88.964,90.64,88.8,90.3,1.34,1.51%,0
29/01/2009,90.18,90.66,89.46,89.999,-0.301,-0.33%,0
30/01/2009,90.03,90.048,89.08,89.94,-0.059,-0.07%,0
2/02/2009,89.92,89.981,88.73,89.46,-0.48,-0.53%,0
3/02/2009,89.43,89.98,88.51,89.44,-0.02,-0.02%,0
4/02/2009,89.445,89.8,88.75,89.44,0,0.00%,0
5/02/2009,89.41,92.136,89.2,91.16,1.72,1.92%,0
6/02/2009,91.15,92.18,90.65,91.86,0.7,0.77%,0
9/02/2009,91.78,92.11,90.86,91.458,-0.402,-0.44%,0
10/02/2009,91.47,91.66,90.12,90.488,-0.97,-1.06%,0
11/02/2009,90.5,90.728,89.66,90.42,-0.068,-0.08%,0
12/02/2009,90.42,91.057,89.73,90.98,0.56,0.62%,0
13/02/2009,90.96,92.14,90.51,91.92,0.94,1.03%,0
16/02/2009,91.84,92.09,91.4,91.75,-0.17,-0.18%,0
17/02/2009,91.76,92.75,91.48,92.41,0.66,0.72%,0
18/02/2009,92.393,93.97,92.06,93.793,1.383,1.50%,0
19/02/2009,93.78,94.47,93.26,94.21,0.417,0.44%,0
20/02/2009,94.18,94.38,92.658,93.29,-0.92,-0.98%,0
23/02/2009,93.37,94.96,92.73,94.628,1.338,1.43%,0
24/02/2009,94.597,96.96,94.24,96.656,2.028,2.14%,0
25/02/2009,96.63,97.79,96.27,97.4,0.744,0.77%,0
26/02/2009,97.37,98.712,97.3,98.49,1.09,1.12%,0
27/02/2009,98.354,98.354,96.78,97.6,-0.89,-0.90%,0
2/03/2009,97.63,97.91,96.89,97.43,-0.17,-0.17%,0
3/03/2009,97.47,98.592,97,98.17,0.74,0.76%,0
4/03/2009,98.17,99.48,98.17,99.148,0.978,1.00%,0
5/03/2009,99.15,99.68,97.798,98.08,-1.068,-1.08%,0
6/03/2009,98.068,98.504,96.49,98.32,0.24,0.24%,0
9/03/2009,98.26,99.2,97.95,98.84,0.52,0.53%,0
10/03/2009,98.84,99.134,97.83,98.663,-0.177,-0.18%,0
11/03/2009,98.677,98.81,97.17,97.291,-1.372,-1.39%,0
12/03/2009,97.27,98.526,95.58,97.74,0.449,0.46%,0
13/03/2009,97.67,98.66,97.11,98.031,0.291,0.30%,0
16/03/2009,97.933,98.66,97.91,98.22,0.189,0.19%,0
17/03/2009,98.17,98.97,98.17,98.59,0.37,0.38%,0
18/03/2009,98.55,98.808,95.706,96.21,-2.38,-2.41%,0
19/03/2009,96.252,96.61,93.47,94.55,-1.66,-1.73%,0
20/03/2009,94.51,96.265,94.06,95.935,1.385,1.46%,0
23/03/2009,95.939,97.342,95.56,96.94,1.005,1.05%,0
24/03/2009,97.01,98.569,97.01,97.86,0.92,0.95%,0
25/03/2009,97.903,98.309,96.83,97.56,-0.3,-0.31%,0
26/03/2009,97.57,98.85,97.57,98.74,1.18,1.21%,0
27/03/2009,98.71,98.77,97.01,97.87,-0.87,-0.88%,0
30/03/2009,97.85,98.34,95.87,97.253,-0.617,-0.63%,0
31/03/2009,97.28,99.364,97.26,98.995,1.742,1.79%,0
1/04/2009,98.945,99.466,98.2,98.52,-0.475,-0.48%,0
2/04/2009,98.54,99.904,98.36,99.521,1.001,1.02%,0
3/04/2009,99.51,100.37,99.25,100.34,0.819,0.82%,0
6/04/2009,100.34,101.45,100.34,101.02,0.68,0.68%,0
7/04/2009,100.862,100.862,99.78,100.44,-0.58,-0.57%,0
8/04/2009,100.45,100.87,99.309,99.769,-0.671,-0.67%,0
9/04/2009,99.78,100.57,99.65,100.42,0.651,0.65%,0
13/04/2009,100.29,100.723,99.9,100.12,-0.3,-0.30%,0
14/04/2009,100.12,100.43,98.75,98.98,-1.14,-1.14%,0
15/04/2009,98.98,99.661,98.13,99.364,0.384,0.39%,0
16/04/2009,99.36,99.514,98.43,99.32,-0.044,-0.04%,0
17/04/2009,99.3,99.755,98.62,99.17,-0.15,-0.15%,0
20/04/2009,99.16,99.402,97.68,97.933,-1.237,-1.25%,0
21/04/2009,97.93,98.901,97.7,98.74,0.807,0.82%,0
22/04/2009,98.703,98.74,97.51,98.013,-0.727,-0.74%,0
23/04/2009,98.04,98.438,97.61,97.97,-0.043,-0.04%,0
24/04/2009,97.95,97.95,96.55,97.15,-0.82,-0.84%,0
27/04/2009,97.108,97.108,96.35,96.753,-0.397,-0.41%,0
28/04/2009,96.7,96.7,95.52,96.432,-0.321,-0.33%,0
29/04/2009,96.47,97.88,96.47,97.672,1.24,1.29%,0
30/04/2009,97.65,98.99,97.11,98.658,0.986,1.01%,0
1/05/2009,98.66,99.576,98.66,99.14,0.482,0.49%,0
4/05/2009,99.06,99.54,98.72,98.81,-0.33,-0.33%,0
5/05/2009,98.83,99.18,98.61,98.856,0.046,0.05%,0
6/05/2009,98.84,99.01,97.95,98.294,-0.562,-0.57%,0
7/05/2009,98.4,99.66,98.4,99.108,0.814,0.83%,0
8/05/2009,99.09,99.54,98.35,98.45,-0.658,-0.66%,0
11/05/2009,98.5,98.805,97.25,97.52,-0.93,-0.94%,0
12/05/2009,97.51,97.82,96.1,96.454,-1.066,-1.09%,0
13/05/2009,96.47,96.668,95.202,95.28,-1.174,-1.22%,0
14/05/2009,95.332,95.855,95.128,95.82,0.54,0.57%,0
15/05/2009,95.78,96.1,94.754,95.21,-0.61,-0.64%,0
18/05/2009,95.41,96.454,94.55,96.3,1.09,1.14%,0
19/05/2009,96.28,96.671,95.917,95.955,-0.345,-0.36%,0
20/05/2009,95.97,96.207,94.713,94.9,-1.055,-1.10%,0
21/05/2009,94.93,95.21,93.963,94.368,-0.532,-0.56%,0
22/05/2009,94.431,94.897,93.86,94.79,0.422,0.45%,0
25/05/2009,94.74,95.17,94.42,94.827,0.037,0.04%,0
26/05/2009,94.82,95.12,94.52,95.02,0.193,0.20%,0
27/05/2009,94.962,95.48,94.695,95.32,0.3,0.32%,0
28/05/2009,95.384,97.221,95.384,96.8,1.48,1.55%,0
29/05/2009,96.84,96.872,95.05,95.29,-1.51,-1.56%,0
1/06/2009,95.39,96.783,94.46,96.62,1.33,1.40%,0
2/06/2009,96.52,96.576,95.32,95.716,-0.904,-0.94%,0
3/06/2009,95.77,96.41,95.38,95.97,0.254,0.27%,0
4/06/2009,95.96,96.95,95.94,96.62,0.65,0.68%,0
5/06/2009,96.6,98.87,96.56,98.62,2,2.07%,0
8/06/2009,98.63,98.85,98.201,98.523,-0.097,-0.10%,0
9/06/2009,98.473,98.55,97.25,97.4,-1.123,-1.14%,0
10/06/2009,97.397,98.437,97.1,98.133,0.733,0.75%,0
11/06/2009,98.105,98.51,97.336,97.608,-0.525,-0.53%,0
12/06/2009,97.65,98.411,97.472,98.4,0.792,0.81%,0
15/06/2009,98.39,98.561,97.57,97.82,-0.58,-0.59%,0
16/06/2009,97.82,97.82,96.09,96.38,-1.44,-1.47%,0
17/06/2009,96.404,96.75,95.53,95.75,-0.63,-0.65%,0
18/06/2009,95.78,96.7,95.64,96.58,0.83,0.87%,0
19/06/2009,96.52,97.16,95.98,96.26,-0.32,-0.33%,0
22/06/2009,96.25,96.25,95.71,95.87,-0.39,-0.41%,0
23/06/2009,95.87,95.87,94.88,95.222,-0.648,-0.68%,0
24/06/2009,95.244,96.05,95.06,95.64,0.418,0.44%,0
25/06/2009,95.626,96.55,95.618,95.96,0.32,0.33%,0
26/06/2009,95.94,96.039,95.05,95.23,-0.73,-0.76%,0
29/06/2009,95.22,96.14,95.16,96.07,0.84,0.88%,0
30/06/2009,96.059,96.473,95.22,96.35,0.28,0.29%,0
1/07/2009,96.342,96.953,96.177,96.66,0.31,0.32%,0
2/07/2009,96.64,96.87,95.731,95.94,-0.72,-0.74%,0
3/07/2009,95.96,96.108,95.7,96.02,0.08,0.08%,0
6/07/2009,95.95,95.952,94.64,95.36,-0.66,-0.69%,0
7/07/2009,95.376,95.41,94.713,94.897,-0.463,-0.49%,0
8/07/2009,94.769,94.769,91.88,92.89,-2.007,-2.11%,0
9/07/2009,92.9,93.586,92.398,92.99,0.1,0.11%,0
10/07/2009,92.98,93.17,91.861,92.55,-0.44,-0.47%,0
13/07/2009,92.59,93.032,91.78,92.92,0.37,0.40%,0
14/07/2009,92.94,93.76,92.734,93.51,0.59,0.63%,0
15/07/2009,93.494,94.46,93.256,94.24,0.73,0.78%,0
16/07/2009,94.21,94.44,93.275,93.92,-0.32,-0.34%,0
17/07/2009,93.944,94.376,93.487,94.22,0.3,0.32%,0
20/07/2009,94.17,94.79,94.136,94.19,-0.03,-0.03%,0
21/07/2009,94.206,94.39,93.29,93.75,-0.44,-0.47%,0
22/07/2009,93.76,93.864,93.096,93.66,-0.09,-0.10%,0
23/07/2009,93.673,95.294,93.539,94.94,1.28,1.37%,0
24/07/2009,94.93,95.16,94.599,94.85,-0.09,-0.09%,0
27/07/2009,94.81,95.38,94.7,95.174,0.324,0.34%,0
28/07/2009,95.17,95.268,94.048,94.548,-0.626,-0.66%,0
29/07/2009,94.57,95.36,94.02,94.99,0.442,0.47%,0
30/07/2009,94.97,95.886,94.837,95.567,0.577,0.61%,0
31/07/2009,95.546,95.836,94.528,94.67,-0.897,-0.94%,0
3/08/2009,94.69,95.425,94.591,95.27,0.6,0.63%,0
4/08/2009,95.26,95.46,94.365,95.234,-0.036,-0.04%,0
5/08/2009,95.247,95.394,94.634,94.98,-0.254,-0.27%,0
6/08/2009,94.98,95.806,94.78,95.46,0.48,0.51%,0
7/08/2009,95.444,97.781,95.057,97.55,2.09,2.19%,0
10/08/2009,97.54,97.75,96.92,97.16,-0.39,-0.40%,0
11/08/2009,97.16,97.165,95.767,96.01,-1.15,-1.18%,0
12/08/2009,96.01,96.73,95.128,96.06,0.05,0.05%,0
13/08/2009,96.05,96.484,95.05,95.46,-0.6,-0.62%,0
14/08/2009,95.46,95.47,94.431,94.92,-0.54,-0.57%,0
17/08/2009,94.96,94.96,94.2,94.519,-0.401,-0.42%,0
18/08/2009,94.52,95.288,94.349,94.681,0.162,0.17%,0
19/08/2009,94.66,94.957,93.678,94.08,-0.601,-0.63%,0
20/08/2009,94.08,94.548,93.865,94.2,0.12,0.13%,0
21/08/2009,94.18,94.718,93.433,94.39,0.19,0.20%,0
24/08/2009,94.37,95.062,94.31,94.56,0.17,0.18%,0
25/08/2009,94.56,94.67,93.794,94.18,-0.38,-0.40%,0
26/08/2009,94.2,94.58,93.88,94.25,0.07,0.07%,0
27/08/2009,94.237,94.283,93.221,93.52,-0.73,-0.77%,0
28/08/2009,93.54,94.072,93.422,93.6,0.08,0.09%,0
31/08/2009,93.58,93.58,92.549,93.12,-0.48,-0.51%,0
1/09/2009,93.139,93.44,92.82,92.921,-0.199,-0.21%,0
2/09/2009,92.93,93.059,92.11,92.21,-0.711,-0.77%,0
3/09/2009,92.22,92.78,91.95,92.65,0.44,0.48%,0
4/09/2009,92.63,93.255,92.288,92.99,0.34,0.37%,0
7/09/2009,92.963,93.295,92.826,93.07,0.08,0.09%,0
8/09/2009,93.048,93.087,92.045,92.33,-0.74,-0.80%,0
9/09/2009,92.34,92.588,91.618,92.04,-0.29,-0.31%,0
10/09/2009,92.06,92.255,91.438,91.74,-0.3,-0.33%,0
11/09/2009,91.75,91.79,90.22,90.7,-1.04,-1.13%,0
14/09/2009,90.74,91.13,90.22,90.93,0.23,0.25%,0
15/09/2009,90.927,91.64,90.8,91.035,0.105,0.12%,0
16/09/2009,91,91.358,90.139,90.94,-0.095,-0.10%,0
17/09/2009,90.951,91.614,90.53,91.083,0.143,0.16%,0
18/09/2009,91.075,91.532,91.004,91.3,0.217,0.24%,0
21/09/2009,91.3,92.53,91.3,91.94,0.64,0.70%,0
22/09/2009,91.92,92.101,90.944,91.1,-0.84,-0.91%,0
23/09/2009,91.12,91.538,90.492,91.31,0.21,0.23%,0
24/09/2009,91.31,91.628,90.361,91.273,-0.037,-0.04%,0
25/09/2009,91.29,91.351,89.52,89.632,-1.641,-1.80%,0
28/09/2009,89.66,89.78,88.25,89.63,-0.002,0.00%,0
29/09/2009,89.62,90.362,89.61,90.09,0.46,0.51%,0
30/09/2009,90.063,90.409,89.367,89.7,-0.39,-0.43%,0
1/10/2009,89.72,90.167,89.426,89.59,-0.11,-0.12%,0
2/10/2009,89.62,89.925,88.624,89.8,0.21,0.23%,0
5/10/2009,89.79,89.98,89.41,89.531,-0.269,-0.30%,0
6/10/2009,89.544,89.651,88.634,88.82,-0.711,-0.79%,0
7/10/2009,88.838,89.389,88.015,88.62,-0.2,-0.23%,0
8/10/2009,88.628,88.71,88.153,88.395,-0.225,-0.25%,0
9/10/2009,88.4,89.88,88.368,89.74,1.345,1.52%,0
12/10/2009,89.76,90.452,89.48,89.83,0.09,0.10%,0
13/10/2009,89.81,90.19,89.441,89.72,-0.11,-0.12%,0
14/10/2009,89.738,89.902,88.844,89.449,-0.271,-0.30%,0
15/10/2009,89.453,90.775,89.28,90.56,1.111,1.24%,0
16/10/2009,90.54,91.32,90.518,90.92,0.36,0.40%,0
19/10/2009,90.88,91.13,90.376,90.56,-0.36,-0.40%,0
20/10/2009,90.56,91.07,90.082,90.78,0.22,0.24%,0
21/10/2009,90.76,91.271,90.496,90.99,0.21,0.23%,0
22/10/2009,90.979,91.707,90.79,91.298,0.308,0.34%,0
23/10/2009,91.27,92.12,91.27,92.06,0.762,0.83%,0
26/10/2009,92.04,92.281,91.58,92.18,0.12,0.13%,0
27/10/2009,92.164,92.321,91.713,91.8,-0.38,-0.41%,0
28/10/2009,91.812,91.813,90.556,90.72,-1.08,-1.18%,0
29/10/2009,90.72,91.615,90.252,91.42,0.7,0.77%,0
30/10/2009,91.4,91.576,89.927,90.105,-1.315,-1.44%,0
2/11/2009,90.11,90.693,89.198,90.22,0.115,0.13%,0
3/11/2009,90.2,90.576,89.88,90.337,0.117,0.13%,0
4/11/2009,90.32,91.32,90.056,90.763,0.426,0.47%,0
5/11/2009,90.745,90.86,89.996,90.73,-0.033,-0.04%,0
6/11/2009,90.74,90.862,89.62,89.89,-0.84,-0.93%,0
9/11/2009,89.9,90.26,89.7,89.936,0.046,0.05%,0
10/11/2009,89.914,90.179,89.692,89.817,-0.119,-0.13%,0
11/11/2009,89.816,90.039,89.305,89.851,0.034,0.04%,0
12/11/2009,89.845,90.61,89.647,90.37,0.519,0.58%,0
13/11/2009,90.345,90.413,89.472,89.67,-0.7,-0.77%,0
16/11/2009,89.69,89.704,88.76,89.06,-0.61,-0.68%,0
17/11/2009,89.073,89.533,88.741,89.26,0.2,0.22%,0
18/11/2009,89.238,89.48,89.02,89.32,0.06,0.07%,0
19/11/2009,89.3,89.433,88.648,88.971,-0.349,-0.39%,0
20/11/2009,89.001,89.13,88.688,88.865,-0.106,-0.12%,0
23/11/2009,88.89,89.19,88.58,88.98,0.115,0.13%,0
24/11/2009,88.95,89.06,88.36,88.51,-0.47,-0.53%,0
25/11/2009,88.52,88.63,87.223,87.35,-1.16,-1.31%,0
26/11/2009,87.363,87.475,86.3,86.56,-0.79,-0.90%,0
27/11/2009,86.583,87.01,84.83,86.43,-0.13,-0.15%,0
30/11/2009,86.51,87.027,85.87,86.41,-0.02,-0.02%,0
1/12/2009,86.42,87.53,86.17,86.69,0.28,0.32%,0
2/12/2009,86.67,87.484,86.6,87.371,0.681,0.79%,0
3/12/2009,87.37,88.48,87.37,88.27,0.899,1.03%,0
4/12/2009,88.26,90.773,88,90.53,2.26,2.56%,0
7/12/2009,90.52,90.52,89.06,89.505,-1.025,-1.13%,0
8/12/2009,89.52,89.52,88.19,88.448,-1.057,-1.18%,0
9/12/2009,88.45,88.691,87.376,87.87,-0.578,-0.65%,0
10/12/2009,87.878,88.448,87.744,88.208,0.338,0.38%,0
11/12/2009,88.19,89.805,88.19,89.08,0.872,0.99%,0
14/12/2009,89,89.317,88.328,88.63,-0.45,-0.51%,0
15/12/2009,88.64,89.948,88.589,89.62,0.99,1.12%,0
16/12/2009,89.6,89.977,89.394,89.78,0.16,0.18%,0
17/12/2009,89.76,90.363,89.571,89.96,0.18,0.20%,0
18/12/2009,89.951,90.91,88.95,90.43,0.47,0.52%,0
21/12/2009,90.41,91.233,90.19,91.189,0.759,0.84%,0
22/12/2009,91.16,91.862,91.01,91.827,0.638,0.70%,0
23/12/2009,91.82,91.866,91.32,91.649,-0.178,-0.19%,0
24/12/2009,91.647,91.773,91.14,91.54,-0.109,-0.12%,0
28/12/2009,91.42,91.765,91.42,91.64,0.1,0.11%,0
29/12/2009,91.617,92.07,91.534,92,0.36,0.39%,0
30/12/2009,91.98,92.76,91.916,92.439,0.439,0.48%,0
31/12/2009,92.42,93.14,91.923,93.03,0.591,0.64%,0
4/01/2010,93,93.21,92.197,92.52,-0.51,-0.55%,0
5/01/2010,92.53,92.547,91.261,91.7,-0.82,-0.89%,0
6/01/2010,91.72,92.74,91.53,92.32,0.62,0.68%,0
7/01/2010,92.3,93.4,92.115,93.33,1.01,1.09%,0
8/01/2010,93.32,93.775,92.287,92.67,-0.66,-0.71%,0
11/01/2010,92.68,92.68,91.82,92.09,-0.58,-0.63%,0
12/01/2010,92.1,92.421,90.735,90.986,-1.104,-1.20%,0
13/01/2010,90.999,91.554,90.914,91.38,0.394,0.43%,0
14/01/2010,91.36,92.041,90.849,91.2,-0.18,-0.20%,0
15/01/2010,91.221,91.32,90.6,90.81,-0.39,-0.43%,0
18/01/2010,90.81,91.054,90.63,90.78,-0.03,-0.03%,0
19/01/2010,90.8,91.26,90.32,91.14,0.36,0.40%,0
20/01/2010,91.126,91.46,90.797,91.24,0.1,0.11%,0
21/01/2010,91.22,91.87,90.124,90.44,-0.8,-0.88%,0
22/01/2010,90.45,90.56,89.79,89.82,-0.62,-0.69%,0
25/01/2010,89.86,90.34,89.826,90.274,0.454,0.51%,0
26/01/2010,90.26,90.55,89.35,89.65,-0.624,-0.69%,0
27/01/2010,89.669,90.077,89.146,90,0.35,0.39%,0
28/01/2010,89.99,90.545,89.638,89.925,-0.075,-0.08%,0
29/01/2010,89.94,90.922,89.59,90.27,0.345,0.38%,0
1/02/2010,90.26,90.942,89.81,90.61,0.34,0.38%,0
2/02/2010,90.597,90.91,90.272,90.39,-0.22,-0.24%,0
3/02/2010,90.4,91.275,90.086,90.978,0.588,0.65%,0
4/02/2010,90.97,91.075,88.56,89.038,-1.94,-2.13%,0
5/02/2010,89.048,89.886,88.834,89.25,0.212,0.24%,0
8/02/2010,89.2,89.56,89.154,89.26,0.01,0.01%,0
9/02/2010,89.26,89.801,89.17,89.693,0.433,0.49%,0
10/02/2010,89.68,90.057,89.252,89.952,0.259,0.29%,0
11/02/2010,89.94,90.136,89.575,89.76,-0.192,-0.21%,0
12/02/2010,89.78,90.411,89.6,89.98,0.22,0.25%,0
15/02/2010,89.95,90.23,89.92,90.008,0.028,0.03%,0
16/02/2010,89.99,90.508,89.72,90.14,0.132,0.15%,0
17/02/2010,90.12,91.38,90.12,91.248,1.108,1.23%,0
18/02/2010,91.23,91.82,90.569,91.8,0.552,0.60%,0
19/02/2010,91.793,92.143,91.51,91.52,-0.28,-0.31%,0
22/02/2010,91.55,91.9,91.03,91.14,-0.38,-0.42%,0
23/02/2010,91.16,91.292,89.931,90.22,-0.92,-1.01%,0
24/02/2010,90.24,90.354,89.771,90.146,-0.074,-0.08%,0
25/02/2010,90.16,90.317,88.81,89.098,-1.048,-1.16%,0
26/02/2010,89.11,89.502,88.751,88.93,-0.168,-0.19%,0
1/03/2010,88.97,89.476,88.8,89.127,0.197,0.22%,0
2/03/2010,89.12,89.37,88.56,88.85,-0.277,-0.31%,0
3/03/2010,88.867,88.988,88.332,88.46,-0.39,-0.44%,0
4/03/2010,88.476,89.253,88.146,89.038,0.578,0.65%,0
5/03/2010,89.01,90.587,88.989,90.303,1.265,1.42%,0
8/03/2010,90.23,90.667,90.16,90.303,0,0.00%,0
9/03/2010,90.31,90.327,89.638,89.97,-0.333,-0.37%,0
10/03/2010,89.982,90.816,89.85,90.52,0.55,0.61%,0
11/03/2010,90.5,90.709,90.212,90.501,-0.019,-0.02%,0
12/03/2010,90.51,91.081,90.18,90.57,0.069,0.08%,0
15/03/2010,90.54,90.87,90.361,90.53,-0.04,-0.04%,0
16/03/2010,90.55,90.73,89.987,90.314,-0.216,-0.24%,0
17/03/2010,90.32,90.71,90.038,90.3,-0.014,-0.02%,0
18/03/2010,90.311,90.802,89.764,90.38,0.08,0.09%,0
19/03/2010,90.37,90.711,90.34,90.563,0.183,0.20%,0
22/03/2010,90.52,90.768,89.837,90.144,-0.419,-0.46%,0
23/03/2010,90.15,90.471,90.07,90.4,0.256,0.28%,0
24/03/2010,90.39,92.399,90.354,92.3,1.9,2.10%,0
25/03/2010,92.288,92.953,91.77,92.737,0.437,0.47%,0
26/03/2010,92.71,92.891,92.314,92.519,-0.218,-0.24%,0
29/03/2010,92.532,92.781,92.28,92.47,-0.049,-0.05%,0
30/03/2010,92.473,93.01,92.13,92.768,0.298,0.32%,0
31/03/2010,92.751,93.633,92.751,93.46,0.692,0.75%,0
1/04/2010,93.451,94.042,93.287,93.826,0.366,0.39%,0
2/04/2010,93.81,94.69,93.605,94.61,0.784,0.84%,0
5/04/2010,94.59,94.78,94.093,94.367,-0.243,-0.26%,0
6/04/2010,94.38,94.38,93.67,93.794,-0.573,-0.61%,0
7/04/2010,93.81,94.262,93.158,93.34,-0.454,-0.48%,0
8/04/2010,93.36,93.48,92.84,93.38,0.04,0.04%,0
9/04/2010,93.358,93.78,93.12,93.17,-0.21,-0.22%,0
12/04/2010,93.2,93.601,92.909,93.246,0.076,0.08%,0
13/04/2010,93.233,93.41,92.578,93.196,-0.05,-0.05%,0
14/04/2010,93.22,93.72,92.831,93.232,0.036,0.04%,0
15/04/2010,93.214,93.522,92.873,93.031,-0.201,-0.22%,0
16/04/2010,93.05,93.14,91.91,92.14,-0.891,-0.96%,0
19/04/2010,92.18,92.464,91.6,92.408,0.268,0.29%,0
20/04/2010,92.384,93.39,92.384,93.22,0.812,0.88%,0
21/04/2010,93.205,93.439,92.94,93.182,-0.038,-0.04%,0
22/04/2010,93.203,93.615,92.749,93.489,0.307,0.33%,0
23/04/2010,93.469,94.324,93.318,93.96,0.471,0.50%,0
26/04/2010,93.95,94.355,93.936,93.96,0,0.00%,0
27/04/2010,93.956,94.035,92.824,93.265,-0.695,-0.74%,0
28/04/2010,93.275,94.317,92.999,94.03,0.765,0.82%,0
29/04/2010,94.01,94.26,93.86,94.035,0.005,0.01%,0
30/04/2010,94.032,94.58,93.848,93.865,-0.17,-0.18%,0
3/05/2010,93.87,94.785,93.74,94.538,0.673,0.72%,0
4/05/2010,94.52,94.98,94.33,94.531,-0.007,-0.01%,0
5/05/2010,94.573,94.981,93.544,93.823,-0.708,-0.75%,0
6/05/2010,93.84,93.973,88.15,90.56,-3.263,-3.48%,0
7/05/2010,90.595,93.22,90.025,91.56,1,1.10%,0
10/05/2010,91.55,93.539,91.55,93.3,1.74,1.90%,0
11/05/2010,93.27,93.387,92.22,92.656,-0.644,-0.69%,0
12/05/2010,92.66,93.28,92.457,93.24,0.584,0.63%,0
13/05/2010,93.23,93.633,92.597,92.75,-0.49,-0.53%,0
14/05/2010,92.76,93.09,91.812,92.47,-0.28,-0.30%,0
17/05/2010,92.44,92.69,91.77,92.588,0.118,0.13%,0
18/05/2010,92.58,92.962,92.106,92.24,-0.348,-0.38%,0
19/05/2010,92.25,92.25,90.954,91.7,-0.54,-0.59%,0
20/05/2010,91.717,91.873,88.978,89.68,-2.02,-2.20%,0
21/05/2010,89.706,90.476,89.054,90.09,0.41,0.46%,0
24/05/2010,90.08,90.615,89.753,90.285,0.195,0.22%,0
25/05/2010,90.28,90.307,89.268,90.23,-0.055,-0.06%,0
26/05/2010,90.26,90.67,89.831,89.921,-0.309,-0.34%,0
27/05/2010,89.94,91.08,89.82,91.056,1.135,1.26%,0
28/05/2010,91.03,91.41,90.61,91.07,0.014,0.02%,0
31/05/2010,91.04,91.612,90.85,91.262,0.192,0.21%,0
1/06/2010,91.247,91.455,90.54,90.958,-0.304,-0.33%,0
2/06/2010,90.96,92.351,90.9,92.13,1.172,1.29%,0
3/06/2010,92.109,92.8,92.049,92.713,0.583,0.63%,0
4/06/2010,92.69,92.88,91.424,91.89,-0.823,-0.89%,0
7/06/2010,91.84,92.08,90.987,91.36,-0.53,-0.58%,0
8/06/2010,91.38,91.922,90.87,91.46,0.1,0.11%,0
9/06/2010,91.44,91.67,91.062,91.292,-0.168,-0.18%,0
10/06/2010,91.34,91.47,90.86,91.33,0.038,0.04%,0
11/06/2010,91.3,91.775,91.225,91.63,0.3,0.33%,0
14/06/2010,91.62,92.11,91.426,91.58,-0.05,-0.05%,0
15/06/2010,91.6,91.69,91.087,91.448,-0.132,-0.14%,0
16/06/2010,91.469,91.821,91.1,91.44,-0.008,-0.01%,0
17/06/2010,91.447,91.447,90.52,91,-0.44,-0.48%,0
18/06/2010,91.02,91.08,90.453,90.71,-0.29,-0.32%,0
21/06/2010,90.68,91.473,90.28,91.119,0.409,0.45%,0
22/06/2010,91.09,91.1,90.34,90.58,-0.539,-0.59%,0
23/06/2010,90.58,90.583,89.737,89.818,-0.762,-0.84%,0
24/06/2010,89.84,89.975,89.233,89.6,-0.218,-0.24%,0
25/06/2010,89.6,89.77,89.228,89.24,-0.36,-0.40%,0
28/06/2010,89.26,89.46,89.069,89.375,0.135,0.15%,0
29/06/2010,89.358,89.41,88.292,88.593,-0.782,-0.87%,0
30/06/2010,88.6,88.762,88.37,88.437,-0.156,-0.18%,0
1/07/2010,88.46,88.555,86.976,87.61,-0.827,-0.94%,0
2/07/2010,87.626,88.208,87.336,87.83,0.22,0.25%,0
5/07/2010,87.73,88.002,87.641,87.769,-0.061,-0.07%,0
6/07/2010,87.79,87.98,87.358,87.52,-0.249,-0.28%,0
7/07/2010,87.533,87.773,87.029,87.7,0.18,0.21%,0
8/07/2010,87.69,88.639,87.664,88.343,0.643,0.73%,0
9/07/2010,88.34,88.7,88.331,88.63,0.287,0.32%,0
12/07/2010,88.57,89.15,88.396,88.61,-0.02,-0.02%,0
13/07/2010,88.629,88.862,88.035,88.729,0.119,0.13%,0
14/07/2010,88.723,89.107,88.083,88.384,-0.345,-0.39%,0
15/07/2010,88.42,88.497,87.24,87.39,-0.994,-1.12%,0
16/07/2010,87.404,87.508,86.276,86.6,-0.79,-0.90%,0
19/07/2010,86.57,87.215,86.46,86.7,0.1,0.12%,0
20/07/2010,86.68,87.57,86.678,87.502,0.802,0.93%,0
21/07/2010,87.49,87.505,86.877,87.04,-0.462,-0.53%,0
22/07/2010,87.06,87.21,86.348,86.948,-0.092,-0.11%,0
23/07/2010,86.961,87.5,86.743,87.45,0.502,0.58%,0
26/07/2010,87.44,87.713,86.83,86.885,-0.565,-0.65%,0
27/07/2010,86.897,87.971,86.836,87.9,1.015,1.17%,0
28/07/2010,87.88,88.114,87.265,87.462,-0.438,-0.50%,0
29/07/2010,87.48,87.511,86.578,86.793,-0.669,-0.76%,0
30/07/2010,86.804,86.976,85.952,86.44,-0.353,-0.41%,0
2/08/2010,86.42,86.88,86.328,86.497,0.057,0.07%,0
3/08/2010,86.48,86.652,85.68,85.781,-0.716,-0.83%,0
4/08/2010,85.81,86.38,85.33,86.268,0.487,0.57%,0
5/08/2010,86.253,86.45,85.716,85.833,-0.435,-0.50%,0
6/08/2010,85.836,86.18,85.03,85.51,-0.323,-0.38%,0
9/08/2010,85.53,85.95,85.3,85.937,0.427,0.50%,0
10/08/2010,85.926,86.234,85.2,85.448,-0.489,-0.57%,0
11/08/2010,85.45,85.463,84.82,85.32,-0.128,-0.15%,0
12/08/2010,85.33,85.98,84.938,85.896,0.576,0.68%,0
13/08/2010,85.89,86.369,85.575,86.21,0.314,0.37%,0
16/08/2010,86.28,86.28,85.22,85.34,-0.87,-1.01%,0
17/08/2010,85.357,85.677,85.12,85.52,0.18,0.21%,0
18/08/2010,85.51,85.68,85.2,85.458,-0.062,-0.07%,0
19/08/2010,85.465,85.913,84.9,85.395,-0.063,-0.07%,0
20/08/2010,85.41,85.817,85.2,85.64,0.245,0.29%,0
23/08/2010,85.6,85.7,85.1,85.156,-0.484,-0.57%,0
24/08/2010,85.17,85.191,83.596,83.92,-1.236,-1.45%,0
25/08/2010,83.928,84.83,83.903,84.57,0.65,0.77%,0
26/08/2010,84.555,84.88,84.334,84.456,-0.114,-0.13%,0
27/08/2010,84.467,85.451,84.28,85.33,0.874,1.03%,0
30/08/2010,85.41,85.9,84.514,84.62,-0.71,-0.83%,0
31/08/2010,84.63,84.692,83.919,84.19,-0.43,-0.51%,0
1/09/2010,84.207,84.662,83.672,84.44,0.25,0.30%,0
2/09/2010,84.43,84.55,84.005,84.284,-0.156,-0.18%,0
3/09/2010,84.3,85.219,84.174,84.41,0.126,0.15%,0
6/09/2010,84.38,84.49,84.052,84.21,-0.2,-0.24%,0
7/09/2010,84.23,84.256,83.52,83.843,-0.367,-0.44%,0
8/09/2010,83.85,84.038,83.349,83.88,0.037,0.04%,0
9/09/2010,83.86,84.021,83.499,83.78,-0.1,-0.12%,0
10/09/2010,83.791,84.38,83.756,84.18,0.4,0.48%,0
13/09/2010,84.34,84.36,83.51,83.705,-0.475,-0.56%,0
14/09/2010,83.72,83.751,82.932,83.04,-0.665,-0.79%,0
15/09/2010,83.048,85.77,82.88,85.74,2.7,3.25%,0
16/09/2010,85.734,85.925,85.23,85.773,0.033,0.04%,0
17/09/2010,85.77,85.925,85.604,85.82,0.047,0.05%,0
20/09/2010,85.75,85.8,85.514,85.698,-0.122,-0.14%,0
21/09/2010,85.712,85.767,84.984,85.091,-0.607,-0.71%,0
22/09/2010,85.106,85.18,84.28,84.498,-0.593,-0.70%,0
23/09/2010,84.52,84.67,84.269,84.39,-0.108,-0.13%,0
24/09/2010,84.4,85.388,84.12,84.26,-0.13,-0.15%,0
27/09/2010,84.24,84.39,84.12,84.225,-0.035,-0.04%,0
28/09/2010,84.23,84.34,83.695,83.871,-0.354,-0.42%,0
29/09/2010,83.889,84.083,83.509,83.7,-0.171,-0.20%,0
30/09/2010,83.71,83.811,83.175,83.52,-0.18,-0.22%,0
1/10/2010,83.53,83.575,83.16,83.3,-0.22,-0.26%,0
4/10/2010,83.27,83.868,83.19,83.35,0.05,0.06%,0
5/10/2010,83.34,83.821,82.968,83.219,-0.131,-0.16%,0
6/10/2010,83.24,83.27,82.769,82.93,-0.289,-0.35%,0
7/10/2010,82.94,83.029,82.12,82.402,-0.528,-0.64%,0
8/10/2010,82.42,82.56,81.736,82.07,-0.332,-0.40%,0
11/10/2010,82,82.179,81.394,82.066,-0.004,0.00%,0
12/10/2010,82.067,82.354,81.67,81.72,-0.346,-0.42%,0
13/10/2010,81.72,82.001,81.68,81.8,0.08,0.10%,0
14/10/2010,81.78,81.84,80.896,81.487,-0.313,-0.38%,0
15/10/2010,81.487,81.62,80.893,81.43,-0.057,-0.07%,0
18/10/2010,81.421,81.479,81.137,81.277,-0.153,-0.19%,0
19/10/2010,81.283,81.92,81.146,81.584,0.307,0.38%,0
20/10/2010,81.56,81.67,80.852,81.085,-0.499,-0.61%,0
21/10/2010,81.11,81.826,80.926,81.332,0.247,0.30%,0
22/10/2010,81.32,81.5,81.002,81.36,0.028,0.03%,0
25/10/2010,81.27,81.45,80.42,80.818,-0.542,-0.67%,0
26/10/2010,80.831,81.649,80.62,81.437,0.619,0.77%,0
27/10/2010,81.44,81.984,81.32,81.758,0.321,0.39%,0
28/10/2010,81.737,81.78,80.875,81.02,-0.738,-0.90%,0
29/10/2010,81.05,81.07,80.4,80.44,-0.58,-0.72%,0
1/11/2010,80.37,81.433,80.25,80.505,0.065,0.08%,0
2/11/2010,80.48,80.96,80.472,80.63,0.125,0.16%,0
3/11/2010,80.62,81.582,80.604,81.094,0.464,0.58%,0
4/11/2010,81.073,81.217,80.591,80.74,-0.354,-0.44%,0
5/11/2010,80.76,81.475,80.62,81.26,0.52,0.64%,0
8/11/2010,81.25,81.434,81.01,81.193,-0.067,-0.08%,0
9/11/2010,81.2,81.961,80.54,81.69,0.497,0.61%,0
10/11/2010,81.677,82.793,81.56,82.27,0.58,0.71%,0
11/11/2010,82.269,82.602,82.047,82.49,0.22,0.27%,0
12/11/2010,82.476,82.651,81.66,82.44,-0.05,-0.06%,0
15/11/2010,82.45,83.255,82.4,83.086,0.646,0.78%,0
16/11/2010,83.07,83.587,82.857,83.304,0.218,0.26%,0
17/11/2010,83.28,83.547,83.04,83.244,-0.06,-0.07%,0
18/11/2010,83.258,83.78,83.11,83.52,0.276,0.33%,0
19/11/2010,83.52,83.641,83.145,83.48,-0.04,-0.05%,0
22/11/2010,83.45,83.561,83.239,83.331,-0.149,-0.18%,0
23/11/2010,83.348,83.843,82.799,83.16,-0.171,-0.21%,0
24/11/2010,83.174,83.656,82.95,83.54,0.38,0.46%,0
25/11/2010,83.53,83.691,83.41,83.6,0.06,0.07%,0
26/11/2010,83.58,84.18,83.577,84.09,0.49,0.59%,0
29/11/2010,84.08,84.397,83.814,84.25,0.16,0.19%,0
30/11/2010,84.25,84.302,83.417,83.68,-0.57,-0.68%,0
1/12/2010,83.676,84.379,83.374,84.19,0.51,0.61%,0
2/12/2010,84.17,84.354,83.485,83.814,-0.376,-0.45%,0
3/12/2010,83.803,83.883,82.519,82.706,-1.108,-1.32%,0
6/12/2010,82.728,82.978,82.563,82.647,-0.059,-0.07%,202153
7/12/2010,82.66,83.649,82.331,83.48,0.833,1.01%,198391
8/12/2010,83.483,84.292,83.455,84.021,0.541,0.65%,215369
9/12/2010,84.008,84.106,83.509,83.731,-0.29,-0.35%,202686
10/12/2010,83.728,84.002,83.446,83.936,0.205,0.24%,170577
13/12/2010,83.91,84.337,83.103,83.377,-0.559,-0.67%,182526
14/12/2010,83.374,83.762,82.839,83.645,0.268,0.32%,181586
15/12/2010,83.66,84.494,83.594,84.225,0.58,0.69%,179866
16/12/2010,84.224,84.435,83.895,83.899,-0.326,-0.39%,304350
17/12/2010,83.896,84.194,83.684,83.864,-0.035,-0.04%,322942
20/12/2010,84,84.107,83.625,83.757,-0.107,-0.13%,137666
21/12/2010,83.76,83.896,83.493,83.73,-0.027,-0.03%,134584
22/12/2010,83.729,83.844,83.416,83.558,-0.172,-0.21%,132703
23/12/2010,83.55,83.567,82.854,82.904,-0.654,-0.78%,119331
24/12/2010,82.902,83.15,82.855,82.862,-0.042,-0.05%,83638
27/12/2010,82.82,82.965,82.644,82.792,-0.07,-0.08%,126951
28/12/2010,82.78,82.836,81.806,82.373,-0.419,-0.51%,178708
29/12/2010,82.374,82.445,81.597,81.599,-0.774,-0.94%,156083
30/12/2010,81.606,81.841,81.284,81.51,-0.089,-0.11%,155214
31/12/2010,81.5,81.53,80.939,81.117,-0.393,-0.48%,97506
3/01/2011,81.33,81.734,80.951,81.722,0.605,0.75%,127594
4/01/2011,81.725,82.269,81.601,82.029,0.307,0.38%,207157
5/01/2011,82.022,83.366,81.875,83.237,1.208,1.47%,218726
6/01/2011,83.23,83.385,82.874,83.325,0.088,0.11%,218917
7/01/2011,83.323,83.665,82.848,83.034,-0.291,-0.35%,225458
10/01/2011,83.21,83.27,82.667,82.695,-0.339,-0.41%,194882
11/01/2011,82.698,83.481,82.677,83.231,0.536,0.65%,227322
12/01/2011,83.229,83.449,82.811,82.986,-0.245,-0.29%,244314
13/01/2011,82.98,83.14,82.556,82.8,-0.186,-0.22%,222847
14/01/2011,82.804,83.054,82.403,82.986,0.186,0.22%,217497
17/01/2011,82.8,82.996,82.348,82.665,-0.321,-0.39%,169476
18/01/2011,82.67,82.805,82.327,82.544,-0.121,-0.15%,222444
19/01/2011,82.54,82.678,81.843,82.006,-0.538,-0.65%,240669
20/01/2011,82,83.113,81.993,82.986,0.98,1.20%,230999
21/01/2011,82.986,83.077,82.526,82.566,-0.42,-0.51%,219829
24/01/2011,82.66,82.907,82.298,82.515,-0.051,-0.06%,210192
25/01/2011,82.516,82.654,81.974,82.239,-0.276,-0.33%,259682
26/01/2011,82.233,82.591,81.979,82.16,-0.079,-0.10%,246060
27/01/2011,82.16,83.196,82.014,82.905,0.745,0.91%,254119
28/01/2011,82.91,82.916,81.987,82.116,-0.789,-0.95%,255647
31/01/2011,82.01,82.244,81.906,82.029,-0.087,-0.11%,204733
1/02/2011,82.032,82.139,81.305,81.342,-0.687,-0.84%,250617
2/02/2011,81.34,81.846,81.336,81.543,0.201,0.25%,105129
3/02/2011,81.538,82.049,81.396,81.611,0.068,0.08%,221169
4/02/2011,81.612,82.449,81.24,82.186,0.575,0.70%,211511
7/02/2011,82.23,82.452,82.153,82.316,0.13,0.16%,181075
8/02/2011,82.312,82.411,81.766,82.359,0.043,0.05%,178823
9/02/2011,82.358,82.652,82.197,82.345,-0.014,-0.02%,217723
10/02/2011,82.347,83.355,82.327,83.213,0.868,1.05%,205360
11/02/2011,83.218,83.6,83.205,83.436,0.223,0.27%,162353
14/02/2011,83.45,83.513,83.092,83.314,-0.122,-0.15%,183174
15/02/2011,83.318,83.901,83.186,83.76,0.446,0.54%,205638
16/02/2011,83.764,83.959,83.492,83.664,-0.096,-0.11%,202010
17/02/2011,83.667,83.719,83.154,83.295,-0.369,-0.44%,179620
18/02/2011,83.3,83.509,83.024,83.094,-0.201,-0.24%,173596
21/02/2011,83.06,83.252,83.028,83.131,0.037,0.04%,126999
22/02/2011,83.134,83.517,82.576,82.757,-0.374,-0.45%,214987
23/02/2011,82.758,82.88,82.31,82.496,-0.261,-0.32%,186218
24/02/2011,82.5,82.506,81.617,81.876,-0.62,-0.75%,200574
25/02/2011,81.874,82.049,81.633,81.652,-0.224,-0.27%,174788
28/02/2011,81.73,81.97,81.614,81.769,0.117,0.14%,167959
1/03/2011,81.768,82.224,81.722,81.843,0.074,0.09%,198661
2/03/2011,81.84,82.102,81.574,81.853,0.01,0.01%,178697
3/03/2011,81.863,82.5,81.713,82.432,0.579,0.71%,187742
4/03/2011,82.433,82.99,82.207,82.306,-0.126,-0.15%,192008
7/03/2011,82.3,82.378,81.944,82.227,-0.079,-0.10%,194337
8/03/2011,82.22,82.841,82.202,82.655,0.428,0.52%,176699
9/03/2011,82.651,82.925,82.567,82.725,0.07,0.08%,193784
10/03/2011,82.729,83.16,82.69,82.964,0.239,0.29%,216886
11/03/2011,82.966,83.286,81.655,81.876,-1.088,-1.31%,234750
14/03/2011,81.886,82.429,80.642,81.617,-0.259,-0.32%,253184
15/03/2011,81.62,82.012,80.605,80.706,-0.911,-1.12%,283085
16/03/2011,80.71,81.162,79.567,79.578,-1.128,-1.40%,272953
17/03/2011,79.576,79.717,76.553,78.884,-0.694,-0.87%,361038
18/03/2011,78.881,81.968,78.822,80.576,1.692,2.14%,337112
21/03/2011,80.75,81.307,80.72,81.016,0.44,0.55%,184103
22/03/2011,81.026,81.276,80.841,80.956,-0.06,-0.07%,201820
23/03/2011,80.949,81.061,80.693,80.901,-0.055,-0.07%,237468
24/03/2011,80.901,81.046,80.764,80.964,0.063,0.08%,212085
25/03/2011,80.969,81.483,80.875,81.326,0.362,0.45%,222234
28/03/2011,81.38,81.838,81.305,81.676,0.35,0.43%,184529
29/03/2011,81.681,82.465,81.535,82.457,0.781,0.96%,202399
30/03/2011,82.462,83.176,82.361,82.875,0.418,0.51%,247655
31/03/2011,82.872,83.211,82.56,83.116,0.241,0.29%,263601
1/04/2011,83.12,84.695,83.117,84.046,0.93,1.12%,267092
4/04/2011,84.18,84.368,83.846,84.045,-0.001,0.00%,201614
5/04/2011,84.04,84.864,84.024,84.851,0.806,0.96%,223905
6/04/2011,84.854,85.515,84.837,85.477,0.626,0.74%,271170
7/04/2011,85.49,85.491,84.592,84.899,-0.578,-0.68%,272060
8/04/2011,84.899,85.384,84.668,84.732,-0.167,-0.20%,257058
11/04/2011,84.96,85.146,84.502,84.583,-0.149,-0.18%,220206
12/04/2011,84.588,84.775,83.464,83.567,-1.016,-1.20%,335215
13/04/2011,83.57,84.254,83.493,83.822,0.255,0.31%,292523
14/04/2011,83.832,83.92,82.955,83.485,-0.337,-0.40%,303906
15/04/2011,83.486,83.773,82.955,83.106,-0.379,-0.45%,272203
18/04/2011,83.1,83.251,82.184,82.645,-0.461,-0.55%,276799
19/04/2011,82.64,82.733,82.313,82.574,-0.071,-0.09%,157241
20/04/2011,82.57,83.082,82.256,82.544,-0.03,-0.04%,231701
21/04/2011,82.54,82.581,81.618,81.836,-0.708,-0.86%,278611
25/04/2011,81.923,82.339,81.66,81.819,-0.017,-0.02%,161951
26/04/2011,81.82,81.965,81.481,81.542,-0.277,-0.34%,248686
27/04/2011,81.54,82.748,81.265,82.14,0.598,0.73%,277432
28/04/2011,82.139,82.268,81.393,81.521,-0.619,-0.75%,272960
29/04/2011,81.523,81.641,81.032,81.186,-0.335,-0.41%,176634
2/05/2011,81.15,81.681,80.991,81.214,0.028,0.03%,240664
3/05/2011,81.208,81.261,80.691,80.918,-0.296,-0.36%,219111
4/05/2011,80.93,81.182,80.429,80.607,-0.311,-0.38%,236058
5/05/2011,80.61,80.685,79.566,80.055,-0.552,-0.68%,263329
6/05/2011,80.065,80.906,80.055,80.614,0.559,0.70%,294890
9/05/2011,80.55,80.831,80.172,80.342,-0.272,-0.34%,262722
10/05/2011,80.354,80.896,80.151,80.866,0.524,0.65%,272274
11/05/2011,80.86,81.313,80.611,81.035,0.169,0.21%,267056
12/05/2011,81.032,81.326,80.702,80.926,-0.109,-0.13%,254067
13/05/2011,80.931,81.074,80.349,80.766,-0.16,-0.20%,256566
16/05/2011,80.778,81.053,80.633,80.777,0.011,0.01%,226342
17/05/2011,80.774,81.756,80.727,81.402,0.625,0.77%,260936
18/05/2011,81.4,81.709,80.932,81.663,0.261,0.32%,258729
19/05/2011,81.664,82.213,81.463,81.596,-0.067,-0.08%,259574
20/05/2011,81.601,81.851,81.477,81.686,0.09,0.11%,227838
23/05/2011,81.722,82.03,81.316,81.995,0.309,0.38%,241904
24/05/2011,81.99,82.199,81.611,81.943,-0.052,-0.06%,247660
25/05/2011,81.94,82.16,81.792,81.954,0.011,0.01%,246717
26/05/2011,81.95,82.07,81.159,81.276,-0.678,-0.83%,235248
27/05/2011,81.27,81.39,80.702,80.786,-0.49,-0.60%,211238
30/05/2011,80.855,80.963,80.716,80.924,0.138,0.17%,111932
31/05/2011,80.92,81.755,80.704,81.512,0.588,0.73%,203210
1/06/2011,81.51,81.548,80.684,80.934,-0.578,-0.71%,262342
2/06/2011,80.937,81.309,80.576,80.882,-0.052,-0.06%,267197
3/06/2011,80.881,80.999,80.05,80.266,-0.616,-0.76%,235349
6/06/2011,80.25,80.383,79.98,80.092,-0.174,-0.22%,222705
7/06/2011,80.09,80.321,79.981,80.083,-0.009,-0.01%,220803
8/06/2011,80.079,80.263,79.693,79.876,-0.207,-0.26%,258337
9/06/2011,79.87,80.409,79.829,80.352,0.476,0.60%,250750
10/06/2011,80.351,80.449,79.965,80.306,-0.046,-0.06%,248787
13/06/2011,80.25,80.678,80.108,80.229,-0.077,-0.10%,208426
14/06/2011,80.23,80.609,80.082,80.476,0.247,0.31%,216539
15/06/2011,80.48,81.043,80.372,80.944,0.468,0.58%,246177
16/06/2011,80.934,81.038,80.476,80.63,-0.314,-0.39%,281895
17/06/2011,80.63,80.665,80.001,80.026,-0.604,-0.75%,226450
20/06/2011,80.12,80.356,80.018,80.241,0.215,0.27%,195652
21/06/2011,80.24,80.332,80.043,80.193,-0.048,-0.06%,180233
22/06/2011,80.197,80.371,80.005,80.279,0.086,0.11%,193543
23/06/2011,80.27,80.78,80.27,80.508,0.229,0.29%,226799
24/06/2011,80.498,80.594,80.13,80.476,-0.032,-0.04%,214733
27/06/2011,80.31,80.967,80.288,80.876,0.4,0.50%,212025
28/06/2011,80.88,81.256,80.654,81.11,0.234,0.29%,224364
29/06/2011,81.09,81.175,80.58,80.764,-0.346,-0.43%,213797
30/06/2011,80.77,80.854,80.256,80.545,-0.219,-0.27%,232774
1/07/2011,80.55,81.131,80.487,80.806,0.261,0.32%,227619
4/07/2011,80.86,80.89,80.539,80.779,-0.027,-0.03%,188775
5/07/2011,80.78,81.178,80.713,81.051,0.272,0.34%,213365
6/07/2011,81.05,81.114,80.769,80.903,-0.148,-0.18%,216984
7/07/2011,80.9,81.404,80.786,81.229,0.326,0.40%,191833
8/07/2011,81.23,81.464,80.499,80.564,-0.665,-0.82%,203453
11/07/2011,80.6,80.818,80.099,80.247,-0.317,-0.39%,206998
12/07/2011,80.24,80.365,79.182,79.226,-1.021,-1.27%,264856
13/07/2011,79.227,79.563,78.519,78.976,-0.25,-0.32%,255803
14/07/2011,78.959,79.591,78.463,79.125,0.149,0.19%,264649
15/07/2011,79.13,79.264,78.896,79.116,-0.009,-0.01%,201295
18/07/2011,79.058,79.172,78.941,79.024,-0.092,-0.12%,184913
19/07/2011,79.02,79.265,78.812,79.163,0.139,0.18%,192487
20/07/2011,79.17,79.307,78.705,78.765,-0.398,-0.50%,188074
21/07/2011,78.764,79.005,78.276,78.289,-0.476,-0.60%,232752
22/07/2011,78.293,78.717,78.216,78.524,0.235,0.30%,214221
25/07/2011,78.14,78.541,78.044,78.275,-0.249,-0.32%,209959
26/07/2011,78.278,78.453,77.824,77.869,-0.406,-0.52%,221011
27/07/2011,77.914,78.067,77.564,77.964,0.095,0.12%,107071
28/07/2011,77.96,78.016,77.624,77.671,-0.293,-0.38%,210883
29/07/2011,77.672,77.854,76.729,76.782,-0.889,-1.14%,243934
1/08/2011,77.18,78.017,76.301,77.195,0.413,0.54%,278330
2/08/2011,77.2,77.767,76.96,77.137,-0.058,-0.08%,267460
3/08/2011,77.138,77.388,76.778,77.047,-0.09,-0.12%,248541
4/08/2011,77.02,80.228,76.973,78.856,1.809,2.35%,340316
5/08/2011,78.877,79.35,78.327,78.424,-0.432,-0.55%,286343
8/08/2011,77.91,78.45,77.493,77.757,-0.667,-0.85%,245461
9/08/2011,77.757,77.844,76.699,76.947,-0.81,-1.04%,286713
10/08/2011,76.949,77.295,76.35,76.845,-0.102,-0.13%,249822
11/08/2011,76.851,77.209,76.307,76.824,-0.021,-0.03%,253389
12/08/2011,76.82,77.012,76.504,76.696,-0.128,-0.17%,218628
15/08/2011,76.81,77.085,76.589,76.823,0.127,0.17%,212583
16/08/2011,76.822,76.918,76.647,76.785,-0.038,-0.05%,201322
17/08/2011,76.784,76.824,76.405,76.592,-0.193,-0.25%,191847
18/08/2011,76.59,76.699,76.444,76.564,-0.028,-0.04%,215779
19/08/2011,76.568,76.934,75.98,76.526,-0.038,-0.05%,232186
22/08/2011,76.6,77.188,76.552,76.779,0.253,0.33%,213228
23/08/2011,76.78,76.926,76.464,76.634,-0.145,-0.19%,206494
24/08/2011,76.641,77.06,76.466,76.964,0.33,0.43%,207709
25/08/2011,76.95,77.687,76.835,77.452,0.488,0.63%,220563
26/08/2011,77.44,77.507,76.434,76.434,-1.018,-1.31%,213320
29/08/2011,76.75,77.005,76.565,76.824,0.39,0.51%,172175
30/08/2011,76.82,76.973,76.622,76.725,-0.099,-0.13%,186058
31/08/2011,76.72,76.828,76.423,76.645,-0.08,-0.10%,189834
1/09/2011,76.64,77.214,76.565,76.912,0.267,0.35%,249818
2/09/2011,76.92,76.962,76.541,76.734,-0.178,-0.23%,207484
5/09/2011,76.84,76.966,76.683,76.873,0.139,0.18%,175204
6/09/2011,76.87,77.713,76.714,77.644,0.771,1.00%,235038
7/09/2011,77.64,77.703,77.065,77.231,-0.413,-0.53%,213993
8/09/2011,77.232,77.588,77.136,77.492,0.261,0.34%,224271
9/09/2011,77.495,77.844,77.106,77.586,0.094,0.12%,250677
12/09/2011,77.35,77.577,76.745,77.198,-0.388,-0.50%,244266
13/09/2011,77.2,77.244,76.8,76.929,-0.269,-0.35%,232132
14/09/2011,76.934,77.045,76.593,76.616,-0.313,-0.41%,213253
15/09/2011,76.611,77.144,76.55,76.684,0.068,0.09%,203075
16/09/2011,76.68,76.963,76.659,76.767,0.083,0.11%,210404
19/09/2011,76.92,76.971,76.322,76.572,-0.195,-0.25%,171636
20/09/2011,76.577,76.749,76.352,76.439,-0.133,-0.17%,209271
21/09/2011,76.44,76.725,76.119,76.434,-0.005,-0.01%,225453
22/09/2011,76.44,76.957,76.103,76.223,-0.211,-0.28%,260024
23/09/2011,76.22,76.876,76.144,76.59,0.367,0.48%,201911
26/09/2011,76.46,76.751,76.23,76.346,-0.244,-0.32%,233628
27/09/2011,76.34,76.923,76.255,76.799,0.453,0.59%,224196
28/09/2011,76.799,76.862,76.325,76.597,-0.202,-0.26%,229285
29/09/2011,76.598,77.016,76.404,76.823,0.226,0.30%,217556
30/09/2011,76.822,77.185,76.495,77.019,0.196,0.26%,229228
3/10/2011,77.02,77.243,76.52,76.605,-0.414,-0.54%,241100
4/10/2011,76.6,76.969,76.521,76.794,0.189,0.25%,220999
5/10/2011,76.797,77.062,76.614,76.778,-0.016,-0.02%,208006
6/10/2011,76.78,76.827,76.561,76.706,-0.072,-0.09%,215178
7/10/2011,76.707,76.901,76.58,76.714,0.008,0.01%,201893
10/10/2011,76.73,76.841,76.564,76.666,-0.048,-0.06%,149940
11/10/2011,76.66,76.748,76.596,76.637,-0.029,-0.04%,185488
12/10/2011,76.634,77.479,76.312,77.246,0.609,0.79%,241488
13/10/2011,77.253,77.281,76.674,76.886,-0.36,-0.47%,220991
14/10/2011,76.89,77.442,76.822,77.196,0.31,0.40%,205386
17/10/2011,77.03,77.433,76.61,76.817,-0.379,-0.49%,203250
18/10/2011,76.816,76.9,76.621,76.807,-0.01,-0.01%,208202
19/10/2011,76.81,76.849,76.652,76.796,-0.011,-0.01%,186800
20/10/2011,76.794,77.08,76.673,76.781,-0.015,-0.02%,207927
21/10/2011,76.78,76.904,75.834,76.246,-0.535,-0.70%,201859
24/10/2011,76.24,76.474,75.989,76.087,-0.159,-0.21%,201148
25/10/2011,76.083,76.285,75.739,76.083,-0.004,-0.01%,204166
26/10/2011,76.09,76.309,75.717,76.153,0.07,0.09%,210469
27/10/2011,76.16,76.277,75.655,75.937,-0.216,-0.28%,226112
28/10/2011,75.934,75.99,75.665,75.784,-0.153,-0.20%,178922
31/10/2011,75.6,79.517,75.573,78.155,2.371,3.13%,324530
1/11/2011,78.308,78.958,78.008,78.366,0.211,0.27%,216742
2/11/2011,78.366,78.402,77.945,78.036,-0.33,-0.42%,215888
3/11/2011,78.04,78.154,77.889,78.046,0.01,0.01%,210023
4/11/2011,78.02,78.259,77.98,78.192,0.146,0.19%,195434
7/11/2011,78.2,78.201,77.982,78.039,-0.153,-0.20%,182148
8/11/2011,78.05,78.088,77.603,77.717,-0.322,-0.41%,207235
9/11/2011,77.72,77.876,77.534,77.804,0.087,0.11%,228740
10/11/2011,77.802,77.862,77.505,77.635,-0.169,-0.22%,232818
11/11/2011,77.63,77.675,77.043,77.166,-0.469,-0.60%,225438
14/11/2011,77.17,77.262,76.807,77.057,-0.109,-0.14%,219432
15/11/2011,77.066,77.471,76.903,77.016,-0.041,-0.05%,242618
16/11/2011,77.02,77.14,76.85,77.043,0.027,0.04%,231755
17/11/2011,77.05,77.084,76.904,76.968,-0.075,-0.10%,234477
18/11/2011,76.971,77.022,76.564,76.866,-0.102,-0.13%,255129
21/11/2011,76.8,76.985,76.754,76.874,0.008,0.01%,220715
22/11/2011,76.876,77.317,76.831,76.96,0.086,0.11%,233354
23/11/2011,76.97,77.571,76.921,77.294,0.334,0.43%,203800
24/11/2011,77.294,77.323,77.006,77.103,-0.191,-0.25%,217266
25/11/2011,77.1,77.783,77.093,77.694,0.591,0.77%,237630
28/11/2011,77.5,78.229,77.452,77.972,0.278,0.36%,227885
29/11/2011,77.977,78.277,77.621,77.915,-0.057,-0.07%,251622
30/11/2011,77.914,78.147,77.287,77.608,-0.307,-0.39%,256368
1/12/2011,77.61,77.803,77.48,77.686,0.078,0.10%,229985
2/12/2011,77.68,78.069,77.68,77.954,0.268,0.34%,209185
5/12/2011,77.95,78.098,77.684,77.807,-0.147,-0.19%,199472
6/12/2011,77.814,77.848,77.635,77.72,-0.087,-0.11%,235123
7/12/2011,77.716,77.78,77.62,77.665,-0.055,-0.07%,195078
8/12/2011,77.663,77.786,77.13,77.624,-0.041,-0.05%,225969
9/12/2011,77.628,77.771,77.484,77.606,-0.018,-0.02%,200815
12/12/2011,77.65,77.99,77.551,77.904,0.298,0.38%,194115
13/12/2011,77.904,78.007,77.652,77.981,0.077,0.10%,184541
14/12/2011,77.988,78.147,77.913,78.063,0.082,0.11%,189878
15/12/2011,78.059,78.13,77.728,77.842,-0.221,-0.28%,195093
16/12/2011,77.84,77.955,77.336,77.336,-0.506,-0.65%,169078
19/12/2011,77.74,78.155,77.719,78.034,0.698,0.90%,168553
20/12/2011,78.035,78.049,77.704,77.878,-0.156,-0.20%,173028
21/12/2011,77.88,78.1,77.687,78.046,0.168,0.22%,193479
22/12/2011,78.04,78.196,77.993,78.158,0.112,0.14%,158007
23/12/2011,78.16,78.216,77.995,78.069,-0.089,-0.11%,123984
26/12/2011,78.04,78.089,77.872,77.96,-0.109,-0.14%,46647
27/12/2011,77.96,78.014,77.788,77.864,-0.096,-0.12%,133628
28/12/2011,77.86,78.03,77.554,77.931,0.067,0.09%,166142
29/12/2011,77.928,77.97,77.594,77.623,-0.308,-0.40%,171860
30/12/2011,77.628,77.73,76.854,76.854,-0.769,-0.99%,203598
3/01/2012,76.878,76.955,76.612,76.724,-0.13,-0.17%,176563
4/01/2012,76.72,76.822,76.6,76.699,-0.025,-0.03%,197383
5/01/2012,76.698,77.235,76.661,77.104,0.405,0.53%,218751
6/01/2012,77.109,77.307,76.952,76.956,-0.148,-0.19%,194720
9/01/2012,76.88,77,76.763,76.834,-0.122,-0.16%,179332
10/01/2012,76.83,76.899,76.764,76.837,0.003,0.00%,185727
11/01/2012,76.83,77.036,76.811,76.844,0.007,0.01%,191549
12/01/2012,76.84,76.971,76.662,76.749,-0.095,-0.12%,205186
13/01/2012,76.747,76.997,76.656,76.953,0.204,0.27%,222943
16/01/2012,77,77.099,76.693,76.77,-0.183,-0.24%,175604
17/01/2012,76.769,76.873,76.553,76.819,0.049,0.06%,218508
18/01/2012,76.82,76.86,76.644,76.814,-0.005,-0.01%,224401
19/01/2012,76.819,77.312,76.693,77.094,0.28,0.36%,228756
20/01/2012,77.105,77.298,76.913,77.014,-0.08,-0.10%,219790
23/01/2012,76.98,77.07,76.86,77.014,0,0.00%,182047
24/01/2012,77.01,77.829,76.948,77.662,0.648,0.84%,218145
25/01/2012,77.666,78.276,77.559,77.769,0.107,0.14%,267175
26/01/2012,77.767,77.805,77.294,77.443,-0.326,-0.42%,220251
27/01/2012,77.44,77.477,76.643,76.664,-0.779,-1.01%,240551
30/01/2012,76.66,76.768,76.22,76.331,-0.333,-0.43%,202275
31/01/2012,76.339,76.412,76.156,76.256,-0.075,-0.10%,246093
1/02/2012,76.254,76.344,76.026,76.199,-0.057,-0.07%,229940
2/02/2012,76.185,76.233,76.043,76.207,0.008,0.01%,204660
3/02/2012,76.208,76.726,76.132,76.596,0.389,0.51%,217730
6/02/2012,76.59,76.794,76.489,76.54,-0.056,-0.07%,221049
7/02/2012,76.544,76.958,76.515,76.753,0.213,0.28%,235771
8/02/2012,76.76,77.177,76.705,77.025,0.272,0.35%,262811
9/02/2012,77.024,77.719,77.004,77.654,0.629,0.82%,268664
10/02/2012,77.64,77.801,77.521,77.626,-0.028,-0.04%,248250
13/02/2012,77.54,77.773,77.386,77.564,-0.062,-0.08%,191266
14/02/2012,77.561,78.532,77.359,78.426,0.862,1.11%,287639
15/02/2012,78.43,78.657,78.177,78.426,0,0.00%,282890
16/02/2012,78.43,78.958,78.355,78.924,0.498,0.63%,268311
17/02/2012,78.93,79.602,78.785,79.544,0.62,0.79%,275049
20/02/2012,79.61,79.878,79.359,79.618,0.074,0.09%,236877
21/02/2012,79.63,79.844,79.544,79.73,0.112,0.14%,269911
22/02/2012,79.72,80.393,79.674,80.282,0.552,0.69%,284557
23/02/2012,80.28,80.348,79.849,79.988,-0.294,-0.37%,280835
24/02/2012,79.99,81.205,79.921,81.181,1.193,1.49%,301857
27/02/2012,81.26,81.624,80.126,80.597,-0.584,-0.72%,314915
28/02/2012,80.592,80.78,80.008,80.449,-0.148,-0.18%,340952
29/02/2012,80.44,81.305,80.243,81.135,0.686,0.85%,324783
1/03/2012,81.136,81.356,80.835,81.101,-0.034,-0.04%,325159
2/03/2012,81.1,81.863,81.075,81.684,0.583,0.72%,328544
5/03/2012,81.8,81.855,81.15,81.545,-0.139,-0.17%,295808
6/03/2012,81.55,81.577,80.592,80.882,-0.663,-0.81%,331937
7/03/2012,80.881,81.212,80.578,81.076,0.194,0.24%,301922
8/03/2012,81.085,81.725,81.072,81.542,0.466,0.57%,321742
9/03/2012,81.535,82.636,81.469,82.436,0.894,1.10%,325812
12/03/2012,82.48,82.517,82.103,82.222,-0.214,-0.26%,307964
13/03/2012,82.23,83.076,81.962,82.936,0.714,0.87%,381712
14/03/2012,82.93,83.821,82.857,83.721,0.785,0.95%,390285
15/03/2012,83.717,84.167,83.199,83.563,-0.158,-0.19%,382133
16/03/2012,83.557,83.935,83.226,83.444,-0.119,-0.14%,391455
19/03/2012,83.36,83.563,83.013,83.336,-0.108,-0.13%,354450
20/03/2012,83.33,83.827,83.32,83.695,0.359,0.43%,331715
21/03/2012,83.691,84.091,83.288,83.395,-0.3,-0.36%,444377
22/03/2012,83.41,83.462,82.324,82.524,-0.871,-1.04%,523654
23/03/2012,82.52,82.945,82.009,82.329,-0.195,-0.24%,596203
26/03/2012,82.39,82.996,82.362,82.812,0.483,0.59%,403139
27/03/2012,82.81,83.375,82.636,83.164,0.352,0.43%,384628
28/03/2012,83.16,83.202,82.605,82.885,-0.279,-0.34%,344471
29/03/2012,82.889,82.963,81.917,82.44,-0.445,-0.54%,404411
30/03/2012,82.444,82.87,81.83,82.819,0.379,0.46%,425923
2/04/2012,82.81,83.296,81.88,82.065,-0.754,-0.91%,389551
3/04/2012,82.061,82.984,81.548,82.801,0.736,0.90%,307221
4/04/2012,82.803,82.927,82.093,82.445,-0.356,-0.43%,322781
5/04/2012,82.45,82.466,81.825,82.353,-0.092,-0.11%,298809
9/04/2012,81.5,81.663,81.193,81.48,-0.873,-1.06%,215297
10/04/2012,81.477,81.854,80.643,80.664,-0.816,-1.00%,414954
11/04/2012,80.67,81.099,80.575,80.85,0.186,0.23%,418290
12/04/2012,80.846,81.128,80.731,80.874,0.024,0.03%,402140
13/04/2012,80.874,81.189,80.823,80.914,0.04,0.05%,260008
16/04/2012,80.88,80.989,80.337,80.396,-0.518,-0.64%,267265
17/04/2012,80.398,80.92,80.328,80.833,0.437,0.54%,238249
18/04/2012,80.831,81.559,80.83,81.244,0.411,0.51%,273075
19/04/2012,81.24,81.726,81.172,81.583,0.339,0.42%,261748
20/04/2012,81.588,81.77,81.474,81.506,-0.077,-0.09%,225036
23/04/2012,81.56,81.652,80.971,81.172,-0.334,-0.41%,164339
24/04/2012,81.167,81.38,80.851,81.304,0.132,0.16%,204193
25/04/2012,81.3,81.686,81.078,81.333,0.029,0.04%,257340
26/04/2012,81.341,81.415,80.664,80.98,-0.353,-0.43%,227987
27/04/2012,80.978,81.412,80.218,80.276,-0.704,-0.87%,283531
30/04/2012,80.3,80.38,79.732,79.813,-0.463,-0.58%,189490
1/05/2012,79.81,80.293,79.634,80.078,0.265,0.33%,196035
2/05/2012,80.08,80.603,80.038,80.131,0.053,0.07%,240333
3/05/2012,80.138,80.545,80.095,80.173,0.042,0.05%,180446
4/05/2012,80.173,80.29,79.682,79.693,-0.48,-0.60%,192248
7/05/2012,79.83,79.991,79.641,79.884,0.191,0.24%,224591
8/05/2012,79.882,80.071,79.706,79.861,-0.023,-0.03%,237509
9/05/2012,79.86,79.931,79.432,79.626,-0.235,-0.29%,263436
10/05/2012,79.619,80.009,79.596,79.918,0.292,0.37%,233008
11/05/2012,79.917,79.986,79.733,79.932,0.014,0.02%,223199
14/05/2012,79.96,80.178,79.683,79.835,-0.097,-0.12%,239195
15/05/2012,79.836,80.326,79.806,80.171,0.336,0.42%,285941
16/05/2012,80.172,80.545,80.15,80.321,0.15,0.19%,312853
17/05/2012,80.318,80.387,79.146,79.264,-1.057,-1.32%,316704
18/05/2012,79.258,79.458,78.991,79.001,-0.263,-0.33%,310929
21/05/2012,79.07,79.442,79.059,79.29,0.289,0.37%,267006
22/05/2012,79.295,80.135,79.262,79.947,0.657,0.83%,261871
23/05/2012,79.949,80.066,79.261,79.472,-0.475,-0.59%,326305
24/05/2012,79.46,79.629,79.336,79.585,0.113,0.14%,297342
25/05/2012,79.59,79.816,79.492,79.676,0.091,0.11%,260989
28/05/2012,79.63,79.695,79.326,79.459,-0.217,-0.27%,208843
29/05/2012,79.46,79.634,79.37,79.482,0.023,0.03%,267906
30/05/2012,79.48,79.556,78.886,79.059,-0.423,-0.53%,311116
31/05/2012,79.06,79.12,78.212,78.302,-0.757,-0.96%,320929
1/06/2012,78.299,78.643,77.684,78.006,-0.296,-0.38%,340633
4/06/2012,78.1,78.422,77.977,78.331,0.325,0.42%,263650
5/06/2012,78.33,78.915,78.107,78.735,0.404,0.52%,285915
6/06/2012,78.733,79.273,78.606,79.181,0.446,0.57%,324676
7/06/2012,79.18,79.78,79.153,79.62,0.439,0.55%,314662
8/06/2012,79.622,79.746,79.115,79.471,-0.149,-0.19%,330698
11/06/2012,79.69,79.717,79.351,79.434,-0.037,-0.05%,269387
12/06/2012,79.43,79.684,79.162,79.508,0.074,0.09%,313144
13/06/2012,79.503,79.736,79.291,79.471,-0.037,-0.05%,290259
14/06/2012,79.48,79.48,79.159,79.336,-0.135,-0.17%,269038
15/06/2012,79.339,79.506,78.606,78.694,-0.642,-0.81%,300527
18/06/2012,78.77,79.293,78.753,79.099,0.405,0.51%,261751
19/06/2012,79.09,79.127,78.848,78.941,-0.158,-0.20%,241210
20/06/2012,78.94,79.633,78.785,79.523,0.582,0.74%,258670
21/06/2012,79.52,80.325,79.384,80.268,0.745,0.94%,285965
22/06/2012,80.275,80.562,80.003,80.41,0.142,0.18%,270355
25/06/2012,80.47,80.613,79.436,79.658,-0.752,-0.94%,234250
26/06/2012,79.653,79.778,79.24,79.501,-0.157,-0.20%,242779
27/06/2012,79.503,79.857,79.344,79.706,0.205,0.26%,223802
28/06/2012,79.706,79.748,79.227,79.443,-0.263,-0.33%,230874
29/06/2012,79.44,79.981,79.139,79.78,0.337,0.42%,286421
2/07/2012,79.8,79.97,79.306,79.502,-0.278,-0.35%,235116
3/07/2012,79.5,79.922,79.404,79.782,0.28,0.35%,221254
4/07/2012,79.779,79.882,79.588,79.862,0.08,0.10%,170344
5/07/2012,79.86,80.089,79.556,79.905,0.043,0.05%,233621
6/07/2012,79.91,80.015,79.499,79.659,-0.246,-0.31%,234628
9/07/2012,79.62,79.755,79.418,79.55,-0.109,-0.14%,189101
10/07/2012,79.55,79.587,79.208,79.414,-0.136,-0.17%,211633
11/07/2012,79.41,79.78,79.13,79.746,0.332,0.42%,220351
12/07/2012,79.74,79.895,79.177,79.303,-0.443,-0.56%,247680
13/07/2012,79.308,79.387,79.07,79.176,-0.127,-0.16%,195868
16/07/2012,79.23,79.276,78.687,78.855,-0.321,-0.41%,174179
17/07/2012,78.86,79.164,78.783,79.049,0.194,0.25%,207456
18/07/2012,79.059,79.146,78.749,78.79,-0.259,-0.33%,201019
19/07/2012,78.8,78.814,78.457,78.57,-0.22,-0.28%,210400
20/07/2012,78.58,78.796,78.442,78.469,-0.101,-0.13%,207523
23/07/2012,78.42,78.522,77.946,78.376,-0.093,-0.12%,211798
24/07/2012,78.38,78.384,78.095,78.184,-0.192,-0.24%,197685
25/07/2012,78.177,78.27,78.063,78.149,-0.035,-0.04%,195492
26/07/2012,78.15,78.31,78.024,78.212,0.063,0.08%,214390
27/07/2012,78.21,78.665,78.066,78.449,0.237,0.30%,223911
30/07/2012,78.46,78.535,78.115,78.161,-0.288,-0.37%,176725
31/07/2012,78.17,78.297,78.033,78.109,-0.052,-0.07%,190914
1/08/2012,78.11,78.497,77.923,78.425,0.316,0.40%,201881
2/08/2012,78.414,78.533,78.156,78.222,-0.203,-0.26%,206598
3/08/2012,78.222,78.766,78.062,78.446,0.224,0.29%,209005
6/08/2012,78.43,78.636,78.135,78.232,-0.214,-0.27%,178945
7/08/2012,78.229,78.732,78.152,78.592,0.36,0.46%,184066
8/08/2012,78.59,78.652,78.23,78.423,-0.169,-0.22%,201340
9/08/2012,78.419,78.787,78.289,78.555,0.132,0.17%,214421
10/08/2012,78.55,78.634,78.158,78.266,-0.289,-0.37%,196914
13/08/2012,78.26,78.37,78.156,78.304,0.038,0.05%,163295
14/08/2012,78.3,78.925,78.294,78.724,0.42,0.54%,192270
15/08/2012,78.72,79.042,78.601,78.985,0.261,0.33%,193992
16/08/2012,78.989,79.396,78.907,79.331,0.346,0.44%,221291
17/08/2012,79.33,79.567,79.228,79.55,0.219,0.28%,155735
20/08/2012,79.54,79.65,79.315,79.415,-0.135,-0.17%,168947
21/08/2012,79.414,79.519,79.214,79.277,-0.138,-0.17%,276201
22/08/2012,79.28,79.367,78.3,78.573,-0.704,-0.89%,205601
23/08/2012,78.57,78.687,78.36,78.484,-0.089,-0.11%,200415
24/08/2012,78.478,78.717,78.448,78.616,0.132,0.17%,185750
27/08/2012,78.66,78.836,78.624,78.734,0.118,0.15%,124764
28/08/2012,78.74,78.766,78.444,78.5,-0.234,-0.30%,171599
29/08/2012,78.49,78.78,78.476,78.695,0.195,0.25%,167687
30/08/2012,78.7,78.744,78.492,78.614,-0.081,-0.10%,169700
31/08/2012,78.614,78.645,78.23,78.376,-0.238,-0.30%,199827
3/09/2012,78.32,78.394,78.187,78.25,-0.126,-0.16%,137296
4/09/2012,78.24,78.462,78.24,78.401,0.151,0.19%,183008
5/09/2012,78.399,78.529,78.307,78.379,-0.022,-0.03%,187088
6/09/2012,78.38,79.007,78.365,78.854,0.475,0.61%,196937
7/09/2012,78.85,79.011,78.023,78.242,-0.612,-0.78%,233844
10/09/2012,78.23,78.324,78.18,78.27,0.028,0.04%,172596
11/09/2012,78.28,78.28,77.697,77.756,-0.514,-0.66%,205711
12/09/2012,77.756,77.959,77.732,77.837,0.081,0.10%,235291
13/09/2012,77.84,77.862,77.195,77.474,-0.363,-0.47%,232159
14/09/2012,77.467,78.386,77.454,78.356,0.882,1.14%,280156
17/09/2012,78.37,78.914,78.16,78.696,0.34,0.43%,205773
18/09/2012,78.7,78.866,78.483,78.803,0.107,0.14%,223539
19/09/2012,78.802,79.211,78.256,78.365,-0.438,-0.56%,289720
20/09/2012,78.365,78.452,78.014,78.232,-0.133,-0.17%,236022
21/09/2012,78.24,78.363,78.101,78.166,-0.066,-0.08%,216752
24/09/2012,78.16,78.176,77.799,77.84,-0.326,-0.42%,178537
25/09/2012,77.84,77.919,77.656,77.794,-0.046,-0.06%,218501
26/09/2012,77.79,77.895,77.582,77.733,-0.061,-0.08%,242511
27/09/2012,77.731,77.75,77.578,77.591,-0.142,-0.18%,236175
28/09/2012,77.589,78.101,77.431,77.916,0.325,0.42%,278131
1/10/2012,77.97,78.133,77.752,77.954,0.038,0.05%,909167
2/10/2012,77.98,78.207,77.931,78.126,0.172,0.22%,837488
3/10/2012,78.141,78.577,78.083,78.438,0.312,0.40%,1086090
4/10/2012,78.48,78.711,78.247,78.459,0.021,0.03%,1180777
5/10/2012,78.464,78.865,78.242,78.666,0.207,0.26%,1223967
8/10/2012,78.66,78.752,78.04,78.297,-0.369,-0.47%,825704
9/10/2012,78.32,78.425,78.125,78.211,-0.086,-0.11%,1010986
10/10/2012,78.24,78.367,78.091,78.162,-0.049,-0.06%,1056845
11/10/2012,78.167,78.578,77.913,78.306,0.144,0.18%,1255141
12/10/2012,78.257,78.524,78.25,78.444,0.138,0.18%,1006329
15/10/2012,78.45,78.851,78.284,78.604,0.16,0.20%,980732
16/10/2012,78.631,78.958,78.543,78.845,0.241,0.31%,1134954
17/10/2012,78.879,79.042,78.578,78.896,0.051,0.06%,1342894
18/10/2012,78.928,79.438,78.82,79.23,0.334,0.42%,1542744
19/10/2012,79.188,79.413,79.099,79.326,0.096,0.12%,1126961
22/10/2012,79.25,79.948,79.181,79.904,0.578,0.73%,1074880
23/10/2012,79.94,79.998,79.68,79.843,-0.061,-0.08%,817611
24/10/2012,79.839,79.918,79.691,79.794,-0.049,-0.06%,253919
25/10/2012,79.8,80.338,79.764,80.29,0.496,0.62%,299672
26/10/2012,80.29,80.373,79.514,79.636,-0.654,-0.81%,307069
29/10/2012,79.63,79.839,79.521,79.791,0.155,0.19%,173471
30/10/2012,79.789,80.113,79.275,79.616,-0.175,-0.22%,271688
31/10/2012,79.619,79.956,79.514,79.757,0.141,0.18%,270304
1/11/2012,79.764,80.201,79.758,80.121,0.364,0.46%,241501
2/11/2012,80.111,80.669,80.104,80.403,0.282,0.35%,268527
5/11/2012,80.42,80.556,80.148,80.277,-0.126,-0.16%,221438
6/11/2012,80.281,80.438,79.958,80.345,0.068,0.08%,241019
7/11/2012,80.347,80.404,79.759,79.985,-0.36,-0.45%,358684
8/11/2012,79.983,80.007,79.316,79.462,-0.523,-0.65%,291757
9/11/2012,79.47,79.607,79.069,79.468,0.006,0.01%,318325
12/11/2012,79.46,79.56,79.352,79.477,0.009,0.01%,190679
13/11/2012,79.478,79.635,79.202,79.371,-0.106,-0.13%,263878
14/11/2012,79.37,80.304,79.366,80.237,0.866,1.09%,303087
15/11/2012,80.233,81.456,80.121,81.158,0.921,1.15%,360796
16/11/2012,81.15,81.435,80.894,81.3,0.142,0.17%,325819
19/11/2012,81.38,81.583,81.082,81.402,0.102,0.13%,276813
20/11/2012,81.41,81.755,81.134,81.666,0.264,0.32%,305754
21/11/2012,81.663,82.548,81.644,82.514,0.848,1.04%,347140
22/11/2012,82.52,82.833,82.263,82.445,-0.069,-0.08%,297683
23/11/2012,82.445,82.501,82.059,82.386,-0.059,-0.07%,287931
26/11/2012,82.32,82.618,81.928,82.067,-0.319,-0.39%,304926
27/11/2012,82.067,82.313,81.851,82.146,0.079,0.10%,303318
28/11/2012,82.14,82.209,81.685,82.066,-0.08,-0.10%,341773
29/11/2012,82.068,82.211,81.911,82.103,0.037,0.05%,324817
30/11/2012,82.11,82.742,82.042,82.458,0.355,0.43%,361290
3/12/2012,82.38,82.498,81.991,82.237,-0.221,-0.27%,278701
4/12/2012,82.24,82.258,81.713,81.889,-0.348,-0.42%,297172
5/12/2012,81.89,82.475,81.791,82.461,0.572,0.70%,338094
6/12/2012,82.45,82.612,82.2,82.389,-0.072,-0.09%,298449
7/12/2012,82.38,82.825,82.18,82.498,0.109,0.13%,302475
10/12/2012,82.48,82.634,82.113,82.354,-0.144,-0.17%,253247
11/12/2012,82.356,82.57,82.297,82.507,0.153,0.19%,245471
12/12/2012,82.51,83.291,82.477,83.25,0.743,0.90%,335009
13/12/2012,83.25,83.668,83.12,83.638,0.388,0.47%,351726
14/12/2012,83.64,83.957,83.319,83.506,-0.132,-0.16%,349448
17/12/2012,84.37,84.37,83.605,83.881,0.375,0.45%,292382
18/12/2012,83.88,84.261,83.815,84.195,0.314,0.37%,258124
19/12/2012,84.197,84.609,84.157,84.393,0.198,0.24%,300259
20/12/2012,84.393,84.449,83.853,84.368,-0.025,-0.03%,315619
21/12/2012,84.375,84.437,83.853,84.227,-0.141,-0.17%,328386
24/12/2012,84.35,84.936,84.318,84.934,0.707,0.84%,172300
25/12/2012,84.93,84.937,84.664,84.79,-0.144,-0.17%,38397
26/12/2012,84.75,85.711,84.733,85.616,0.826,0.97%,215707
27/12/2012,85.622,86.137,85.474,86.086,0.47,0.55%,324469
28/12/2012,86.084,86.626,85.888,85.936,-0.15,-0.17%,315523
31/12/2012,85.72,86.777,85.663,86.704,0.768,0.89%,220132
1/01/2013,86.73,86.763,86.564,86.678,-0.026,-0.03%,43613
2/01/2013,86.69,87.341,86.529,87.334,0.656,0.76%,281469
3/01/2013,87.329,87.346,86.763,87.228,-0.106,-0.12%,306202
4/01/2013,87.23,88.397,87.223,88.146,0.918,1.05%,411539
7/01/2013,88.12,88.366,87.622,87.783,-0.363,-0.41%,327672
8/01/2013,87.787,87.811,86.896,87.041,-0.742,-0.85%,352965
9/01/2013,87.02,88.009,86.825,87.868,0.827,0.95%,358217
10/01/2013,87.86,88.779,87.855,88.772,0.904,1.03%,380408
11/01/2013,88.772,89.439,88.678,89.186,0.414,0.47%,435601
14/01/2013,89.26,89.662,89.079,89.465,0.279,0.31%,341986
15/01/2013,89.47,89.627,88.291,88.782,-0.683,-0.76%,458778
16/01/2013,88.77,88.863,87.794,88.369,-0.413,-0.47%,447926
17/01/2013,88.381,90.119,88.126,89.852,1.483,1.68%,482380
18/01/2013,89.863,90.182,89.631,90.093,0.241,0.27%,431172
21/01/2013,90.12,90.242,89.335,89.59,-0.503,-0.56%,327139
22/01/2013,89.57,90.069,88.367,88.696,-0.894,-1.00%,469143
23/01/2013,88.7,88.788,88.056,88.602,-0.094,-0.11%,408144
24/01/2013,88.6,90.527,88.415,90.32,1.718,1.94%,441212
25/01/2013,90.308,91.188,90.286,90.863,0.543,0.60%,406730
28/01/2013,90.9,91.246,90.56,90.839,-0.024,-0.03%,353206
29/01/2013,90.845,91.012,90.324,90.704,-0.135,-0.15%,409057
30/01/2013,90.71,91.398,90.655,91.083,0.379,0.42%,397102
31/01/2013,91.076,91.756,90.743,91.7,0.617,0.68%,397031
1/02/2013,91.696,92.957,91.606,92.703,1.003,1.09%,475965
4/02/2013,92.76,93.173,92.201,92.368,-0.335,-0.36%,417925
5/02/2013,92.365,93.646,91.975,93.628,1.26,1.36%,493191
6/02/2013,93.635,94.049,93.275,93.622,-0.006,-0.01%,469418
7/02/2013,93.61,93.91,93.084,93.62,-0.002,0.00%,451051
8/02/2013,93.62,93.729,92.172,92.689,-0.931,-0.99%,466464
11/02/2013,92.73,94.451,92.358,94.297,1.608,1.73%,373512
12/02/2013,94.295,94.401,92.961,93.46,-0.837,-0.89%,468689
13/02/2013,93.47,93.773,92.819,93.381,-0.079,-0.08%,421959
14/02/2013,93.386,93.708,92.672,92.857,-0.524,-0.56%,445530
15/02/2013,92.86,93.835,92.223,93.497,0.64,0.69%,520462
18/02/2013,93.65,94.206,93.624,93.948,0.451,0.48%,333595
19/02/2013,93.937,93.953,93.289,93.56,-0.388,-0.41%,363774
20/02/2013,93.559,94.03,93.135,93.549,-0.011,-0.01%,411694
21/02/2013,93.55,93.857,92.772,93.097,-0.452,-0.48%,442168
22/02/2013,93.114,93.506,92.923,93.403,0.306,0.33%,420359
25/02/2013,94.66,94.708,90.898,91.799,-1.604,-1.72%,501689
26/02/2013,91.796,92.739,91.157,91.964,0.165,0.18%,594617
27/02/2013,91.967,92.43,91.136,92.225,0.261,0.28%,470569
28/02/2013,92.222,92.846,92.007,92.547,0.322,0.35%,408676
1/03/2013,92.54,93.679,92.44,93.577,1.03,1.11%,419857
4/03/2013,93.62,93.719,93.169,93.474,-0.103,-0.11%,336546
5/03/2013,93.468,93.53,92.914,93.28,-0.194,-0.21%,357276
6/03/2013,93.286,94.106,93.002,94.055,0.775,0.83%,349435
7/03/2013,94.059,95.083,93.791,94.813,0.758,0.81%,388444
8/03/2013,94.806,96.541,94.78,95.997,1.184,1.25%,448403
11/03/2013,95.94,96.356,95.919,96.272,0.275,0.29%,314192
12/03/2013,96.276,96.705,95.641,96.073,-0.199,-0.21%,427714
13/03/2013,96.071,96.249,95.445,96.108,0.035,0.04%,394966
14/03/2013,96.113,96.584,95.683,96.103,-0.005,-0.01%,398654
15/03/2013,96.112,96.269,95.079,95.256,-0.847,-0.88%,418263
18/03/2013,94.48,95.595,94.078,95.198,-0.058,-0.06%,416321
19/03/2013,95.203,95.745,94.727,95.151,-0.047,-0.05%,409331
20/03/2013,95.16,96.127,94.824,96.004,0.853,0.90%,387878
21/03/2013,96,96.099,94.566,94.897,-1.107,-1.15%,464971
22/03/2013,94.88,95.126,94.199,94.429,-0.468,-0.49%,452477
25/03/2013,94.46,94.959,93.543,94.156,-0.273,-0.29%,445515
26/03/2013,94.16,94.605,93.863,94.433,0.277,0.29%,413126
27/03/2013,94.432,94.903,94.038,94.441,0.008,0.01%,407630
28/03/2013,94.448,94.474,93.874,94.131,-0.31,-0.33%,362703
29/03/2013,94.13,94.292,93.951,94.153,0.022,0.02%,186921
1/04/2013,94.24,94.367,93.166,93.223,-0.93,-0.99%,308928
2/04/2013,93.224,93.553,92.565,93.424,0.201,0.22%,381154
3/04/2013,93.43,93.684,92.709,93.031,-0.393,-0.42%,368216
4/04/2013,93.03,96.403,92.727,96.328,3.297,3.54%,525684
5/04/2013,96.34,97.823,95.764,97.518,1.19,1.24%,517954
8/04/2013,98.03,99.377,98.011,99.35,1.832,1.88%,498995
9/04/2013,99.341,99.657,98.601,99.013,-0.337,-0.34%,502334
10/04/2013,99.012,99.868,98.907,99.759,0.746,0.75%,470247
11/04/2013,99.757,99.942,99.113,99.663,-0.096,-0.10%,470933
12/04/2013,99.657,99.793,98.106,98.357,-1.306,-1.31%,483930
15/04/2013,98.28,98.707,96.363,96.767,-1.59,-1.62%,547907
16/04/2013,96.728,98.151,95.872,97.518,0.751,0.78%,565506
17/04/2013,97.536,98.424,97.212,98.106,0.588,0.60%,532053
18/04/2013,98.102,98.521,97.634,98.155,0.049,0.05%,488071
19/04/2013,98.153,99.68,98.104,99.498,1.343,1.37%,475701
22/04/2013,99.8,99.879,98.988,99.228,-0.27,-0.27%,442508
23/04/2013,99.22,99.525,98.484,99.447,0.219,0.22%,502874
24/04/2013,99.448,99.755,99.189,99.499,0.052,0.05%,430606
25/04/2013,99.5,99.558,98.987,99.241,-0.258,-0.26%,420147
26/04/2013,99.239,99.408,97.557,97.995,-1.246,-1.26%,514075
29/04/2013,97.94,98.195,97.347,97.742,-0.253,-0.26%,353594
30/04/2013,97.76,98.118,97.008,97.424,-0.318,-0.33%,388846
1/05/2013,97.426,97.67,97.027,97.375,-0.049,-0.05%,337689
2/05/2013,97.37,98.386,97.083,97.92,0.545,0.56%,388300
3/05/2013,97.923,99.258,97.883,98.987,1.067,1.09%,334631
6/05/2013,99.1,99.448,99.049,99.313,0.326,0.33%,203425
7/05/2013,99.315,99.428,98.827,98.988,-0.325,-0.33%,360181
8/05/2013,98.983,99.145,98.584,98.998,0.01,0.01%,359228
9/05/2013,98.989,100.786,98.642,100.582,1.584,1.60%,406224
10/05/2013,100.579,101.979,100.533,101.588,1.006,1.00%,453823
13/05/2013,101.81,102.147,101.516,101.814,0.226,0.22%,354651
14/05/2013,101.82,102.422,101.262,102.387,0.573,0.56%,445073
15/05/2013,102.381,102.758,101.861,102.231,-0.156,-0.15%,455001
16/05/2013,102.221,102.677,101.834,102.249,0.018,0.02%,459176
17/05/2013,102.25,103.302,102.077,103.248,0.999,0.98%,409252
20/05/2013,103.02,103.023,102.092,102.255,-0.993,-0.96%,350332
21/05/2013,102.26,102.881,102.072,102.466,0.211,0.21%,393017
22/05/2013,102.468,103.732,102.351,103.142,0.676,0.66%,485239
23/05/2013,103.155,103.564,100.83,102.014,-1.128,-1.09%,639149
24/05/2013,102.002,102.582,100.667,101.279,-0.735,-0.72%,584320
27/05/2013,101.24,101.293,100.741,100.919,-0.36,-0.36%,294532
28/05/2013,100.93,102.497,100.926,102.354,1.435,1.42%,468373
29/05/2013,102.352,102.519,100.715,101.143,-1.211,-1.18%,522987
30/05/2013,101.137,101.798,100.469,100.714,-0.429,-0.42%,564369
31/05/2013,100.72,101.276,100.222,100.439,-0.275,-0.27%,540496
3/06/2013,100.57,100.716,98.865,99.522,-0.917,-0.91%,629697
4/06/2013,99.528,100.411,99.331,100.02,0.498,0.50%,575689
5/06/2013,100.019,100.456,98.964,99.054,-0.966,-0.97%,684607
6/06/2013,99.038,99.461,95.901,96.963,-2.091,-2.11%,797076
7/06/2013,96.966,97.782,94.984,97.547,0.584,0.60%,1021536
10/06/2013,97.77,99.276,97.71,98.753,1.206,1.24%,680099
11/06/2013,98.75,99.039,95.599,96.011,-2.742,-2.78%,883631
12/06/2013,96.098,97.012,95.133,96.006,-0.005,-0.01%,710037
13/06/2013,96.009,96.078,93.782,95.361,-0.645,-0.67%,880754
14/06/2013,95.368,95.797,93.981,94.187,-1.174,-1.23%,782629
17/06/2013,94.229,95.212,94.099,94.483,0.296,0.31%,551124
18/06/2013,94.49,95.758,94.43,95.313,0.83,0.88%,554011
19/06/2013,95.307,97.022,94.832,96.433,1.12,1.18%,594657
20/06/2013,96.414,98.281,96.201,97.265,0.832,0.86%,810400
21/06/2013,97.27,98.129,96.858,97.887,0.622,0.64%,712120
24/06/2013,97.84,98.695,97.217,97.724,-0.163,-0.17%,678396
25/06/2013,97.716,98.051,96.959,97.802,0.078,0.08%,350924
26/06/2013,97.857,98.23,97.236,97.733,-0.069,-0.07%,341006
27/06/2013,97.734,98.565,97.561,98.335,0.602,0.62%,295256
28/06/2013,98.343,99.445,98.332,99.14,0.805,0.82%,328963
1/07/2013,99.27,99.852,99.177,99.647,0.507,0.51%,257965
2/07/2013,99.646,100.723,99.506,100.616,0.969,0.97%,266680
3/07/2013,100.627,100.85,99.259,99.887,-0.729,-0.72%,341522
4/07/2013,99.877,100.154,99.488,100.016,0.129,0.13%,234034
5/07/2013,100.021,101.219,99.888,101.17,1.154,1.15%,301845
8/07/2013,101.214,101.526,100.785,100.956,-0.214,-0.21%,269865
9/07/2013,100.95,101.294,100.765,101.141,0.185,0.18%,275958
10/07/2013,101.136,101.21,99.391,99.638,-1.503,-1.49%,357526
11/07/2013,99.679,99.876,98.244,98.946,-0.692,-0.69%,486294
12/07/2013,98.951,99.688,98.672,99.234,0.288,0.29%,315777
15/07/2013,99.307,100.477,99.068,99.853,0.619,0.62%,191816
16/07/2013,99.85,100.061,98.896,99.089,-0.764,-0.77%,282844
17/07/2013,99.087,99.939,99.04,99.575,0.486,0.49%,285842
18/07/2013,99.578,100.651,99.46,100.412,0.837,0.84%,274510
19/07/2013,100.422,100.859,99.809,100.56,0.148,0.15%,314646
22/07/2013,100.27,100.614,99.287,99.65,-0.91,-0.90%,273460
23/07/2013,99.66,100.177,99.144,99.403,-0.247,-0.25%,272617
24/07/2013,99.402,100.43,99.381,100.247,0.844,0.85%,273628
25/07/2013,100.253,100.45,98.886,99.279,-0.968,-0.97%,307374
26/07/2013,99.278,99.397,97.958,98.263,-1.016,-1.02%,323016
29/07/2013,98.02,98.325,97.63,97.944,-0.319,-0.32%,283394
30/07/2013,97.943,98.457,97.756,98.019,0.075,0.08%,257165
31/07/2013,98.019,98.519,97.582,97.862,-0.157,-0.16%,321756
1/08/2013,97.864,99.567,97.653,99.526,1.664,1.70%,289995
2/08/2013,99.53,99.938,98.658,98.895,-0.631,-0.63%,294757
5/08/2013,98.87,99.145,98.189,98.281,-0.614,-0.62%,232839
6/08/2013,98.276,98.579,97.523,97.726,-0.555,-0.56%,268346
7/08/2013,97.72,97.805,96.319,96.323,-1.403,-1.44%,339580
8/08/2013,96.316,96.93,95.803,96.696,0.373,0.39%,330764
9/08/2013,96.698,96.961,96.123,96.163,-0.533,-0.55%,278389
12/08/2013,96.1,96.931,95.925,96.893,0.73,0.76%,233344
13/08/2013,96.892,98.339,96.852,98.191,1.298,1.34%,292533
14/08/2013,98.195,98.422,97.863,98.124,-0.067,-0.07%,241536
15/08/2013,98.123,98.64,97.065,97.353,-0.771,-0.79%,354450
16/08/2013,97.351,97.769,97.045,97.51,0.157,0.16%,264989
19/08/2013,97.557,98.12,97.356,97.552,0.042,0.04%,237776
20/08/2013,97.546,97.857,96.91,97.255,-0.297,-0.30%,281014
21/08/2013,97.254,97.978,97.121,97.674,0.419,0.43%,286322
22/08/2013,97.687,98.803,97.581,98.7,1.026,1.05%,294285
23/08/2013,98.713,99.143,98.388,98.71,0.01,0.01%,281816
26/08/2013,98.423,98.839,98.268,98.493,-0.217,-0.22%,189674
27/08/2013,98.51,98.527,96.985,97.018,-1.475,-1.50%,295561
28/08/2013,97.017,97.835,96.813,97.63,0.612,0.63%,271260
29/08/2013,97.63,98.511,97.447,98.336,0.706,0.72%,268103
30/08/2013,98.337,98.472,97.886,98.091,-0.245,-0.25%,258819
2/09/2013,98.414,99.428,98.273,99.322,1.231,1.25%,209019
3/09/2013,99.323,99.856,99.168,99.556,0.234,0.24%,290362
4/09/2013,99.556,99.81,99.321,99.741,0.185,0.19%,248125
5/09/2013,99.74,100.19,99.567,100.099,0.358,0.36%,292669
6/09/2013,100.1,100.219,98.542,99.1,-0.999,-1.00%,292194
9/09/2013,99.624,100.101,99.334,99.563,0.463,0.47%,233617
10/09/2013,99.568,100.458,99.473,100.364,0.801,0.80%,265437
11/09/2013,100.367,100.603,99.792,99.874,-0.49,-0.49%,265932
12/09/2013,99.88,99.983,99.01,99.532,-0.342,-0.34%,280565
13/09/2013,99.529,99.973,99.191,99.367,-0.165,-0.17%,244696
16/09/2013,99.22,99.269,98.466,99.048,-0.319,-0.32%,196877
17/09/2013,99.06,99.378,99.001,99.107,0.059,0.06%,196444
18/09/2013,99.125,99.33,97.766,97.918,-1.189,-1.20%,241456
19/09/2013,97.925,99.608,97.871,99.446,1.528,1.56%,288928
20/09/2013,99.448,99.665,99.17,99.313,-0.133,-0.13%,220241
23/09/2013,99.17,99.354,98.647,98.825,-0.488,-0.49%,178471
24/09/2013,98.825,99.169,98.473,98.732,-0.093,-0.09%,224127
25/09/2013,98.735,98.809,98.379,98.427,-0.305,-0.31%,222294
26/09/2013,98.424,99.13,98.267,98.973,0.546,0.55%,267800
27/09/2013,98.963,99.034,98.093,98.23,-0.743,-0.75%,244475
30/09/2013,97.84,98.456,97.495,98.206,-0.024,-0.02%,274523
1/10/2013,98.208,98.719,97.655,97.986,-0.22,-0.22%,295568
2/10/2013,97.986,98.08,97.145,97.346,-0.64,-0.65%,273978
3/10/2013,97.348,97.868,96.931,97.25,-0.096,-0.10%,286148
4/10/2013,97.24,97.476,96.949,97.46,0.21,0.22%,254003
7/10/2013,97.17,97.323,96.665,96.696,-0.764,-0.78%,229340
8/10/2013,96.69,97.245,96.567,96.862,0.166,0.17%,261696
9/10/2013,96.863,97.639,96.818,97.331,0.469,0.48%,265073
10/10/2013,97.329,98.266,97.319,98.15,0.819,0.84%,261501
11/10/2013,98.151,98.588,97.916,98.561,0.411,0.42%,252756
14/10/2013,98.185,98.579,98.09,98.544,-0.017,-0.02%,138365
15/10/2013,98.551,98.696,97.997,98.146,-0.398,-0.40%,239959
16/10/2013,98.104,98.965,98.104,98.757,0.611,0.62%,262505
17/10/2013,98.758,99.001,97.735,97.901,-0.856,-0.87%,269956
18/10/2013,97.9,98.151,97.553,97.73,-0.171,-0.17%,204084
21/10/2013,97.691,98.236,97.691,98.177,0.447,0.46%,151237
22/10/2013,98.183,98.479,97.871,98.123,-0.054,-0.06%,203700
23/10/2013,98.126,98.19,97.155,97.368,-0.755,-0.77%,250361
24/10/2013,97.375,97.611,97.169,97.274,-0.094,-0.10%,222768
25/10/2013,97.272,97.486,96.939,97.393,0.119,0.12%,230047
28/10/2013,97.73,97.784,97.441,97.653,0.26,0.27%,163988
29/10/2013,97.652,98.272,97.458,98.173,0.52,0.53%,209441
30/10/2013,98.179,98.67,98.053,98.502,0.329,0.34%,213160
31/10/2013,98.491,98.565,98.085,98.348,-0.154,-0.16%,238116
1/11/2013,98.34,98.846,97.805,98.635,0.287,0.29%,231435
4/11/2013,98.75,98.84,98.531,98.596,-0.039,-0.04%,143147
5/11/2013,98.592,98.671,98.163,98.487,-0.109,-0.11%,204553
6/11/2013,98.487,98.751,98.404,98.65,0.163,0.17%,192414
7/11/2013,98.65,99.404,97.626,98.078,-0.572,-0.58%,293804
8/11/2013,98.09,99.216,97.976,99.11,1.032,1.05%,269829
11/11/2013,99.212,99.293,98.918,99.143,0.033,0.03%,157420
12/11/2013,99.145,99.794,99.1,99.625,0.482,0.49%,240428
13/11/2013,99.627,99.666,99.101,99.229,-0.396,-0.40%,216693
14/11/2013,99.221,100.145,99.13,100.004,0.775,0.78%,283848
15/11/2013,100.006,100.428,99.938,100.18,0.176,0.18%,221681
18/11/2013,100.257,100.384,99.785,99.982,-0.198,-0.20%,203818
19/11/2013,99.985,100.252,99.565,100.121,0.139,0.14%,243164
20/11/2013,100.115,100.235,99.785,100.016,-0.105,-0.10%,271687
21/11/2013,100.02,101.157,100,101.149,1.133,1.13%,273362
22/11/2013,101.15,101.348,100.948,101.27,0.121,0.12%,229318
25/11/2013,101.28,101.91,101.134,101.664,0.394,0.39%,226749
26/11/2013,101.66,101.71,101.142,101.277,-0.387,-0.38%,223995
27/11/2013,101.279,102.19,101.176,102.142,0.865,0.85%,236382
28/11/2013,102.146,102.369,101.935,102.3,0.158,0.15%,176534
29/11/2013,102.298,102.606,102.111,102.362,0.062,0.06%,236570
2/12/2013,102.49,103.124,102.22,102.927,0.565,0.55%,224804
3/12/2013,102.928,103.372,101.977,102.495,-0.432,-0.42%,285617
4/12/2013,102.499,102.831,101.817,102.342,-0.153,-0.15%,334774
5/12/2013,102.342,102.436,101.624,101.779,-0.563,-0.55%,315110
6/12/2013,101.781,102.959,101.626,102.9,1.121,1.10%,284394
9/12/2013,102.94,103.323,102.879,103.244,0.344,0.33%,245989
10/12/2013,103.25,103.389,102.572,102.83,-0.414,-0.40%,258878
11/12/2013,102.827,102.944,102.159,102.416,-0.414,-0.40%,267789
12/12/2013,102.427,103.428,102.38,103.361,0.945,0.92%,273714
13/12/2013,103.363,103.917,102.987,103.2,-0.161,-0.16%,292962
16/12/2013,103.27,103.287,102.638,103.003,-0.197,-0.19%,237486
17/12/2013,103.001,103.104,102.499,102.647,-0.356,-0.35%,193077
18/12/2013,102.658,104.351,102.557,104.266,1.619,1.58%,302767
19/12/2013,104.277,104.359,103.779,104.226,-0.04,-0.04%,271932
20/12/2013,104.243,104.632,103.855,104.06,-0.166,-0.16%,249906
23/12/2013,103.95,104.117,103.767,104.084,0.024,0.02%,134355
24/12/2013,104.099,104.406,104.089,104.235,0.151,0.15%,134147
26/12/2013,104.358,104.834,104.295,104.782,0.547,0.52%,122530
27/12/2013,104.796,105.178,104.64,105.14,0.358,0.34%,201967
30/12/2013,105.22,105.408,104.975,105.134,-0.006,-0.01%,165370
31/12/2013,105.129,105.34,104.856,105.261,0.127,0.12%,129265
2/01/2014,105.259,105.437,104.541,104.782,-0.479,-0.46%,223365
3/01/2014,104.799,104.872,104.068,104.838,0.056,0.05%,227079
6/01/2014,104.828,104.943,103.911,104.208,-0.63,-0.60%,249206
7/01/2014,104.21,104.729,104.165,104.583,0.375,0.36%,210882
8/01/2014,104.583,105.12,104.581,104.856,0.273,0.26%,233601
9/01/2014,104.846,105.055,104.576,104.815,-0.041,-0.04%,201078
10/01/2014,104.804,105.318,103.829,104.122,-0.693,-0.66%,225870
13/01/2014,103.98,104.122,102.848,102.983,-1.139,-1.09%,223540
14/01/2014,102.973,104.277,102.973,104.201,1.218,1.18%,230554
15/01/2014,104.198,104.689,104.086,104.545,0.344,0.33%,202785
16/01/2014,104.555,104.917,104.148,104.339,-0.206,-0.20%,202234
17/01/2014,104.346,104.47,104.19,104.232,-0.107,-0.10%,175282
20/01/2014,104.12,104.315,103.858,104.166,-0.066,-0.06%,148820
21/01/2014,104.167,104.744,104.024,104.289,0.123,0.12%,201906
22/01/2014,104.291,104.569,103.967,104.505,0.216,0.21%,208109
23/01/2014,104.51,104.837,102.971,103.26,-1.245,-1.19%,282236
24/01/2014,103.257,103.58,101.998,102.25,-1.01,-0.98%,334871
27/01/2014,102.34,102.928,101.768,102.538,0.288,0.28%,316319
28/01/2014,102.535,103.249,102.48,102.931,0.393,0.38%,240583
29/01/2014,102.926,103.436,101.842,102.27,-0.661,-0.64%,326291
30/01/2014,102.25,102.887,102.08,102.709,0.439,0.43%,268148
31/01/2014,102.715,102.93,101.952,102.02,-0.689,-0.67%,276778
3/02/2014,101.97,102.406,100.776,100.967,-1.053,-1.03%,278320
4/02/2014,100.97,101.67,100.754,101.636,0.669,0.66%,294858
5/02/2014,101.634,101.76,100.801,101.432,-0.204,-0.20%,280668
6/02/2014,101.445,102.168,101.241,102.094,0.662,0.65%,239454
7/02/2014,102.09,102.576,101.444,102.36,0.266,0.26%,234325
10/02/2014,102.49,102.639,101.991,102.252,-0.108,-0.11%,166078
11/02/2014,102.25,102.7,102.072,102.622,0.37,0.36%,175133
12/02/2014,102.618,102.676,102.222,102.519,-0.103,-0.10%,191500
13/02/2014,102.516,102.563,101.696,102.157,-0.362,-0.35%,218938
14/02/2014,102.156,102.402,101.568,101.772,-0.385,-0.38%,205782
17/02/2014,101.68,101.985,101.384,101.904,0.132,0.13%,138371
18/02/2014,101.904,102.737,101.757,102.345,0.441,0.43%,219664
19/02/2014,102.35,102.463,101.849,102.298,-0.047,-0.05%,196219
20/02/2014,102.298,102.415,101.668,102.262,-0.036,-0.04%,225251
21/02/2014,102.269,102.823,102.259,102.48,0.218,0.21%,179937
24/02/2014,102.434,102.676,102.162,102.49,0.01,0.01%,175189
25/02/2014,102.495,102.622,102.006,102.227,-0.263,-0.26%,186429
26/02/2014,102.227,102.605,102.102,102.346,0.119,0.12%,207650
27/02/2014,102.354,102.44,101.721,102.116,-0.23,-0.22%,229185
28/02/2014,102.12,102.288,101.552,101.732,-0.384,-0.38%,233101
3/03/2014,101.427,101.643,101.196,101.434,-0.298,-0.29%,225996
4/03/2014,101.437,102.281,101.391,102.198,0.764,0.75%,209413
5/03/2014,102.196,102.546,102.108,102.29,0.092,0.09%,185771
6/03/2014,102.292,103.165,102.265,103.057,0.767,0.75%,203275
7/03/2014,103.058,103.749,102.833,103.274,0.217,0.21%,199972
10/03/2014,102.95,103.403,102.934,103.258,-0.016,-0.02%,178598
11/03/2014,103.262,103.423,102.842,103.006,-0.252,-0.24%,186178
12/03/2014,103,103.096,102.549,102.747,-0.259,-0.25%,194657
13/03/2014,102.753,102.858,101.538,101.834,-0.913,-0.89%,230015
14/03/2014,101.833,101.874,101.206,101.335,-0.499,-0.49%,242780
17/03/2014,101.28,101.868,101.264,101.758,0.423,0.42%,190858
18/03/2014,101.76,101.937,101.274,101.427,-0.331,-0.33%,206434
19/03/2014,101.425,102.676,101.295,102.323,0.896,0.88%,201203
20/03/2014,102.315,102.545,102.202,102.379,0.056,0.05%,205655
21/03/2014,102.381,102.447,102.014,102.233,-0.146,-0.14%,155725
24/03/2014,102.12,102.644,102.101,102.236,0.003,0.00%,192825
25/03/2014,102.238,102.484,102.094,102.251,0.015,0.01%,184915
26/03/2014,102.247,102.463,101.872,102.028,-0.223,-0.22%,177458
27/03/2014,102.026,102.427,101.721,102.173,0.145,0.14%,213219
28/03/2014,102.17,102.973,102.031,102.81,0.637,0.62%,174554
31/03/2014,102.919,103.433,102.788,103.216,0.406,0.39%,180446
1/04/2014,103.22,103.706,103.084,103.641,0.425,0.41%,170844
2/04/2014,103.64,103.929,103.585,103.873,0.232,0.22%,170921
3/04/2014,103.864,104.109,103.806,103.918,0.045,0.04%,167893
4/04/2014,103.92,104.122,103.193,103.319,-0.599,-0.58%,179434
7/04/2014,103.23,103.385,102.993,103.085,-0.234,-0.23%,167094
8/04/2014,103.092,103.112,101.546,101.801,-1.284,-1.25%,224394
9/04/2014,101.81,102.156,101.719,101.987,0.186,0.18%,182718
10/04/2014,101.995,102.131,101.331,101.521,-0.466,-0.46%,217342
11/04/2014,101.52,101.859,101.321,101.592,0.071,0.07%,213056
14/04/2014,101.28,102.004,101.28,101.838,0.246,0.24%,175104
15/04/2014,101.842,101.99,101.495,101.907,0.069,0.07%,193244
16/04/2014,101.907,102.359,101.805,102.225,0.318,0.31%,171589
17/04/2014,102.22,102.462,101.862,102.383,0.158,0.15%,148957
21/04/2014,102.447,102.7,102.385,102.594,0.211,0.21%,91075
22/04/2014,102.592,102.721,102.409,102.608,0.014,0.01%,134235
23/04/2014,102.61,102.687,102.166,102.531,-0.077,-0.08%,155103
24/04/2014,102.531,102.642,102.086,102.307,-0.224,-0.22%,168863
25/04/2014,102.311,102.494,101.96,102.17,-0.137,-0.13%,167543
28/04/2014,102.24,102.618,102.044,102.482,0.312,0.31%,171521
29/04/2014,102.487,102.777,102.463,102.63,0.148,0.14%,136490
30/04/2014,102.633,102.649,102.029,102.227,-0.403,-0.39%,187267
1/05/2014,102.231,102.356,102.127,102.319,0.092,0.09%,125444
2/05/2014,102.31,103.016,102.132,102.2,-0.119,-0.12%,168795
5/05/2014,102.154,102.255,101.859,102.134,-0.066,-0.06%,122973
6/05/2014,102.136,102.183,101.494,101.674,-0.46,-0.45%,152428
7/05/2014,101.678,101.981,101.427,101.892,0.218,0.21%,188327
8/05/2014,101.895,101.952,101.457,101.652,-0.24,-0.24%,180939
9/05/2014,101.645,101.849,101.543,101.81,0.158,0.16%,156125
12/05/2014,101.77,102.181,101.77,102.114,0.304,0.30%,139947
13/05/2014,102.108,102.358,102.058,102.249,0.135,0.13%,162357
14/05/2014,102.251,102.275,101.717,101.883,-0.366,-0.36%,158036
15/05/2014,101.883,102.113,101.31,101.57,-0.313,-0.31%,191059
16/05/2014,101.58,101.67,101.356,101.472,-0.098,-0.10%,170827
19/05/2014,101.56,101.592,101.104,101.49,0.018,0.02%,265059
20/05/2014,101.495,101.596,101.182,101.322,-0.168,-0.17%,338557
21/05/2014,101.324,101.601,100.824,101.358,0.036,0.04%,430830
22/05/2014,101.363,101.812,101.351,101.725,0.367,0.36%,367355
23/05/2014,101.735,102.001,101.59,101.902,0.177,0.17%,328902
26/05/2014,101.983,102.047,101.832,101.925,0.023,0.02%,190333
27/05/2014,101.924,102.137,101.722,101.972,0.047,0.05%,352120
28/05/2014,101.975,102.027,101.637,101.837,-0.135,-0.13%,191839
29/05/2014,101.839,101.857,101.427,101.778,-0.059,-0.06%,180537
30/05/2014,101.781,101.843,101.495,101.722,-0.056,-0.06%,173470
2/06/2014,101.857,102.479,101.747,102.374,0.652,0.64%,184231
3/06/2014,102.369,102.548,102.267,102.502,0.128,0.13%,173379
4/06/2014,102.504,102.791,102.438,102.741,0.239,0.23%,188738
5/06/2014,102.736,102.753,102.339,102.405,-0.336,-0.33%,193530
6/06/2014,102.401,102.607,102.117,102.482,0.077,0.08%,182702
9/06/2014,102.471,102.644,102.372,102.52,0.038,0.04%,151061
10/06/2014,102.522,102.567,102.212,102.344,-0.176,-0.17%,170257
11/06/2014,102.352,102.388,101.86,102.067,-0.277,-0.27%,179744
12/06/2014,102.069,102.138,101.602,101.691,-0.376,-0.37%,188786
13/06/2014,101.685,102.133,101.652,102.03,0.339,0.33%,182451
16/06/2014,101.93,102.067,101.716,101.826,-0.204,-0.20%,157616
17/06/2014,101.821,102.239,101.808,102.14,0.314,0.31%,171432
18/06/2014,102.13,102.322,101.879,101.911,-0.229,-0.22%,181772
19/06/2014,101.912,101.997,101.738,101.93,0.019,0.02%,170577
20/06/2014,101.939,102.192,101.809,102.052,0.122,0.12%,154881
23/06/2014,102.09,102.13,101.813,101.945,-0.107,-0.10%,140139
24/06/2014,101.95,102.164,101.813,101.962,0.017,0.02%,152291
25/06/2014,101.966,101.973,101.622,101.855,-0.107,-0.10%,148078
26/06/2014,101.855,101.86,101.486,101.718,-0.137,-0.13%,151810
27/06/2014,101.713,101.725,101.319,101.372,-0.346,-0.34%,144809
30/06/2014,101.379,101.468,101.233,101.318,-0.054,-0.05%,133194
1/07/2014,101.321,101.59,101.284,101.517,0.199,0.20%,154035
2/07/2014,101.516,101.84,101.405,101.77,0.253,0.25%,147051
3/07/2014,101.772,102.262,101.755,102.183,0.413,0.41%,165383
4/07/2014,102.18,102.216,101.967,102.067,-0.116,-0.11%,111494
7/07/2014,102.023,102.198,101.781,101.852,-0.215,-0.21%,130919
8/07/2014,101.85,101.892,101.483,101.561,-0.291,-0.29%,146007
9/07/2014,101.566,101.848,101.443,101.632,0.071,0.07%,150013
10/07/2014,101.62,101.655,101.065,101.332,-0.3,-0.30%,182744
11/07/2014,101.329,101.384,101.213,101.358,0.026,0.03%,159330
14/07/2014,101.35,101.619,101.327,101.528,0.17,0.17%,136281
15/07/2014,101.529,101.744,101.434,101.676,0.148,0.15%,174025
16/07/2014,101.66,101.788,101.631,101.666,-0.01,-0.01%,159454
17/07/2014,101.665,101.69,101.135,101.165,-0.501,-0.49%,189689
18/07/2014,101.169,101.445,101.083,101.35,0.185,0.18%,181698
21/07/2014,101.29,101.392,101.191,101.388,0.038,0.04%,131691
22/07/2014,101.391,101.598,101.331,101.451,0.063,0.06%,143655
23/07/2014,101.454,101.544,101.312,101.474,0.023,0.02%,133817
24/07/2014,101.47,101.855,101.412,101.801,0.327,0.32%,148964
25/07/2014,101.808,101.936,101.711,101.822,0.021,0.02%,152892
28/07/2014,101.787,101.904,101.745,101.851,0.029,0.03%,151142
29/07/2014,101.849,102.155,101.816,102.112,0.261,0.26%,182958
30/07/2014,102.111,103.077,102.032,102.784,0.672,0.66%,221239
31/07/2014,102.777,103.003,102.715,102.787,0.003,0.00%,210167
1/08/2014,102.796,103.008,102.337,102.6,-0.187,-0.18%,232736
4/08/2014,102.53,102.725,102.404,102.559,-0.041,-0.04%,164078
5/08/2014,102.559,102.919,102.455,102.585,0.026,0.03%,190558
6/08/2014,102.59,102.635,101.788,102.091,-0.494,-0.48%,208716
7/08/2014,102.088,102.457,101.992,102.085,-0.006,-0.01%,205415
8/08/2014,102.086,102.105,101.508,102.03,-0.055,-0.05%,168617
11/08/2014,102.11,102.22,102.017,102.182,0.152,0.15%,150803
12/08/2014,102.181,102.359,102.087,102.253,0.071,0.07%,159437
13/08/2014,102.259,102.54,102.22,102.41,0.157,0.15%,166240
14/08/2014,102.414,102.651,102.309,102.443,0.033,0.03%,160264
15/08/2014,102.44,102.713,102.14,102.339,-0.104,-0.10%,185686
18/08/2014,102.27,102.592,102.242,102.56,0.221,0.22%,142972
19/08/2014,102.565,102.923,102.513,102.905,0.345,0.34%,149595
20/08/2014,102.904,103.845,102.884,103.751,0.846,0.82%,209783
21/08/2014,103.75,103.956,103.599,103.839,0.088,0.08%,185285
22/08/2014,103.841,104.184,103.499,103.902,0.063,0.06%,200357
25/08/2014,104.01,104.058,103.858,104.047,0.145,0.14%,75312
26/08/2014,104.044,104.168,103.745,104.053,0.006,0.01%,181727
27/08/2014,104.053,104.158,103.777,103.867,-0.186,-0.18%,178660
28/08/2014,103.869,103.916,103.553,103.711,-0.156,-0.15%,189893
29/08/2014,103.711,104.103,103.651,104.002,0.291,0.28%,180265
1/09/2014,104.11,104.344,104.096,104.341,0.339,0.33%,121694
2/09/2014,104.343,105.211,104.293,105.086,0.745,0.71%,213930
3/09/2014,105.088,105.304,104.734,104.781,-0.305,-0.29%,210090
4/09/2014,104.78,105.361,104.754,105.262,0.481,0.46%,224393
5/09/2014,105.257,105.703,104.682,105.032,-0.23,-0.22%,240281
8/09/2014,104.93,106.083,104.928,106.021,0.989,0.94%,223196
9/09/2014,106.026,106.468,105.939,106.194,0.173,0.16%,258193
10/09/2014,106.187,106.882,106.036,106.839,0.645,0.61%,269532
11/09/2014,106.857,107.192,106.637,107.099,0.26,0.24%,268239
12/09/2014,107.099,107.39,106.962,107.302,0.203,0.19%,249548
15/09/2014,107.16,107.36,107.007,107.18,-0.122,-0.11%,185446
16/09/2014,107.179,107.328,106.809,107.122,-0.058,-0.05%,247192
17/09/2014,107.119,108.382,107.09,108.364,1.242,1.16%,245904
18/09/2014,108.364,108.956,108.31,108.679,0.315,0.29%,253752
19/09/2014,108.67,109.452,108.594,109.03,0.351,0.32%,282796
22/09/2014,108.96,109.191,108.66,108.831,-0.199,-0.18%,238231
23/09/2014,108.836,108.988,108.252,108.881,0.05,0.05%,235313
24/09/2014,108.884,109.146,108.458,109.036,0.155,0.14%,241519
25/09/2014,109.036,109.366,108.519,108.745,-0.291,-0.27%,268787
26/09/2014,108.742,109.526,108.475,109.242,0.497,0.46%,254148
29/09/2014,109.21,109.742,109.129,109.487,0.245,0.22%,268234
30/09/2014,109.492,109.844,109.184,109.636,0.149,0.14%,265053
1/10/2014,109.604,110.082,108.862,108.885,-0.751,-0.68%,299062
2/10/2014,108.889,109.112,108.007,108.415,-0.47,-0.43%,323801
3/10/2014,108.417,109.9,108.347,109.777,1.362,1.26%,256241
6/10/2014,109.677,109.847,108.649,108.773,-1.004,-0.91%,243592
7/10/2014,108.776,109.226,107.815,108.019,-0.754,-0.69%,329684
8/10/2014,108.019,108.737,107.749,108.072,0.053,0.05%,320404
9/10/2014,108.07,108.312,107.527,107.831,-0.241,-0.22%,350978
10/10/2014,107.82,108.15,107.62,107.65,-0.181,-0.17%,309164
13/10/2014,107.5,107.588,106.776,106.83,-0.82,-0.76%,284956
14/10/2014,106.83,107.307,106.671,107.045,0.215,0.20%,330624
15/10/2014,107.042,107.493,105.207,105.909,-1.136,-1.06%,392292
16/10/2014,105.915,106.457,105.504,106.326,0.417,0.39%,400062
17/10/2014,106.326,106.938,106.13,106.9,0.574,0.54%,313516
20/10/2014,107.18,107.388,106.781,106.94,0.04,0.04%,265910
21/10/2014,106.94,107.012,106.249,106.99,0.05,0.05%,260015
22/10/2014,106.992,107.372,106.787,107.136,0.146,0.14%,262774
23/10/2014,107.132,108.349,107.099,108.26,1.124,1.05%,267434
24/10/2014,108.26,108.304,107.784,108.132,-0.128,-0.12%,233244
27/10/2014,108.31,108.349,107.601,107.81,-0.322,-0.30%,233514
28/10/2014,107.814,108.181,107.693,108.149,0.339,0.31%,233502
29/10/2014,108.157,108.958,107.94,108.884,0.735,0.68%,233260
30/10/2014,108.886,109.46,108.743,109.208,0.324,0.30%,290790
31/10/2014,109.211,112.468,109.171,112.31,3.102,2.84%,394124
3/11/2014,112.798,114.207,112.568,114.034,1.724,1.54%,295506
4/11/2014,114.032,114.035,113.172,113.593,-0.441,-0.39%,309014
5/11/2014,113.58,114.831,113.408,114.637,1.044,0.92%,342938
6/11/2014,114.637,115.508,114.06,115.204,0.567,0.49%,374429
7/11/2014,115.208,115.54,114.25,114.563,-0.641,-0.56%,351816
10/11/2014,114.36,114.904,113.859,114.851,0.288,0.25%,287377
11/11/2014,114.845,116.096,114.634,115.765,0.914,0.80%,339244
12/11/2014,115.763,116.003,114.89,115.48,-0.285,-0.25%,387144
13/11/2014,115.476,115.875,115.309,115.76,0.28,0.24%,318827
14/11/2014,115.761,116.817,115.726,116.263,0.503,0.43%,335577
17/11/2014,116.427,117.045,115.457,116.638,0.375,0.32%,331723
18/11/2014,116.639,117.039,116.336,116.846,0.208,0.18%,302795
19/11/2014,116.848,118.059,116.809,117.958,1.112,0.95%,324183
20/11/2014,117.95,118.973,117.74,118.199,0.241,0.20%,348484
21/11/2014,118.195,118.362,117.354,117.823,-0.376,-0.32%,362715
24/11/2014,117.96,118.477,117.577,118.263,0.44,0.37%,235255
25/11/2014,118.268,118.567,117.688,117.965,-0.298,-0.25%,305198
26/11/2014,117.971,117.971,117.436,117.723,-0.242,-0.21%,266025
27/11/2014,117.718,117.879,117.232,117.691,-0.032,-0.03%,194015
28/11/2014,117.688,118.764,117.687,118.66,0.969,0.82%,249706
1/12/2014,118.63,119.125,117.865,118.39,-0.27,-0.23%,314359
2/12/2014,118.387,119.282,118.217,119.203,0.813,0.69%,274989
3/12/2014,119.203,119.858,119.125,119.785,0.582,0.49%,272604
4/12/2014,119.78,120.245,119.337,119.776,-0.009,-0.01%,302129
5/12/2014,119.776,121.68,119.698,121.48,1.704,1.42%,305957
8/12/2014,121.64,121.839,120.203,120.677,-0.803,-0.66%,304550
9/12/2014,120.673,120.997,117.944,119.687,-0.99,-0.82%,409829
10/12/2014,119.69,119.911,117.707,117.808,-1.879,-1.57%,429931
11/12/2014,117.81,119.55,117.438,118.638,0.83,0.70%,392842
12/12/2014,118.64,119.197,118.052,118.733,0.095,0.08%,373136
15/12/2014,118.55,119.05,117.559,117.81,-0.923,-0.78%,406467
16/12/2014,117.804,118,115.566,116.393,-1.417,-1.20%,461517
17/12/2014,116.404,118.895,116.29,118.633,2.24,1.92%,426101
18/12/2014,118.637,119.304,118.256,118.826,0.193,0.16%,361099
19/12/2014,118.829,119.619,118.815,119.483,0.657,0.55%,329685
22/12/2014,119.565,120.082,119.308,120.038,0.555,0.46%,233764
23/12/2014,120.042,120.82,119.966,120.678,0.64,0.53%,210331
24/12/2014,120.68,120.754,120.273,120.469,-0.209,-0.17%,184513
26/12/2014,120.073,120.453,120.07,120.353,-0.116,-0.10%,85359
29/12/2014,120.345,120.726,120.167,120.657,0.304,0.25%,218535
30/12/2014,120.658,120.679,118.862,119.46,-1.197,-0.99%,265541
31/12/2014,119.455,119.929,119.242,119.666,0.206,0.17%,169491
2/01/2015,119.74,120.737,119.687,120.353,0.687,0.57%,229497
5/01/2015,120.352,120.642,119.381,119.63,-0.723,-0.60%,352092
6/01/2015,119.624,119.631,118.053,118.375,-1.255,-1.05%,435157
7/01/2015,118.367,119.642,118.367,119.242,0.867,0.73%,412713
8/01/2015,119.246,119.957,119.156,119.658,0.416,0.35%,342508
9/01/2015,119.65,119.868,118.417,118.433,-1.225,-1.02%,379664
12/01/2015,118.264,119.313,118.098,118.34,-0.093,-0.08%,344851
13/01/2015,118.35,118.843,117.538,117.921,-0.419,-0.35%,422554
14/01/2015,117.922,117.956,116.082,117.319,-0.602,-0.51%,478236
15/01/2015,117.322,117.937,116.146,116.149,-1.17,-1.00%,506172
16/01/2015,116.143,117.745,115.848,117.54,1.391,1.20%,332053
19/01/2015,117.34,117.78,116.919,117.553,0.013,0.01%,273680
20/01/2015,117.552,118.862,117.548,118.802,1.249,1.06%,377606
21/01/2015,118.799,118.816,117.18,117.95,-0.852,-0.72%,389996
22/01/2015,117.952,118.66,117.25,118.481,0.531,0.45%,373808
23/01/2015,118.48,118.809,117.541,117.75,-0.731,-0.62%,374468
26/01/2015,117.568,118.495,117.261,118.448,0.698,0.59%,305880
27/01/2015,118.444,118.653,117.336,117.86,-0.588,-0.50%,349694
28/01/2015,117.85,118.253,117.262,117.514,-0.346,-0.29%,358795
29/01/2015,117.53,118.485,117.381,118.273,0.759,0.65%,365217
30/01/2015,118.275,118.455,117.298,117.473,-0.8,-0.68%,350569
2/02/2015,117.055,117.871,116.791,117.58,0.107,0.09%,323679
3/02/2015,117.577,117.739,116.873,117.555,-0.025,-0.02%,350296
4/02/2015,117.554,117.993,117.071,117.257,-0.298,-0.25%,331518
5/02/2015,117.269,117.592,117.018,117.514,0.257,0.22%,304639
6/02/2015,117.515,119.216,117.161,119.113,1.599,1.36%,295926
9/02/2015,119.02,119.092,118.329,118.626,-0.487,-0.41%,279494
10/02/2015,118.628,119.611,118.396,119.417,0.791,0.67%,292122
11/02/2015,119.412,120.471,119.282,120.434,1.017,0.85%,284747
12/02/2015,120.446,120.455,118.511,119.1,-1.334,-1.11%,372237
13/02/2015,119.1,119.193,118.411,118.743,-0.357,-0.30%,291104
16/02/2015,118.22,118.772,118.22,118.467,-0.276,-0.23%,199990
17/02/2015,118.465,119.41,118.231,119.23,0.763,0.64%,260798
18/02/2015,119.223,119.41,118.54,118.779,-0.451,-0.38%,287462
19/02/2015,118.776,119.177,118.435,118.935,0.156,0.13%,264944
20/02/2015,118.934,119.184,118.299,119,0.065,0.05%,281666
23/02/2015,119.04,119.347,118.734,118.809,-0.191,-0.16%,222442
24/02/2015,118.812,119.832,118.763,118.959,0.15,0.13%,272713
25/02/2015,118.956,119.061,118.622,118.851,-0.108,-0.09%,255153
26/02/2015,118.851,119.499,118.677,119.405,0.554,0.47%,267273
27/02/2015,119.404,119.792,119.112,119.6,0.195,0.16%,279401
2/03/2015,119.75,120.185,119.637,120.12,0.52,0.43%,220861
3/03/2015,120.116,120.261,119.38,119.718,-0.402,-0.33%,272707
4/03/2015,119.718,119.82,119.467,119.655,-0.063,-0.05%,254890
5/03/2015,119.646,120.391,119.622,120.123,0.468,0.39%,269630
6/03/2015,120.123,121.277,119.893,120.786,0.663,0.55%,293029
9/03/2015,120.77,121.408,120.608,121.143,0.357,0.30%,266449
10/03/2015,121.143,122.015,120.917,121.121,-0.022,-0.02%,354208
11/03/2015,121.11,121.621,120.849,121.438,0.317,0.26%,348051
12/03/2015,121.44,121.663,120.66,121.279,-0.159,-0.13%,324281
13/03/2015,121.278,121.568,121.131,121.341,0.062,0.05%,284300
16/03/2015,121.38,121.452,121.09,121.325,-0.016,-0.01%,231367
17/03/2015,121.321,121.512,121.11,121.358,0.033,0.03%,236031
18/03/2015,121.36,121.404,119.316,120.099,-1.259,-1.04%,292088
19/03/2015,120.101,121.029,119.674,120.775,0.676,0.56%,349375
20/03/2015,120.753,121.195,119.896,120.019,-0.756,-0.63%,281437
23/03/2015,119.84,120.162,119.587,119.717,-0.302,-0.25%,266491
24/03/2015,119.721,119.979,119.22,119.741,0.024,0.02%,274337
25/03/2015,119.743,119.82,119.238,119.478,-0.263,-0.22%,252120
26/03/2015,119.477,119.569,118.327,119.174,-0.304,-0.25%,311269
27/03/2015,119.178,119.489,118.935,119.096,-0.078,-0.07%,288785
30/03/2015,119.2,120.222,119.111,120.062,0.966,0.81%,243596
31/03/2015,120.063,120.36,119.777,120.121,0.059,0.05%,273509
1/04/2015,120.122,120.325,119.415,119.748,-0.373,-0.31%,303083
2/04/2015,119.75,119.889,119.447,119.705,-0.043,-0.04%,244792
6/04/2015,118.55,119.674,118.55,119.526,-0.179,-0.15%,165586
7/04/2015,119.532,120.442,119.434,120.254,0.728,0.61%,232775
8/04/2015,120.23,120.347,119.638,120.123,-0.131,-0.11%,262685
9/04/2015,120.11,120.734,119.855,120.565,0.442,0.37%,227761
10/04/2015,120.57,120.62,120.053,120.19,-0.375,-0.31%,231013
13/04/2015,120.16,120.839,119.709,120.116,-0.074,-0.06%,237498
14/04/2015,120.127,120.169,119.068,119.388,-0.728,-0.61%,271140
15/04/2015,119.384,119.741,118.786,119.132,-0.256,-0.21%,261691
16/04/2015,119.126,119.465,118.792,118.992,-0.14,-0.12%,274987
17/04/2015,118.991,119.257,118.565,118.837,-0.155,-0.13%,272259
20/04/2015,118.77,119.432,118.53,119.153,0.316,0.27%,232255
21/04/2015,119.157,119.83,119.153,119.651,0.498,0.42%,256626
22/04/2015,119.65,119.957,119.344,119.898,0.247,0.21%,260702
23/04/2015,119.893,120.088,119.423,119.573,-0.325,-0.27%,282528
24/04/2015,119.578,119.654,118.824,118.913,-0.66,-0.55%,270754
27/04/2015,118.844,119.43,118.77,119.026,0.113,0.10%,244693
28/04/2015,119.03,119.193,118.772,118.85,-0.176,-0.15%,263712
29/04/2015,118.859,119.356,118.605,119.009,0.159,0.13%,285529
30/04/2015,118.997,119.888,118.492,119.364,0.355,0.30%,331630
1/05/2015,119.367,120.285,119.357,120.152,0.788,0.66%,228366
4/05/2015,120.11,120.271,119.988,120.106,-0.046,-0.04%,196580
5/05/2015,120.097,120.5,119.727,119.846,-0.26,-0.22%,241227
6/05/2015,119.83,120.042,119.212,119.458,-0.388,-0.32%,258994
7/05/2015,119.45,119.857,119.057,119.728,0.27,0.23%,267158
8/05/2015,119.729,120.227,119.59,119.75,0.022,0.02%,272816
11/05/2015,119.54,120.148,119.54,120.067,0.317,0.26%,216420
12/05/2015,120.074,120.272,119.788,119.852,-0.215,-0.18%,253428
13/05/2015,119.85,119.996,119.029,119.138,-0.714,-0.60%,252074
14/05/2015,119.139,119.334,118.884,119.157,0.019,0.02%,255196
15/05/2015,119.154,119.924,119.136,119.253,0.096,0.08%,255624
18/05/2015,119.282,120.032,119.232,119.969,0.716,0.60%,217097
19/05/2015,119.97,120.735,119.83,120.683,0.714,0.60%,245012
20/05/2015,120.69,121.47,120.579,121.322,0.639,0.53%,284291
21/05/2015,121.31,121.372,120.846,121.012,-0.31,-0.26%,253899
22/05/2015,121.016,121.568,120.636,121.51,0.498,0.41%,239984
25/05/2015,121.47,121.773,121.441,121.543,0.033,0.03%,115027
26/05/2015,121.544,123.317,121.487,123.085,1.542,1.27%,228309
27/05/2015,123.059,124.068,122.775,123.636,0.551,0.45%,235806
28/05/2015,123.628,124.45,123.491,123.943,0.307,0.25%,249682
29/05/2015,123.943,124.181,123.603,124.129,0.186,0.15%,219638
1/06/2015,124.06,124.912,123.862,124.773,0.644,0.52%,185726
2/06/2015,124.771,125.044,123.749,124.1,-0.673,-0.54%,233201
3/06/2015,124.112,124.676,123.79,124.231,0.131,0.11%,204251
4/06/2015,124.24,124.677,123.778,124.353,0.122,0.10%,208921
5/06/2015,124.345,125.852,124.327,125.59,1.237,0.99%,200892
8/06/2015,125.55,125.674,124.294,124.473,-1.117,-0.89%,198656
9/06/2015,124.473,124.733,123.858,124.334,-0.139,-0.11%,211962
10/06/2015,124.329,124.618,122.456,122.67,-1.664,-1.34%,274210
11/06/2015,122.678,124.11,122.623,123.405,0.735,0.60%,214851
12/06/2015,123.395,123.812,123.138,123.409,0.004,0.00%,189291
15/06/2015,123.317,123.655,123.113,123.402,-0.007,-0.01%,170670
16/06/2015,123.39,123.79,123.287,123.347,-0.055,-0.04%,159611
17/06/2015,123.345,124.431,123.207,123.417,0.07,0.06%,190474
18/06/2015,123.41,123.601,122.475,122.951,-0.466,-0.38%,193344
19/06/2015,122.952,123.211,122.556,122.66,-0.291,-0.24%,173290
22/06/2015,123.023,123.415,122.556,123.356,0.696,0.57%,165941
23/06/2015,123.343,124.182,123.335,123.93,0.574,0.47%,173061
24/06/2015,123.935,124.369,123.714,123.841,-0.089,-0.07%,179454
25/06/2015,123.837,123.953,123.316,123.618,-0.223,-0.18%,171960
26/06/2015,123.62,123.983,123.222,123.89,0.272,0.22%,164500
29/06/2015,122.608,123.187,122.107,122.539,-1.351,-1.09%,271495
30/06/2015,122.529,122.721,121.941,122.487,-0.052,-0.04%,237276
1/07/2015,122.49,123.233,122.348,123.164,0.677,0.55%,190873
2/07/2015,123.163,123.711,122.953,123.048,-0.116,-0.09%,190358
3/07/2015,123.039,123.179,122.594,122.796,-0.252,-0.20%,156938
6/07/2015,121.801,122.922,121.796,122.561,-0.235,-0.19%,218879
7/07/2015,122.56,122.876,122.009,122.525,-0.036,-0.03%,212215
8/07/2015,122.516,122.564,120.412,120.696,-1.829,-1.49%,281568
9/07/2015,120.69,121.57,120.464,121.323,0.627,0.52%,234573
10/07/2015,121.327,122.874,121.271,122.769,1.446,1.19%,229934
13/07/2015,122.267,123.531,122.138,123.422,0.653,0.53%,205933
14/07/2015,123.422,123.728,122.919,123.379,-0.043,-0.03%,187975
15/07/2015,123.38,123.966,123.257,123.758,0.379,0.31%,184414
16/07/2015,123.742,124.175,123.724,124.141,0.383,0.31%,183260
17/07/2015,124.142,124.227,123.911,124.047,-0.094,-0.08%,153931
20/07/2015,123.87,124.374,123.87,124.265,0.218,0.18%,135847
21/07/2015,124.276,124.472,123.76,123.88,-0.385,-0.31%,175018
22/07/2015,123.878,124.146,123.563,123.95,0.07,0.06%,171134
23/07/2015,123.958,124.183,123.674,123.91,-0.04,-0.03%,175057
24/07/2015,123.916,124.09,123.593,123.799,-0.111,-0.09%,166349
27/07/2015,123.6,123.832,123.004,123.236,-0.563,-0.45%,184102
28/07/2015,123.235,123.791,123.071,123.55,0.314,0.25%,180417
29/07/2015,123.554,124.016,123.325,123.922,0.372,0.30%,181421
30/07/2015,123.92,124.575,123.867,124.133,0.211,0.17%,184857
31/07/2015,124.135,124.37,123.517,123.88,-0.253,-0.20%,182040
3/08/2015,123.926,124.268,123.851,124.024,0.144,0.12%,171012
4/08/2015,124.025,124.394,123.798,124.369,0.345,0.28%,190578
5/08/2015,124.377,125.009,124.015,124.849,0.48,0.39%,202007
6/08/2015,124.848,124.958,124.539,124.728,-0.121,-0.10%,180046
7/08/2015,124.725,125.057,124.103,124.19,-0.538,-0.43%,184631
10/08/2015,124.14,124.779,124.112,124.619,0.429,0.35%,165705
11/08/2015,124.607,125.201,124.514,125.114,0.495,0.40%,214684
12/08/2015,125.1,125.274,123.789,124.203,-0.911,-0.73%,235801
13/08/2015,124.205,124.624,124.066,124.419,0.216,0.17%,193386
14/08/2015,124.432,124.529,124.05,124.32,-0.099,-0.08%,171724
17/08/2015,124.13,124.57,124.13,124.377,0.057,0.05%,154172
18/08/2015,124.37,124.507,124.181,124.399,0.022,0.02%,157404
19/08/2015,124.392,124.466,123.686,123.791,-0.608,-0.49%,187419
20/08/2015,123.782,124.151,123.329,123.401,-0.39,-0.32%,201944
21/08/2015,123.406,123.49,121.811,121.988,-1.413,-1.15%,258235
24/08/2015,121.67,122.017,116.165,118.398,-3.59,-2.94%,431417
25/08/2015,118.39,120.389,118.247,118.83,0.432,0.36%,404133
26/08/2015,118.8,120.009,118.446,119.904,1.074,0.90%,376562
27/08/2015,119.919,121.392,119.789,121.015,1.111,0.93%,305786
28/08/2015,121.01,121.734,120.649,121.71,0.695,0.57%,245409
31/08/2015,121.61,121.706,120.864,121.214,-0.496,-0.41%,232786
1/09/2015,121.21,121.258,119.249,119.366,-1.848,-1.52%,298695
2/09/2015,119.34,120.451,119.215,120.317,0.951,0.80%,279827
3/09/2015,120.32,120.693,119.639,120.055,-0.262,-0.22%,236659
4/09/2015,120.054,120.18,118.632,118.896,-1.159,-0.97%,283296
7/09/2015,118.88,119.583,118.797,119.265,0.369,0.31%,194870
8/09/2015,119.266,120.219,118.851,119.801,0.536,0.45%,245037
9/09/2015,119.8,121.192,119.79,120.51,0.709,0.59%,265840
10/09/2015,120.509,121.314,119.975,120.611,0.101,0.08%,298789
11/09/2015,120.611,120.961,120.362,120.59,-0.021,-0.02%,220663
14/09/2015,120.441,120.837,119.847,120.225,-0.365,-0.30%,221711
15/09/2015,120.217,120.648,119.399,120.405,0.18,0.15%,247736
16/09/2015,120.4,120.723,120.106,120.553,0.148,0.12%,216677
17/09/2015,120.555,120.984,119.792,120.017,-0.536,-0.44%,253239
18/09/2015,120.02,120.4,119.055,119.923,-0.094,-0.08%,278363
21/09/2015,119.91,120.653,119.723,120.547,0.624,0.52%,218396
22/09/2015,120.54,120.605,119.692,120.144,-0.403,-0.33%,232588
23/09/2015,120.147,120.539,119.622,120.265,0.121,0.10%,243189
24/09/2015,120.267,120.385,119.221,120.049,-0.216,-0.18%,272237
25/09/2015,120.037,121.229,120.016,120.562,0.513,0.43%,287115
28/09/2015,120.587,120.598,119.689,119.91,-0.652,-0.54%,255344
29/09/2015,119.89,120.151,119.243,119.727,-0.183,-0.15%,279071
30/09/2015,119.72,120.344,119.551,119.866,0.139,0.12%,250384
1/10/2015,119.86,120.272,119.518,119.911,0.045,0.04%,261980
2/10/2015,119.91,120.402,118.686,119.877,-0.034,-0.03%,295588
5/10/2015,119.91,120.547,119.864,120.429,0.552,0.46%,248723
6/10/2015,120.43,120.564,120.106,120.217,-0.212,-0.18%,237607
7/10/2015,120.19,120.356,119.747,120,-0.217,-0.18%,257723
8/10/2015,120.001,120.103,119.626,119.897,-0.103,-0.09%,222724
9/10/2015,119.9,120.344,119.834,120.22,0.323,0.27%,166742
12/10/2015,120.21,120.218,119.886,120.017,-0.203,-0.17%,140408
13/10/2015,119.99,120.074,119.547,119.72,-0.297,-0.25%,192969
14/10/2015,119.72,119.798,118.636,118.815,-0.905,-0.76%,205548
15/10/2015,118.81,119.164,118.059,118.883,0.068,0.06%,209198
16/10/2015,118.891,119.658,118.832,119.424,0.541,0.46%,170376
19/10/2015,119.313,119.604,119.136,119.474,0.05,0.04%,153370
20/10/2015,119.46,119.959,119.408,119.824,0.35,0.29%,137759
21/10/2015,119.83,120.089,119.753,119.905,0.081,0.07%,140729
22/10/2015,119.9,120.762,119.611,120.667,0.762,0.64%,158423
23/10/2015,120.66,121.474,120.224,121.434,0.767,0.64%,200284
26/10/2015,121.382,121.493,120.609,121.081,-0.353,-0.29%,147346
27/10/2015,121.087,121.087,120.161,120.432,-0.649,-0.54%,159998
28/10/2015,120.44,121.256,120.11,121.084,0.652,0.54%,164536
29/10/2015,121.095,121.18,120.586,121.112,0.028,0.02%,171478
30/10/2015,121.12,121.478,120.28,120.605,-0.507,-0.42%,218028
2/11/2015,120.27,120.808,120.255,120.739,0.134,0.11%,133026
3/11/2015,120.73,121.228,120.59,121.054,0.315,0.26%,121256
4/11/2015,121.055,121.678,120.995,121.548,0.494,0.41%,170190
5/11/2015,121.54,121.999,121.386,121.738,0.19,0.16%,167500
6/11/2015,121.741,123.264,121.623,123.116,1.378,1.13%,168035
9/11/2015,123.238,123.601,122.975,123.156,0.04,0.03%,149130
10/11/2015,123.16,123.434,123.017,123.138,-0.018,-0.01%,156673
11/11/2015,123.139,123.223,122.739,122.841,-0.297,-0.24%,142937
12/11/2015,122.84,123.07,122.553,122.586,-0.255,-0.21%,169759
13/11/2015,122.57,122.986,122.462,122.573,-0.013,-0.01%,160091
16/11/2015,122.264,123.276,122.2,123.168,0.595,0.49%,159241
17/11/2015,123.165,123.487,123.161,123.43,0.262,0.21%,151532
18/11/2015,123.426,123.741,123.215,123.62,0.19,0.15%,138936
19/11/2015,123.6,123.628,122.622,122.857,-0.763,-0.62%,163942
20/11/2015,122.857,123.049,122.724,122.772,-0.085,-0.07%,143201
23/11/2015,122.794,123.255,122.761,122.819,0.047,0.04%,123852
24/11/2015,122.81,122.958,122.306,122.529,-0.29,-0.24%,147627
25/11/2015,122.51,122.931,122.253,122.714,0.185,0.15%,149949
26/11/2015,122.683,122.733,122.496,122.556,-0.158,-0.13%,112243
27/11/2015,122.629,122.874,122.303,122.739,0.183,0.15%,119317
30/11/2015,122.811,123.337,122.682,123.093,0.354,0.29%,130773
1/12/2015,123.083,123.271,122.64,122.862,-0.231,-0.19%,145401
2/12/2015,122.796,123.667,122.796,123.233,0.371,0.30%,143787
3/12/2015,123.23,123.559,122.297,122.564,-0.669,-0.54%,197373
4/12/2015,122.599,123.369,122.474,123.086,0.522,0.43%,183947
7/12/2015,123.121,123.472,123.121,123.364,0.278,0.23%,137499
8/12/2015,123.36,123.389,122.714,122.917,-0.447,-0.36%,152367
9/12/2015,122.915,123.042,121.072,121.428,-1.489,-1.21%,181080
10/12/2015,121.44,121.863,121.245,121.535,0.107,0.09%,162672
11/12/2015,121.54,122.229,120.581,120.969,-0.566,-0.47%,185153
14/12/2015,121.07,121.351,120.342,121.024,0.055,0.05%,196148
15/12/2015,121.033,121.79,120.572,121.637,0.613,0.51%,163275
16/12/2015,121.611,122.422,121.392,122.201,0.564,0.46%,184828
17/12/2015,122.227,122.87,122.182,122.548,0.347,0.28%,164922
18/12/2015,122.54,123.538,121.057,121.126,-1.422,-1.16%,223513
21/12/2015,121.11,121.502,120.858,121.164,0.038,0.03%,152259
22/12/2015,121.176,121.304,120.722,121.054,-0.11,-0.09%,141139
23/12/2015,121.05,121.131,120.806,120.904,-0.15,-0.12%,107520
24/12/2015,120.903,120.975,120.245,120.361,-0.543,-0.45%,104646
28/12/2015,120.243,120.627,120.111,120.389,0.028,0.02%,102758
29/12/2015,120.38,120.503,120.227,120.448,0.059,0.05%,107619
30/12/2015,120.456,120.651,120.344,120.506,0.058,0.05%,99318
31/12/2015,120.498,120.577,119.998,120.176,-0.33,-0.27%,95722
4/01/2016,120.102,120.461,118.703,119.43,-0.746,-0.62%,189133
5/01/2016,119.44,119.694,118.794,119.047,-0.383,-0.32%,177081
6/01/2016,119.052,119.161,118.25,118.461,-0.586,-0.49%,209959
7/01/2016,118.458,118.75,117.329,117.651,-0.81,-0.68%,240178
8/01/2016,117.64,118.769,117.216,117.228,-0.423,-0.36%,239453
11/01/2016,117.17,118.019,116.693,117.744,0.516,0.44%,215000
12/01/2016,117.74,118.059,117.228,117.628,-0.116,-0.10%,215433
13/01/2016,117.636,118.376,117.63,117.66,0.032,0.03%,204202
14/01/2016,117.675,118.276,117.293,118.046,0.386,0.33%,233320
15/01/2016,118.035,118.269,116.503,116.962,-1.084,-0.92%,251628
18/01/2016,116.755,117.436,116.571,117.285,0.323,0.28%,152225
19/01/2016,117.29,118.11,117.232,117.613,0.328,0.28%,210838
20/01/2016,117.61,117.674,115.975,116.925,-0.688,-0.58%,266732
21/01/2016,116.91,117.808,116.463,117.682,0.757,0.65%,286857
22/01/2016,117.68,118.867,117.538,118.757,1.075,0.91%,218991
25/01/2016,118.62,118.852,118.171,118.282,-0.475,-0.40%,189808
26/01/2016,118.29,118.617,117.657,118.403,0.121,0.10%,190558
27/01/2016,118.41,119.063,118.034,118.652,0.249,0.21%,193344
28/01/2016,118.66,118.989,118.408,118.805,0.153,0.13%,197491
29/01/2016,118.797,121.676,118.523,121.113,2.308,1.94%,270191
1/02/2016,121.2,121.481,120.682,120.967,-0.146,-0.12%,183883
2/02/2016,120.98,121.03,119.839,119.955,-1.012,-0.84%,196712
3/02/2016,119.926,120.041,117.05,117.874,-2.081,-1.73%,274632
4/02/2016,117.87,118.234,116.525,116.764,-1.11,-0.94%,264379
5/02/2016,116.76,117.414,116.415,116.799,0.035,0.03%,231922
8/02/2016,116.8,117.521,115.259,115.832,-0.967,-0.83%,237015
9/02/2016,115.832,115.841,114.213,115.099,-0.733,-0.63%,312495
10/02/2016,115.1,115.254,113.131,113.322,-1.777,-1.54%,330958
11/02/2016,113.318,113.589,110.986,112.404,-0.918,-0.81%,350262
12/02/2016,112.4,113.537,111.67,113.2,0.796,0.71%,318705
15/02/2016,113.37,114.721,113.273,114.57,1.37,1.21%,199203
16/02/2016,114.572,114.872,113.623,114.041,-0.529,-0.46%,237476
17/02/2016,114.076,114.475,113.373,114.073,0.032,0.03%,225516
18/02/2016,114.08,114.317,113.139,113.221,-0.852,-0.75%,206213
19/02/2016,113.222,113.376,112.306,112.557,-0.664,-0.59%,217791
22/02/2016,112.42,113.385,112.376,112.879,0.322,0.29%,182804
23/02/2016,112.827,113.049,111.773,112.089,-0.79,-0.70%,232729
24/02/2016,112.09,112.262,111.047,112.154,0.065,0.06%,227005
25/02/2016,112.14,113.018,111.891,112.978,0.824,0.73%,237249
26/02/2016,112.971,113.988,112.559,113.977,0.999,0.88%,206456
29/02/2016,113.88,113.977,112.648,112.667,-1.31,-1.15%,215879
1/03/2016,112.673,114.179,112.159,113.984,1.317,1.17%,203092
2/03/2016,113.991,114.55,113.217,113.456,-0.528,-0.46%,200853
3/03/2016,113.47,114.268,113.307,113.664,0.208,0.18%,183445
4/03/2016,113.661,114.251,113.154,113.733,0.069,0.06%,193642
7/03/2016,113.924,114.01,113.223,113.424,-0.309,-0.27%,160150
8/03/2016,113.428,113.516,112.432,112.611,-0.813,-0.72%,193735
9/03/2016,112.617,113.451,112.229,113.323,0.712,0.63%,179995
10/03/2016,113.325,114.442,112.632,113.152,-0.171,-0.15%,229227
11/03/2016,113.164,113.916,112.755,113.806,0.654,0.58%,181129
14/03/2016,113.96,114.003,113.504,113.808,0.002,0.00%,139815
15/03/2016,113.786,114.104,112.644,113.132,-0.676,-0.59%,176140
16/03/2016,113.087,113.811,112.332,112.528,-0.604,-0.53%,170491
17/03/2016,112.472,112.95,110.669,111.374,-1.154,-1.03%,222697
18/03/2016,111.37,111.754,110.819,111.532,0.158,0.14%,176220
21/03/2016,111.557,111.974,111.221,111.941,0.409,0.37%,135159
22/03/2016,111.949,112.485,111.38,112.352,0.411,0.37%,173809
23/03/2016,112.353,112.904,112.142,112.36,0.008,0.01%,155586
24/03/2016,112.367,113.001,112.293,112.888,0.528,0.47%,147908
25/03/2016,112.89,113.311,112.746,113.046,0.158,0.14%,88398
28/03/2016,113.14,113.681,113.131,113.43,0.384,0.34%,107557
29/03/2016,113.42,113.801,112.606,112.658,-0.772,-0.68%,163887
30/03/2016,112.65,112.802,112.019,112.408,-0.25,-0.22%,163288
31/03/2016,112.403,112.655,112.1,112.556,0.148,0.13%,165820
1/04/2016,112.54,112.573,111.583,111.602,-0.954,-0.85%,201422
4/04/2016,111.587,111.79,111.09,111.303,-0.299,-0.27%,166681
5/04/2016,111.286,111.345,109.956,110.309,-0.994,-0.89%,220161
6/04/2016,110.29,110.635,109.354,109.779,-0.53,-0.48%,195383
7/04/2016,109.777,109.899,107.675,108.178,-1.601,-1.46%,254738
8/04/2016,108.181,109.096,108.025,108.026,-0.152,-0.14%,210560
11/04/2016,107.898,108.435,107.632,107.93,-0.096,-0.09%,199374
12/04/2016,107.93,108.784,107.866,108.521,0.591,0.55%,177733
13/04/2016,108.526,109.399,108.506,109.32,0.799,0.74%,167959
14/04/2016,109.311,109.543,108.898,109.381,0.061,0.06%,171051
15/04/2016,109.36,109.73,108.601,108.725,-0.656,-0.60%,149259
18/04/2016,108.18,108.982,107.835,108.806,0.081,0.07%,166356
19/04/2016,108.78,109.484,108.748,109.188,0.382,0.35%,161623
20/04/2016,109.189,109.875,108.761,109.822,0.634,0.58%,169112
21/04/2016,109.836,109.893,109.318,109.447,-0.375,-0.34%,181675
22/04/2016,109.444,111.802,109.261,111.746,2.299,2.10%,209098
25/04/2016,111.51,111.881,110.834,111.182,-0.564,-0.50%,186327
26/04/2016,111.19,111.47,110.668,111.298,0.116,0.10%,181227
27/04/2016,111.308,111.741,111.014,111.422,0.124,0.11%,169856
28/04/2016,111.409,111.882,107.866,108.088,-3.334,-2.99%,274558
29/04/2016,108.07,108.195,106.278,106.393,-1.695,-1.57%,222019
2/05/2016,106.28,106.814,106.141,106.4,0.007,0.01%,186053
3/05/2016,106.402,106.675,105.543,106.567,0.167,0.16%,175742
4/05/2016,106.559,107.442,106.247,106.981,0.414,0.39%,191459
5/05/2016,106.994,107.486,106.803,107.242,0.261,0.24%,150040
6/05/2016,107.24,107.417,106.436,107.09,-0.152,-0.14%,184973
9/05/2016,107.03,108.595,107.023,108.308,1.218,1.14%,162736
10/05/2016,108.31,109.348,108.266,109.257,0.949,0.88%,178658
11/05/2016,109.25,109.366,108.363,108.386,-0.871,-0.80%,165007
12/05/2016,108.4,109.393,108.223,108.986,0.6,0.55%,182768
13/05/2016,109.001,109.523,108.515,108.612,-0.374,-0.34%,196534
16/05/2016,108.6,109.093,108.463,109.017,0.405,0.37%,141058
17/05/2016,109.01,109.648,108.842,109.129,0.112,0.10%,167124
18/05/2016,109.133,110.253,108.724,110.187,1.058,0.97%,170256
19/05/2016,110.179,110.381,109.699,109.95,-0.237,-0.22%,168765
20/05/2016,109.946,110.585,109.839,110.084,0.134,0.12%,151986
23/05/2016,110.13,110.235,109.105,109.224,-0.86,-0.78%,163168
24/05/2016,109.209,110.125,109.161,109.983,0.759,0.69%,154550
25/05/2016,109.983,110.445,109.861,110.153,0.17,0.15%,153106
26/05/2016,110.168,110.227,109.409,109.747,-0.406,-0.37%,170935
27/05/2016,109.753,110.443,109.474,110.241,0.494,0.45%,147467
30/05/2016,110.38,111.444,110.358,111.106,0.865,0.78%,130028
31/05/2016,111.106,111.35,110.499,110.691,-0.415,-0.37%,172171
1/06/2016,110.703,110.825,109.05,109.528,-1.163,-1.05%,213673
2/06/2016,109.538,109.58,108.521,108.861,-0.667,-0.61%,168379
3/06/2016,108.864,109.133,106.501,106.512,-2.349,-2.16%,230221
6/06/2016,106.607,107.651,106.363,107.546,1.034,0.97%,205008
7/06/2016,107.54,107.9,107.152,107.339,-0.207,-0.19%,184683
8/06/2016,107.332,107.379,106.59,106.976,-0.363,-0.34%,186064
9/06/2016,106.981,107.174,106.255,107.059,0.083,0.08%,195855
10/06/2016,107.07,107.25,106.554,106.945,-0.114,-0.11%,183050
13/06/2016,106.83,106.847,105.742,106.201,-0.744,-0.70%,212879
14/06/2016,106.165,106.42,105.628,106.093,-0.108,-0.10%,235183
15/06/2016,106.094,106.393,105.46,106.001,-0.092,-0.09%,213957
16/06/2016,106.01,106.016,103.551,104.243,-1.758,-1.66%,295877
17/06/2016,104.255,104.822,104.056,104.113,-0.13,-0.12%,223671
20/06/2016,104.605,104.84,103.78,103.921,-0.192,-0.18%,201956
21/06/2016,103.923,105.048,103.586,104.736,0.815,0.78%,203295
22/06/2016,104.733,104.846,104.314,104.395,-0.341,-0.33%,179972
23/06/2016,104.397,106.149,104.117,106.052,1.657,1.59%,227456
24/06/2016,105.915,106.784,99.075,102.096,-3.956,-3.73%,447238
27/06/2016,101.705,102.468,101.4,101.949,-0.147,-0.14%,248014
28/06/2016,101.953,102.837,101.557,102.746,0.797,0.78%,216060
29/06/2016,102.742,102.931,102.17,102.797,0.051,0.05%,184367
30/06/2016,102.79,103.29,102.417,103.171,0.374,0.36%,206999
1/07/2016,103.15,103.382,102.44,102.487,-0.684,-0.66%,175970
4/07/2016,102.494,102.801,102.424,102.525,0.038,0.04%,129995
5/07/2016,102.516,102.582,101.451,101.713,-0.812,-0.79%,166983
6/07/2016,101.718,101.754,100.199,101.292,-0.421,-0.41%,226497
7/07/2016,101.291,101.396,100.587,100.749,-0.543,-0.54%,177590
8/07/2016,100.75,101.2,100.018,100.486,-0.263,-0.26%,190373
11/07/2016,100.538,102.89,100.531,102.768,2.282,2.27%,193824
12/07/2016,102.774,104.982,102.444,104.668,1.9,1.85%,241005
13/07/2016,104.674,104.874,103.909,104.455,-0.213,-0.20%,205661
14/07/2016,104.472,105.934,103.985,105.343,0.888,0.85%,231337
15/07/2016,105.332,106.309,104.63,104.841,-0.502,-0.48%,234596
18/07/2016,105.4,106.258,105.261,106.147,1.306,1.25%,151366
19/07/2016,106.149,106.53,105.648,106.098,-0.049,-0.05%,169029
20/07/2016,106.112,107.012,105.831,106.84,0.742,0.70%,162675
21/07/2016,106.868,107.488,105.421,105.809,-1.031,-0.96%,234561
22/07/2016,105.817,106.397,105.566,106.033,0.224,0.21%,175968
25/07/2016,106.212,106.72,105.734,105.785,-0.248,-0.23%,137782
26/07/2016,105.799,105.884,103.991,104.612,-1.173,-1.11%,185578
27/07/2016,104.62,106.537,104.616,105.381,0.769,0.74%,230909
28/07/2016,105.387,105.499,104.488,105.262,-0.119,-0.11%,169726
29/07/2016,105.254,105.518,101.969,102.019,-3.243,-3.08%,309260
1/08/2016,102.095,102.656,102.003,102.38,0.361,0.35%,168251
2/08/2016,102.401,102.824,100.678,100.872,-1.508,-1.47%,183639
3/08/2016,100.87,101.56,100.746,101.233,0.361,0.36%,157259
4/08/2016,101.236,101.664,100.859,101.206,-0.027,-0.03%,143228
5/08/2016,101.204,102.057,100.869,101.789,0.583,0.58%,129914
8/08/2016,101.925,102.652,101.86,102.39,0.601,0.59%,106600
9/08/2016,102.438,102.528,101.787,101.87,-0.52,-0.51%,99943
10/08/2016,101.861,101.952,100.967,101.263,-0.607,-0.60%,132745
11/08/2016,101.259,102.051,101.019,101.928,0.665,0.66%,106094
12/08/2016,101.944,102.27,100.833,101.266,-0.662,-0.65%,192176
15/08/2016,101.093,101.449,100.869,101.253,-0.013,-0.01%,117776
16/08/2016,101.256,101.287,99.543,100.283,-0.97,-0.96%,178665
17/08/2016,100.298,101.164,100.044,100.249,-0.034,-0.03%,164931
18/08/2016,100.26,100.483,99.636,99.867,-0.382,-0.38%,180861
19/08/2016,99.869,100.454,99.866,100.179,0.312,0.31%,146257
22/08/2016,100.828,100.929,100.213,100.317,0.138,0.14%,152059
23/08/2016,100.313,100.386,99.941,100.231,-0.086,-0.09%,143664
24/08/2016,100.234,100.605,100.088,100.444,0.213,0.21%,130761
25/08/2016,100.444,100.611,100.298,100.514,0.07,0.07%,112871
26/08/2016,100.517,101.938,100.092,101.779,1.265,1.26%,156963
29/08/2016,101.927,102.389,101.832,101.909,0.13,0.13%,119587
30/08/2016,101.907,103.132,101.744,102.962,1.053,1.03%,127161
31/08/2016,102.927,103.529,102.86,103.42,0.458,0.44%,131063
1/09/2016,103.423,103.995,103.061,103.233,-0.187,-0.18%,132884
2/09/2016,103.239,104.315,102.836,103.888,0.655,0.63%,156219
5/09/2016,103.976,104.118,103.145,103.411,-0.477,-0.46%,107037
6/09/2016,103.416,103.803,101.933,102.005,-1.406,-1.36%,145004
7/09/2016,101.99,102.121,101.205,101.733,-0.272,-0.27%,147558
8/09/2016,101.719,102.594,101.412,102.427,0.694,0.68%,149806
9/09/2016,102.484,103.053,101.967,102.682,0.255,0.25%,156354
12/09/2016,102.678,102.678,101.592,101.842,-0.84,-0.82%,152763
13/09/2016,101.849,102.745,101.422,102.552,0.71,0.70%,162380
14/09/2016,102.565,103.352,102.25,102.415,-0.137,-0.13%,152901
15/09/2016,102.428,102.747,101.94,102.057,-0.358,-0.35%,153177
16/09/2016,102.084,102.458,101.734,102.252,0.195,0.19%,137132
19/09/2016,102.153,102.413,101.58,101.92,-0.332,-0.32%,104614
20/09/2016,101.924,102.06,101.536,101.697,-0.223,-0.22%,114938
21/09/2016,101.709,102.781,100.296,100.319,-1.378,-1.36%,249713
22/09/2016,100.319,100.927,100.1,100.749,0.43,0.43%,135778
23/09/2016,100.738,101.242,100.674,100.972,0.223,0.22%,141147
26/09/2016,101.082,101.082,100.245,100.324,-0.648,-0.64%,120913
27/09/2016,100.327,100.984,100.09,100.416,0.092,0.09%,149894
28/09/2016,100.421,100.815,100.258,100.67,0.254,0.25%,122937
29/09/2016,100.666,101.835,100.646,101.016,0.346,0.34%,147005
30/09/2016,101.022,101.769,100.746,101.312,0.296,0.29%,150610
3/10/2016,101.132,101.653,101.122,101.636,0.324,0.32%,105919
4/10/2016,101.637,102.963,101.568,102.876,1.24,1.22%,144703
5/10/2016,102.897,103.665,102.67,103.491,0.615,0.60%,127552
6/10/2016,103.494,104.157,103.348,103.941,0.45,0.43%,116557
7/10/2016,103.935,104.022,102.868,102.9,-1.041,-1.00%,159880
10/10/2016,103.107,103.784,102.809,103.599,0.699,0.68%,91931
11/10/2016,103.612,104.069,103.171,103.499,-0.1,-0.10%,153351
12/10/2016,103.501,104.48,103.277,104.207,0.708,0.68%,130185
13/10/2016,104.209,104.631,103.333,103.696,-0.511,-0.49%,150365
14/10/2016,103.71,104.471,103.605,104.137,0.441,0.43%,136448
17/10/2016,104.303,104.368,103.788,103.885,-0.252,-0.24%,118145
18/10/2016,103.886,104.197,103.682,103.857,-0.028,-0.03%,105936
19/10/2016,103.854,103.944,103.169,103.435,-0.422,-0.41%,105047
20/10/2016,103.436,104.102,103.343,103.943,0.508,0.49%,117392
21/10/2016,103.942,104.2,103.522,103.806,-0.137,-0.13%,107798
24/10/2016,103.85,104.319,103.722,104.175,0.369,0.36%,97746
25/10/2016,104.173,104.87,104.112,104.22,0.045,0.04%,117493
26/10/2016,104.215,104.616,104.024,104.464,0.244,0.23%,117502
27/10/2016,104.46,105.347,104.298,105.275,0.811,0.78%,124021
28/10/2016,105.28,105.528,104.487,104.704,-0.571,-0.54%,151291
31/10/2016,104.365,105.229,104.35,104.813,0.109,0.10%,114398
1/11/2016,104.814,105.112,103.8,104.146,-0.667,-0.64%,146201
2/11/2016,104.148,104.162,103.029,103.306,-0.84,-0.81%,174965
3/11/2016,103.309,103.439,102.553,102.973,-0.333,-0.32%,164080
4/11/2016,102.98,103.352,102.83,103.094,0.121,0.12%,156843
7/11/2016,104.016,104.628,103.608,104.452,1.358,1.32%,145728
8/11/2016,104.462,105.189,104.296,105.171,0.719,0.69%,132471
9/11/2016,105.174,105.884,101.184,105.657,0.486,0.46%,477486
10/11/2016,105.66,106.943,104.97,106.792,1.135,1.07%,271619
11/11/2016,106.787,106.929,106.034,106.657,-0.135,-0.13%,219691
14/11/2016,106.848,108.54,106.734,108.404,1.747,1.64%,227485
15/11/2016,108.413,109.332,107.769,109.181,0.777,0.72%,211806
16/11/2016,109.183,109.753,108.794,109.065,-0.116,-0.11%,208729
17/11/2016,109.05,110.17,108.552,110.109,1.044,0.96%,229235
18/11/2016,110.118,110.945,109.802,110.839,0.73,0.66%,224568
21/11/2016,110.954,111.358,110.457,110.78,-0.059,-0.05%,214482
22/11/2016,110.784,111.353,110.272,111.136,0.356,0.32%,202702
23/11/2016,111.141,112.97,110.854,112.48,1.344,1.21%,184949
24/11/2016,112.478,113.525,112.379,113.314,0.834,0.74%,174067
25/11/2016,113.273,113.895,112.56,113.128,-0.186,-0.16%,232708
28/11/2016,112.994,112.994,111.358,111.922,-1.206,-1.07%,233221
29/11/2016,111.929,113.332,111.621,112.369,0.447,0.40%,212319
30/11/2016,112.376,114.537,112.058,114.43,2.061,1.83%,252313
1/12/2016,114.437,114.823,113.836,114.072,-0.358,-0.31%,235146
2/12/2016,114.095,114.199,113.33,113.453,-0.619,-0.54%,200627
5/12/2016,113.257,114.77,112.869,113.822,0.369,0.33%,231270
6/12/2016,113.845,114.184,113.503,114,0.178,0.16%,168734
7/12/2016,113.993,114.398,113.413,113.74,-0.26,-0.23%,154299
8/12/2016,113.763,114.369,113.14,114.019,0.279,0.25%,217234
9/12/2016,114.027,115.365,113.995,115.285,1.266,1.11%,173385
12/12/2016,115.274,116.118,114.853,115.016,-0.269,-0.23%,196990
13/12/2016,115.016,115.472,114.731,115.172,0.156,0.14%,184516
14/12/2016,115.176,117.381,114.771,117.023,1.851,1.61%,193669
15/12/2016,117.013,118.659,117.01,118.161,1.138,0.97%,287497
16/12/2016,118.153,118.423,117.474,117.884,-0.277,-0.23%,214312
19/12/2016,117.944,117.959,116.547,117.089,-0.795,-0.67%,197056
20/12/2016,117.095,118.24,116.986,117.84,0.751,0.64%,191765
21/12/2016,117.838,118.067,117.11,117.548,-0.292,-0.25%,163747
22/12/2016,117.547,117.871,117.271,117.536,-0.012,-0.01%,146793
23/12/2016,117.535,117.609,117.172,117.277,-0.259,-0.22%,85746
26/12/2016,117.271,117.363,117,117.064,-0.213,-0.18%,80538
27/12/2016,117.138,117.612,117.045,117.398,0.334,0.29%,88092
28/12/2016,117.387,117.809,117.054,117.215,-0.183,-0.16%,107581
29/12/2016,117.223,117.223,116.23,116.519,-0.696,-0.59%,141099
30/12/2016,116.537,117.192,116.045,116.932,0.413,0.35%,170240
2/01/2017,116.89,117.65,116.727,117.507,0.575,0.49%,49078
3/01/2017,117.493,118.599,117.213,117.733,0.226,0.19%,148876
4/01/2017,117.723,118.182,117.055,117.228,-0.505,-0.43%,170029
5/01/2017,117.249,117.425,115.222,115.336,-1.892,-1.61%,237229
6/01/2017,115.316,117.172,115.069,116.933,1.597,1.38%,193532
9/01/2017,117.032,117.529,115.963,116.021,-0.912,-0.78%,171504
10/01/2017,116.03,116.339,115.199,115.754,-0.267,-0.23%,202108
11/01/2017,115.761,116.842,114.245,115.402,-0.352,-0.30%,230954
12/01/2017,115.402,115.5,113.757,114.698,-0.704,-0.61%,259385
13/01/2017,114.684,115.423,114.216,114.44,-0.258,-0.22%,206485
16/01/2017,114.148,114.462,113.658,114.17,-0.27,-0.24%,201885
17/01/2017,114.189,114.28,112.598,112.6,-1.57,-1.38%,310124
18/01/2017,112.616,114.754,112.57,114.632,2.032,1.80%,248661
19/01/2017,114.631,115.615,114.402,114.852,0.22,0.19%,279400
20/01/2017,114.853,115.38,114.211,114.579,-0.273,-0.24%,282406
23/01/2017,114.247,114.415,112.688,112.694,-1.885,-1.65%,278001
24/01/2017,112.691,113.89,112.522,113.779,1.085,0.96%,228891
25/01/2017,113.774,113.985,113.04,113.271,-0.508,-0.45%,227575
26/01/2017,113.253,114.851,113.048,114.521,1.25,1.10%,235731
27/01/2017,114.506,115.37,114.392,115.079,0.558,0.49%,220317
30/01/2017,114.641,114.947,113.451,113.76,-1.319,-1.15%,224710
31/01/2017,113.767,113.96,112.096,112.792,-0.968,-0.85%,295497
1/02/2017,112.798,113.941,112.639,113.238,0.446,0.40%,246057
2/02/2017,113.273,113.359,112.051,112.793,-0.445,-0.39%,203702
3/02/2017,112.817,113.362,112.315,112.549,-0.244,-0.22%,233228
6/02/2017,112.466,112.774,111.625,111.723,-0.826,-0.73%,207215
7/02/2017,111.722,112.575,111.596,112.379,0.656,0.59%,191087
8/02/2017,112.391,112.541,111.633,111.931,-0.448,-0.40%,197168
9/02/2017,111.929,113.344,111.734,113.232,1.301,1.16%,186485
10/02/2017,113.245,113.853,112.917,113.152,-0.08,-0.07%,204686
13/02/2017,113.606,114.164,113.438,113.734,0.582,0.51%,168415
14/02/2017,113.759,114.496,113.25,114.25,0.516,0.45%,185638
15/02/2017,114.252,114.954,113.866,114.149,-0.101,-0.09%,191109
16/02/2017,114.141,114.302,113.087,113.23,-0.919,-0.81%,197040
17/02/2017,113.239,113.499,112.618,112.773,-0.457,-0.40%,175439
20/02/2017,112.854,113.235,112.791,113.079,0.306,0.27%,116621
21/02/2017,113.077,113.776,113.076,113.675,0.596,0.53%,150661
22/02/2017,113.659,113.726,112.905,113.31,-0.365,-0.32%,185603
23/02/2017,113.317,113.451,112.563,112.605,-0.705,-0.62%,169268
24/02/2017,112.622,112.951,111.941,112.073,-0.532,-0.47%,168325
27/02/2017,112.091,112.837,111.919,112.691,0.618,0.55%,173173
28/02/2017,112.681,112.886,111.69,112.754,0.063,0.06%,188571
1/03/2017,112.773,114.044,112.743,113.72,0.966,0.86%,233008
2/03/2017,113.724,114.589,113.683,114.41,0.69,0.61%,170483
3/03/2017,114.407,114.686,113.81,113.978,-0.432,-0.38%,184189
6/03/2017,113.826,114.127,113.557,113.883,-0.095,-0.08%,142247
7/03/2017,113.878,114.151,113.729,113.969,0.086,0.08%,128748
8/03/2017,113.963,114.75,113.609,114.324,0.355,0.31%,159257
9/03/2017,114.32,114.997,114.308,114.939,0.615,0.54%,188012
10/03/2017,114.972,115.503,114.655,114.742,-0.197,-0.17%,196597
13/03/2017,114.652,114.917,114.482,114.874,0.132,0.12%,147302
14/03/2017,114.877,115.192,114.519,114.738,-0.136,-0.12%,142255
15/03/2017,114.73,114.882,113.177,113.368,-1.37,-1.19%,161996
16/03/2017,113.376,113.542,112.905,113.305,-0.063,-0.06%,182458
17/03/2017,113.303,113.49,112.564,112.662,-0.643,-0.57%,139539
20/03/2017,112.656,112.894,112.458,112.548,-0.114,-0.10%,120866
21/03/2017,112.556,112.863,111.567,111.709,-0.839,-0.75%,177966
22/03/2017,111.713,111.789,110.733,111.158,-0.551,-0.49%,193495
23/03/2017,111.159,111.577,110.624,110.926,-0.232,-0.21%,217166
24/03/2017,110.928,111.48,110.628,111.324,0.398,0.36%,208042
27/03/2017,110.844,111.043,110.113,110.659,-0.665,-0.60%,180046
28/03/2017,110.665,111.198,110.191,111.133,0.474,0.43%,163799
29/03/2017,111.132,111.312,110.728,111.036,-0.097,-0.09%,169040
30/03/2017,111,111.938,110.941,111.904,0.868,0.78%,170709
31/03/2017,111.898,112.194,111.241,111.379,-0.525,-0.47%,176656
3/04/2017,111.36,111.584,110.853,110.89,-0.489,-0.44%,144232
4/04/2017,110.892,110.923,110.266,110.738,-0.152,-0.14%,162806
5/04/2017,110.737,111.438,110.538,110.696,-0.042,-0.04%,179795
6/04/2017,110.698,111.135,110.29,110.799,0.103,0.09%,185825
7/04/2017,110.803,111.364,110.131,111.072,0.273,0.25%,244335
10/04/2017,111.025,111.574,110.815,110.929,-0.143,-0.13%,142979
11/04/2017,110.936,110.936,109.604,109.611,-1.318,-1.19%,157508
12/04/2017,109.59,109.86,108.959,109.01,-0.601,-0.55%,181448
13/04/2017,109.021,109.382,108.724,109.089,0.079,0.07%,174239
14/04/2017,109.101,109.219,108.542,108.553,-0.536,-0.49%,46226
17/04/2017,108.815,109.05,108.131,108.899,0.346,0.32%,123845
18/04/2017,108.897,109.219,108.32,108.413,-0.486,-0.45%,175056
19/04/2017,108.411,109.177,108.379,108.853,0.44,0.41%,154745
20/04/2017,108.86,109.476,108.72,109.312,0.459,0.42%,155178
21/04/2017,109.314,109.42,108.886,109.059,-0.253,-0.23%,148877
24/04/2017,110.47,110.562,109.657,109.76,0.701,0.64%,183867
25/04/2017,109.761,111.187,109.593,111.077,1.317,1.20%,157791
26/04/2017,111.081,111.772,110.872,111.048,-0.029,-0.03%,205682
27/04/2017,111.051,111.593,111.019,111.249,0.201,0.18%,171507
28/04/2017,111.258,111.713,111.071,111.515,0.266,0.24%,153252
1/05/2017,111.243,111.918,111.205,111.82,0.305,0.27%,107865
2/05/2017,111.827,112.303,111.778,111.985,0.165,0.15%,130232
3/05/2017,111.979,112.774,111.962,112.739,0.754,0.67%,126717
4/05/2017,112.733,113.046,112.317,112.454,-0.285,-0.25%,154115
5/05/2017,112.457,112.799,112.09,112.651,0.197,0.18%,148605
8/05/2017,112.884,113.292,112.393,113.245,0.594,0.53%,145384
9/05/2017,113.249,114.325,113.134,113.98,0.735,0.65%,145312
10/05/2017,113.96,114.352,113.629,114.271,0.291,0.26%,160103
11/05/2017,114.281,114.366,113.479,113.858,-0.413,-0.36%,143871
12/05/2017,113.86,113.95,113.199,113.343,-0.515,-0.45%,143797
15/05/2017,113.194,113.849,113.122,113.78,0.437,0.39%,131292
16/05/2017,113.784,113.785,112.934,113.106,-0.674,-0.59%,152581
17/05/2017,113.122,113.122,110.789,110.816,-2.29,-2.02%,221822
18/05/2017,110.801,111.647,110.235,111.471,0.655,0.59%,291563
19/05/2017,111.471,111.698,111.05,111.236,-0.235,-0.21%,195972
22/05/2017,111.182,111.604,110.877,111.289,0.053,0.05%,158990
23/05/2017,111.296,111.854,110.861,111.768,0.479,0.43%,198351
24/05/2017,111.766,112.121,111.478,111.484,-0.284,-0.25%,309310
25/05/2017,111.477,111.95,111.476,111.829,0.345,0.31%,246565
26/05/2017,111.82,111.843,110.877,111.323,-0.506,-0.45%,253080
29/05/2017,111.174,111.466,111.166,111.249,-0.074,-0.07%,147117
30/05/2017,111.24,111.312,110.666,110.839,-0.41,-0.37%,248514
31/05/2017,110.849,111.223,110.486,110.764,-0.075,-0.07%,280523
1/06/2017,110.748,111.478,110.64,111.353,0.589,0.53%,257687
2/06/2017,111.357,111.708,110.331,110.385,-0.968,-0.87%,287411
5/06/2017,110.351,110.728,110.309,110.446,0.061,0.06%,207681
6/06/2017,110.455,110.516,109.226,109.401,-1.045,-0.95%,287516
7/06/2017,109.41,109.88,109.115,109.811,0.41,0.37%,282883
8/06/2017,109.806,110.374,109.382,109.85,0.039,0.04%,315068
9/06/2017,109.845,110.807,109.743,110.309,0.459,0.42%,313269
12/06/2017,110.277,110.437,109.631,109.937,-0.372,-0.34%,262411
13/06/2017,109.929,110.27,109.781,110.059,0.122,0.11%,220869
14/06/2017,110.064,110.34,108.874,109.56,-0.499,-0.45%,401885
15/06/2017,109.566,110.975,109.271,110.919,1.359,1.24%,352238
16/06/2017,110.923,111.415,110.646,110.862,-0.057,-0.05%,291719
19/06/2017,110.854,111.598,110.738,111.521,0.659,0.59%,228427
20/06/2017,111.521,111.785,111.309,111.441,-0.08,-0.07%,263643
21/06/2017,111.453,111.72,111.067,111.373,-0.068,-0.06%,273084
22/06/2017,111.381,111.443,110.949,111.322,-0.051,-0.05%,263925
23/06/2017,111.33,111.426,111.154,111.27,-0.052,-0.05%,210931
26/06/2017,111.178,111.94,111.138,111.831,0.561,0.50%,221126
27/06/2017,111.819,112.464,111.463,112.338,0.507,0.45%,299678
28/06/2017,112.351,112.412,111.83,112.282,-0.056,-0.05%,370596
29/06/2017,112.286,112.924,111.827,112.17,-0.112,-0.10%,382842
30/06/2017,112.151,112.595,111.735,112.352,0.182,0.16%,354483
3/07/2017,112.016,113.469,111.95,113.353,1.001,0.89%,255703
4/07/2017,113.36,113.449,112.744,113.267,-0.086,-0.08%,261007
5/07/2017,113.28,113.683,112.824,113.256,-0.011,-0.01%,312279
6/07/2017,113.241,113.468,112.887,113.209,-0.047,-0.04%,318934
7/07/2017,113.201,114.177,113.101,113.889,0.68,0.60%,316671
10/07/2017,113.871,114.299,113.866,114.03,0.141,0.12%,229243
11/07/2017,114.026,114.493,113.719,113.931,-0.099,-0.09%,269848
12/07/2017,113.936,113.964,112.93,113.156,-0.775,-0.68%,347420
13/07/2017,113.154,113.523,112.861,113.269,0.113,0.10%,272213
14/07/2017,113.271,113.574,112.279,112.523,-0.746,-0.66%,272346
17/07/2017,112.497,112.864,112.328,112.618,0.095,0.08%,219042
18/07/2017,112.612,112.678,111.688,112.061,-0.557,-0.49%,321511
19/07/2017,112.069,112.23,111.554,111.948,-0.113,-0.10%,276199
20/07/2017,111.94,112.413,111.483,111.898,-0.05,-0.04%,378658
21/07/2017,111.901,112.074,111.011,111.123,-0.775,-0.69%,287438
24/07/2017,111.12,111.303,110.621,111.091,-0.032,-0.03%,262163
25/07/2017,111.087,111.956,110.828,111.883,0.792,0.71%,304346
26/07/2017,111.886,112.181,111.063,111.159,-0.724,-0.65%,334662
27/07/2017,111.173,111.707,110.78,111.239,0.08,0.07%,405181
28/07/2017,111.24,111.329,110.55,110.629,-0.61,-0.55%,381600
31/07/2017,110.655,110.769,110.214,110.252,-0.377,-0.34%,287638
1/08/2017,110.25,110.585,109.951,110.361,0.109,0.10%,366952
2/08/2017,110.361,110.981,110.292,110.7,0.339,0.31%,337504
3/08/2017,110.647,110.821,109.863,110.036,-0.664,-0.60%,281366
4/08/2017,110.041,111.027,109.847,110.652,0.616,0.56%,293896
7/08/2017,110.725,110.917,110.645,110.708,0.056,0.05%,198757
8/08/2017,110.697,110.822,110.247,110.322,-0.386,-0.35%,225677
9/08/2017,110.323,110.36,109.558,110.059,-0.263,-0.24%,300217
10/08/2017,110.052,110.177,109.154,109.184,-0.875,-0.80%,315491
11/08/2017,109.187,109.343,108.791,109.158,-0.026,-0.02%,338028
14/08/2017,109.092,109.794,109.047,109.619,0.461,0.42%,268827
15/08/2017,109.629,110.841,109.605,110.653,1.034,0.94%,303897
16/08/2017,110.655,110.945,110.037,110.189,-0.464,-0.42%,299175
17/08/2017,110.189,110.34,109.445,109.561,-0.628,-0.57%,371310
18/08/2017,109.554,109.576,108.611,109.174,-0.387,-0.35%,425741
21/08/2017,109.284,109.42,108.644,108.969,-0.205,-0.19%,304847
22/08/2017,108.974,109.639,108.872,109.56,0.591,0.54%,234987
23/08/2017,109.562,109.822,108.918,109.037,-0.523,-0.48%,275161
24/08/2017,109.028,109.6,108.846,109.55,0.513,0.47%,283541
25/08/2017,109.545,109.82,109.125,109.326,-0.224,-0.20%,294630
28/08/2017,109.325,109.407,109.024,109.245,-0.081,-0.07%,196177
29/08/2017,109.249,109.894,108.289,109.66,0.415,0.38%,414469
30/08/2017,109.629,110.436,109.541,110.233,0.573,0.52%,285414
31/08/2017,110.229,110.657,109.882,109.963,-0.27,-0.24%,314837
1/09/2017,109.966,110.359,109.593,110.246,0.283,0.26%,288848
4/09/2017,109.42,109.929,109.381,109.707,-0.539,-0.49%,224196
5/09/2017,109.72,109.83,108.631,108.804,-0.903,-0.82%,338939
6/09/2017,108.806,109.394,108.461,109.215,0.411,0.38%,322610
7/09/2017,109.218,109.261,108.095,108.453,-0.762,-0.70%,338528
8/09/2017,108.44,108.482,107.32,107.825,-0.628,-0.58%,373062
11/09/2017,108.262,109.504,108.131,109.384,1.559,1.45%,246974
12/09/2017,109.382,110.251,109.24,110.155,0.771,0.70%,237277
13/09/2017,110.161,110.687,109.907,110.479,0.324,0.29%,257991
14/09/2017,110.477,110.99,110.067,110.235,-0.244,-0.22%,290963
15/09/2017,110.243,111.331,109.553,110.83,0.595,0.54%,294866
18/09/2017,111.101,111.66,110.996,111.562,0.732,0.66%,220555
19/09/2017,111.567,111.878,111.202,111.584,0.022,0.02%,277793
20/09/2017,111.579,112.527,111.14,112.205,0.621,0.56%,265520
21/09/2017,112.178,112.715,112.134,112.47,0.265,0.24%,264705
22/09/2017,112.48,112.552,111.652,111.984,-0.486,-0.43%,250866
25/09/2017,112.248,112.525,111.474,111.725,-0.259,-0.23%,283203
26/09/2017,111.713,112.47,111.498,112.231,0.506,0.45%,267043
27/09/2017,112.221,113.25,112.218,112.83,0.599,0.53%,296494
28/09/2017,112.826,113.202,112.251,112.333,-0.497,-0.44%,280938
29/09/2017,112.305,112.732,112.214,112.45,0.117,0.10%,241533
2/10/2017,112.629,113.056,112.446,112.752,0.302,0.27%,232259
3/10/2017,112.756,113.192,112.66,112.841,0.089,0.08%,223480
4/10/2017,112.834,112.935,112.323,112.75,-0.091,-0.08%,226446
5/10/2017,112.751,112.914,112.416,112.81,0.06,0.05%,214120
6/10/2017,112.813,113.435,112.601,112.607,-0.203,-0.18%,328776
9/10/2017,112.505,112.743,112.327,112.666,0.059,0.05%,166209
10/10/2017,112.662,112.825,111.994,112.444,-0.222,-0.20%,283612
11/10/2017,112.442,112.582,112.082,112.483,0.039,0.03%,253540
12/10/2017,112.481,112.515,112.124,112.279,-0.204,-0.18%,246994
13/10/2017,112.289,112.302,111.697,111.749,-0.53,-0.47%,275128
16/10/2017,111.723,112.282,111.652,112.183,0.434,0.39%,217843
17/10/2017,112.182,112.473,112.035,112.193,0.01,0.01%,236024
18/10/2017,112.196,113.046,112.135,112.929,0.736,0.66%,250574
19/10/2017,112.929,113.145,112.312,112.532,-0.397,-0.35%,317472
20/10/2017,112.534,113.566,112.51,113.507,0.975,0.87%,304205
23/10/2017,113.9,114.095,113.244,113.427,-0.08,-0.07%,258111
24/10/2017,113.425,114.013,113.258,113.893,0.466,0.41%,278278
25/10/2017,113.911,114.242,113.487,113.736,-0.157,-0.14%,357432
26/10/2017,113.735,114.074,113.34,113.98,0.244,0.21%,343829
27/10/2017,113.982,114.408,113.641,113.662,-0.318,-0.28%,328875
30/10/2017,113.7,113.833,113.027,113.172,-0.49,-0.43%,255210
31/10/2017,113.174,113.729,112.959,113.639,0.467,0.41%,260537
1/11/2017,113.64,114.277,113.602,114.176,0.537,0.47%,305844
2/11/2017,114.174,114.211,113.56,114.078,-0.098,-0.09%,330633
3/11/2017,114.072,114.417,113.665,114.059,-0.019,-0.02%,247545
6/11/2017,114.037,114.731,113.696,113.701,-0.358,-0.31%,253620
7/11/2017,113.704,114.338,113.698,113.996,0.295,0.26%,237349
8/11/2017,113.997,114.014,113.394,113.87,-0.126,-0.11%,235731
9/11/2017,113.871,114.066,113.101,113.467,-0.403,-0.35%,335353
10/11/2017,113.468,113.633,113.22,113.49,0.023,0.02%,259318
13/11/2017,113.524,113.711,113.243,113.621,0.131,0.12%,221918
14/11/2017,113.625,113.908,113.311,113.451,-0.17,-0.15%,230673
15/11/2017,113.437,113.494,112.49,112.869,-0.582,-0.51%,336124
16/11/2017,112.866,113.319,112.749,113.04,0.171,0.15%,252386
17/11/2017,113.042,113.14,111.944,112.086,-0.954,-0.84%,293121
20/11/2017,112.072,112.715,111.884,112.612,0.526,0.47%,284214
21/11/2017,112.615,112.701,112.177,112.442,-0.17,-0.15%,235095
22/11/2017,112.442,112.49,111.141,111.207,-1.235,-1.10%,264090
23/11/2017,111.21,111.377,111.067,111.212,0.005,0.00%,179578
24/11/2017,111.201,111.618,111.192,111.513,0.301,0.27%,208066
27/11/2017,111.374,111.689,110.843,111.233,-0.28,-0.25%,253904
28/11/2017,111.252,111.636,110.932,111.471,0.238,0.21%,297353
29/11/2017,111.474,112.137,111.313,111.919,0.448,0.40%,271025
30/11/2017,111.922,112.633,111.743,112.525,0.606,0.54%,296605
1/12/2017,112.516,112.868,111.44,112.124,-0.401,-0.36%,342801
4/12/2017,112.957,113.086,112.362,112.4,0.276,0.25%,176964
5/12/2017,112.4,112.863,112.375,112.594,0.194,0.17%,154422
6/12/2017,112.603,112.628,111.993,112.272,-0.322,-0.29%,174015
7/12/2017,112.277,113.155,112.214,113.08,0.808,0.72%,154312
8/12/2017,113.086,113.587,113.075,113.459,0.379,0.34%,138316
11/12/2017,113.428,113.687,113.241,113.552,0.093,0.08%,114550
12/12/2017,113.543,113.749,113.371,113.542,-0.01,-0.01%,103188
13/12/2017,113.542,113.572,112.462,112.533,-1.009,-0.89%,151371
14/12/2017,112.527,112.879,112.064,112.386,-0.147,-0.13%,146598
15/12/2017,112.386,112.741,112.031,112.584,0.198,0.18%,148301
18/12/2017,112.67,112.828,112.315,112.537,-0.047,-0.04%,119986
19/12/2017,112.537,113.075,112.51,112.883,0.346,0.31%,131692
20/12/2017,112.882,113.462,112.837,113.391,0.508,0.45%,93165
21/12/2017,113.394,113.634,113.2,113.323,-0.068,-0.06%,113780
22/12/2017,113.33,113.444,113.215,113.217,-0.106,-0.09%,104368
25/12/2017,113.204,113.341,113.193,113.224,0.007,0.01%,9971
26/12/2017,113.158,113.349,113.125,113.226,0.002,0.00%,82552
27/12/2017,113.228,113.371,113.121,113.222,-0.004,0.00%,106868
28/12/2017,113.285,113.285,112.663,112.863,-0.359,-0.32%,108449
29/12/2017,112.855,112.967,112.47,112.662,-0.201,-0.18%,117244
1/01/2018,112.666,112.69,112.596,112.598,-0.064,-0.06%,3369
2/01/2018,112.58,112.789,112.055,112.277,-0.321,-0.29%,118052
3/01/2018,112.278,112.601,112.171,112.503,0.226,0.20%,116907
4/01/2018,112.505,112.86,112.464,112.735,0.232,0.21%,125729
5/01/2018,112.732,113.298,112.716,113.016,0.281,0.25%,135656
8/01/2018,113.07,113.385,112.881,113.086,0.07,0.06%,91887
9/01/2018,113.096,113.178,112.368,112.642,-0.444,-0.39%,150057
10/01/2018,112.644,112.781,111.284,111.431,-1.211,-1.08%,195734
11/01/2018,111.433,111.873,111.043,111.245,-0.186,-0.17%,184132
12/01/2018,111.256,111.686,110.914,111.008,-0.237,-0.21%,182854
15/01/2018,111.093,111.181,110.322,110.537,-0.471,-0.42%,149431
16/01/2018,110.541,110.978,110.245,110.445,-0.092,-0.08%,164174
17/01/2018,110.42,111.341,110.196,111.282,0.837,0.76%,190019
18/01/2018,111.284,111.48,110.718,111.088,-0.194,-0.17%,179724
19/01/2018,111.077,111.122,110.494,110.73,-0.358,-0.32%,165503
22/01/2018,110.599,111.219,110.51,110.906,0.176,0.16%,126592
23/01/2018,110.905,111.174,110.25,110.299,-0.607,-0.55%,166380
24/01/2018,110.306,110.333,108.972,109.213,-1.086,-0.98%,212678
25/01/2018,109.215,109.697,108.498,109.398,0.185,0.17%,322971
26/01/2018,109.4,109.768,108.282,108.578,-0.82,-0.75%,263605
29/01/2018,108.668,109.198,108.51,108.953,0.375,0.35%,198395
30/01/2018,108.955,109.201,108.413,108.764,-0.189,-0.17%,219592
31/01/2018,108.768,109.438,108.595,109.182,0.418,0.38%,233331
1/02/2018,109.184,109.748,109.094,109.401,0.219,0.20%,213507
2/02/2018,109.401,110.47,109.279,110.138,0.737,0.67%,250830
5/02/2018,110.107,110.283,108.991,109.067,-1.071,-0.97%,256817
6/02/2018,109.059,109.638,108.454,109.547,0.48,0.44%,439522
7/02/2018,109.548,109.71,108.919,109.312,-0.235,-0.21%,276077
8/02/2018,109.306,109.781,108.608,108.731,-0.581,-0.53%,341617
9/02/2018,108.69,109.305,108.056,108.779,0.048,0.04%,401912
12/02/2018,108.82,108.922,108.446,108.646,-0.133,-0.12%,195460
13/02/2018,108.637,108.775,107.426,107.812,-0.834,-0.77%,229069
14/02/2018,107.79,107.896,106.728,107,-0.812,-0.75%,286669
15/02/2018,107.005,107.005,106.034,106.122,-0.878,-0.82%,261353
16/02/2018,106.099,106.388,105.547,106.215,0.093,0.09%,225690
19/02/2018,106.358,106.723,106.094,106.568,0.353,0.33%,125893
20/02/2018,106.591,107.373,106.554,107.323,0.755,0.71%,177241
21/02/2018,107.319,107.901,107.272,107.761,0.438,0.41%,199685
22/02/2018,107.761,107.768,106.595,106.746,-1.015,-0.94%,200404
23/02/2018,106.744,107.13,106.514,106.854,0.108,0.10%,159061
26/02/2018,106.907,107.259,106.374,106.908,0.054,0.05%,159403
27/02/2018,106.926,107.668,106.783,107.326,0.418,0.39%,190255
28/02/2018,107.327,107.525,106.571,106.664,-0.662,-0.62%,188847
1/03/2018,106.644,107.193,106.166,106.232,-0.432,-0.41%,275947
2/03/2018,106.231,106.291,105.249,105.72,-0.512,-0.48%,248323
5/03/2018,105.456,106.234,105.349,106.193,0.473,0.45%,201481
6/03/2018,106.195,106.46,105.852,106.114,-0.079,-0.07%,192613
7/03/2018,106.124,106.216,105.454,106.069,-0.045,-0.04%,237489
8/03/2018,106.075,106.312,105.893,106.196,0.127,0.12%,178293
9/03/2018,106.216,107.033,106.152,106.803,0.607,0.57%,187910
12/03/2018,106.604,106.969,106.317,106.402,-0.401,-0.38%,135414
13/03/2018,106.399,107.28,106.253,106.554,0.152,0.14%,202181
14/03/2018,106.572,106.745,106.073,106.312,-0.242,-0.23%,183304
15/03/2018,106.3,106.412,105.784,106.322,0.01,0.01%,174502
16/03/2018,106.332,106.368,105.602,105.964,-0.358,-0.34%,161540
19/03/2018,105.862,106.303,105.676,106.085,0.121,0.11%,178969
20/03/2018,106.079,106.603,105.929,106.529,0.444,0.42%,176762
21/03/2018,106.532,106.625,105.888,106.045,-0.484,-0.45%,155485
22/03/2018,106.044,106.084,105.265,105.279,-0.766,-0.72%,262192
23/03/2018,105.281,105.373,104.643,104.713,-0.566,-0.54%,285712
26/03/2018,104.695,105.477,104.637,105.401,0.688,0.66%,172580
27/03/2018,105.405,105.9,105.322,105.33,-0.071,-0.07%,182324
28/03/2018,105.331,107.006,105.313,106.838,1.508,1.43%,201373
29/03/2018,106.84,106.93,106.268,106.422,-0.416,-0.39%,171038
30/03/2018,106.42,106.533,106.12,106.251,-0.171,-0.16%,126818
2/04/2018,106.174,106.447,105.659,105.875,-0.376,-0.35%,124270
3/04/2018,105.887,106.653,105.693,106.599,0.724,0.68%,177322
4/04/2018,106.59,106.845,105.994,106.768,0.169,0.16%,194350
5/04/2018,106.768,107.486,106.696,107.381,0.613,0.57%,162490
6/04/2018,107.385,107.457,106.782,106.91,-0.471,-0.44%,271475
9/04/2018,106.937,107.201,106.616,106.757,-0.153,-0.14%,154890
10/04/2018,106.774,107.396,106.617,107.196,0.439,0.41%,220615
11/04/2018,107.196,107.243,106.651,106.786,-0.41,-0.38%,181228
12/04/2018,106.784,107.423,106.7,107.308,0.522,0.49%,168710
13/04/2018,107.324,107.776,107.203,107.311,0.003,0.00%,149707
16/04/2018,107.52,107.605,107.036,107.109,-0.202,-0.19%,127363
17/04/2018,107.103,107.206,106.88,106.998,-0.111,-0.10%,119019
18/04/2018,106.996,107.382,106.98,107.227,0.229,0.21%,115556
19/04/2018,107.235,107.514,107.15,107.358,0.131,0.12%,147199
20/04/2018,107.358,107.852,107.335,107.629,0.271,0.25%,148288
23/04/2018,107.814,108.751,107.659,108.701,1.072,1.00%,132434
24/04/2018,108.704,109.191,108.544,108.81,0.109,0.10%,175035
25/04/2018,108.81,109.451,108.753,109.42,0.61,0.56%,175553
26/04/2018,109.421,109.466,109.065,109.293,-0.127,-0.12%,158061
27/04/2018,109.289,109.534,108.984,109.033,-0.26,-0.24%,158443
30/04/2018,109.073,109.449,109.019,109.327,0.294,0.27%,111469
1/05/2018,109.341,109.885,109.236,109.856,0.529,0.48%,123072
2/05/2018,109.858,110.003,109.596,109.832,-0.024,-0.02%,152232
3/05/2018,109.832,109.878,108.928,109.181,-0.651,-0.59%,162832
4/05/2018,109.179,109.269,108.654,109.104,-0.077,-0.07%,136675
7/05/2018,109.164,109.395,108.756,109.085,-0.019,-0.02%,95672
8/05/2018,109.086,109.341,108.846,109.121,0.036,0.03%,141383
9/05/2018,109.122,109.83,108.995,109.724,0.603,0.55%,137121
10/05/2018,109.71,110.011,109.32,109.389,-0.335,-0.31%,159186
11/05/2018,109.383,109.567,109.158,109.353,-0.036,-0.03%,116291
14/05/2018,109.307,109.669,109.208,109.644,0.291,0.27%,101134
15/05/2018,109.647,110.451,109.647,110.334,0.69,0.63%,154958
16/05/2018,110.277,110.401,110.038,110.391,0.057,0.05%,146066
17/05/2018,110.385,110.857,110.073,110.759,0.368,0.33%,138600
18/05/2018,110.76,111.078,110.609,110.738,-0.021,-0.02%,132573
21/05/2018,110.905,111.39,110.819,111.042,0.304,0.27%,103420
22/05/2018,111.05,111.182,110.795,110.89,-0.152,-0.14%,123698
23/05/2018,110.891,110.917,109.557,110.074,-0.816,-0.74%,210275
24/05/2018,110.073,110.084,108.959,109.243,-0.831,-0.75%,183762
25/05/2018,109.25,109.739,109.087,109.38,0.137,0.13%,167696
28/05/2018,109.714,109.824,109.234,109.402,0.022,0.02%,130206
29/05/2018,109.41,109.465,108.115,108.755,-0.647,-0.59%,284441
30/05/2018,108.758,109.058,108.347,108.902,0.147,0.14%,233615
31/05/2018,108.902,109,108.391,108.805,-0.097,-0.09%,208646
1/06/2018,108.806,109.73,108.722,109.5,0.695,0.64%,180996
4/06/2018,109.406,109.85,109.371,109.803,0.303,0.28%,125148
5/06/2018,109.807,110.002,109.473,109.782,-0.021,-0.02%,148840
6/06/2018,109.782,110.263,109.769,110.179,0.397,0.36%,140953
7/06/2018,110.175,110.218,109.524,109.694,-0.485,-0.44%,173793
8/06/2018,109.692,109.849,109.197,109.528,-0.166,-0.15%,167455
11/06/2018,109.288,110.115,109.227,110.03,0.502,0.46%,113480
12/06/2018,110.032,110.49,109.933,110.367,0.337,0.31%,159404
13/06/2018,110.355,110.833,110.272,110.336,-0.031,-0.03%,131851
14/06/2018,110.33,110.69,109.917,110.625,0.289,0.26%,154455
15/06/2018,110.613,110.899,110.386,110.625,0,0.00%,163182
18/06/2018,110.633,110.726,110.298,110.541,-0.084,-0.08%,102567
19/06/2018,110.538,110.571,109.55,110.05,-0.491,-0.44%,196499
20/06/2018,110.057,110.448,109.854,110.352,0.302,0.27%,149617
21/06/2018,110.351,110.756,109.842,109.957,-0.395,-0.36%,159743
22/06/2018,109.97,110.216,109.816,109.965,0.008,0.01%,138117
25/06/2018,109.75,110.018,109.367,109.751,-0.214,-0.19%,143814
26/06/2018,109.765,110.201,109.368,110.025,0.274,0.25%,145060
27/06/2018,110.02,110.485,109.684,110.255,0.23,0.21%,194065
28/06/2018,110.25,110.644,109.965,110.485,0.23,0.21%,169404
29/06/2018,110.487,110.922,110.375,110.678,0.193,0.17%,178370
2/07/2018,110.544,111.06,110.507,110.891,0.213,0.19%,150884
3/07/2018,110.878,111.131,110.506,110.559,-0.332,-0.30%,165177
4/07/2018,110.559,110.598,110.279,110.44,-0.119,-0.11%,158585
5/07/2018,110.393,110.709,110.291,110.587,0.147,0.13%,171875
6/07/2018,110.559,110.784,110.384,110.442,-0.145,-0.13%,143280
9/07/2018,110.31,110.899,110.31,110.834,0.392,0.35%,109500
10/07/2018,110.788,111.352,110.783,110.999,0.165,0.15%,116115
11/07/2018,111.012,112.165,110.765,111.981,0.982,0.88%,214760
12/07/2018,111.996,112.622,111.914,112.514,0.533,0.48%,152134
13/07/2018,112.469,112.798,112.273,112.334,-0.18,-0.16%,134706
16/07/2018,112.296,112.56,112.156,112.273,-0.061,-0.05%,101653
17/07/2018,112.289,112.923,112.213,112.867,0.594,0.53%,157402
18/07/2018,112.877,113.134,112.717,112.838,-0.029,-0.03%,136875
19/07/2018,112.856,113.158,112.076,112.443,-0.395,-0.35%,186348
20/07/2018,112.447,112.618,111.381,111.381,-1.062,-0.94%,213454
23/07/2018,111.279,111.541,110.75,111.338,-0.043,-0.04%,154821
24/07/2018,111.341,111.512,110.963,111.173,-0.165,-0.15%,155303
25/07/2018,111.177,111.38,110.683,110.965,-0.208,-0.19%,170203
26/07/2018,110.958,111.245,110.588,111.22,0.255,0.23%,150838
27/07/2018,111.223,111.243,110.801,110.995,-0.225,-0.20%,125381
30/07/2018,110.92,111.163,110.89,111.032,0.037,0.03%,87703
31/07/2018,110.99,111.952,110.751,111.855,0.823,0.74%,173264
1/08/2018,111.847,112.149,111.398,111.713,-0.142,-0.13%,159752
2/08/2018,111.711,111.73,111.325,111.636,-0.077,-0.07%,154771
3/08/2018,111.647,111.843,111.1,111.231,-0.405,-0.36%,139982
6/08/2018,111.163,111.523,111.15,111.396,0.165,0.15%,88421
7/08/2018,111.394,111.477,110.994,111.376,-0.02,-0.02%,106889
8/08/2018,111.37,111.431,110.837,110.961,-0.415,-0.37%,111820
9/08/2018,110.988,111.18,110.707,111.078,0.117,0.11%,123617
10/08/2018,111.084,111.166,110.54,110.807,-0.271,-0.24%,197560
13/08/2018,110.372,110.931,110.108,110.691,-0.116,-0.10%,190477
14/08/2018,110.719,111.312,110.588,111.14,0.449,0.41%,158970
15/08/2018,111.121,111.429,110.436,110.737,-0.403,-0.36%,156160
16/08/2018,110.736,111.117,110.46,110.889,0.152,0.14%,164716
17/08/2018,110.887,111.05,110.313,110.484,-0.405,-0.37%,136182
20/08/2018,110.531,110.681,110.016,110.065,-0.419,-0.38%,95424
21/08/2018,110.062,110.541,109.774,110.286,0.221,0.20%,123562
22/08/2018,110.242,110.613,110.026,110.548,0.262,0.24%,133089
23/08/2018,110.555,111.311,110.515,111.265,0.717,0.65%,120937
24/08/2018,111.28,111.484,111.103,111.206,-0.059,-0.05%,123968
27/08/2018,111.235,111.344,110.934,111.072,-0.134,-0.12%,84821
28/08/2018,111.076,111.354,110.956,111.187,0.115,0.10%,111310
29/08/2018,111.186,111.825,111.112,111.686,0.499,0.45%,128268
30/08/2018,111.692,111.752,110.951,110.974,-0.712,-0.64%,127558
31/08/2018,110.956,111.128,110.684,111.008,0.034,0.03%,137385
3/09/2018,111.018,111.185,110.85,111.02,0.012,0.01%,93070
4/09/2018,111.047,111.53,110.9,111.369,0.349,0.31%,130009
5/09/2018,111.399,111.752,111.309,111.523,0.154,0.14%,143329
6/09/2018,111.531,111.531,110.519,110.744,-0.779,-0.70%,142326
7/09/2018,110.733,111.243,110.38,110.975,0.231,0.21%,161122
10/09/2018,110.93,111.245,110.852,111.119,0.144,0.13%,93894
11/09/2018,111.113,111.639,111.059,111.619,0.5,0.45%,95480
12/09/2018,111.618,111.648,111.119,111.254,-0.365,-0.33%,107121
13/09/2018,111.257,111.996,111.119,111.919,0.665,0.60%,118821
14/09/2018,111.92,112.166,111.752,112.029,0.11,0.10%,116568
17/09/2018,112.026,112.12,111.76,111.84,-0.189,-0.17%,77884
18/09/2018,111.845,112.387,111.663,112.354,0.514,0.46%,141356
19/09/2018,112.358,112.444,112.159,112.268,-0.086,-0.08%,102603
20/09/2018,112.283,112.581,112.042,112.483,0.215,0.19%,130079
21/09/2018,112.484,112.872,112.419,112.556,0.073,0.06%,112222
24/09/2018,112.273,112.831,112.273,112.77,0.214,0.19%,74680
25/09/2018,112.806,112.975,112.74,112.968,0.198,0.18%,94419
26/09/2018,112.968,113.128,112.631,112.713,-0.255,-0.23%,117961
27/09/2018,112.716,113.463,112.558,113.367,0.654,0.58%,125332
28/09/2018,113.371,113.698,113.32,113.677,0.31,0.27%,119968
1/10/2018,113.726,114.057,113.696,113.893,0.216,0.19%,93924
2/10/2018,113.915,114.014,113.532,113.63,-0.263,-0.23%,117149
3/10/2018,113.614,114.538,113.52,114.527,0.897,0.79%,121353
4/10/2018,114.52,114.547,113.647,113.869,-0.658,-0.57%,167481
5/10/2018,113.867,114.097,113.562,113.693,-0.176,-0.15%,162322
8/10/2018,113.771,113.94,112.82,113.227,-0.466,-0.41%,122181
9/10/2018,113.224,113.389,112.871,112.953,-0.274,-0.24%,185232
10/10/2018,112.956,113.282,112.249,112.264,-0.689,-0.61%,200095
11/10/2018,112.263,112.53,111.84,112.156,-0.108,-0.10%,284258
12/10/2018,112.132,112.495,111.878,112.16,0.004,0.00%,220707
15/10/2018,112.146,112.232,111.624,111.764,-0.396,-0.35%,184040
16/10/2018,111.763,112.332,111.729,112.244,0.48,0.43%,150886
17/10/2018,112.248,112.672,112.017,112.638,0.394,0.35%,111167
18/10/2018,112.659,112.726,111.972,112.177,-0.461,-0.41%,135137
19/10/2018,112.18,112.629,112.106,112.503,0.326,0.29%,130451
22/10/2018,112.467,112.882,112.348,112.816,0.313,0.28%,103442
23/10/2018,112.803,112.836,111.965,112.417,-0.399,-0.35%,119900
24/10/2018,112.383,112.739,112.098,112.248,-0.169,-0.15%,128084
25/10/2018,112.251,112.67,111.818,112.409,0.161,0.14%,141941
26/10/2018,112.391,112.438,111.382,111.877,-0.532,-0.47%,141779
29/10/2018,111.849,112.552,111.781,112.361,0.484,0.43%,100305
30/10/2018,112.365,113.127,112.305,113.116,0.755,0.67%,100289
31/10/2018,113.121,113.376,112.808,112.928,-0.188,-0.17%,91489
1/11/2018,112.933,112.996,112.606,112.703,-0.225,-0.20%,95764
2/11/2018,112.706,113.315,112.555,113.187,0.484,0.43%,107575
5/11/2018,113.146,113.329,113.075,113.188,0.001,0.00%,72394
6/11/2018,113.189,113.5,113.102,113.421,0.233,0.21%,77553
7/11/2018,113.425,113.815,112.944,113.513,0.092,0.08%,147180
8/11/2018,113.51,114.08,113.466,114.058,0.545,0.48%,85012
9/11/2018,114.061,114.076,113.664,113.761,-0.297,-0.26%,89114
12/11/2018,113.758,114.201,113.665,113.831,0.07,0.06%,84082
13/11/2018,113.83,114.141,113.58,113.797,-0.034,-0.03%,101912
14/11/2018,113.809,114.003,113.302,113.61,-0.187,-0.16%,93098
15/11/2018,113.615,113.701,113.099,113.622,0.012,0.01%,104657
16/11/2018,113.628,113.632,112.642,112.812,-0.81,-0.71%,108215
19/11/2018,112.751,112.871,112.419,112.535,-0.277,-0.25%,80951
20/11/2018,112.533,112.834,112.302,112.742,0.207,0.18%,93976
21/11/2018,112.78,113.144,112.645,113.051,0.309,0.27%,88521
22/11/2018,113.056,113.156,112.879,112.927,-0.124,-0.11%,94462
23/11/2018,112.932,113.006,112.661,112.94,0.013,0.01%,84892
26/11/2018,112.866,113.648,112.866,113.578,0.638,0.56%,75031
27/11/2018,113.582,113.838,113.413,113.771,0.193,0.17%,83965
28/11/2018,113.779,114.027,113.452,113.672,-0.099,-0.09%,74007
29/11/2018,113.676,113.676,113.196,113.476,-0.196,-0.17%,78395
30/11/2018,113.478,113.7,113.305,113.444,-0.032,-0.03%,72308
3/12/2018,113.793,113.815,113.372,113.642,0.198,0.17%,68805
4/12/2018,113.642,113.654,112.58,112.764,-0.878,-0.77%,97892
5/12/2018,112.768,113.238,112.647,113.189,0.425,0.38%,60580
6/12/2018,113.203,113.203,112.241,112.665,-0.524,-0.46%,121648
7/12/2018,112.667,112.925,112.565,112.688,0.023,0.02%,97755
10/12/2018,112.528,113.363,112.238,113.317,0.629,0.56%,86876
11/12/2018,113.308,113.461,113.007,113.374,0.057,0.05%,98593
12/12/2018,113.39,113.515,113.141,113.275,-0.099,-0.09%,99053
13/12/2018,113.283,113.705,113.2,113.587,0.312,0.28%,84461
14/12/2018,113.598,113.671,113.212,113.365,-0.222,-0.20%,89865
17/12/2018,113.309,113.518,112.68,112.825,-0.54,-0.48%,70592
18/12/2018,112.824,112.853,112.248,112.51,-0.315,-0.28%,94701
19/12/2018,112.512,112.661,112.087,112.456,-0.054,-0.05%,79670
20/12/2018,112.459,112.601,110.812,111.278,-1.178,-1.05%,120004
21/12/2018,111.285,111.456,110.931,111.21,-0.068,-0.06%,113258
24/12/2018,110.859,111.184,110.265,110.394,-0.816,-0.73%,113417
26/12/2018,110.558,111.402,110.279,111.193,0.799,0.72%,45618
27/12/2018,110.843,111.098,110.461,110.964,-0.229,-0.21%,59597
28/12/2018,110.942,111.011,110.144,110.248,-0.716,-0.65%,124142
31/12/2018,110.36,110.471,109.554,109.574,-0.674,-0.61%,95836
2/01/2019,109.673,109.723,108.706,108.872,-0.702,-0.64%,132890
3/01/2019,108.877,108.893,104.801,107.637,-1.235,-1.13%,210311
4/01/2019,107.663,108.583,107.512,108.454,0.817,0.76%,177735
7/01/2019,108.626,108.744,108.021,108.707,0.253,0.23%,111386
8/01/2019,108.71,109.085,108.442,108.713,0.006,0.01%,120789
9/01/2019,108.739,108.995,107.98,108.135,-0.578,-0.53%,132807
10/01/2019,108.136,108.511,107.767,108.423,0.288,0.27%,135720
11/01/2019,108.424,108.594,108.143,108.477,0.054,0.05%,104931
14/01/2019,108.516,108.547,107.984,108.15,-0.327,-0.30%,82358
15/01/2019,108.15,108.749,108.122,108.671,0.521,0.48%,114579
16/01/2019,108.664,109.192,108.368,109.083,0.412,0.38%,102860
17/01/2019,109.1,109.394,108.683,109.253,0.17,0.16%,106463
18/01/2019,109.248,109.884,109.054,109.768,0.515,0.47%,104481
21/01/2019,109.77,109.77,109.474,109.652,-0.116,-0.11%,61848
22/01/2019,109.65,109.692,109.148,109.366,-0.286,-0.26%,93403
23/01/2019,109.347,109.995,109.3,109.6,0.234,0.21%,96384
24/01/2019,109.606,109.796,109.425,109.631,0.031,0.03%,97822
25/01/2019,109.625,109.946,109.454,109.538,-0.093,-0.08%,100167
28/01/2019,109.493,109.57,109.159,109.324,-0.214,-0.20%,82564
29/01/2019,109.339,109.537,109.128,109.375,0.051,0.05%,84750
30/01/2019,109.33,109.738,108.811,109.031,-0.344,-0.31%,95237
31/01/2019,109.034,109.067,108.496,108.869,-0.162,-0.15%,92711
1/02/2019,108.769,109.576,108.723,109.486,0.617,0.57%,72361
4/02/2019,109.49,110.158,109.431,109.85,0.364,0.33%,68292
5/02/2019,109.881,110.037,109.778,109.96,0.11,0.10%,70909
6/02/2019,109.97,110.049,109.557,109.971,0.011,0.01%,75180
7/02/2019,109.97,110.085,109.606,109.799,-0.172,-0.16%,92878
8/02/2019,109.786,109.893,109.647,109.736,-0.063,-0.06%,75864
11/02/2019,109.694,110.465,109.687,110.368,0.632,0.58%,68924
12/02/2019,110.366,110.647,110.335,110.474,0.106,0.10%,70436
13/02/2019,110.476,111.049,110.407,110.991,0.517,0.47%,66289
14/02/2019,110.96,111.123,110.437,110.458,-0.533,-0.48%,94732
15/02/2019,110.469,110.64,110.257,110.429,-0.029,-0.03%,82626
18/02/2019,110.419,110.624,110.414,110.596,0.167,0.15%,57906
19/02/2019,110.607,110.819,110.451,110.608,0.012,0.01%,71914
20/02/2019,110.607,110.947,110.53,110.839,0.231,0.21%,72314
21/02/2019,110.848,110.855,110.575,110.695,-0.144,-0.13%,78034
22/02/2019,110.685,110.9,110.556,110.657,-0.038,-0.03%,69767
25/02/2019,110.618,111.231,110.579,111.05,0.393,0.36%,65215
26/02/2019,111.048,111.074,110.421,110.577,-0.473,-0.43%,68357
27/02/2019,110.584,111.071,110.353,110.984,0.407,0.37%,70618
28/02/2019,110.984,111.489,110.66,111.378,0.394,0.36%,79720
1/03/2019,111.372,112.072,111.324,111.879,0.501,0.45%,72378
4/03/2019,111.85,112.011,111.639,111.731,-0.148,-0.13%,65552
5/03/2019,111.735,112.12,111.712,111.879,0.148,0.13%,63577
6/03/2019,111.887,111.917,111.613,111.761,-0.118,-0.11%,67053
7/03/2019,111.762,111.851,111.483,111.557,-0.204,-0.18%,68501
8/03/2019,111.56,111.646,110.833,111.155,-0.402,-0.36%,84194
11/03/2019,111.17,111.303,110.877,111.204,0.049,0.04%,54298
12/03/2019,111.173,111.46,111.107,111.342,0.138,0.12%,66381
13/03/2019,111.33,111.461,111.004,111.156,-0.186,-0.17%,65430
14/03/2019,111.159,111.829,111.132,111.686,0.53,0.48%,82925
15/03/2019,111.693,111.898,111.385,111.467,-0.219,-0.20%,77340
18/03/2019,111.437,111.627,111.295,111.421,-0.046,-0.04%,52954
19/03/2019,111.423,111.472,111.156,111.381,-0.04,-0.04%,59099
20/03/2019,111.384,111.689,110.548,110.684,-0.697,-0.63%,80684
21/03/2019,110.698,110.951,110.295,110.799,0.115,0.10%,73846
22/03/2019,110.808,110.894,109.741,109.901,-0.898,-0.81%,102453
25/03/2019,109.906,110.236,109.71,109.954,0.053,0.05%,88248
26/03/2019,109.94,110.682,109.906,110.622,0.668,0.61%,96376
27/03/2019,110.628,110.708,110.234,110.505,-0.117,-0.11%,104173
28/03/2019,110.507,110.827,110.017,110.604,0.099,0.09%,108087
29/03/2019,110.628,110.943,110.535,110.826,0.222,0.20%,96788
1/04/2019,111.02,111.439,110.824,111.339,0.513,0.46%,72298
2/04/2019,111.34,111.453,111.247,111.313,-0.026,-0.02%,63189
3/04/2019,111.312,111.572,111.208,111.485,0.172,0.15%,71342
4/04/2019,111.49,111.674,111.334,111.664,0.179,0.16%,62835
5/04/2019,111.663,111.811,111.55,111.688,0.024,0.02%,65954
8/04/2019,111.651,111.725,111.282,111.483,-0.205,-0.18%,48789
9/04/2019,111.481,111.575,110.981,111.124,-0.359,-0.32%,58109
10/04/2019,111.135,111.273,110.836,111.007,-0.117,-0.11%,65465
11/04/2019,111.007,111.691,110.871,111.647,0.64,0.58%,59979
12/04/2019,111.657,112.09,111.57,111.999,0.352,0.32%,64147
15/04/2019,111.948,112.091,111.886,112.031,0.032,0.03%,44473
16/04/2019,112.032,112.042,111.845,112.007,-0.024,-0.02%,59301
17/04/2019,112.008,112.162,111.921,112.05,0.043,0.04%,58167
18/04/2019,112.053,112.058,111.77,111.955,-0.095,-0.08%,64072
19/04/2019,111.973,112.002,111.892,111.911,-0.044,-0.04%,44982
22/04/2019,111.856,111.987,111.841,111.932,0.021,0.02%,33724
23/04/2019,111.931,112.029,111.652,111.857,-0.075,-0.07%,52032
24/04/2019,111.851,112.397,111.68,112.188,0.331,0.30%,62831
25/04/2019,112.19,112.235,111.39,111.602,-0.586,-0.52%,71301
26/04/2019,111.58,111.969,111.431,111.528,-0.074,-0.07%,75339
29/04/2019,111.542,111.891,111.534,111.636,0.108,0.10%,40299
30/04/2019,111.643,111.686,111.233,111.417,-0.219,-0.20%,58981
1/05/2019,111.417,111.598,111.048,111.373,-0.044,-0.04%,54709
2/05/2019,111.363,111.66,111.346,111.503,0.13,0.12%,53300
3/05/2019,111.502,111.661,111.067,111.089,-0.414,-0.37%,59723
6/05/2019,110.551,110.954,110.281,110.809,-0.28,-0.25%,74150
7/05/2019,110.762,110.849,110.173,110.236,-0.573,-0.52%,75270
8/05/2019,110.23,110.289,109.902,110.095,-0.141,-0.13%,83827
9/05/2019,110.096,110.103,109.473,109.76,-0.335,-0.30%,89490
10/05/2019,109.762,110.047,109.47,109.93,0.17,0.15%,340736
13/05/2019,109.737,109.913,109.019,109.297,-0.633,-0.58%,272753
14/05/2019,109.294,109.771,109.145,109.607,0.31,0.28%,251410
15/05/2019,109.606,109.704,109.153,109.588,-0.019,-0.02%,261253
16/05/2019,109.588,109.966,109.334,109.84,0.252,0.23%,248457
17/05/2019,109.839,110.19,109.492,110.085,0.245,0.22%,317698
20/05/2019,110.178,110.319,109.806,110.058,-0.027,-0.02%,257007
21/05/2019,110.071,110.672,110.005,110.486,0.428,0.39%,246304
22/05/2019,110.48,110.625,110.238,110.339,-0.147,-0.13%,230230
23/05/2019,110.354,110.363,109.458,109.597,-0.742,-0.67%,305886
24/05/2019,109.605,109.744,109.272,109.294,-0.303,-0.28%,253314
27/05/2019,109.298,109.582,109.277,109.477,0.183,0.17%,161469
28/05/2019,109.503,109.627,109.208,109.363,-0.114,-0.10%,283961
29/05/2019,109.378,109.698,109.146,109.588,0.225,0.21%,301761
30/05/2019,109.589,109.926,109.477,109.598,0.01,0.01%,271253
31/05/2019,109.609,109.624,108.238,108.288,-1.31,-1.20%,376420
3/06/2019,108.308,108.45,107.882,108.063,-0.225,-0.21%,283856
4/06/2019,108.077,108.36,107.842,108.135,0.072,0.07%,300466
5/06/2019,108.14,108.485,107.812,108.451,0.316,0.29%,311528
6/06/2019,108.462,108.562,108.025,108.391,-0.06,-0.06%,306863
7/06/2019,108.425,108.615,107.881,108.156,-0.235,-0.22%,285572
10/06/2019,108.584,108.714,108.185,108.434,0.278,0.26%,219603
11/06/2019,108.438,108.8,108.347,108.51,0.076,0.07%,237306
12/06/2019,108.512,108.575,108.216,108.499,-0.011,-0.01%,271460
13/06/2019,108.498,108.536,108.162,108.367,-0.132,-0.12%,261007
14/06/2019,108.375,108.587,108.156,108.547,0.18,0.17%,256468
17/06/2019,108.533,108.723,108.423,108.538,-0.009,-0.01%,181535
18/06/2019,108.524,108.667,108.068,108.441,-0.097,-0.09%,280993
19/06/2019,108.482,108.617,107.917,108.093,-0.348,-0.32%,240542
20/06/2019,108.103,108.141,107.21,107.287,-0.806,-0.75%,369374
21/06/2019,107.315,107.727,107.047,107.314,0.027,0.03%,329286
24/06/2019,107.315,107.535,107.245,107.291,-0.023,-0.02%,228177
25/06/2019,107.302,107.408,106.777,107.157,-0.134,-0.12%,325573
26/06/2019,107.21,107.85,107.085,107.784,0.627,0.59%,214418
27/06/2019,107.779,108.157,107.648,107.774,-0.01,-0.01%,192078
28/06/2019,107.775,107.929,107.56,107.858,0.084,0.08%,183343
1/07/2019,108.131,108.532,107.878,108.428,0.57,0.53%,181061
2/07/2019,108.438,108.473,107.763,107.871,-0.557,-0.51%,149162
3/07/2019,107.888,107.917,107.532,107.806,-0.065,-0.06%,150069
4/07/2019,107.823,107.84,107.704,107.811,0.005,0.00%,83304
5/07/2019,107.81,108.635,107.762,108.462,0.651,0.60%,143198
8/07/2019,108.425,108.802,108.277,108.719,0.257,0.24%,111211
9/07/2019,108.718,108.964,108.667,108.849,0.13,0.12%,114868
10/07/2019,108.862,108.99,108.344,108.458,-0.391,-0.36%,140695
11/07/2019,108.467,108.53,107.858,108.489,0.031,0.03%,143678
12/07/2019,108.489,108.609,107.8,107.89,-0.599,-0.55%,142330
15/07/2019,107.889,108.107,107.795,107.903,0.013,0.01%,113153
16/07/2019,107.905,108.376,107.816,108.229,0.326,0.30%,152978
17/07/2019,108.226,108.326,107.935,107.939,-0.29,-0.27%,131173
18/07/2019,107.954,108.01,107.209,107.289,-0.65,-0.60%,171254
19/07/2019,107.288,107.958,107.209,107.722,0.433,0.40%,164880
22/07/2019,107.711,108.064,107.697,107.862,0.14,0.13%,122323
23/07/2019,107.86,108.282,107.825,108.214,0.352,0.33%,128118
24/07/2019,108.214,108.27,107.938,108.178,-0.036,-0.03%,117889
25/07/2019,108.178,108.75,108.038,108.628,0.45,0.42%,139444
26/07/2019,108.627,108.824,108.56,108.647,0.019,0.02%,117625
29/07/2019,108.645,108.896,108.421,108.775,0.128,0.12%,86222
30/07/2019,108.775,108.944,108.449,108.592,-0.183,-0.17%,143658
31/07/2019,108.592,108.983,108.488,108.775,0.183,0.17%,145551
1/08/2019,108.754,109.311,107.255,107.328,-1.447,-1.33%,195227
2/08/2019,107.327,107.563,106.506,106.57,-0.758,-0.71%,303764
5/08/2019,106.569,106.676,105.787,105.948,-0.622,-0.58%,287499
6/08/2019,105.949,107.077,105.519,106.456,0.508,0.48%,310295
7/08/2019,106.457,106.46,105.516,106.261,-0.195,-0.18%,267112
8/08/2019,106.262,106.298,105.895,106.069,-0.192,-0.18%,233809
9/08/2019,106.069,106.072,105.266,105.643,-0.426,-0.40%,188942
12/08/2019,105.57,105.684,105.047,105.288,-0.355,-0.34%,156403
13/08/2019,105.284,106.953,105.067,106.734,1.446,1.37%,200489
14/08/2019,106.734,106.753,105.688,105.904,-0.83,-0.78%,214160
15/08/2019,105.904,106.763,105.702,106.108,0.204,0.19%,255182
16/08/2019,106.102,106.491,106.025,106.352,0.244,0.23%,179706
19/08/2019,106.358,106.691,106.218,106.629,0.277,0.26%,128741
20/08/2019,106.629,106.688,106.168,106.221,-0.408,-0.38%,143451
21/08/2019,106.221,106.642,106.219,106.609,0.388,0.37%,128835
22/08/2019,106.608,106.645,106.252,106.429,-0.18,-0.17%,139693
23/08/2019,106.426,106.729,105.255,105.354,-1.075,-1.01%,170531
26/08/2019,104.944,106.296,104.458,106.093,0.739,0.70%,302371
27/08/2019,106.091,106.14,105.588,105.74,-0.353,-0.33%,201771
28/08/2019,105.741,106.224,105.65,106.106,0.366,0.35%,183011
29/08/2019,106.106,106.679,105.827,106.501,0.395,0.37%,188930
30/08/2019,106.502,106.54,106.105,106.256,-0.245,-0.23%,179075
2/09/2019,106.009,106.395,105.98,106.199,-0.057,-0.05%,121061
3/09/2019,106.2,106.382,105.739,105.934,-0.265,-0.25%,186900
4/09/2019,105.932,106.43,105.827,106.383,0.449,0.42%,173805
5/09/2019,106.383,107.223,106.323,106.936,0.553,0.52%,211888
6/09/2019,106.934,107.097,106.622,106.912,-0.024,-0.02%,209743
9/09/2019,106.844,107.268,106.761,107.234,0.322,0.30%,161821
10/09/2019,107.234,107.577,107.176,107.531,0.297,0.28%,186160
11/09/2019,107.532,107.85,107.495,107.792,0.261,0.24%,176437
12/09/2019,107.794,108.184,107.519,108.091,0.299,0.28%,237052
13/09/2019,108.087,108.256,107.921,108.065,-0.026,-0.02%,183468
16/09/2019,107.642,108.162,107.446,108.106,0.041,0.04%,195809
17/09/2019,108.108,108.365,108.021,108.108,0.002,0.00%,179023
18/09/2019,108.108,108.472,108.082,108.445,0.337,0.31%,150685
19/09/2019,108.445,108.468,107.786,108.022,-0.423,-0.39%,219810
20/09/2019,108.022,108.082,107.523,107.552,-0.47,-0.44%,183969
23/09/2019,107.735,107.763,107.307,107.538,-0.014,-0.01%,151609
24/09/2019,107.538,107.788,106.959,107.052,-0.486,-0.45%,195493
25/09/2019,107.051,107.88,106.998,107.76,0.708,0.66%,224350
26/09/2019,107.761,107.954,107.431,107.83,0.07,0.06%,190870
27/09/2019,107.83,108.178,107.655,107.909,0.079,0.07%,200322
30/09/2019,107.979,108.174,107.742,108.068,0.159,0.15%,170983
1/10/2019,108.067,108.466,107.63,107.744,-0.324,-0.30%,184007
2/10/2019,107.742,107.888,107.056,107.175,-0.569,-0.53%,194235
3/10/2019,107.175,107.295,106.499,106.905,-0.27,-0.25%,219460
4/10/2019,106.906,107.117,106.591,106.903,-0.002,0.00%,188400
7/10/2019,106.899,107.452,106.554,107.238,0.335,0.31%,163067
8/10/2019,107.237,107.44,106.804,107.078,-0.16,-0.15%,206569
9/10/2019,107.077,107.606,106.931,107.473,0.395,0.37%,176193
10/10/2019,107.473,108.007,107.031,107.95,0.477,0.44%,262989
11/10/2019,107.951,108.614,107.847,108.367,0.417,0.39%,235456
14/10/2019,108.336,108.516,108.03,108.392,0.025,0.02%,151647
15/10/2019,108.392,108.896,108.154,108.851,0.459,0.42%,185131
16/10/2019,108.851,108.859,108.598,108.753,-0.098,-0.09%,197120
17/10/2019,108.753,108.933,108.465,108.637,-0.116,-0.11%,192407
18/10/2019,108.635,108.72,108.382,108.391,-0.246,-0.23%,170041
21/10/2019,108.449,108.66,108.297,108.595,0.204,0.19%,153738
22/10/2019,108.597,108.719,108.441,108.48,-0.115,-0.11%,127553
23/10/2019,108.48,108.7,108.249,108.688,0.208,0.19%,163308
24/10/2019,108.688,108.748,108.496,108.613,-0.075,-0.07%,141308
25/10/2019,108.612,108.77,108.51,108.66,0.047,0.04%,132751
28/10/2019,108.729,109.036,108.657,108.956,0.296,0.27%,105972
29/10/2019,108.953,109.065,108.8,108.881,-0.075,-0.07%,122383
30/10/2019,108.881,109.277,108.733,108.805,-0.076,-0.07%,132064
31/10/2019,108.808,108.893,107.925,108.02,-0.785,-0.72%,168852
1/11/2019,108.02,108.321,107.887,108.171,0.151,0.14%,131561
4/11/2019,108.242,108.647,108.186,108.569,0.398,0.37%,114935
5/11/2019,108.57,109.238,108.536,109.146,0.577,0.53%,175019
6/11/2019,109.145,109.18,108.824,108.971,-0.175,-0.16%,151553
7/11/2019,108.97,109.484,108.648,109.275,0.304,0.28%,198452
8/11/2019,109.275,109.473,109.077,109.215,-0.06,-0.05%,172494
11/11/2019,109.136,109.251,108.893,109.043,-0.172,-0.16%,107300
12/11/2019,109.042,109.289,108.922,109.01,-0.033,-0.03%,166567
13/11/2019,109.008,109.147,108.653,108.807,-0.203,-0.19%,154547
14/11/2019,108.805,108.86,108.243,108.4,-0.407,-0.37%,169237
15/11/2019,108.399,108.852,108.379,108.762,0.362,0.33%,144156
18/11/2019,108.784,109.07,108.511,108.67,-0.092,-0.08%,136210
19/11/2019,108.671,108.834,108.45,108.534,-0.136,-0.13%,157104
20/11/2019,108.534,108.736,108.346,108.595,0.061,0.06%,185082
21/11/2019,108.595,108.67,108.276,108.61,0.015,0.01%,201264
22/11/2019,108.61,108.727,108.475,108.62,0.01,0.01%,152960
25/11/2019,108.682,108.975,108.64,108.905,0.285,0.26%,120417
26/11/2019,108.906,109.195,108.873,109.031,0.126,0.12%,154481
27/11/2019,109.03,109.605,109.006,109.539,0.508,0.47%,131002
28/11/2019,109.54,109.549,109.33,109.501,-0.038,-0.03%,109506
29/11/2019,109.5,109.665,109.393,109.462,-0.039,-0.04%,141726
2/12/2019,109.542,109.724,108.923,108.974,-0.488,-0.45%,133468
3/12/2019,108.973,109.203,108.483,108.628,-0.346,-0.32%,166706
4/12/2019,108.628,108.96,108.426,108.86,0.232,0.21%,174129
5/12/2019,108.86,108.994,108.654,108.755,-0.105,-0.10%,158224
6/12/2019,108.756,108.9,108.526,108.553,-0.202,-0.19%,136553
9/12/2019,108.629,108.674,108.428,108.554,0.001,0.00%,104097
10/12/2019,108.553,108.764,108.512,108.7,0.146,0.13%,135243
11/12/2019,108.701,108.848,108.466,108.55,-0.15,-0.14%,135674
12/12/2019,108.551,109.437,108.454,109.286,0.736,0.68%,145629
13/12/2019,109.287,109.702,109.005,109.322,0.036,0.03%,213264
16/12/2019,109.333,109.673,109.259,109.535,0.213,0.19%,106486
17/12/2019,109.536,109.631,109.441,109.474,-0.061,-0.06%,114345
18/12/2019,109.474,109.624,109.397,109.532,0.058,0.05%,106911
19/12/2019,109.531,109.678,109.179,109.356,-0.176,-0.16%,124691
20/12/2019,109.356,109.522,109.255,109.428,0.072,0.07%,108181
23/12/2019,109.455,109.533,109.337,109.378,-0.05,-0.05%,91514
24/12/2019,109.377,109.437,109.325,109.4,0.022,0.02%,104508
26/12/2019,109.361,109.68,109.34,109.625,0.225,0.21%,86034
27/12/2019,109.616,109.616,109.386,109.431,-0.194,-0.18%,163494
30/12/2019,109.472,109.472,108.766,108.873,-0.558,-0.51%,115905
31/12/2019,108.873,108.88,108.468,108.603,-0.27,-0.25%,116074
2/01/2020,108.754,108.862,108.211,108.557,-0.046,-0.04%,114713
3/01/2020,108.558,108.627,107.84,108.077,-0.48,-0.44%,207802
6/01/2020,107.934,108.502,107.771,108.366,0.289,0.27%,160472
7/01/2020,108.357,108.626,108.259,108.448,0.082,0.08%,166405
8/01/2020,108.445,109.241,107.648,109.12,0.672,0.62%,292441
9/01/2020,109.118,109.579,109.009,109.515,0.395,0.36%,167932
10/01/2020,109.516,109.686,109.433,109.451,-0.064,-0.06%,129510
13/01/2020,109.492,109.942,109.485,109.938,0.487,0.44%,100908
14/01/2020,109.938,110.204,109.859,109.982,0.044,0.04%,145969
15/01/2020,109.982,110.006,109.787,109.893,-0.089,-0.08%,130646
16/01/2020,109.893,110.175,109.845,110.153,0.26,0.24%,117413
17/01/2020,110.15,110.284,110.048,110.122,-0.031,-0.03%,116780
20/01/2020,110.059,110.213,110.045,110.179,0.057,0.05%,74442
21/01/2020,110.179,110.22,109.758,109.864,-0.315,-0.29%,155040
22/01/2020,109.863,110.089,109.828,109.834,-0.03,-0.03%,130031
23/01/2020,109.834,109.855,109.27,109.485,-0.349,-0.32%,151821
24/01/2020,109.485,109.649,109.171,109.268,-0.217,-0.20%,125081
27/01/2020,108.864,109.133,108.733,108.89,-0.378,-0.35%,165871
28/01/2020,108.889,109.193,108.756,109.14,0.25,0.23%,154126
29/01/2020,109.139,109.259,108.979,109.012,-0.128,-0.12%,129007
30/01/2020,109.012,109.06,108.586,108.937,-0.075,-0.07%,179469
31/01/2020,108.935,109.13,108.309,108.331,-0.606,-0.56%,145965
3/02/2020,108.442,108.795,108.317,108.665,0.334,0.31%,166149
4/02/2020,108.666,109.541,108.547,109.516,0.851,0.78%,155259
5/02/2020,109.516,109.84,109.302,109.819,0.303,0.28%,155890
6/02/2020,109.818,109.999,109.693,109.99,0.171,0.16%,135588
7/02/2020,109.989,110.018,109.531,109.718,-0.272,-0.25%,155548
10/02/2020,109.667,109.875,109.561,109.768,0.05,0.05%,140151
11/02/2020,109.767,109.96,109.724,109.783,0.015,0.01%,113520
12/02/2020,109.782,110.13,109.637,110.071,0.288,0.26%,118710
13/02/2020,110.069,110.089,109.617,109.817,-0.254,-0.23%,163466
14/02/2020,109.816,109.909,109.697,109.755,-0.062,-0.06%,120843
17/02/2020,109.848,109.959,109.718,109.863,0.108,0.10%,77188
18/02/2020,109.863,109.943,109.655,109.866,0.003,0.00%,137126
19/02/2020,109.866,111.588,109.775,111.348,1.482,1.35%,146973
20/02/2020,111.347,112.219,111.11,112.095,0.747,0.67%,211751
21/02/2020,112.095,112.182,111.483,111.538,-0.557,-0.50%,186517
24/02/2020,111.333,111.673,110.338,110.71,-0.828,-0.74%,184204
25/02/2020,110.71,111.038,109.89,110.199,-0.511,-0.46%,251906
26/02/2020,110.198,110.695,110.133,110.415,0.216,0.20%,244329
27/02/2020,110.415,110.451,109.556,109.566,-0.849,-0.77%,276110
28/02/2020,109.568,109.677,107.511,108.035,-1.531,-1.40%,307691
2/03/2020,107.301,108.574,107.294,108.298,0.263,0.24%,260030
3/03/2020,108.299,108.529,106.945,107.107,-1.191,-1.10%,235266
4/03/2020,107.105,107.661,106.846,107.526,0.419,0.39%,250344
5/03/2020,107.526,107.736,105.978,106.161,-1.365,-1.27%,225191
6/03/2020,106.16,106.339,104.992,105.315,-0.846,-0.80%,269450
9/03/2020,104.299,104.576,101.255,102.346,-2.969,-2.82%,421665
10/03/2020,102.346,105.896,102.01,105.617,3.271,3.20%,449602
11/03/2020,105.619,105.636,104.101,104.487,-1.13,-1.07%,455810
12/03/2020,104.49,106.084,103.085,104.614,0.127,0.12%,509511
13/03/2020,104.615,108.49,104.499,107.907,3.293,3.15%,596006
16/03/2020,107.018,107.561,105.146,105.87,-2.037,-1.89%,462013
17/03/2020,105.867,107.859,105.84,107.651,1.781,1.68%,719011
18/03/2020,107.65,108.649,106.75,108.027,0.376,0.35%,673241
19/03/2020,108.028,110.947,107.851,110.694,2.667,2.47%,717908
20/03/2020,110.694,111.501,109.328,110.82,0.126,0.11%,592256
23/03/2020,110.913,111.589,109.668,111.186,0.366,0.33%,545679
24/03/2020,111.189,111.707,110.086,111.198,0.012,0.01%,523976
25/03/2020,111.197,111.672,110.749,111.196,-0.002,0.00%,482812
26/03/2020,111.195,111.285,109.207,109.565,-1.631,-1.47%,507851
27/03/2020,109.564,109.704,107.758,107.86,-1.705,-1.56%,446218
30/03/2020,107.673,108.289,107.124,107.804,-0.056,-0.05%,346756
31/03/2020,107.803,108.723,107.46,107.513,-0.291,-0.27%,404134
1/04/2020,107.504,107.936,106.919,107.156,-0.357,-0.33%,332883
2/04/2020,107.157,108.088,107.02,107.857,0.701,0.65%,325142
3/04/2020,107.86,108.668,107.802,108.492,0.635,0.59%,278313
6/04/2020,108.423,109.378,108.331,109.211,0.719,0.66%,284191
7/04/2020,109.208,109.272,108.672,108.738,-0.473,-0.43%,304964
8/04/2020,108.737,109.096,108.506,108.818,0.08,0.07%,269970
9/04/2020,108.819,109.058,108.208,108.454,-0.364,-0.33%,255789
10/04/2020,108.456,108.58,108.327,108.367,-0.087,-0.08%,121245
13/04/2020,108.373,108.513,107.5,107.747,-0.62,-0.57%,197405
14/04/2020,107.746,107.762,106.979,107.209,-0.538,-0.50%,192734
15/04/2020,107.208,107.85,106.927,107.397,0.188,0.18%,221267
16/04/2020,107.401,108.078,107.168,107.907,0.51,0.47%,244161
17/04/2020,107.908,108.074,107.301,107.512,-0.395,-0.37%,251661
20/04/2020,107.534,107.946,107.441,107.618,0.106,0.10%,176319
21/04/2020,107.617,107.89,107.283,107.744,0.126,0.12%,233268
22/04/2020,107.741,107.933,107.512,107.732,-0.012,-0.01%,196143
23/04/2020,107.733,108.035,107.345,107.563,-0.169,-0.16%,221650
24/04/2020,107.566,107.755,107.369,107.455,-0.108,-0.10%,188942
27/04/2020,107.55,107.619,106.992,107.244,-0.211,-0.20%,171494
28/04/2020,107.212,107.337,106.558,106.864,-0.38,-0.35%,199840
29/04/2020,106.863,106.892,106.357,106.619,-0.245,-0.23%,188309
30/04/2020,106.618,107.496,106.406,107.152,0.533,0.50%,235062
1/05/2020,107.144,107.402,106.605,106.877,-0.275,-0.26%,195236
4/05/2020,106.842,107.066,106.632,106.699,-0.178,-0.17%,163571
5/05/2020,106.697,106.891,106.417,106.445,-0.254,-0.24%,172648
6/05/2020,106.441,106.603,105.987,106.087,-0.358,-0.34%,183383
7/05/2020,106.087,106.653,105.991,106.247,0.16,0.15%,183582
8/05/2020,106.245,106.743,106.221,106.589,0.342,0.32%,171060
11/05/2020,106.609,107.765,106.439,107.637,1.048,0.98%,169186
12/05/2020,107.634,107.688,107.114,107.114,-0.523,-0.49%,172636
13/05/2020,107.112,107.272,106.743,107.023,-0.091,-0.08%,178681
14/05/2020,107.022,107.36,106.775,107.214,0.191,0.18%,174951
15/05/2020,107.215,107.43,106.855,107.038,-0.176,-0.16%,159983
18/05/2020,107.083,107.5,107.064,107.281,0.243,0.23%,148282
19/05/2020,107.261,108.082,107.261,107.684,0.403,0.38%,171769
20/05/2020,107.683,107.981,107.336,107.514,-0.17,-0.16%,147595
21/05/2020,107.508,107.845,107.491,107.601,0.087,0.08%,151029
22/05/2020,107.601,107.759,107.321,107.607,0.006,0.01%,134206
25/05/2020,107.601,107.778,107.536,107.693,0.086,0.08%,92098
26/05/2020,107.693,107.921,107.401,107.521,-0.172,-0.16%,141084
27/05/2020,107.518,107.943,107.365,107.713,0.192,0.18%,186693
28/05/2020,107.712,107.898,107.573,107.632,-0.081,-0.08%,154454
29/05/2020,107.629,107.889,107.084,107.802,0.17,0.16%,191691
1/06/2020,107.666,107.853,107.385,107.583,-0.219,-0.20%,139753
2/06/2020,107.582,108.77,107.508,108.667,1.084,1.01%,165487
3/06/2020,108.667,108.979,108.419,108.9,0.233,0.21%,187347
4/06/2020,108.897,109.194,108.618,109.14,0.24,0.22%,191048
5/06/2020,109.138,109.849,109.045,109.585,0.445,0.41%,198136
8/06/2020,109.606,109.687,108.237,108.423,-1.162,-1.06%,157220
9/06/2020,108.423,108.54,107.62,107.744,-0.679,-0.63%,191213
10/06/2020,107.742,107.87,106.989,107.12,-0.624,-0.58%,194285
11/06/2020,107.119,107.231,106.576,106.86,-0.26,-0.24%,218566
12/06/2020,106.86,107.547,106.582,107.378,0.518,0.48%,226573
15/06/2020,107.246,107.562,107,107.31,-0.068,-0.06%,190421
16/06/2020,107.311,107.633,107.213,107.311,0.001,0.00%,203450
17/06/2020,107.304,107.438,106.953,106.998,-0.313,-0.29%,156483
18/06/2020,107.003,107.123,106.663,106.955,-0.043,-0.04%,179396
19/06/2020,106.956,107.054,106.767,106.877,-0.078,-0.07%,150665
22/06/2020,106.814,107.008,106.754,106.899,0.022,0.02%,135764
23/06/2020,106.9,107.218,106.075,106.52,-0.379,-0.35%,186139
24/06/2020,106.521,107.067,106.382,107.039,0.519,0.49%,178707
25/06/2020,107.013,107.448,106.978,107.187,0.148,0.14%,157632
26/06/2020,107.185,107.354,106.799,107.216,0.029,0.03%,147893
29/06/2020,107.12,107.88,107.042,107.57,0.354,0.33%,134724
30/06/2020,107.568,107.98,107.524,107.924,0.354,0.33%,156498
1/07/2020,107.924,108.161,107.362,107.46,-0.464,-0.43%,139699
2/07/2020,107.455,107.719,107.333,107.492,0.032,0.03%,123735
3/07/2020,107.49,107.565,107.433,107.498,0.006,0.01%,91982
6/07/2020,107.489,107.77,107.255,107.36,-0.138,-0.13%,102396
7/07/2020,107.359,107.788,107.246,107.509,0.149,0.14%,111837
8/07/2020,107.507,107.706,107.196,107.255,-0.254,-0.24%,117636
9/07/2020,107.254,107.394,107.098,107.197,-0.058,-0.05%,139199
10/07/2020,107.196,107.261,106.648,106.921,-0.276,-0.26%,133070
13/07/2020,106.882,107.316,106.779,107.284,0.363,0.34%,111094
14/07/2020,107.285,107.426,107.11,107.232,-0.052,-0.05%,139834
15/07/2020,107.227,107.306,106.663,106.928,-0.304,-0.28%,128373
16/07/2020,106.925,107.398,106.832,107.259,0.331,0.31%,128173
17/07/2020,107.255,107.359,106.936,107.03,-0.229,-0.21%,105163
20/07/2020,107.112,107.52,107.007,107.267,0.237,0.22%,124157
21/07/2020,107.264,107.363,106.682,106.79,-0.477,-0.44%,137817
22/07/2020,106.79,107.288,106.701,107.153,0.363,0.34%,138804
23/07/2020,107.153,107.228,106.708,106.854,-0.299,-0.28%,120586
24/07/2020,106.852,106.879,105.682,106.122,-0.732,-0.69%,166965
27/07/2020,106.033,106.102,105.117,105.37,-0.752,-0.71%,169586
28/07/2020,105.37,105.683,104.955,105.083,-0.287,-0.27%,173622
29/07/2020,105.083,105.238,104.77,104.914,-0.169,-0.16%,168355
30/07/2020,104.914,105.29,104.677,104.724,-0.19,-0.18%,177559
31/07/2020,104.723,106.05,104.188,105.843,1.119,1.07%,241412
3/08/2020,105.758,106.468,105.58,105.946,0.103,0.10%,221881
4/08/2020,105.94,106.192,105.635,105.714,-0.232,-0.22%,158958
5/08/2020,105.714,105.869,105.321,105.594,-0.12,-0.11%,168055
6/08/2020,105.587,105.694,105.299,105.543,-0.051,-0.05%,167764
7/08/2020,105.537,106.048,105.483,105.926,0.383,0.36%,167779
10/08/2020,105.924,106.197,105.707,105.959,0.033,0.03%,119454
11/08/2020,105.953,106.681,105.911,106.489,0.53,0.50%,172957
12/08/2020,106.488,107.012,106.439,106.882,0.393,0.37%,178161
13/08/2020,106.863,107.047,106.564,106.923,0.041,0.04%,159959
14/08/2020,106.912,107.035,106.435,106.588,-0.335,-0.31%,126789
17/08/2020,106.586,106.644,105.942,105.998,-0.59,-0.55%,129291
18/08/2020,105.99,106.048,105.285,105.403,-0.595,-0.56%,164559
19/08/2020,105.402,106.147,105.102,106.111,0.708,0.67%,182452
20/08/2020,106.112,106.213,105.743,105.788,-0.323,-0.30%,187582
21/08/2020,105.785,106.069,105.444,105.813,0.025,0.02%,160953
24/08/2020,105.855,105.994,105.688,105.973,0.16,0.15%,127581
25/08/2020,105.973,106.574,105.873,106.385,0.412,0.39%,156217
26/08/2020,106.38,106.552,105.949,105.982,-0.403,-0.38%,146966
27/08/2020,105.982,106.698,105.606,106.562,0.58,0.55%,218251
28/08/2020,106.562,106.944,105.201,105.358,-1.204,-1.13%,244371
31/08/2020,105.449,106.094,105.294,105.899,0.541,0.51%,194039
1/09/2020,105.895,106.152,105.593,105.949,0.05,0.05%,200879
2/09/2020,105.948,106.3,105.851,106.179,0.23,0.22%,170520
3/09/2020,106.179,106.548,105.998,106.184,0.005,0.00%,180584
4/09/2020,106.184,106.5,106.057,106.236,0.052,0.05%,155375
7/09/2020,106.269,106.383,106.131,106.258,0.022,0.02%,121499
8/09/2020,106.257,106.38,105.862,106.026,-0.232,-0.22%,160683
9/09/2020,106.026,106.271,105.794,106.177,0.151,0.14%,167158
10/09/2020,106.177,106.296,105.983,106.122,-0.055,-0.05%,161564
11/09/2020,106.122,106.254,106.057,106.16,0.038,0.04%,147920
14/09/2020,106.118,106.164,105.547,105.723,-0.437,-0.41%,125314
15/09/2020,105.723,105.812,105.3,105.438,-0.285,-0.27%,139155
16/09/2020,105.438,105.438,104.801,104.943,-0.495,-0.47%,172549
17/09/2020,104.943,105.168,104.525,104.741,-0.202,-0.19%,181454
18/09/2020,104.741,104.866,104.269,104.571,-0.17,-0.16%,145347
21/09/2020,104.566,104.857,104,104.641,0.07,0.07%,164792
22/09/2020,104.642,105.074,104.401,104.921,0.28,0.27%,151390
23/09/2020,104.921,105.485,104.848,105.374,0.453,0.43%,173695
24/09/2020,105.376,105.526,105.205,105.407,0.033,0.03%,172505
25/09/2020,105.407,105.697,105.24,105.589,0.182,0.17%,147579
28/09/2020,105.542,105.662,105.264,105.49,-0.099,-0.09%,138826
29/09/2020,105.491,105.73,105.342,105.659,0.169,0.16%,161643
30/09/2020,105.656,105.802,105.402,105.459,-0.2,-0.19%,184869
1/10/2020,105.462,105.725,105.402,105.516,0.057,0.05%,180886
2/10/2020,105.517,105.664,104.942,105.264,-0.252,-0.24%,211617
5/10/2020,105.292,105.792,105.24,105.752,0.488,0.46%,146132
6/10/2020,105.753,105.781,105.47,105.626,-0.126,-0.12%,160408
7/10/2020,105.626,106.105,105.598,105.974,0.348,0.33%,154618
8/10/2020,105.975,106.102,105.923,106.026,0.052,0.05%,146512
9/10/2020,106.027,106.038,105.58,105.61,-0.416,-0.39%,152393
12/10/2020,105.813,105.813,105.235,105.333,-0.277,-0.26%,135741
13/10/2020,105.322,105.626,105.246,105.471,0.138,0.13%,160665
14/10/2020,105.471,105.514,105.036,105.164,-0.307,-0.29%,146123
15/10/2020,105.165,105.491,105.076,105.438,0.274,0.26%,159551
16/10/2020,105.436,105.441,105.188,105.402,-0.036,-0.03%,148980
19/10/2020,105.383,105.5,105.296,105.437,0.035,0.03%,122390
20/10/2020,105.438,105.747,105.365,105.495,0.058,0.06%,150291
21/10/2020,105.494,105.522,104.341,104.585,-0.91,-0.86%,171010
22/10/2020,104.585,104.92,104.471,104.847,0.262,0.25%,133557
23/10/2020,104.848,104.933,104.549,104.706,-0.141,-0.13%,133819
26/10/2020,104.707,105.052,104.645,104.833,0.127,0.12%,120378
27/10/2020,104.833,104.887,104.388,104.409,-0.424,-0.40%,116431
28/10/2020,104.409,104.554,104.114,104.319,-0.09,-0.09%,153020
29/10/2020,104.32,104.722,104.022,104.601,0.282,0.27%,158173
30/10/2020,104.602,104.74,104.126,104.626,0.025,0.02%,165046
2/11/2020,104.567,104.946,104.471,104.742,0.116,0.11%,121101
3/11/2020,104.744,104.8,104.436,104.498,-0.244,-0.23%,175958
4/11/2020,104.5,105.341,104.151,104.516,0.018,0.02%,320464
5/11/2020,104.515,104.53,103.443,103.508,-1.008,-0.96%,216973
6/11/2020,103.498,103.757,103.178,103.346,-0.162,-0.16%,224210
9/11/2020,103.319,105.645,103.188,105.38,2.034,1.97%,234804
10/11/2020,105.369,105.486,104.821,105.279,-0.101,-0.10%,220585
11/11/2020,105.279,105.674,105.008,105.425,0.146,0.14%,131189
12/11/2020,105.424,105.474,105.068,105.124,-0.301,-0.29%,140078
13/11/2020,105.124,105.147,104.551,104.551,-0.573,-0.55%,135645
16/11/2020,104.677,105.127,104.362,104.568,0.017,0.02%,124913
17/11/2020,104.567,104.591,104.071,104.172,-0.396,-0.38%,122938
18/11/2020,104.171,104.199,103.652,103.781,-0.391,-0.38%,126386
19/11/2020,103.78,104.213,103.717,103.73,-0.051,-0.05%,140699
20/11/2020,103.727,103.908,103.704,103.82,0.09,0.09%,117650
23/11/2020,103.822,104.634,103.684,104.496,0.676,0.65%,128140
24/11/2020,104.479,104.758,104.144,104.426,-0.07,-0.07%,147135
25/11/2020,104.424,104.597,104.258,104.449,0.023,0.02%,142703
26/11/2020,104.449,104.472,104.216,104.248,-0.201,-0.19%,114962
27/11/2020,104.249,104.269,103.907,104.047,-0.201,-0.19%,103211
30/11/2020,104.041,104.408,103.833,104.312,0.265,0.25%,136502
1/12/2020,104.311,104.576,104.182,104.289,-0.023,-0.02%,138684
2/12/2020,104.289,104.749,104.227,104.403,0.114,0.11%,151031
3/12/2020,104.404,104.534,103.672,103.835,-0.568,-0.54%,148306
4/12/2020,103.835,104.24,103.738,104.127,0.292,0.28%,140059
7/12/2020,104.105,104.311,103.923,104.044,-0.083,-0.08%,131597
8/12/2020,104.044,104.204,103.955,104.161,0.117,0.11%,135641
9/12/2020,104.16,104.403,104.053,104.203,0.042,0.04%,127852
10/12/2020,104.205,104.577,104.157,104.216,0.013,0.01%,147784
11/12/2020,104.215,104.267,103.825,103.979,-0.237,-0.23%,132879
14/12/2020,104.02,104.1,103.513,104.043,0.064,0.06%,124932
15/12/2020,104.044,104.15,103.603,103.658,-0.385,-0.37%,112039
16/12/2020,103.657,103.914,103.261,103.417,-0.241,-0.23%,140023
17/12/2020,103.418,103.559,102.878,103.085,-0.332,-0.32%,138972
18/12/2020,103.08,103.593,103.068,103.268,0.183,0.18%,133125
21/12/2020,103.469,103.888,103.254,103.28,0.012,0.01%,164589
22/12/2020,103.28,103.732,103.276,103.623,0.343,0.33%,135620
23/12/2020,103.623,103.65,103.357,103.544,-0.079,-0.08%,126574
24/12/2020,103.539,103.762,103.43,103.635,0.091,0.09%,85864
28/12/2020,103.574,103.896,103.403,103.778,0.143,0.14%,100983
29/12/2020,103.78,103.806,103.461,103.52,-0.258,-0.25%,105197
30/12/2020,103.518,103.581,102.96,103.159,-0.361,-0.35%,118143
31/12/2020,103.157,103.305,102.995,103.188,0.029,0.03%,93309
4/01/2021,103.174,103.314,102.712,103.13,-0.058,-0.06%,134445
5/01/2021,103.121,103.188,102.6,102.679,-0.451,-0.44%,136441
6/01/2021,102.673,103.442,102.594,103.047,0.368,0.36%,180272
7/01/2021,103.048,103.955,102.952,103.763,0.716,0.69%,160359
8/01/2021,103.758,104.089,103.603,103.899,0.136,0.13%,178006
11/01/2021,103.83,104.395,103.769,104.238,0.339,0.33%,123737
12/01/2021,104.239,104.33,103.72,103.746,-0.492,-0.47%,131894
13/01/2021,103.747,103.993,103.526,103.863,0.117,0.11%,128885
14/01/2021,103.86,104.195,103.565,103.798,-0.065,-0.06%,142769
15/01/2021,103.797,103.91,103.618,103.872,0.074,0.07%,115944
18/01/2021,103.727,103.928,103.637,103.689,-0.183,-0.18%,110541
19/01/2021,103.689,104.083,103.652,103.899,0.21,0.20%,117581
20/01/2021,103.898,103.926,103.446,103.533,-0.366,-0.35%,111944
21/01/2021,103.533,103.666,103.327,103.485,-0.048,-0.05%,124189
22/01/2021,103.478,103.883,103.465,103.756,0.271,0.26%,119481
25/01/2021,103.789,103.934,103.674,103.744,-0.012,-0.01%,94957
26/01/2021,103.745,103.827,103.555,103.616,-0.128,-0.12%,105123
27/01/2021,103.615,104.196,103.583,104.083,0.467,0.45%,124058
28/01/2021,104.078,104.459,104.051,104.234,0.151,0.15%,134703
29/01/2021,104.23,104.937,104.195,104.716,0.482,0.46%,149077
1/02/2021,104.767,105.033,104.609,104.928,0.212,0.20%,103596
2/02/2021,104.925,105.171,104.827,104.975,0.047,0.04%,115635
3/02/2021,104.973,105.103,104.922,105.024,0.049,0.05%,97974
4/02/2021,105.023,105.562,104.974,105.532,0.508,0.48%,107610
5/02/2021,105.528,105.763,105.284,105.293,-0.239,-0.23%,117371
8/02/2021,105.295,105.669,105.151,105.192,-0.101,-0.10%,98978
9/02/2021,105.194,105.261,104.499,104.533,-0.659,-0.63%,125571
10/02/2021,104.533,104.84,104.413,104.589,0.056,0.05%,110506
11/02/2021,104.586,104.802,104.55,104.715,0.126,0.12%,81692
12/02/2021,104.711,105.178,104.705,104.893,0.178,0.17%,90152
15/02/2021,104.975,105.415,104.894,105.373,0.48,0.46%,86452
16/02/2021,105.37,106.069,105.186,106.042,0.669,0.63%,128985
17/02/2021,106.041,106.217,105.779,105.86,-0.182,-0.17%,140126
18/02/2021,105.861,105.922,105.598,105.663,-0.197,-0.19%,119009
19/02/2021,105.662,105.74,105.239,105.425,-0.238,-0.23%,110506
22/02/2021,105.41,105.839,104.983,105.063,-0.362,-0.34%,125240
23/02/2021,105.061,105.426,104.921,105.22,0.157,0.15%,113434
24/02/2021,105.222,106.103,105.194,105.812,0.592,0.56%,149510
25/02/2021,105.815,106.398,105.811,106.183,0.371,0.35%,200550
26/02/2021,106.177,106.689,105.849,106.488,0.305,0.29%,215641
1/03/2021,106.579,106.886,106.369,106.756,0.268,0.25%,125000
2/03/2021,106.756,106.955,106.674,106.681,-0.075,-0.07%,126292
3/03/2021,106.681,107.151,106.671,107.006,0.325,0.30%,134641
4/03/2021,107.001,107.983,106.959,107.967,0.961,0.90%,152526
5/03/2021,107.961,108.641,107.82,108.366,0.399,0.37%,186181
8/03/2021,108.407,108.939,108.295,108.913,0.547,0.50%,69486
9/03/2021,108.91,109.23,108.413,108.49,-0.423,-0.39%,82429
10/03/2021,108.488,108.915,108.338,108.382,-0.108,-0.10%,104250
11/03/2021,108.381,108.811,108.354,108.505,0.123,0.11%,159133
12/03/2021,108.504,109.162,108.462,108.98,0.475,0.44%,158282
15/03/2021,108.974,109.358,108.915,109.116,0.136,0.12%,128856
16/03/2021,109.115,109.284,108.772,108.991,-0.125,-0.11%,132584
17/03/2021,108.99,109.323,108.745,108.834,-0.157,-0.14%,150868
18/03/2021,108.831,109.299,108.625,108.88,0.046,0.04%,204606
19/03/2021,108.881,109.121,108.609,108.783,-0.097,-0.09%,176816
22/03/2021,108.603,108.954,108.575,108.847,0.064,0.06%,128674
23/03/2021,108.843,108.87,108.406,108.564,-0.283,-0.26%,149480
24/03/2021,108.565,108.95,108.452,108.717,0.153,0.14%,138405
25/03/2021,108.716,109.235,108.713,109.187,0.47,0.43%,150500
26/03/2021,109.188,109.844,109.131,109.625,0.438,0.40%,141408
29/03/2021,109.752,109.843,109.373,109.76,0.135,0.12%,138975
30/03/2021,109.758,110.423,109.714,110.344,0.584,0.53%,149676
31/03/2021,110.343,110.963,110.273,110.66,0.316,0.29%,173511
1/04/2021,110.659,110.844,110.545,110.574,-0.086,-0.08%,142254
2/04/2021,110.571,110.745,110.374,110.692,0.118,0.11%,78914
5/04/2021,110.646,110.743,109.962,110.173,-0.519,-0.47%,99541
6/04/2021,110.171,110.55,109.668,109.704,-0.469,-0.43%,146147
7/04/2021,109.706,109.938,109.579,109.832,0.128,0.12%,149100
8/04/2021,109.831,109.9,109,109.199,-0.633,-0.58%,137300
9/04/2021,109.193,109.955,109.191,109.661,0.462,0.42%,134107
12/04/2021,109.714,109.766,109.246,109.371,-0.29,-0.26%,114671
13/04/2021,109.368,109.751,109.016,109.056,-0.315,-0.29%,147420
14/04/2021,109.055,109.092,108.752,108.931,-0.125,-0.11%,132956
15/04/2021,108.925,108.961,108.615,108.752,-0.179,-0.16%,126332
16/04/2021,108.753,108.962,108.611,108.753,0.001,0.00%,118534
19/04/2021,108.756,108.823,108.009,108.128,-0.625,-0.57%,140150
20/04/2021,108.127,108.544,107.974,108.068,-0.06,-0.06%,139871
21/04/2021,108.067,108.279,107.875,108.03,-0.038,-0.04%,126132
22/04/2021,108.032,108.227,107.815,107.959,-0.071,-0.07%,130749
23/04/2021,107.958,108.141,107.478,107.863,-0.096,-0.09%,124911
26/04/2021,107.898,108.195,107.645,108.069,0.206,0.19%,111715
27/04/2021,108.067,108.772,108.055,108.696,0.627,0.58%,122135
28/04/2021,108.695,109.073,108.569,108.593,-0.103,-0.09%,154606
29/04/2021,108.591,109.219,108.434,108.913,0.32,0.29%,128008
30/04/2021,108.913,109.353,108.712,109.261,0.348,0.32%,139947
3/05/2021,109.26,109.695,108.894,109.052,-0.209,-0.19%,112230
4/05/2021,109.051,109.484,109.027,109.291,0.239,0.22%,133533
5/05/2021,109.294,109.476,109.143,109.168,-0.123,-0.11%,113634
6/05/2021,109.171,109.426,108.999,109.085,-0.083,-0.08%,152171
7/05/2021,109.085,109.284,108.339,108.559,-0.526,-0.48%,161981
10/05/2021,108.627,109.052,108.469,108.778,0.219,0.20%,137356
11/05/2021,108.777,108.979,108.352,108.61,-0.168,-0.15%,154010
12/05/2021,108.61,109.704,108.563,109.676,1.066,0.98%,168496
13/05/2021,109.671,109.783,109.404,109.434,-0.242,-0.22%,158537
14/05/2021,109.429,109.65,109.192,109.286,-0.148,-0.14%,134832
17/05/2021,109.35,109.498,109.073,109.161,-0.125,-0.11%,117686
18/05/2021,109.158,109.28,108.836,108.878,-0.283,-0.26%,133284
19/05/2021,108.877,109.332,108.572,109.196,0.318,0.29%,169590
20/05/2021,109.195,109.302,108.749,108.754,-0.442,-0.40%,147935
21/05/2021,108.752,109,108.609,108.941,0.187,0.17%,130718
24/05/2021,108.914,108.989,108.696,108.741,-0.2,-0.18%,111799
25/05/2021,108.739,109.063,108.563,108.748,0.007,0.01%,147966
26/05/2021,108.747,109.175,108.722,109.142,0.394,0.36%,133741
27/05/2021,109.141,109.92,109.036,109.808,0.666,0.61%,149002
28/05/2021,109.802,110.198,109.705,109.705,-0.103,-0.09%,141306
31/05/2021,109.802,109.93,109.354,109.568,-0.137,-0.12%,95149
1/06/2021,109.566,109.701,109.332,109.476,-0.092,-0.08%,121975
2/06/2021,109.474,109.883,109.392,109.532,0.056,0.05%,117442
3/06/2021,109.53,110.317,109.507,110.289,0.757,0.69%,125368
4/06/2021,110.286,110.326,109.364,109.494,-0.795,-0.72%,128277
7/06/2021,109.511,109.632,109.191,109.248,-0.246,-0.22%,115112
8/06/2021,109.246,109.555,109.197,109.484,0.236,0.22%,124024
9/06/2021,109.484,109.653,109.224,109.604,0.12,0.11%,106916
10/06/2021,109.606,109.792,109.304,109.317,-0.287,-0.26%,132213
11/06/2021,109.316,109.837,109.308,109.653,0.336,0.31%,123611
14/06/2021,109.631,110.096,109.596,110.067,0.414,0.38%,103153
15/06/2021,110.066,110.164,109.984,110.036,-0.031,-0.03%,113079
16/06/2021,110.038,110.715,109.802,110.709,0.673,0.61%,133909
17/06/2021,110.708,110.821,110.166,110.195,-0.514,-0.46%,163359
18/06/2021,110.194,110.483,109.942,110.224,0.029,0.03%,178350
21/06/2021,110.247,110.347,109.716,110.267,0.043,0.04%,159856
22/06/2021,110.25,110.787,110.212,110.641,0.374,0.34%,126248
23/06/2021,110.64,111.099,110.618,110.952,0.311,0.28%,125216
24/06/2021,110.951,111.109,110.69,110.87,-0.082,-0.07%,134041
25/06/2021,110.866,110.98,110.48,110.77,-0.1,-0.09%,115115
28/06/2021,110.76,110.972,110.497,110.613,-0.157,-0.14%,111692
29/06/2021,110.613,110.755,110.431,110.467,-0.146,-0.13%,120126
30/06/2021,110.463,111.117,110.419,111.104,0.637,0.58%,135182
1/07/2021,111.104,111.635,111.025,111.523,0.419,0.38%,123762
2/07/2021,111.522,111.658,110.95,110.992,-0.531,-0.48%,127545
5/07/2021,110.985,111.188,110.797,110.977,-0.015,-0.01%,109879
6/07/2021,110.975,110.975,110.522,110.6,-0.377,-0.34%,137536
7/07/2021,110.599,110.812,110.397,110.59,-0.01,-0.01%,152937
8/07/2021,110.594,110.684,109.533,109.716,-0.874,-0.79%,185484
9/07/2021,109.718,110.255,109.702,110.032,0.316,0.29%,145066
12/07/2021,110.155,110.399,109.98,110.347,0.315,0.29%,105137
13/07/2021,110.347,110.644,110.198,110.627,0.28,0.25%,132163
14/07/2021,110.626,110.696,109.932,109.938,-0.689,-0.62%,136167
15/07/2021,109.938,110.086,109.714,109.824,-0.114,-0.10%,142909
16/07/2021,109.825,110.34,109.732,110.051,0.227,0.21%,131493
19/07/2021,110.036,110.09,109.064,109.413,-0.638,-0.58%,157766
20/07/2021,109.406,109.953,109.329,109.838,0.425,0.39%,180176
21/07/2021,109.834,110.385,109.802,110.283,0.445,0.41%,153286
22/07/2021,110.282,110.353,110.014,110.112,-0.171,-0.16%,138358
23/07/2021,110.108,110.588,110.087,110.543,0.431,0.39%,121397
26/07/2021,110.479,110.581,110.118,110.37,-0.173,-0.16%,132508
27/07/2021,110.368,110.39,109.586,109.771,-0.599,-0.54%,154797
28/07/2021,109.766,110.28,109.707,109.911,0.14,0.13%,165831
29/07/2021,109.911,109.945,109.42,109.461,-0.45,-0.41%,149760
30/07/2021,109.459,109.825,109.362,109.684,0.223,0.20%,143767
2/08/2021,109.671,109.767,109.187,109.299,-0.385,-0.35%,119697
3/08/2021,109.298,109.336,108.878,109.01,-0.289,-0.26%,138829
4/08/2021,109.011,109.672,108.722,109.478,0.468,0.43%,145481
5/08/2021,109.477,109.784,109.405,109.772,0.294,0.27%,140916
6/08/2021,109.769,110.35,109.7,110.187,0.415,0.38%,131831
9/08/2021,110.329,110.351,110.026,110.285,0.098,0.09%,109110
10/08/2021,110.273,110.596,110.269,110.567,0.282,0.26%,116646
11/08/2021,110.566,110.798,110.308,110.396,-0.171,-0.15%,133961
12/08/2021,110.394,110.543,110.315,110.419,0.023,0.02%,110596
13/08/2021,110.417,110.455,109.546,109.606,-0.813,-0.74%,108781
16/08/2021,109.632,109.747,109.113,109.195,-0.411,-0.37%,123060
17/08/2021,109.186,109.653,109.117,109.51,0.315,0.29%,148918
18/08/2021,109.507,110.064,109.478,109.76,0.25,0.23%,152286
19/08/2021,109.75,110.222,109.484,109.691,-0.069,-0.06%,178797
20/08/2021,109.694,109.882,109.57,109.756,0.065,0.06%,143446
23/08/2021,109.778,110.144,109.65,109.688,-0.068,-0.06%,129799
24/08/2021,109.685,109.88,109.413,109.653,-0.035,-0.03%,132707
25/08/2021,109.651,110.123,109.616,109.96,0.307,0.28%,133152
26/08/2021,109.957,110.224,109.925,110.083,0.123,0.11%,140082
27/08/2021,110.082,110.264,109.769,109.769,-0.314,-0.29%,135481
30/08/2021,109.811,109.958,109.702,109.909,0.14,0.13%,83044
31/08/2021,109.909,110.076,109.585,109.996,0.087,0.08%,139158
1/09/2021,109.997,110.417,109.88,109.949,-0.047,-0.04%,139934
2/09/2021,109.954,110.116,109.911,109.911,-0.038,-0.03%,108133
3/09/2021,109.91,110.07,109.593,109.695,-0.216,-0.20%,139845
6/09/2021,109.733,109.943,109.657,109.825,0.13,0.12%,84229
7/09/2021,109.824,110.316,109.687,110.25,0.425,0.39%,127474
8/09/2021,110.249,110.445,110.143,110.245,-0.005,0.00%,123749
9/09/2021,110.242,110.28,109.619,109.686,-0.559,-0.51%,125735
10/09/2021,109.682,109.987,109.675,109.877,0.191,0.17%,117681
13/09/2021,109.866,110.156,109.826,109.975,0.098,0.09%,96256
14/09/2021,109.97,110.155,109.527,109.684,-0.291,-0.26%,118927
15/09/2021,109.684,109.74,109.113,109.367,-0.317,-0.29%,124124
16/09/2021,109.367,109.824,109.214,109.717,0.35,0.32%,123693
17/09/2021,109.713,110.076,109.668,109.947,0.23,0.21%,118361
20/09/2021,109.949,110.034,109.321,109.381,-0.566,-0.51%,117854
21/09/2021,109.381,109.703,109.182,109.21,-0.171,-0.16%,140949
22/09/2021,109.209,109.898,109.121,109.761,0.551,0.50%,173660
23/09/2021,109.758,110.344,109.718,110.323,0.562,0.51%,122963
24/09/2021,110.323,110.791,110.25,110.716,0.393,0.36%,129358
27/09/2021,110.705,111.062,110.535,110.988,0.272,0.25%,124505
28/09/2021,110.988,111.635,110.933,111.478,0.49,0.44%,179365
29/09/2021,111.476,112.046,111.207,111.961,0.483,0.43%,169767
30/09/2021,111.959,112.075,111.237,111.253,-0.708,-0.63%,169767
1/10/2021,111.252,111.483,110.906,111.067,-0.186,-0.17%,194939
4/10/2021,110.935,111.299,110.824,110.912,-0.155,-0.14%,166917
5/10/2021,110.906,111.556,110.87,111.457,0.545,0.49%,165853
6/10/2021,111.457,111.785,111.201,111.407,-0.05,-0.04%,187585
7/10/2021,111.406,111.647,111.231,111.619,0.212,0.19%,143276
8/10/2021,111.618,112.251,111.514,112.228,0.609,0.55%,164974
11/10/2021,112.159,113.408,112.084,113.273,1.045,0.93%,128240
12/10/2021,113.274,113.784,113.004,113.6,0.327,0.29%,182040
13/10/2021,113.601,113.799,113.232,113.25,-0.35,-0.31%,180377
14/10/2021,113.25,113.716,113.209,113.674,0.424,0.37%,139816
15/10/2021,113.674,114.459,113.574,114.221,0.547,0.48%,176142
18/10/2021,114.264,114.447,114.014,114.314,0.093,0.08%,134398
19/10/2021,114.313,114.393,113.882,114.374,0.06,0.05%,120879
20/10/2021,114.373,114.692,114.08,114.308,-0.066,-0.06%,128722
21/10/2021,114.287,114.41,113.651,113.96,-0.348,-0.30%,172670
22/10/2021,113.958,114.202,113.412,113.433,-0.527,-0.46%,177411
25/10/2021,113.602,113.919,113.464,113.708,0.275,0.24%,144256
26/10/2021,113.708,114.307,113.681,114.145,0.437,0.38%,123404
27/10/2021,114.144,114.219,113.393,113.803,-0.342,-0.30%,164768
28/10/2021,113.803,113.863,113.255,113.571,-0.232,-0.20%,165440
29/10/2021,113.571,114.094,113.394,113.949,0.378,0.33%,194770
1/11/2021,114.121,114.441,113.939,113.993,0.044,0.04%,144929
2/11/2021,113.993,114.132,113.462,113.952,-0.041,-0.04%,169462
3/11/2021,113.948,114.214,113.72,114.002,0.05,0.04%,171482
4/11/2021,113.997,114.275,113.508,113.73,-0.272,-0.24%,184516
5/11/2021,113.728,114.023,113.3,113.347,-0.383,-0.34%,188478
8/11/2021,113.358,113.663,113.08,113.218,-0.129,-0.11%,143049
9/11/2021,113.216,113.288,112.725,112.842,-0.376,-0.33%,190856
10/11/2021,112.84,114.009,112.774,113.905,1.063,0.94%,193465
11/11/2021,113.904,114.151,113.809,114.057,0.152,0.13%,132356
12/11/2021,114.056,114.298,113.762,113.897,-0.16,-0.14%,156947
15/11/2021,113.88,114.208,113.755,114.127,0.23,0.20%,137606
16/11/2021,114.125,114.843,114.084,114.814,0.687,0.60%,166862
17/11/2021,114.813,114.967,113.937,114.047,-0.767,-0.67%,179302
18/11/2021,114.037,114.48,113.878,114.25,0.203,0.18%,177626
19/11/2021,114.249,114.535,113.588,113.969,-0.281,-0.25%,220109
22/11/2021,113.926,114.958,113.893,114.874,0.905,0.79%,179186
23/11/2021,114.873,115.181,114.494,115.117,0.243,0.21%,209304
24/11/2021,115.118,115.514,114.825,115.398,0.281,0.24%,205402
25/11/2021,115.396,115.454,115.24,115.365,-0.033,-0.03%,137040
26/11/2021,115.361,115.366,113.056,113.338,-2.027,-1.76%,295317
29/11/2021,113.698,113.954,112.992,113.525,0.187,0.16%,251275
30/11/2021,113.524,113.889,112.537,113.137,-0.388,-0.34%,318888
1/12/2021,113.139,113.625,112.67,112.765,-0.372,-0.33%,255438
2/12/2021,112.765,113.322,112.642,113.108,0.343,0.30%,248998
3/12/2021,113.114,113.608,112.56,112.767,-0.341,-0.30%,232817
6/12/2021,112.833,113.55,112.819,113.478,0.711,0.63%,168055
7/12/2021,113.474,113.777,113.4,113.491,0.013,0.01%,160604
8/12/2021,113.49,113.95,113.311,113.668,0.177,0.16%,188259
9/12/2021,113.669,113.808,113.273,113.418,-0.25,-0.22%,146725
10/12/2021,113.423,113.788,113.225,113.369,-0.049,-0.04%,166699
13/12/2021,113.251,113.723,113.211,113.498,0.129,0.11%,126045
14/12/2021,113.502,113.757,113.426,113.694,0.196,0.17%,150065
15/12/2021,113.683,114.262,113.629,113.931,0.237,0.21%,173969
16/12/2021,113.931,114.245,113.559,113.601,-0.33,-0.29%,188545
17/12/2021,113.606,113.851,113.143,113.665,0.064,0.06%,199898
20/12/2021,113.648,113.728,113.326,113.547,-0.118,-0.10%,181424
21/12/2021,113.543,114.217,113.53,114.043,0.496,0.44%,142820
22/12/2021,114.041,114.366,113.948,114.072,0.029,0.03%,137120
23/12/2021,114.071,114.464,114.054,114.369,0.297,0.26%,123490
24/12/2021,114.366,114.51,114.294,114.392,0.023,0.02%,176737
27/12/2021,114.368,114.912,114.307,114.801,0.409,0.36%,95695
28/12/2021,114.797,114.947,114.705,114.782,-0.019,-0.02%,106907
29/12/2021,114.778,115.035,114.671,114.924,0.142,0.12%,118343
30/12/2021,114.918,115.203,114.902,115.013,0.089,0.08%,115868
31/12/2021,115.004,115.195,114.988,115.106,0.093,0.08%,99067
3/01/2022,115.087,115.362,114.952,115.302,0.196,0.17%,110212
4/01/2022,115.299,116.342,115.22,116.105,0.803,0.70%,166483
5/01/2022,116.105,116.241,115.62,116.08,-0.025,-0.02%,166780
6/01/2022,116.078,116.182,115.628,115.829,-0.251,-0.22%,184382
7/01/2022,115.827,116.044,115.512,115.512,-0.317,-0.27%,159909
10/01/2022,115.596,115.851,115.046,115.15,-0.362,-0.31%,152682
11/01/2022,115.147,115.677,115.129,115.289,0.139,0.12%,168874
12/01/2022,115.288,115.462,114.38,114.632,-0.657,-0.57%,172616
13/01/2022,114.632,114.7,113.998,114.156,-0.476,-0.42%,160737
14/01/2022,114.155,114.259,113.487,114.183,0.027,0.02%,204933
17/01/2022,114.164,114.647,114.12,114.606,0.423,0.37%,106498
18/01/2022,114.608,115.055,114.449,114.585,-0.021,-0.02%,208410
19/01/2022,114.584,114.783,114.208,114.326,-0.259,-0.23%,189964
20/01/2022,114.325,114.544,113.963,114.061,-0.265,-0.23%,190640
21/01/2022,114.058,114.136,113.605,113.662,-0.399,-0.35%,220323
24/01/2022,113.673,113.997,113.477,113.894,0.232,0.20%,209638
25/01/2022,113.888,114.153,113.669,113.851,-0.043,-0.04%,206064
26/01/2022,113.852,114.691,113.775,114.656,0.805,0.71%,179915
27/01/2022,114.654,115.486,114.474,115.36,0.704,0.61%,237390
28/01/2022,115.359,115.682,115.122,115.2,-0.16,-0.14%,200182
31/01/2022,115.269,115.59,114.922,115.135,-0.065,-0.06%,190268
1/02/2022,115.121,115.191,114.565,114.633,-0.502,-0.44%,188553
2/02/2022,114.637,114.799,114.16,114.442,-0.191,-0.17%,163181
3/02/2022,114.429,114.986,114.326,114.981,0.539,0.47%,193836
4/02/2022,114.98,115.426,114.775,115.147,0.166,0.14%,206671
7/02/2022,115.254,115.375,114.913,115.063,-0.084,-0.07%,167086
8/02/2022,115.062,115.623,115.046,115.529,0.466,0.40%,173201
9/02/2022,115.526,115.674,115.32,115.469,-0.06,-0.05%,166868
10/02/2022,115.456,116.336,115.445,115.991,0.522,0.45%,224944
11/02/2022,115.993,116.172,115.014,115.335,-0.656,-0.57%,233468
14/02/2022,115.266,115.745,115.01,115.508,0.173,0.15%,249110
15/02/2022,115.507,115.869,115.259,115.558,0.05,0.04%,212364
16/02/2022,115.551,115.787,115.354,115.426,-0.132,-0.11%,188455
17/02/2022,115.424,115.534,114.846,114.928,-0.498,-0.43%,253773
18/02/2022,114.927,115.295,114.789,114.988,0.06,0.05%,207094
21/02/2022,114.961,115.122,114.715,114.729,-0.259,-0.23%,141924
22/02/2022,114.729,115.237,114.497,115.064,0.335,0.29%,270300
23/02/2022,115.065,115.198,114.924,114.95,-0.114,-0.10%,161873
24/02/2022,114.951,115.693,114.409,115.482,0.532,0.46%,398454
25/02/2022,115.479,115.758,115.147,115.475,-0.007,-0.01%,264882
28/02/2022,115.164,115.74,114.863,114.947,-0.528,-0.46%,260748
1/03/2022,114.946,115.289,114.7,114.874,-0.073,-0.06%,238059
2/03/2022,114.873,115.685,114.791,115.504,0.63,0.55%,247857
3/03/2022,115.503,115.805,115.382,115.461,-0.043,-0.04%,203015
4/03/2022,115.462,115.551,114.649,114.655,-0.806,-0.70%,276229
7/03/2022,114.898,115.47,114.826,115.254,0.599,0.52%,259388
8/03/2022,115.251,115.788,115.242,115.612,0.358,0.31%,242780
9/03/2022,115.616,115.94,115.561,115.824,0.212,0.18%,189290
10/03/2022,115.814,116.193,115.798,116.132,0.308,0.27%,191483
11/03/2022,116.132,117.353,116.082,117.2,1.068,0.92%,194386
14/03/2022,117.375,118.214,117.315,118.179,0.979,0.84%,151855
15/03/2022,118.178,118.448,117.705,118.288,0.109,0.09%,196818
16/03/2022,118.289,119.116,118.175,118.67,0.382,0.32%,207250
17/03/2022,118.669,119.024,118.367,118.588,-0.082,-0.07%,205718
18/03/2022,118.589,119.396,118.469,119.074,0.486,0.41%,161183
21/03/2022,119.065,119.497,119.02,119.47,0.396,0.33%,130788
22/03/2022,119.469,121.025,119.436,120.795,1.325,1.11%,224624
23/03/2022,120.791,121.408,120.594,121.14,0.345,0.29%,227892
24/03/2022,121.137,122.405,120.953,122.276,1.136,0.94%,214228
25/03/2022,122.275,122.43,121.181,121.996,-0.28,-0.23%,267576
28/03/2022,121.982,125.09,121.967,123.832,1.836,1.50%,351139
29/03/2022,123.816,124.301,121.987,122.838,-0.994,-0.80%,376304
30/03/2022,122.833,123.199,121.316,121.807,-1.031,-0.84%,351107
31/03/2022,121.806,122.45,121.283,121.62,-0.187,-0.15%,347454
1/04/2022,121.614,123.03,121.609,122.425,0.805,0.66%,265023
4/04/2022,122.616,122.95,122.266,122.779,0.354,0.29%,202900
5/04/2022,122.78,123.666,122.382,123.592,0.813,0.66%,239701
6/04/2022,123.592,124.048,123.466,123.736,0.144,0.12%,284725
7/04/2022,123.729,123.999,123.471,123.916,0.18,0.15%,225232
8/04/2022,123.911,124.673,123.671,124.282,0.366,0.30%,221488
11/04/2022,124.098,125.765,124.032,125.35,1.068,0.86%,235110
12/04/2022,125.348,125.754,124.773,125.361,0.011,0.01%,269675
13/04/2022,125.36,126.311,125.316,125.563,0.202,0.16%,257796
14/04/2022,125.567,126.005,125.086,125.869,0.306,0.24%,259734
15/04/2022,125.867,126.679,125.858,126.424,0.555,0.44%,336966
18/04/2022,126.438,126.995,126.246,126.989,0.565,0.45%,168719
19/04/2022,126.989,128.969,126.972,128.849,1.86,1.46%,288681
20/04/2022,128.848,129.399,127.459,127.797,-1.052,-0.82%,360805
21/04/2022,127.802,128.701,127.802,128.314,0.517,0.40%,293847
22/04/2022,128.293,129.105,127.742,128.387,0.073,0.06%,309198
25/04/2022,128.598,128.858,127.523,128.13,-0.257,-0.20%,320830
26/04/2022,128.13,128.223,127.026,127.217,-0.913,-0.71%,331827
27/04/2022,127.217,128.586,126.95,128.414,1.197,0.94%,307648
28/04/2022,128.415,131.243,128.338,130.693,2.279,1.77%,387898
29/04/2022,130.688,130.945,129.317,129.69,-1.003,-0.77%,311921
2/05/2022,129.634,130.476,129.598,130.114,0.424,0.33%,258698
3/05/2022,130.109,130.286,129.704,130.131,0.017,0.01%,237905
4/05/2022,130.13,130.377,128.633,129.079,-1.052,-0.81%,291354
5/05/2022,129.079,130.552,128.756,130.094,1.015,0.79%,369931
6/05/2022,130.1,130.805,130.093,130.467,0.373,0.29%,363662
9/05/2022,130.497,131.343,130.116,130.187,-0.28,-0.21%,306479
10/05/2022,130.193,130.572,129.8,130.44,0.253,0.19%,347364
11/05/2022,130.441,130.808,129.451,129.935,-0.505,-0.39%,368302
12/05/2022,129.938,130.049,127.52,128.232,-1.703,-1.31%,471538
13/05/2022,128.239,129.451,128.239,129.213,0.981,0.77%,368581
16/05/2022,129.379,129.636,128.7,129.092,-0.121,-0.09%,286661
17/05/2022,129.097,129.778,128.831,129.332,0.24,0.19%,306576
18/05/2022,129.328,129.533,128.009,128.215,-1.117,-0.86%,309475
19/05/2022,128.213,128.942,127.027,127.792,-0.423,-0.33%,443545
20/05/2022,127.79,128.294,127.53,127.848,0.056,0.04%,365589
23/05/2022,127.844,128.054,127.156,127.867,0.019,0.01%,266303
24/05/2022,127.865,128.078,126.364,126.71,-1.157,-0.90%,344598
25/05/2022,126.718,127.493,126.653,127.179,0.469,0.37%,329266
26/05/2022,127.188,127.579,126.551,127.02,-0.159,-0.13%,318654
27/05/2022,127.012,127.25,126.675,127.083,0.063,0.05%,269418
30/05/2022,127.088,127.82,126.861,127.604,0.521,0.41%,188367
31/05/2022,127.542,128.888,127.505,128.689,1.085,0.85%,301874
1/06/2022,128.688,130.186,128.648,130.121,1.432,1.11%,263150
2/06/2022,130.122,130.237,129.514,129.749,-0.372,-0.29%,239843
3/06/2022,129.744,130.977,129.688,130.815,1.066,0.82%,215595
6/06/2022,130.877,132.008,130.432,131.88,1.065,0.81%,214728
7/06/2022,131.88,132.998,131.86,132.516,0.636,0.48%,305494
8/06/2022,132.52,134.47,132.52,134.199,1.683,1.27%,322021
9/06/2022,134.197,134.552,133.187,134.288,0.089,0.07%,351539
10/06/2022,134.286,134.48,133.369,134.396,0.108,0.08%,330453
13/06/2022,134.335,135.185,133.593,134.421,0.025,0.02%,403773
14/06/2022,134.419,135.469,133.874,135.467,1.046,0.78%,438326
15/06/2022,135.466,135.573,133.505,133.734,-1.733,-1.28%,476761
16/06/2022,133.741,134.677,131.492,132.14,-1.594,-1.19%,487827
17/06/2022,132.14,135.422,132.14,134.887,2.747,2.08%,491243
20/06/2022,134.896,135.433,134.536,135.07,0.183,0.14%,312307
21/06/2022,135.071,136.698,134.923,136.388,1.318,0.98%,357906
22/06/2022,136.371,136.71,135.687,136.105,-0.283,-0.21%,399580
23/06/2022,136.115,136.232,134.265,134.931,-1.174,-0.86%,456202
24/06/2022,134.929,135.394,134.353,135.14,0.209,0.15%,371411
27/06/2022,135.195,135.548,134.521,135.42,0.28,0.21%,353571
28/06/2022,135.416,136.38,135.112,136.069,0.649,0.48%,370050
29/06/2022,136.066,136.997,135.789,136.572,0.503,0.37%,407059
30/06/2022,136.572,136.806,135.552,135.579,-0.993,-0.73%,402373
1/07/2022,135.586,135.983,134.749,135.154,-0.425,-0.31%,426069
4/07/2022,135.313,135.773,134.785,135.705,0.551,0.41%,261475
5/07/2022,135.686,136.36,135.477,135.816,0.111,0.08%,375072
6/07/2022,135.821,136.003,134.956,135.913,0.097,0.07%,444612
7/07/2022,135.914,136.218,135.55,135.944,0.031,0.02%,332100
8/07/2022,135.947,136.563,135.335,135.979,0.035,0.03%,382863
11/07/2022,135.943,137.748,135.913,137.402,1.423,1.05%,305750
12/07/2022,137.4,137.523,136.477,136.858,-0.544,-0.40%,366848
13/07/2022,136.859,137.86,136.694,137.428,0.57,0.42%,382010
14/07/2022,137.428,139.387,137.332,138.925,1.497,1.09%,447930
15/07/2022,138.923,139.121,138.321,138.364,-0.561,-0.40%,338983
18/07/2022,138.604,138.604,137.892,138.124,-0.24,-0.17%,265400
19/07/2022,138.125,138.391,137.382,138.169,0.045,0.03%,308844
20/07/2022,138.17,138.373,137.905,138.051,-0.118,-0.09%,285588
21/07/2022,138.061,138.876,137.282,137.282,-0.769,-0.56%,410622
22/07/2022,137.279,137.952,135.569,135.93,-1.352,-0.98%,383417
25/07/2022,136.186,136.788,135.89,136.563,0.633,0.47%,284775
26/07/2022,136.562,136.962,136.281,136.902,0.339,0.25%,262573
27/07/2022,136.885,137.459,136.327,136.38,-0.522,-0.38%,318336
28/07/2022,136.395,136.579,134.202,134.209,-2.171,-1.59%,403457
29/07/2022,134.213,134.671,132.508,133.199,-1.01,-0.75%,464541
1/08/2022,133.28,133.555,131.598,131.604,-1.595,-1.20%,386425
2/08/2022,131.603,133.177,130.406,133.151,1.547,1.18%,472562
3/08/2022,133.15,134.543,132.285,133.851,0.7,0.53%,466676
4/08/2022,133.849,134.412,132.765,132.788,-1.063,-0.79%,383653
5/08/2022,132.794,135.497,132.524,134.969,2.181,1.64%,397350
8/08/2022,134.898,135.571,134.357,134.922,-0.047,-0.03%,341423
9/08/2022,134.928,135.2,134.669,135.107,0.185,0.14%,296147
10/08/2022,135.108,135.301,132.034,132.94,-2.167,-1.60%,262371
11/08/2022,132.942,133.307,131.734,132.905,-0.035,-0.03%,283770
12/08/2022,132.889,133.886,132.645,133.377,0.472,0.36%,248647
15/08/2022,133.433,133.591,132.555,133.295,-0.082,-0.06%,261188
16/08/2022,133.294,134.677,132.952,134.134,0.839,0.63%,262008
17/08/2022,134.132,135.497,133.282,134.966,0.832,0.62%,261137
18/08/2022,134.962,135.9,134.614,135.888,0.922,0.68%,234287
19/08/2022,135.884,137.225,135.72,136.81,0.922,0.68%,240684
22/08/2022,136.831,137.646,136.707,137.442,0.632,0.46%,162048
23/08/2022,137.438,137.705,135.817,136.697,-0.745,-0.54%,187753
24/08/2022,136.702,137.236,136.176,137.021,0.324,0.24%,181036
25/08/2022,137.028,137.198,136.323,136.382,-0.639,-0.47%,172619
26/08/2022,136.381,137.527,136.381,137.345,0.963,0.71%,177838
29/08/2022,137.69,138.997,137.567,138.625,1.28,0.93%,165458
30/08/2022,138.631,139.063,138.05,138.768,0.143,0.10%,188628
31/08/2022,138.765,138.995,138.276,138.942,0.174,0.13%,169633
1/09/2022,138.941,140.225,138.882,140.197,1.255,0.90%,189625
2/09/2022,140.196,140.777,139.875,140.133,-0.064,-0.05%,170714
5/09/2022,140.168,140.655,140.024,140.555,0.422,0.30%,144699
6/09/2022,140.557,143.07,140.252,142.792,2.237,1.59%,193636
7/09/2022,142.792,144.988,142.694,143.693,0.901,0.63%,476317
8/09/2022,143.69,144.552,143.322,144.106,0.413,0.29%,385956
9/09/2022,144.106,144.115,141.505,142.401,-1.705,-1.18%,452235
12/09/2022,142.191,143.491,142.032,142.801,0.4,0.28%,339383
13/09/2022,142.797,144.677,141.627,144.492,1.691,1.18%,450784
14/09/2022,144.49,144.951,142.554,143.13,-1.362,-0.94%,452092
15/09/2022,143.131,143.799,142.799,143.412,0.282,0.20%,388444
16/09/2022,143.409,143.689,142.803,142.921,-0.491,-0.34%,315654
19/09/2022,142.917,143.64,142.647,143.197,0.276,0.19%,276912
20/09/2022,143.196,143.921,142.941,143.703,0.506,0.35%,307860
21/09/2022,143.704,144.696,143.345,144.008,0.305,0.21%,458004
22/09/2022,143.999,145.897,140.356,142.337,-1.671,-1.16%,563487
23/09/2022,142.322,143.456,141.765,143.295,0.958,0.67%,479336
26/09/2022,143.69,144.787,143.196,144.728,1.433,1.00%,507205
27/09/2022,144.725,144.902,144.063,144.754,0.026,0.02%,464481
28/09/2022,144.745,144.865,143.908,144.106,-0.648,-0.45%,463230
29/09/2022,144.104,144.8,144.026,144.397,0.291,0.20%,448897
30/09/2022,144.401,144.802,144.203,144.74,0.343,0.24%,399578
3/10/2022,144.523,145.266,144.155,144.457,-0.283,-0.20%,399810
4/10/2022,144.455,144.933,143.897,143.963,-0.494,-0.34%,381083
5/10/2022,143.962,144.844,143.528,144.637,0.674,0.47%,386945
6/10/2022,144.637,145.14,144.385,145.136,0.499,0.35%,316499
7/10/2022,145.134,145.44,144.725,144.946,-0.19,-0.13%,310892
10/10/2022,145.311,145.803,145.205,145.618,0.672,0.46%,248105
11/10/2022,145.603,145.896,145.425,145.851,0.233,0.16%,338619
12/10/2022,145.851,146.964,145.694,146.89,1.039,0.71%,375984
13/10/2022,146.887,147.666,146.465,147.079,0.189,0.13%,348430
14/10/2022,147.088,148.857,147.051,148.744,1.665,1.13%,355122
17/10/2022,148.498,149.082,148.43,149.032,0.288,0.19%,285896
18/10/2022,149.027,149.367,148.154,149.205,0.173,0.12%,298136
19/10/2022,149.202,149.902,149.103,149.886,0.681,0.46%,306375
20/10/2022,149.887,150.281,149.554,150.14,0.254,0.17%,328029
21/10/2022,150.138,151.942,145.691,147.599,-2.541,-1.69%,498674
24/10/2022,147.569,149.683,145.522,148.974,1.375,0.93%,456921
25/10/2022,148.964,149.092,147.515,147.899,-1.075,-0.72%,380057
26/10/2022,147.893,148.409,146.224,146.271,-1.628,-1.10%,464723
27/10/2022,146.26,146.929,145.11,146.258,-0.013,-0.01%,478870
28/10/2022,146.257,147.858,145.991,147.373,1.115,0.76%,449922
31/10/2022,147.696,148.846,147.545,148.732,1.359,0.92%,318253
1/11/2022,148.723,148.821,146.988,148.223,-0.509,-0.34%,429343
2/11/2022,148.222,148.355,145.671,147.879,-0.344,-0.23%,425335
3/11/2022,147.871,148.446,147.111,148.256,0.377,0.25%,401703
4/11/2022,148.165,148.402,146.555,146.652,-1.604,-1.08%,361413
7/11/2022,147.159,147.562,146.095,146.565,-0.087,-0.06%,376690
8/11/2022,146.568,146.93,145.311,145.654,-0.911,-0.62%,378746
9/11/2022,145.65,146.791,145.177,146.4,0.746,0.51%,438690
10/11/2022,146.403,146.588,140.202,140.924,-5.476,-3.74%,473810
11/11/2022,140.929,142.477,138.466,138.743,-2.181,-1.55%,551725
14/11/2022,138.552,140.791,138.501,139.871,1.128,0.81%,462828
15/11/2022,139.868,140.61,137.678,139.268,-0.603,-0.43%,561310
16/11/2022,139.257,140.289,138.731,139.527,0.259,0.19%,518706
17/11/2022,139.525,140.735,138.878,140.188,0.661,0.47%,450874
18/11/2022,140.187,140.497,139.634,140.381,0.193,0.14%,404830
21/11/2022,140.23,142.247,140.16,142.123,1.742,1.24%,351161
22/11/2022,142.124,142.239,141.085,141.211,-0.912,-0.64%,347216
23/11/2022,141.214,141.603,139.172,139.585,-1.626,-1.15%,369599
24/11/2022,139.586,139.613,138.055,138.631,-0.954,-0.68%,336816
25/11/2022,138.608,139.593,138.376,139.176,0.545,0.39%,347075
28/11/2022,139.304,139.414,137.501,138.921,-0.255,-0.18%,414734
29/11/2022,138.92,139.351,137.867,138.714,-0.207,-0.15%,438707
30/11/2022,138.714,139.851,137.652,138.027,-0.687,-0.50%,399373
1/12/2022,138.031,138.11,135.21,135.317,-2.71,-1.96%,363249
2/12/2022,135.318,135.974,133.625,134.269,-1.048,-0.77%,491446
5/12/2022,134.36,136.855,134.133,136.785,2.516,1.87%,418517
6/12/2022,136.783,137.424,135.966,137.049,0.264,0.19%,436022
7/12/2022,137.048,137.853,136.22,136.61,-0.439,-0.32%,479299
8/12/2022,136.611,137.236,136.244,136.692,0.082,0.06%,403105
9/12/2022,136.688,136.897,135.608,136.584,-0.108,-0.08%,428424
12/12/2022,136.61,137.849,136.542,137.646,1.062,0.78%,335912
13/12/2022,137.649,137.965,134.665,135.593,-2.053,-1.49%,480803
14/12/2022,135.596,135.988,134.543,135.472,-0.121,-0.09%,483629
15/12/2022,135.472,138.172,135.242,137.772,2.3,1.70%,465306
16/12/2022,137.772,137.829,136.298,136.713,-1.059,-0.77%,412622
19/12/2022,135.875,137.159,135.756,136.909,0.196,0.14%,376386
20/12/2022,136.909,137.477,130.587,131.7,-5.209,-3.80%,601650
21/12/2022,131.703,132.528,131.505,132.466,0.766,0.58%,449254
22/12/2022,132.464,132.717,131.65,132.343,-0.123,-0.09%,374542
23/12/2022,132.343,133.138,132.157,132.827,0.484,0.37%,350918
26/12/2022,132.825,133.231,132.399,132.878,0.051,0.04%,29579
27/12/2022,132.879,133.595,132.637,133.495,0.617,0.46%,292756
28/12/2022,133.496,134.499,133.389,134.477,0.982,0.74%,361396
29/12/2022,134.476,134.476,132.882,133.031,-1.446,-1.08%,341854
30/12/2022,133.03,133.095,130.782,131.117,-1.914,-1.44%,403776
2/01/2023,131.102,131.102,130.629,130.676,-0.441,-0.34%,103880
3/01/2023,130.681,131.399,129.515,131.015,0.339,0.26%,503352
4/01/2023,131.016,132.718,129.93,132.639,1.624,1.24%,500197
5/01/2023,132.638,134.052,131.691,133.404,0.765,0.58%,505619
6/01/2023,133.405,134.77,131.999,132.103,-1.301,-0.98%,494493
9/01/2023,131.931,132.656,131.309,131.888,-0.215,-0.16%,433145
10/01/2023,131.887,132.478,131.394,132.243,0.355,0.27%,462008
11/01/2023,132.244,132.872,132.068,132.487,0.244,0.18%,400335
12/01/2023,132.485,132.488,128.874,129.302,-3.185,-2.40%,576350
13/01/2023,129.301,129.423,127.465,127.848,-1.454,-1.12%,511337
16/01/2023,127.818,128.861,127.225,128.511,0.663,0.52%,360872
17/01/2023,128.546,129.154,127.997,128.144,-0.367,-0.29%,468560
18/01/2023,128.143,131.578,127.571,128.922,0.778,0.61%,621445
19/01/2023,128.921,128.921,127.766,128.432,-0.49,-0.38%,459715
20/01/2023,128.432,130.612,128.353,129.505,1.073,0.84%,426113
23/01/2023,129.475,130.89,129.047,130.665,1.16,0.90%,380278
24/01/2023,130.666,131.116,129.73,130.168,-0.497,-0.38%,357038
25/01/2023,130.168,130.585,129.272,129.586,-0.582,-0.45%,355552
26/01/2023,129.587,130.618,129.028,130.219,0.633,0.49%,411251
27/01/2023,130.218,130.268,129.502,129.852,-0.367,-0.28%,378695
30/01/2023,129.705,130.569,129.208,130.448,0.596,0.46%,368001
31/01/2023,130.446,130.529,129.748,130.108,-0.34,-0.26%,369464
1/02/2023,130.106,130.41,128.548,128.945,-1.163,-0.89%,402069
2/02/2023,128.946,129.12,128.086,128.713,-0.232,-0.18%,446463
3/02/2023,128.713,131.2,128.331,131.185,2.472,1.92%,406030
6/02/2023,132.377,132.902,131.518,132.641,1.456,1.11%,405169
7/02/2023,132.642,132.709,130.481,131.077,-1.564,-1.18%,476961
8/02/2023,131.076,131.535,130.6,131.432,0.355,0.27%,410594
9/02/2023,131.43,131.826,130.345,131.539,0.107,0.08%,419539
10/02/2023,131.542,131.882,129.813,131.412,-0.127,-0.10%,486798
13/02/2023,131.412,132.908,131.412,132.4,0.988,0.75%,352852
14/02/2023,132.402,133.314,131.516,133.114,0.714,0.54%,490695
15/02/2023,133.117,134.357,132.548,134.172,1.058,0.79%,408434
16/02/2023,134.171,134.464,133.607,133.945,-0.227,-0.17%,419668
17/02/2023,133.944,135.104,133.94,134.156,0.211,0.16%,366400
20/02/2023,134.32,134.537,133.927,134.266,0.11,0.08%,259026
21/02/2023,134.268,135.229,134.153,135.018,0.752,0.56%,356015
22/02/2023,135.017,135.061,134.368,134.922,-0.096,-0.07%,390380
23/02/2023,134.919,135.365,134.493,134.685,-0.237,-0.18%,309306
24/02/2023,134.687,136.515,134.061,136.49,1.805,1.34%,430236
27/02/2023,136.317,136.542,135.921,136.234,-0.256,-0.19%,317665
28/02/2023,136.232,136.917,135.746,136.227,-0.007,-0.01%,313417
1/03/2023,136.225,136.468,135.26,136.203,-0.024,-0.02%,373292
2/03/2023,136.202,137.093,136.023,136.77,0.567,0.42%,393685
3/03/2023,136.771,136.788,135.748,135.84,-0.93,-0.68%,360232
6/03/2023,135.933,136.191,135.372,135.921,0.081,0.06%,312355
7/03/2023,135.922,137.194,135.551,137.147,1.226,0.90%,356191
8/03/2023,137.148,137.909,136.483,137.357,0.21,0.15%,356215
9/03/2023,137.357,137.364,135.947,136.147,-1.21,-0.88%,317857
10/03/2023,136.146,136.995,134.119,135.056,-1.091,-0.80%,525859
13/03/2023,134.713,135.022,132.289,133.203,-1.853,-1.37%,626253
14/03/2023,133.205,134.9,133.035,134.225,1.022,0.77%,563334
15/03/2023,134.224,135.109,132.219,133.419,-0.806,-0.60%,636701
16/03/2023,133.42,133.827,131.725,133.747,0.328,0.25%,634781
17/03/2023,133.747,133.76,131.564,131.846,-1.901,-1.42%,521968
20/03/2023,131.844,132.648,130.544,131.315,-0.531,-0.40%,556669
21/03/2023,131.316,132.624,131.036,132.493,1.178,0.90%,403890
22/03/2023,132.494,133.001,131.008,131.475,-1.018,-0.77%,418206
23/03/2023,131.474,131.662,130.324,130.853,-0.622,-0.47%,499236
24/03/2023,130.852,130.94,129.647,130.713,-0.14,-0.11%,488330
27/03/2023,130.539,131.756,130.503,131.573,0.86,0.66%,360240
28/03/2023,131.572,131.577,130.412,130.895,-0.678,-0.52%,375680
29/03/2023,130.891,132.887,130.762,132.87,1.975,1.51%,363970
30/03/2023,132.869,132.966,132.21,132.72,-0.15,-0.11%,363497
31/03/2023,132.719,133.59,132.589,132.791,0.071,0.05%,392574
3/04/2023,133.031,133.754,132.206,132.411,-0.38,-0.29%,370110
4/04/2023,132.411,133.169,131.525,131.721,-0.69,-0.52%,367917
5/04/2023,131.72,131.845,130.639,131.321,-0.4,-0.30%,377998
6/04/2023,131.32,131.897,130.784,131.785,0.464,0.35%,297152
7/04/2023,131.784,132.372,131.529,132.167,0.382,0.29%,179636
10/04/2023,132.14,133.868,131.833,133.604,1.437,1.09%,309566
11/04/2023,133.606,133.806,132.976,133.714,0.11,0.08%,306498
12/04/2023,133.712,134.044,132.741,133.16,-0.554,-0.41%,344742
13/04/2023,133.158,133.39,132.022,132.573,-0.587,-0.44%,315629
14/04/2023,132.574,133.837,132.171,133.775,1.202,0.91%,328115
17/04/2023,133.82,134.57,133.715,134.492,0.717,0.54%,290686
18/04/2023,134.491,134.706,133.864,134.116,-0.376,-0.28%,311897
19/04/2023,134.116,135.129,133.955,134.723,0.607,0.45%,325973
20/04/2023,134.722,134.974,134.017,134.246,-0.477,-0.35%,322966
21/04/2023,134.245,134.492,133.552,134.129,-0.117,-0.09%,295354
24/04/2023,134.002,134.732,133.895,134.234,0.105,0.08%,265289
25/04/2023,134.234,134.46,133.374,133.714,-0.52,-0.39%,333478
26/04/2023,133.718,133.939,133.018,133.666,-0.048,-0.04%,387249
27/04/2023,133.666,134.196,133.268,134.012,0.346,0.26%,333099
28/04/2023,134.008,136.556,133.386,136.329,2.317,1.73%,465174
1/05/2023,136.182,137.54,136.182,137.478,1.149,0.84%,290175
2/05/2023,137.479,137.774,136.319,136.548,-0.93,-0.68%,371187
3/05/2023,136.549,136.618,134.71,134.71,-1.838,-1.35%,397290
4/05/2023,134.708,134.878,133.503,134.292,-0.418,-0.31%,468430
5/05/2023,134.292,135.117,133.887,134.847,0.555,0.41%,333714
8/05/2023,134.812,135.292,134.648,135.134,0.287,0.21%,291262
9/05/2023,135.13,135.353,134.725,135.241,0.107,0.08%,317898
10/05/2023,135.24,135.468,134.114,134.366,-0.875,-0.65%,366740
11/05/2023,134.366,134.844,133.748,134.557,0.191,0.14%,394281
12/05/2023,134.557,135.755,134.403,135.746,1.189,0.88%,311009
15/05/2023,135.643,136.325,135.643,136.115,0.369,0.27%,283846
16/05/2023,136.114,136.684,135.69,136.385,0.27,0.20%,301758
17/05/2023,136.385,137.712,136.306,137.697,1.312,0.96%,298246
18/05/2023,137.697,138.746,137.291,138.71,1.013,0.74%,316764
19/05/2023,138.71,138.73,137.43,137.9,-0.81,-0.58%,366190
22/05/2023,137.98,138.687,137.496,138.599,0.699,0.51%,310112
23/05/2023,138.599,138.907,138.248,138.584,-0.015,-0.01%,362692
24/05/2023,138.584,139.478,138.234,139.474,0.89,0.64%,360929
25/05/2023,139.473,140.226,138.834,140.06,0.586,0.42%,380672
26/05/2023,140.061,140.724,139.499,140.641,0.581,0.41%,320006
29/05/2023,140.704,140.917,140.116,140.457,-0.184,-0.13%,188066
30/05/2023,140.451,140.933,139.574,139.796,-0.661,-0.47%,360859
31/05/2023,139.795,140.375,139.236,139.341,-0.455,-0.33%,331226
1/06/2023,139.341,139.948,138.462,138.795,-0.546,-0.39%,314086
2/06/2023,138.795,140.069,138.607,139.972,1.177,0.85%,285384
5/06/2023,139.935,140.453,139.254,139.583,-0.389,-0.28%,259450
6/06/2023,139.583,139.993,139.103,139.636,0.053,0.04%,287943
7/06/2023,139.635,140.248,139.031,140.157,0.521,0.37%,324945
8/06/2023,140.155,140.226,138.81,138.923,-1.234,-0.88%,329233
9/06/2023,138.923,139.726,138.767,139.368,0.445,0.32%,303291
12/06/2023,139.375,139.765,139.066,139.604,0.236,0.17%,288251
13/06/2023,139.604,140.308,139.015,140.218,0.614,0.44%,339064
14/06/2023,140.217,140.28,139.287,140.105,-0.113,-0.08%,360374
15/06/2023,140.104,141.503,139.948,140.276,0.171,0.12%,411489
16/06/2023,140.275,141.915,139.854,141.86,1.584,1.13%,416080
19/06/2023,141.78,142,141.445,141.992,0.132,0.09%,169400
20/06/2023,141.986,142.25,141.215,141.442,-0.55,-0.39%,385850
21/06/2023,141.443,142.36,141.287,141.881,0.439,0.31%,375445
22/06/2023,141.881,143.226,141.613,143.11,1.229,0.87%,341175
23/06/2023,143.111,143.872,142.728,143.728,0.618,0.43%,391180
26/06/2023,143.515,143.715,142.946,143.512,-0.216,-0.15%,330489
27/06/2023,143.511,144.169,143.287,144.075,0.563,0.39%,346177
28/06/2023,144.074,144.615,143.734,144.486,0.411,0.29%,370587
29/06/2023,144.486,144.898,144.137,144.794,0.308,0.21%,372752
30/06/2023,144.792,145.067,144.209,144.313,-0.481,-0.33%,370073
3/07/2023,144.246,144.913,143.991,144.678,0.365,0.25%,314295
4/07/2023,144.678,144.704,144.208,144.479,-0.199,-0.14%,218540
5/07/2023,144.478,144.732,144.08,144.661,0.182,0.13%,297354
6/07/2023,144.661,144.661,143.559,144.07,-0.591,-0.41%,377416
7/07/2023,144.07,144.196,142.073,142.107,-1.963,-1.36%,375540
10/07/2023,142.285,143.005,141.279,141.313,-0.794,-0.56%,331090
11/07/2023,141.313,141.461,140.162,140.355,-0.958,-0.68%,363082
12/07/2023,140.357,140.388,138.168,138.506,-1.849,-1.32%,396327
13/07/2023,138.504,138.953,137.927,138.067,-0.439,-0.32%,384610
14/07/2023,138.049,139.156,137.248,138.8,0.733,0.53%,415310
17/07/2023,138.725,139.403,138.005,138.713,-0.087,-0.06%,312184
18/07/2023,138.71,139.134,137.7,138.847,0.134,0.10%,383565
19/07/2023,138.834,139.993,138.769,139.711,0.864,0.62%,392980
20/07/2023,139.673,140.498,139.117,140.076,0.365,0.26%,371491
21/07/2023,140.069,141.955,139.754,141.836,1.76,1.26%,375648
24/07/2023,141.68,141.808,140.757,141.508,-0.328,-0.23%,353673
25/07/2023,141.481,141.725,140.856,140.918,-0.59,-0.42%,325027
26/07/2023,140.916,141.185,139.937,140.241,-0.677,-0.48%,392647
27/07/2023,140.242,141.319,138.772,139.49,-0.751,-0.54%,494855
28/07/2023,139.491,141.179,138.069,141.167,1.677,1.20%,599629
31/07/2023,141.032,142.672,140.697,142.272,1.105,0.78%,425486
1/08/2023,142.271,143.545,142.213,143.336,1.064,0.75%,387409
2/08/2023,143.336,143.473,142.241,143.354,0.018,0.01%,442515
3/08/2023,143.327,143.889,142.068,142.531,-0.823,-0.57%,468464
4/08/2023,142.534,142.882,141.556,141.773,-0.758,-0.53%,443176
7/08/2023,141.78,142.58,141.522,142.48,0.707,0.50%,337365
8/08/2023,142.477,143.491,142.405,143.377,0.897,0.63%,420989
9/08/2023,143.383,143.748,143.003,143.722,0.345,0.24%,352402
10/08/2023,143.726,144.817,143.305,144.767,1.045,0.73%,396183
11/08/2023,144.753,145,144.426,144.95,0.183,0.13%,362381
14/08/2023,144.738,145.579,144.661,145.548,0.598,0.41%,342526
15/08/2023,145.559,145.865,145.106,145.595,0.047,0.03%,380558
16/08/2023,145.572,146.407,145.31,146.348,0.753,0.52%,364282
17/08/2023,146.349,146.56,145.621,145.855,-0.493,-0.34%,382964
18/08/2023,145.835,145.873,144.931,145.387,-0.468,-0.32%,377095
21/08/2023,145.272,146.4,145.151,146.244,0.857,0.59%,153550
22/08/2023,146.225,146.396,145.498,145.881,-0.363,-0.25%,156794
23/08/2023,145.88,145.889,144.547,144.856,-1.025,-0.70%,167937
24/08/2023,144.849,145.956,144.607,145.845,0.989,0.68%,166885
25/08/2023,145.839,146.631,145.73,146.45,0.605,0.41%,176790
28/08/2023,146.445,146.741,146.279,146.528,0.078,0.05%,274528
29/08/2023,146.537,147.371,145.675,145.878,-0.65,-0.44%,357803
30/08/2023,145.877,146.536,145.561,146.248,0.37,0.25%,382585
31/08/2023,146.241,146.246,145.352,145.537,-0.711,-0.49%,360677
1/09/2023,145.539,146.294,144.446,146.275,0.738,0.51%,353880
4/09/2023,146.225,146.496,146.028,146.484,0.209,0.14%,196938
5/09/2023,146.48,147.801,146.419,147.715,1.231,0.84%,318681
6/09/2023,147.724,147.818,147.022,147.674,-0.041,-0.03%,332711
7/09/2023,147.661,147.873,147.048,147.291,-0.383,-0.26%,299923
8/09/2023,147.299,147.87,146.592,147.799,0.508,0.34%,324357
11/09/2023,146.918,147.274,145.91,146.589,-1.21,-0.82%,381658
12/09/2023,146.589,147.23,146.448,147.046,0.457,0.31%,292049
13/09/2023,147.079,147.736,147.019,147.469,0.423,0.29%,360634
14/09/2023,147.467,147.565,147.02,147.447,-0.022,-0.01%,323482
15/09/2023,147.476,147.952,147.34,147.839,0.392,0.27%,313083
18/09/2023,147.735,147.878,147.559,147.62,-0.219,-0.15%,239102
19/09/2023,147.609,147.922,147.507,147.866,0.246,0.17%,255320
20/09/2023,147.856,148.346,147.475,148.343,0.477,0.32%,320642
21/09/2023,148.344,148.457,147.322,147.561,-0.782,-0.53%,321655
22/09/2023,147.583,148.415,147.509,148.367,0.806,0.55%,347644
25/09/2023,148.36,148.957,148.253,148.894,0.527,0.36%,247397
26/09/2023,148.885,149.185,148.708,149.088,0.194,0.13%,294519
27/09/2023,149.066,149.707,148.864,149.635,0.547,0.37%,288838
28/09/2023,149.637,149.637,149.149,149.287,-0.348,-0.23%,323355
29/09/2023,149.306,149.499,148.53,149.359,0.072,0.05%,340459
2/10/2023,149.517,149.873,149.458,149.859,0.5,0.33%,245752
3/10/2023,149.859,150.16,147.387,149.065,-0.794,-0.53%,345177
4/10/2023,149.03,149.317,148.737,149.125,0.06,0.04%,372720
5/10/2023,149.122,149.122,148.266,148.515,-0.61,-0.41%,367056
6/10/2023,148.508,149.53,148.439,149.294,0.779,0.52%,333002
9/10/2023,149.062,149.239,148.438,148.527,-0.767,-0.51%,283770
10/10/2023,148.508,149.098,148.166,148.718,0.191,0.13%,333185
11/10/2023,148.713,149.325,148.425,149.192,0.474,0.32%,324962
12/10/2023,149.167,149.829,148.959,149.804,0.612,0.41%,312268
13/10/2023,149.809,149.829,149.457,149.591,-0.213,-0.14%,305057
16/10/2023,149.456,149.761,149.376,149.537,-0.054,-0.04%,243568
17/10/2023,149.512,149.85,148.81,149.799,0.262,0.18%,269913
18/10/2023,149.81,149.937,149.495,149.936,0.137,0.09%,239176
19/10/2023,149.93,149.961,149.671,149.806,-0.13,-0.09%,257202
20/10/2023,149.796,149.993,149.676,149.862,0.056,0.04%,223839
23/10/2023,149.775,149.991,149.557,149.716,-0.146,-0.10%,186455
24/10/2023,149.712,149.927,149.328,149.896,0.18,0.12%,219075
25/10/2023,149.913,150.315,149.797,150.228,0.332,0.22%,188468
26/10/2023,150.226,150.775,149.911,150.397,0.169,0.11%,254291
27/10/2023,150.399,150.414,149.461,149.653,-0.744,-0.49%,226796
30/10/2023,149.58,149.853,148.809,149.08,-0.573,-0.38%,196297
31/10/2023,149.081,151.709,149.031,151.708,2.628,1.76%,296861
1/11/2023,151.682,151.682,150.664,150.935,-0.773,-0.51%,256055
2/11/2023,150.956,150.963,149.846,150.481,-0.454,-0.30%,249100
3/11/2023,150.467,150.522,149.205,149.375,-1.106,-0.73%,228435
6/11/2023,149.285,150.061,149.285,150.056,0.681,0.46%,198262
7/11/2023,150.075,150.692,149.936,150.389,0.333,0.22%,212836
8/11/2023,150.388,151.058,150.347,150.986,0.597,0.40%,211971
9/11/2023,150.975,151.388,150.773,151.351,0.365,0.24%,224883
10/11/2023,151.351,151.602,151.223,151.523,0.172,0.11%,204099
13/11/2023,151.391,151.908,151.212,151.721,0.198,0.13%,175232
14/11/2023,151.721,151.783,150.157,150.394,-1.327,-0.87%,211627
15/11/2023,150.373,151.422,150.057,151.373,0.979,0.65%,236289
16/11/2023,151.385,151.43,150.289,150.734,-0.639,-0.42%,218758
17/11/2023,150.725,150.776,149.204,149.611,-1.123,-0.75%,252131
20/11/2023,149.562,149.989,148.105,148.411,-1.2,-0.80%,281874
21/11/2023,148.383,148.595,147.154,148.393,-0.018,-0.01%,311034
22/11/2023,148.394,149.75,148.023,149.537,1.144,0.77%,285874
23/11/2023,149.536,149.69,148.892,149.568,0.031,0.02%,183236
24/11/2023,149.568,149.712,149.201,149.417,-0.151,-0.10%,208416
27/11/2023,149.438,149.67,148.549,148.665,-0.752,-0.50%,261732
28/11/2023,148.688,148.828,147.325,147.455,-1.21,-0.81%,311069
29/11/2023,147.469,147.904,146.673,147.233,-0.222,-0.15%,359132
30/11/2023,147.235,148.512,146.849,148.194,0.961,0.65%,335723
1/12/2023,148.202,148.346,146.662,146.839,-1.355,-0.91%,350170
4/12/2023,146.724,147.452,146.233,147.219,0.38,0.26%,326248
5/12/2023,147.211,147.385,146.569,147.164,-0.055,-0.04%,332132
6/12/2023,147.152,147.497,146.902,147.326,0.162,0.11%,285483
7/12/2023,147.302,147.304,141.674,144.143,-3.183,-2.16%,432915
8/12/2023,144.129,145.208,142.501,144.995,0.852,0.59%,441624
11/12/2023,144.832,146.579,144.819,146.186,1.191,0.82%,312123
12/12/2023,146.157,146.18,144.752,145.451,-0.735,-0.50%,318367
13/12/2023,145.451,145.995,142.647,142.886,-2.565,-1.76%,362859
14/12/2023,142.886,142.905,140.97,141.913,-0.973,-0.68%,496437
15/12/2023,141.886,142.468,141.437,142.172,0.259,0.18%,396774
18/12/2023,142.094,143.157,142.079,142.81,0.638,0.45%,290588
19/12/2023,142.784,144.955,142.252,143.845,1.035,0.72%,369214
20/12/2023,143.832,144.098,143.267,143.575,-0.27,-0.19%,328547
21/12/2023,143.569,143.596,142.047,142.106,-1.469,-1.02%,337691
22/12/2023,142.118,142.664,141.874,142.467,0.361,0.25%,317862
25/12/2023,142.459,142.459,142.459,142.459,-0.008,-0.01%,0
26/12/2023,142.45,142.632,142.097,142.397,-0.062,-0.04%,176629
27/12/2023,142.396,142.846,141.557,141.818,-0.579,-0.41%,259178
28/12/2023,141.833,141.833,140.255,141.414,-0.404,-0.28%,300082
29/12/2023,141.414,141.914,140.802,141.032,-0.382,-0.27%,280112
1/01/2024,141.029,141.029,141.029,141.029,-0.003,0.00%,0
2/01/2024,141.02,142.213,140.82,141.992,0.963,0.68%,303665
3/01/2024,141.992,143.729,141.86,143.3,1.308,0.92%,333637
4/01/2024,143.289,144.85,142.859,144.615,1.315,0.92%,330071
5/01/2024,144.621,145.974,143.812,144.636,0.021,0.01%,363413
8/01/2024,144.634,144.915,143.665,144.216,-0.42,-0.29%,307918
9/01/2024,144.235,144.624,143.423,144.483,0.267,0.19%,329925
10/01/2024,144.479,145.829,144.321,145.765,1.282,0.89%,293231
11/01/2024,145.754,146.411,145.08,145.283,-0.482,-0.33%,365288
12/01/2024,145.281,145.562,144.358,144.913,-0.37,-0.25%,339457
15/01/2024,144.915,145.943,144.908,145.777,0.864,0.60%,214118
16/01/2024,145.737,147.31,145.589,147.183,1.406,0.96%,350162
17/01/2024,147.185,148.524,147.078,148.183,1,0.68%,341879
18/01/2024,148.161,148.3,147.659,148.123,-0.06,-0.04%,326322
19/01/2024,148.159,148.805,147.842,148.156,0.033,0.02%,315315
22/01/2024,148.3,148.3,147.623,148.139,-0.017,-0.01%,289359
23/01/2024,148.11,148.698,146.993,148.375,0.236,0.16%,319988
24/01/2024,148.367,148.437,146.656,147.503,-0.872,-0.59%,330943
25/01/2024,147.508,147.927,147.085,147.668,0.165,0.11%,312558
26/01/2024,147.658,148.207,147.472,148.133,0.465,0.31%,287825
29/01/2024,148.13,148.335,147.259,147.505,-0.628,-0.42%,252063
30/01/2024,147.504,147.927,147.101,147.608,0.103,0.07%,278049
31/01/2024,147.604,147.897,146.007,146.962,-0.646,-0.44%,388957
1/02/2024,146.934,147.115,145.901,146.429,-0.533,-0.36%,394793
2/02/2024,146.426,148.584,146.246,148.388,1.959,1.34%,321765
5/02/2024,148.353,148.894,148.272,148.693,0.305,0.21%,290598
6/02/2024,148.677,148.789,147.826,147.936,-0.757,-0.51%,304875
7/02/2024,147.945,148.26,147.634,148.183,0.247,0.17%,305915
8/02/2024,148.183,149.479,147.935,149.332,1.149,0.78%,314428
9/02/2024,149.321,149.574,149.017,149.283,-0.049,-0.03%,282531
12/02/2024,149.236,149.478,148.93,149.352,0.069,0.05%,241707
13/02/2024,149.347,150.884,149.256,150.803,1.451,0.97%,292564
14/02/2024,150.795,150.837,150.35,150.594,-0.209,-0.14%,289975
15/02/2024,150.592,150.592,149.56,149.939,-0.655,-0.43%,298629
16/02/2024,149.931,150.646,149.832,150.178,0.239,0.16%,285002
19/02/2024,150.18,150.192,149.877,150.129,-0.049,-0.03%,167010
20/02/2024,150.128,150.438,149.687,149.996,-0.133,-0.09%,281519
21/02/2024,150,150.391,149.856,150.296,0.3,0.20%,269610
22/02/2024,150.301,150.688,150.019,150.537,0.241,0.16%,298408
23/02/2024,150.534,150.769,150.298,150.541,0.004,0.00%,251394
26/02/2024,150.47,150.838,150.296,150.717,0.176,0.12%,248608
27/02/2024,150.704,150.712,150.082,150.514,-0.203,-0.13%,248319
28/02/2024,150.513,150.845,150.375,150.707,0.193,0.13%,260793
29/02/2024,150.692,150.697,149.21,149.978,-0.729,-0.48%,330983
1/03/2024,149.977,150.719,149.96,150.126,0.148,0.10%,301008
4/03/2024,150.035,150.568,149.843,150.532,0.406,0.27%,220294
5/03/2024,150.532,150.549,149.709,150.062,-0.47,-0.31%,256993
6/03/2024,150.048,150.086,149.095,149.398,-0.664,-0.44%,286238
7/03/2024,149.395,149.395,147.594,148.049,-1.349,-0.90%,342814
8/03/2024,148.049,148.119,146.488,147.072,-0.977,-0.66%,341266
11/03/2024,146.739,147.147,146.491,146.944,-0.128,-0.09%,237670
12/03/2024,146.942,148.116,146.623,147.667,0.723,0.49%,295722
13/03/2024,147.666,148.046,147.24,147.756,0.089,0.06%,259784
14/03/2024,147.755,148.358,147.442,148.319,0.563,0.38%,273882
15/03/2024,148.321,149.163,148.034,149.07,0.751,0.51%,264272
18/03/2024,148.966,149.327,148.913,149.149,0.079,0.05%,206874
19/03/2024,149.149,150.962,149.035,150.858,1.709,1.15%,278332
20/03/2024,150.859,151.81,150.738,151.256,0.398,0.26%,268981
21/03/2024,151.261,151.754,150.267,151.624,0.368,0.24%,315318
22/03/2024,151.623,151.863,151.009,151.445,-0.179,-0.12%,272921
25/03/2024,151.354,151.544,151.056,151.416,-0.029,-0.02%,208563
26/03/2024,151.417,151.602,151.209,151.561,0.145,0.10%,207652
27/03/2024,151.561,151.971,151.029,151.327,-0.234,-0.15%,248729
28/03/2024,151.327,151.544,151.154,151.378,0.051,0.03%,226518
29/03/2024,151.378,151.496,151.176,151.339,-0.039,-0.03%,91838
1/04/2024,151.315,151.768,151.231,151.648,0.309,0.20%,167990
2/04/2024,151.648,151.797,151.466,151.555,-0.093,-0.06%,201919
3/04/2024,151.555,151.953,151.444,151.694,0.139,0.09%,196212
4/04/2024,151.694,151.77,151.123,151.344,-0.35,-0.23%,203066
5/04/2024,151.345,151.751,150.816,151.626,0.282,0.19%,251442
8/04/2024,151.623,151.942,151.591,151.817,0.191,0.13%,176510
9/04/2024,151.816,151.934,151.572,151.781,-0.036,-0.02%,180602
10/04/2024,151.778,153.236,151.684,153.175,1.394,0.92%,209979
11/04/2024,153.174,153.32,152.763,153.268,0.093,0.06%,261862
12/04/2024,153.267,153.387,152.598,153.279,0.011,0.01%,252153
15/04/2024,153.057,154.445,153.012,154.275,0.996,0.65%,254774
16/04/2024,154.275,154.784,153.926,154.717,0.442,0.29%,263374
17/04/2024,154.715,154.733,154.163,154.382,-0.335,-0.22%,226556
18/04/2024,154.383,154.679,153.961,154.642,0.26,0.17%,225953
19/04/2024,154.641,154.671,153.594,154.643,0.001,0.00%,295929
22/04/2024,154.597,154.849,154.499,154.841,0.198,0.13%,169226
23/04/2024,154.84,154.877,154.563,154.832,-0.009,-0.01%,195696
24/04/2024,154.832,155.372,154.735,155.348,0.516,0.33%,189149
25/04/2024,155.348,155.744,155.201,155.655,0.307,0.20%,219740
26/04/2024,155.652,158.438,154.978,158.344,2.689,1.73%,265936
29/04/2024,157.966,160.173,154.547,156.338,-2.006,-1.27%,295777
30/04/2024,156.338,157.841,156.07,157.8,1.462,0.94%,215450
1/05/2024,157.798,157.989,153.043,154.522,-3.278,-2.08%,187494
2/05/2024,154.524,156.285,153.064,153.616,-0.906,-0.59%,285660
3/05/2024,153.62,153.77,151.864,152.999,-0.617,-0.40%,254780
6/05/2024,152.97,154.007,152.842,153.91,0.911,0.60%,169314
7/05/2024,153.909,154.748,153.867,154.692,0.782,0.51%,197753
8/05/2024,154.693,155.672,154.586,155.53,0.838,0.54%,175460
9/05/2024,155.526,155.951,155.173,155.471,-0.059,-0.04%,170513
10/05/2024,155.473,155.903,155.267,155.774,0.303,0.19%,158707
13/05/2024,155.702,156.252,155.516,156.22,0.446,0.29%,137217
14/05/2024,156.219,156.761,156.163,156.42,0.2,0.13%,146110
15/05/2024,156.419,156.56,154.696,154.885,-1.535,-0.98%,214454
16/05/2024,154.884,155.529,153.602,155.392,0.507,0.33%,239578
17/05/2024,155.393,155.979,155.254,155.672,0.28,0.18%,164759
20/05/2024,155.651,156.302,155.5,156.261,0.589,0.38%,141612
21/05/2024,156.26,156.546,155.853,156.169,-0.092,-0.06%,173956
22/05/2024,156.168,156.843,156.121,156.8,0.631,0.40%,156313
23/05/2024,156.799,157.194,156.532,156.936,0.136,0.09%,189039
24/05/2024,156.937,157.146,156.825,156.996,0.06,0.04%,152332
27/05/2024,156.954,156.959,156.669,156.877,-0.119,-0.08%,93275
28/05/2024,156.876,157.2,156.587,157.174,0.297,0.19%,156874
29/05/2024,157.172,157.707,156.913,157.638,0.464,0.30%,169327
30/05/2024,157.637,157.673,156.38,156.827,-0.811,-0.51%,195422
31/05/2024,156.826,157.365,156.562,157.285,0.458,0.29%,206330
3/06/2024,157.302,157.469,155.953,156.078,-1.207,-0.77%,194904
4/06/2024,156.077,156.485,154.551,154.888,-1.19,-0.76%,257150
5/06/2024,154.886,156.479,154.798,156.109,1.221,0.79%,223400
6/06/2024,156.108,156.441,155.365,155.605,-0.504,-0.32%,217357
7/06/2024,155.606,157.074,155.124,156.738,1.133,0.73%,228318
10/06/2024,156.712,157.193,156.706,157.036,0.298,0.19%,174072
11/06/2024,157.035,157.401,156.807,157.122,0.086,0.05%,178123
12/06/2024,157.119,157.37,155.72,156.724,-0.398,-0.25%,222700
13/06/2024,156.721,157.312,156.588,157.03,0.306,0.20%,208364
14/06/2024,157.031,158.254,156.891,157.399,0.369,0.23%,274527
17/06/2024,157.374,157.959,157.161,157.74,0.341,0.22%,160277
18/06/2024,157.74,158.23,157.521,157.861,0.121,0.08%,175842
19/06/2024,157.862,158.115,157.606,158.09,0.229,0.15%,94488
20/06/2024,158.091,158.94,157.927,158.929,0.839,0.53%,146506
21/06/2024,158.929,159.834,158.671,159.759,0.83,0.52%,156555
24/06/2024,159.818,159.921,158.78,159.622,-0.137,-0.09%,161431
25/06/2024,159.619,159.757,159.197,159.7,0.078,0.05%,157932
26/06/2024,159.7,160.869,159.615,160.804,1.104,0.69%,178025
27/06/2024,160.804,160.823,160.289,160.777,-0.027,-0.02%,161611
28/06/2024,160.777,161.271,160.264,160.884,0.107,0.07%,211584
1/07/2024,160.724,161.728,160.724,161.463,0.579,0.36%,155076
2/07/2024,161.462,161.743,161.275,161.442,-0.021,-0.01%,146298
3/07/2024,161.44,161.948,160.779,161.693,0.251,0.16%,148269
4/07/2024,161.692,161.692,160.949,161.27,-0.423,-0.26%,119229
5/07/2024,161.27,161.396,160.344,160.779,-0.491,-0.30%,206341
8/07/2024,160.707,161.116,160.264,160.836,0.057,0.04%,164941
9/07/2024,160.807,161.513,160.733,161.323,0.487,0.30%,157641
10/07/2024,161.323,161.805,161.263,161.693,0.37,0.23%,135631
11/07/2024,161.692,161.76,157.434,158.853,-2.84,-1.76%,201949
12/07/2024,158.851,159.45,157.387,157.9,-0.953,-0.60%,260114
15/07/2024,157.911,158.417,157.174,158.064,0.164,0.10%,178840
16/07/2024,158.064,158.854,158.022,158.353,0.289,0.18%,178438
17/07/2024,158.353,158.613,156.067,156.189,-2.164,-1.37%,267737
18/07/2024,156.19,157.4,155.377,157.363,1.174,0.75%,275242
19/07/2024,157.363,157.864,156.969,157.477,0.114,0.07%,202901
22/07/2024,157.362,157.614,156.29,157.043,-0.434,-0.28%,211564
23/07/2024,157.043,157.102,155.567,155.594,-1.449,-0.92%,243260
24/07/2024,155.593,155.99,153.112,153.89,-1.704,-1.10%,312512
25/07/2024,153.891,154.317,151.946,153.928,0.038,0.02%,361343
26/07/2024,153.928,154.738,153.124,153.763,-0.165,-0.11%,293420
29/07/2024,153.92,154.346,153.025,154.02,0.257,0.17%,266422
30/07/2024,154.017,155.218,152.669,152.759,-1.261,-0.82%,289571
31/07/2024,152.761,153.872,149.619,149.98,-2.779,-1.82%,406038
1/08/2024,149.979,150.882,148.513,149.356,-0.624,-0.42%,403869
2/08/2024,149.358,149.769,146.425,146.54,-2.816,-1.89%,404263
5/08/2024,146.653,146.653,141.698,144.176,-2.364,-1.61%,408063
6/08/2024,144.177,146.345,143.64,144.331,0.155,0.11%,427375
7/08/2024,144.332,147.884,144.317,146.684,2.353,1.63%,370224
8/08/2024,146.685,147.531,145.437,147.21,0.526,0.36%,409071
9/08/2024,147.209,147.811,146.274,146.616,-0.594,-0.40%,330600
12/08/2024,146.52,148.221,146.52,147.208,0.592,0.40%,251137
13/08/2024,147.207,147.948,146.601,146.827,-0.381,-0.26%,295441
14/08/2024,146.827,147.577,146.078,147.333,0.506,0.34%,304253
15/08/2024,147.332,149.387,147.057,149.292,1.959,1.33%,255658
16/08/2024,149.292,149.351,147.573,147.606,-1.686,-1.13%,269292
19/08/2024,147.678,148.05,145.193,146.598,-1.008,-0.68%,300469
20/08/2024,146.599,147.338,145.2,145.268,-1.33,-0.91%,292043
21/08/2024,145.268,146.862,144.458,145.259,-0.009,-0.01%,317726
22/08/2024,145.259,146.523,144.854,146.284,1.025,0.71%,284291
23/08/2024,146.283,146.481,144.055,144.363,-1.921,-1.31%,300156
26/08/2024,144.261,144.652,143.452,144.526,0.163,0.11%,267079
27/08/2024,144.529,145.172,143.921,143.966,-0.56,-0.39%,263069
28/08/2024,143.967,145.036,143.694,144.592,0.626,0.43%,266132
29/08/2024,144.59,145.552,144.224,144.986,0.394,0.27%,283968
30/08/2024,144.986,146.248,144.658,146.185,1.199,0.83%,238696
2/09/2024,146.146,147.171,145.781,146.919,0.734,0.50%,175245
3/09/2024,146.918,147.208,145.163,145.476,-1.443,-0.98%,301754
4/09/2024,145.478,145.557,143.714,143.735,-1.741,-1.20%,330153
5/09/2024,143.737,144.226,142.859,143.447,-0.288,-0.20%,326112
6/09/2024,143.447,143.991,141.857,142.302,-1.145,-0.80%,326322
9/09/2024,142.354,143.794,141.987,143.173,0.871,0.61%,282269
10/09/2024,143.174,143.706,142.201,142.45,-0.723,-0.50%,283244
11/09/2024,142.449,142.534,140.72,142.361,-0.089,-0.06%,359748
12/09/2024,142.36,143.041,141.732,141.818,-0.543,-0.38%,339090
13/09/2024,141.818,141.87,140.288,140.829,-0.989,-0.70%,307676
16/09/2024,140.75,140.91,139.581,140.614,-0.215,-0.15%,258566
17/09/2024,140.614,142.466,140.327,142.41,1.796,1.28%,293722
18/09/2024,142.408,142.7,140.45,142.283,-0.127,-0.09%,298089
19/09/2024,142.282,143.944,141.89,142.628,0.345,0.24%,353226
20/09/2024,142.628,144.49,141.741,143.899,1.271,0.89%,309954
23/09/2024,143.848,144.453,143.169,143.611,-0.288,-0.20%,279103
24/09/2024,143.611,144.678,143.117,143.227,-0.384,-0.27%,288078
25/09/2024,143.227,144.842,142.913,144.754,1.527,1.07%,281083
26/09/2024,144.756,145.205,144.115,144.812,0.058,0.04%,282379
27/09/2024,144.813,146.487,142.074,142.174,-2.638,-1.82%,336338
30/09/2024,142.09,143.912,141.655,143.637,1.463,1.03%,295306
1/10/2024,143.638,144.526,142.983,143.566,-0.071,-0.05%,329004
2/10/2024,143.567,146.512,143.427,146.469,2.903,2.02%,289040
3/10/2024,146.465,147.239,146.292,146.933,0.464,0.32%,287078
4/10/2024,146.931,149,145.924,148.724,1.791,1.22%,276801
7/10/2024,148.865,149.113,147.858,148.186,-0.538,-0.36%,300502
8/10/2024,148.184,148.379,147.353,148.199,0.013,0.01%,274712
9/10/2024,148.199,149.363,148.014,149.31,1.111,0.75%,221146
10/10/2024,149.307,149.546,148.364,148.573,-0.737,-0.49%,264248
11/10/2024,148.571,149.282,148.408,149.126,0.553,0.37%,200857
14/10/2024,149.061,149.976,149.061,149.76,0.634,0.43%,146988
15/10/2024,149.76,149.834,148.852,149.209,-0.551,-0.37%,223643
16/10/2024,149.211,149.807,148.882,149.635,0.426,0.29%,202814
17/10/2024,149.635,150.321,149.25,150.215,0.58,0.39%,215423
18/10/2024,150.213,150.284,149.367,149.529,-0.686,-0.46%,202206
21/10/2024,149.566,150.886,149.094,150.847,1.318,0.88%,182313
22/10/2024,150.842,151.195,150.501,151.082,0.235,0.16%,214256
23/10/2024,151.079,153.183,151.023,152.762,1.68,1.11%,234665
24/10/2024,152.755,152.829,151.555,151.826,-0.936,-0.61%,265882
25/10/2024,151.826,152.379,151.462,152.302,0.476,0.31%,221688
28/10/2024,153.057,153.871,152.413,153.286,0.984,0.65%,202030
29/10/2024,153.285,153.866,152.759,153.358,0.072,0.05%,232814
30/10/2024,153.359,153.491,152.784,153.418,0.06,0.04%,238522
31/10/2024,153.418,153.573,151.84,152.031,-1.387,-0.90%,271265
1/11/2024,152.032,153.091,151.794,152.976,0.945,0.62%,252971
4/11/2024,152.16,152.52,151.539,152.134,-0.842,-0.55%,201679
5/11/2024,152.132,152.543,151.339,151.623,-0.511,-0.34%,203323
6/11/2024,151.623,154.695,151.298,154.636,3.013,1.99%,381526
7/11/2024,154.636,154.708,152.698,152.942,-1.694,-1.10%,281239
8/11/2024,152.942,153.368,152.148,152.63,-0.312,-0.20%,257747
11/11/2024,152.684,153.953,152.681,153.716,1.086,0.71%,162452
12/11/2024,153.716,154.92,153.413,154.618,0.902,0.59%,218792
13/11/2024,154.62,155.623,154.344,155.478,0.86,0.56%,243192
14/11/2024,155.474,156.417,155.346,156.271,0.793,0.51%,221887
15/11/2024,156.271,156.747,153.864,154.345,-1.926,-1.23%,260888
18/11/2024,154.29,155.356,153.857,154.675,0.33,0.21%,240212
19/11/2024,154.676,154.794,153.288,154.66,-0.015,-0.01%,288317
20/11/2024,154.66,155.884,154.532,155.442,0.782,0.51%,214008
21/11/2024,155.441,155.442,153.915,154.541,-0.901,-0.58%,280579
22/11/2024,154.54,155.013,153.977,154.767,0.226,0.15%,265027
25/11/2024,154.176,154.723,153.553,154.197,-0.57,-0.37%,252436
26/11/2024,154.198,154.48,152.997,153.084,-1.113,-0.72%,280994
27/11/2024,153.083,153.232,150.462,151.113,-1.971,-1.29%,283516
28/11/2024,151.111,151.948,150.932,151.55,0.437,0.29%,154413
29/11/2024,151.55,151.558,149.478,149.722,-1.828,-1.21%,257212
2/12/2024,149.743,150.748,149.084,149.596,-0.126,-0.08%,246816
3/12/2024,149.595,150.233,148.649,149.61,0.014,0.01%,253831
4/12/2024,149.612,151.226,149.53,150.591,0.981,0.66%,270602
5/12/2024,150.592,150.766,149.658,150.086,-0.505,-0.34%,242458
6/12/2024,150.087,150.699,149.373,150.031,-0.055,-0.04%,238392
9/12/2024,149.846,151.346,149.699,151.201,1.17,0.78%,178276
10/12/2024,151.198,152.178,150.901,151.964,0.763,0.50%,214566
11/12/2024,151.963,152.827,151.024,152.456,0.492,0.32%,242099
12/12/2024,152.454,152.769,151.81,152.637,0.181,0.12%,233539
13/12/2024,152.637,153.8,152.463,153.644,1.007,0.66%,182961
16/12/2024,153.649,154.476,153.332,154.132,0.488,0.32%,164266
17/12/2024,154.13,154.341,153.163,153.475,-0.657,-0.43%,204023
18/12/2024,153.471,154.863,153.339,154.791,1.316,0.86%,200972
19/12/2024,154.792,157.806,154.442,157.437,2.646,1.71%,267323
20/12/2024,157.437,157.926,155.958,156.413,-1.024,-0.65%,253766
23/12/2024,156.386,157.27,156.342,157.167,0.754,0.48%,161000
24/12/2024,157.168,157.39,156.894,157.172,0.005,0.00%,119841
26/12/2024,157.178,158.083,157.076,157.978,0.806,0.51%,116331
27/12/2024,157.98,157.98,157.355,157.852,-0.126,-0.08%,156888
30/12/2024,157.766,158.07,156.674,156.842,-1.01,-0.64%,145791
31/12/2024,156.841,157.548,156.025,157.342,0.5,0.32%,145359
2/01/2025,157.28,157.845,156.444,157.479,0.137,0.09%,182998
3/01/2025,157.477,157.568,156.883,157.299,-0.18,-0.11%,155666
6/01/2025,157.195,157.962,156.245,157.618,0.319,0.20%,182310
7/01/2025,157.616,158.421,157.381,158.049,0.431,0.27%,208734
8/01/2025,158.048,158.55,157.905,158.35,0.301,0.19%,180859
9/01/2025,158.349,158.398,157.58,158.147,-0.203,-0.13%,143346
10/01/2025,158.145,158.872,157.233,157.72,-0.427,-0.27%,217343
13/01/2025,157.84,157.962,156.916,157.487,-0.233,-0.15%,171829
14/01/2025,157.49,158.195,157.123,157.944,0.457,0.29%,208647
15/01/2025,157.945,158.081,155.955,156.472,-1.472,-0.93%,210709
16/01/2025,156.464,156.52,155.105,155.184,-1.288,-0.82%,222214
17/01/2025,155.189,156.371,154.988,156.301,1.117,0.72%,181591
20/01/2025,156.254,156.573,155.418,155.597,-0.704,-0.45%,157965
21/01/2025,155.597,156.229,154.781,155.509,-0.088,-0.06%,212997
22/01/2025,155.508,156.709,155.361,156.528,1.019,0.66%,193622
23/01/2025,156.525,156.751,155.747,156.059,-0.469,-0.30%,188368
24/01/2025,156.06,156.573,154.848,156.001,-0.058,-0.04%,249363
27/01/2025,155.66,156.244,153.718,154.512,-1.489,-0.95%,277337
28/01/2025,154.514,155.976,154.494,155.524,1.012,0.65%,232554
29/01/2025,155.523,155.788,154.946,155.238,-0.286,-0.18%,216289
30/01/2025,155.235,155.238,153.795,154.288,-0.95,-0.61%,236208
31/01/2025,154.287,155.222,153.932,155.203,0.915,0.59%,240916
3/02/2025,154.945,155.879,154.018,154.768,-0.435,-0.28%,265612
4/02/2025,154.767,155.513,154.176,154.343,-0.425,-0.27%,213931
5/02/2025,154.343,154.461,152.119,152.605,-1.738,-1.13%,249005
6/02/2025,152.606,152.891,151.242,151.459,-1.146,-0.75%,214624
7/02/2025,151.458,152.408,150.936,151.411,-0.048,-0.03%,250387
10/02/2025,151.245,152.536,151.245,151.992,0.581,0.38%,189194
11/02/2025,151.993,152.605,151.654,152.496,0.504,0.33%,173883
12/02/2025,152.497,154.799,152.393,154.417,1.921,1.26%,211491
13/02/2025,154.416,154.663,152.706,152.8,-1.617,-1.05%,225657
14/02/2025,152.8,153.152,152.028,152.295,-0.505,-0.33%,199903
17/02/2025,152.34,152.38,151.341,151.509,-0.786,-0.52%,177189
18/02/2025,151.508,152.215,151.248,152.066,0.557,0.37%,222801
19/02/2025,152.066,152.311,151.247,151.477,-0.589,-0.39%,240772
20/02/2025,151.477,151.477,149.397,149.624,-1.853,-1.22%,280234
21/02/2025,149.623,150.734,148.929,149.295,-0.329,-0.22%,288034
24/02/2025,149.226,149.873,148.848,149.712,0.417,0.28%,299415
25/02/2025,149.71,150.298,148.574,149.028,-0.684,-0.46%,336713
26/02/2025,149.03,149.888,148.643,149.095,0.067,0.04%,314989
27/02/2025,149.096,150.163,148.76,149.813,0.718,0.48%,331248
28/02/2025,149.818,150.986,149.104,150.614,0.801,0.53%,369482
3/03/2025,150.826,151.304,149.102,149.505,-1.109,-0.74%,370877
4/03/2025,149.504,149.874,148.099,149.819,0.314,0.21%,470754
5/03/2025,149.814,150.181,148.399,148.889,-0.93,-0.62%,440319
6/03/2025,148.896,149.325,147.319,147.983,-0.906,-0.61%,439903
7/03/2025,147.983,148.201,146.959,148.034,0.051,0.03%,428229
10/03/2025,147.938,147.938,146.635,147.269,-0.765,-0.52%,382335
11/03/2025,147.269,148.115,146.55,147.781,0.512,0.35%,437670
12/03/2025,147.782,149.195,147.711,148.252,0.471,0.32%,339475
13/03/2025,148.252,148.372,147.416,147.817,-0.435,-0.29%,339359
14/03/2025,147.816,149.017,147.76,148.633,0.816,0.55%,282102
17/03/2025,148.781,149.283,148.337,149.208,0.575,0.39%,281944
18/03/2025,149.208,149.936,149.102,149.278,0.07,0.05%,260030
19/03/2025,149.277,150.146,148.609,148.689,-0.589,-0.39%,263747
20/03/2025,148.69,148.961,148.183,148.784,0.095,0.06%,263259
21/03/2025,148.783,149.659,148.597,149.311,0.527,0.35%,254648
24/03/2025,149.371,150.756,149.37,150.702,1.391,0.93%,226334
25/03/2025,150.705,150.943,149.552,149.91,-0.792,-0.53%,223168
26/03/2025,149.91,150.746,149.849,150.578,0.668,0.45%,239195
27/03/2025,150.577,151.153,150.063,151.045,0.467,0.31%,267997
28/03/2025,151.045,151.206,149.687,149.838,-1.207,-0.80%,270803
31/03/2025,149.69,150.267,148.707,149.967,0.129,0.09%,348362
1/04/2025,149.966,150.141,148.978,149.622,-0.345,-0.23%,318271
2/04/2025,149.622,150.478,149.105,149.289,-0.333,-0.22%,316226
3/04/2025,149.287,149.287,145.203,146.061,-3.228,-2.16%,320609
4/04/2025,146.061,147.426,144.57,146.962,0.901,0.62%,294758
7/04/2025,145.965,148.144,144.831,147.855,0.893,0.61%,627775
8/04/2025,147.854,148.117,145.969,146.275,-1.58,-1.07%,533737
9/04/2025,146.276,148.263,144.001,147.762,1.487,1.02%,589608
10/04/2025,147.76,147.831,144.026,144.442,-3.32,-2.25%,520618
11/04/2025,144.442,144.608,142.076,143.535,-0.907,-0.63%,506475
14/04/2025,144.006,144.077,142.239,143.037,-0.498,-0.35%,409611
15/04/2025,143.034,143.59,142.6,143.244,0.207,0.14%,328595
16/04/2025,143.244,143.275,141.649,141.877,-1.367,-0.95%,352740
17/04/2025,141.875,143.079,141.62,142.388,0.511,0.36%,329517
18/04/2025,142.388,142.388,142.388,142.388,0,0.00%,0
21/04/2025,142.147,142.147,140.484,140.867,-1.521,-1.07%,302608
22/04/2025,140.867,141.668,139.89,141.601,0.734,0.52%,364167
23/04/2025,141.601,143.572,141.504,143.445,1.844,1.30%,418010
24/04/2025,143.445,143.445,142.284,142.626,-0.819,-0.57%,327659
25/04/2025,142.627,144.03,142.591,143.686,1.06,0.74%,334973
28/04/2025,143.594,143.894,141.997,142.022,-1.664,-1.16%,297049
29/04/2025,142.021,142.758,141.975,142.35,0.328,0.23%,295725
30/04/2025,142.344,143.193,142.165,143.064,0.714,0.50%,307721
1/05/2025,143.071,145.73,142.892,145.4,2.336,1.63%,303605
2/05/2025,145.4,145.913,143.735,144.959,-0.441,-0.30%,360798
5/05/2025,144.727,144.988,143.544,143.7,-1.259,-0.87%,273508
6/05/2025,143.702,144.272,142.356,142.409,-1.291,-0.90%,291659
7/05/2025,142.415,143.997,142.415,143.82,1.411,0.99%,323908
8/05/2025,143.816,146.177,143.455,145.907,2.087,1.45%,338043
9/05/2025,145.907,146.186,144.826,145.375,-0.532,-0.36%,271326
12/05/2025,146.004,148.649,145.706,148.473,3.098,2.13%,363699
13/05/2025,148.474,148.475,147.374,147.48,-0.993,-0.67%,306416
14/05/2025,147.48,147.663,145.616,146.753,-0.727,-0.49%,337398
15/05/2025,146.753,146.76,145.419,145.69,-1.063,-0.72%,308860
16/05/2025,145.691,146.098,144.926,145.647,-0.043,-0.03%,259669
19/05/2025,145.276,145.448,144.667,144.855,-0.792,-0.54%,300613
20/05/2025,144.855,145.504,144.095,144.503,-0.352,-0.24%,287136
21/05/2025,144.504,144.609,143.288,143.678,-0.825,-0.57%,337382
22/05/2025,143.678,144.385,142.808,144.01,0.332,0.23%,330040
23/05/2025,144.01,144.11,142.424,142.567,-1.443,-1.00%,318238
26/05/2025,142.459,143.077,142.23,142.843,0.276,0.19%,177999
27/05/2025,142.842,144.452,142.12,144.356,1.513,1.06%,290759
28/05/2025,144.356,145.077,143.858,144.87,0.514,0.36%,296556
29/05/2025,144.867,146.278,143.963,144.185,-0.685,-0.47%,340177
30/05/2025,144.184,144.431,143.441,144.054,-0.131,-0.09%,329747
2/06/2025,143.872,143.985,142.544,142.712,-1.342,-0.93%,309943
3/06/2025,142.711,144.108,142.397,144.002,1.29,0.90%,273515
4/06/2025,144.002,144.385,142.607,142.778,-1.224,-0.85%,279973
5/06/2025,142.779,143.97,142.541,143.557,0.779,0.55%,326957
6/06/2025,143.556,145.088,143.46,144.848,1.291,0.90%,285784
9/06/2025,144.885,144.945,143.98,144.598,-0.25,-0.17%,236819
10/06/2025,144.595,145.289,144.405,144.882,0.284,0.20%,270574
11/06/2025,144.88,145.46,144.328,144.584,-0.298,-0.21%,300334
12/06/2025,144.581,144.581,143.19,143.492,-1.092,-0.76%,335926
13/06/2025,143.493,144.482,142.8,144.111,0.619,0.43%,376768
16/06/2025,144.142,144.878,143.656,144.762,0.651,0.45%,272894
17/06/2025,144.761,145.378,144.406,145.286,0.524,0.36%,316269
18/06/2025,145.282,145.44,144.344,145.132,-0.154,-0.11%,305405
19/06/2025,145.134,145.77,144.743,145.459,0.327,0.23%,237141
20/06/2025,145.459,146.218,145.126,146.097,0.638,0.44%,264897
23/06/2025,146.156,148.019,146.015,146.153,0.056,0.04%,341503
24/06/2025,146.154,146.187,144.517,144.914,-1.239,-0.85%,330273
25/06/2025,144.915,145.95,144.614,145.255,0.341,0.24%,275874
26/06/2025,145.25,145.265,143.754,144.396,-0.859,-0.59%,324382
27/06/2025,144.396,144.945,144.188,144.657,0.261,0.18%,309779
30/06/2025,144.404,144.763,143.786,144.034,-0.623,-0.43%,292327
1/07/2025,144.036,144.166,142.689,143.405,-0.629,-0.44%,314615
2/07/2025,143.405,144.243,143.327,143.661,0.256,0.18%,280807
3/07/2025,143.663,145.229,143.448,144.927,1.266,0.88%,270082
4/07/2025,144.927,144.97,144.185,144.486,-0.441,-0.30%,193544
7/07/2025,144.38,146.242,144.225,146.076,1.59,1.10%,258016
8/07/2025,146.073,146.977,145.841,146.568,0.492,0.34%,300230
9/07/2025,146.572,147.176,146.253,146.323,-0.245,-0.17%,275401
10/07/2025,146.324,146.785,145.761,146.248,-0.075,-0.05%,269383
11/07/2025,146.247,147.513,146.143,147.423,1.175,0.80%,284598
14/07/2025,147.18,147.779,146.86,147.724,0.301,0.20%,235633
15/07/2025,147.724,149.016,147.553,148.855,1.131,0.77%,253333
16/07/2025,148.859,149.184,146.927,147.886,-0.969,-0.65%,298456
17/07/2025,147.885,149.081,147.746,148.61,0.724,0.49%,274765
18/07/2025,148.61,148.881,148.189,148.833,0.223,0.15%,238860
21/07/2025,147.804,148.656,147.089,147.373,-1.46,-0.98%,222191
22/07/2025,147.373,147.945,146.32,146.638,-0.735,-0.50%,233550
23/07/2025,146.638,147.207,146.113,146.509,-0.129,-0.09%,281183
24/07/2025,146.509,147.02,145.857,146.995,0.486,0.33%,274883
25/07/2025,146.996,147.936,146.824,147.667,0.672,0.46%,262756
28/07/2025,147.662,148.579,147.523,148.554,0.887,0.60%,261668
29/07/2025,148.547,148.806,148.159,148.475,-0.079,-0.05%,267049
30/07/2025,148.477,149.533,147.809,149.516,1.041,0.70%,304544
31/07/2025,149.512,150.84,148.594,150.769,1.253,0.84%,303276
1/08/2025,150.77,150.915,147.296,147.401,-3.368,-2.23%,376462
4/08/2025,147.276,148.087,146.877,147.088,-0.313,-0.21%,294003
5/08/2025,147.093,147.837,146.625,147.603,0.515,0.35%,267014
6/08/2025,147.604,147.886,146.977,147.362,-0.241,-0.16%,254607
7/08/2025,147.362,147.708,146.692,147.137,-0.225,-0.15%,300145
8/08/2025,147.136,147.9,146.737,147.73,0.593,0.40%,254729
11/08/2025,147.573,148.254,147.352,148.151,0.421,0.28%,205753
12/08/2025,148.153,148.516,147.585,147.841,-0.31,-0.21%,266775
13/08/2025,147.836,148.168,147.095,147.385,-0.456,-0.31%,238265
14/08/2025,147.385,147.958,146.216,147.769,0.384,0.26%,280917
15/08/2025,147.769,147.868,146.748,147.171,-0.598,-0.40%,236927
18/08/2025,147.069,147.987,147.069,147.872,0.701,0.48%,369086
19/08/2025,147.872,148.11,147.446,147.666,-0.206,-0.14%,383074
20/08/2025,147.662,147.815,146.873,147.329,-0.337,-0.23%,382299
21/08/2025,147.329,148.407,147.259,148.373,1.044,0.71%,392863
22/08/2025,148.373,148.775,146.579,146.936,-1.437,-0.97%,439575
25/08/2025,146.847,147.937,146.843,147.771,0.835,0.57%,363574
26/08/2025,147.772,147.905,146.994,147.426,-0.345,-0.23%,475820
27/08/2025,147.426,148.182,147.295,147.403,-0.023,-0.02%,429788
28/08/2025,147.403,147.483,146.663,146.945,-0.458,-0.31%,456495
29/08/2025,146.944,147.406,146.768,147.045,0.1,0.07%,510816
1/09/2025,147.085,147.379,146.787,147.176,0.131,0.09%,373219
2/09/2025,147.176,148.94,147.048,148.356,1.18,0.80%,577456
3/09/2025,148.357,149.136,147.881,148.113,-0.243,-0.16%,528842
4/09/2025,148.113,148.778,147.803,148.483,0.37,0.25%,516682
5/09/2025,148.483,148.538,146.82,147.403,-1.08,-0.73%,526610
8/09/2025,148.13,148.573,147.341,147.521,0.118,0.08%,505193
9/09/2025,147.521,147.538,146.311,147.407,-0.114,-0.08%,521780
10/09/2025,147.407,147.644,147.137,147.467,0.06,0.04%,474435
11/09/2025,147.467,148.079,146.988,147.222,-0.245,-0.17%,479964
12/09/2025,147.223,148.071,147.13,147.659,0.437,0.30%,446839
15/09/2025,147.817,147.817,147.234,147.419,-0.24,-0.16%,432040
16/09/2025,147.419,147.54,146.281,146.467,-0.952,-0.65%,543678
17/09/2025,146.467,147.051,145.487,147,0.533,0.36%,494677
18/09/2025,147,148.267,146.773,147.991,0.991,0.67%,538511
19/09/2025,147.991,148.282,147.2,147.968,-0.023,-0.02%,519760
22/09/2025,147.975,148.375,147.659,147.722,-0.246,-0.17%,451473
23/09/2025,147.722,147.926,147.463,147.653,-0.069,-0.05%,462593
24/09/2025,147.653,148.916,147.521,148.899,1.246,0.84%,438486
25/09/2025,148.899,149.927,148.561,149.801,0.902,0.61%,476518
26/09/2025,149.802,149.952,149.406,149.506,-0.295,-0.20%,454975
29/09/2025,149.585,149.585,148.473,148.601,-0.905,-0.61%,398828
30/09/2025,148.602,148.844,147.653,147.936,-0.665,-0.45%,454630
1/10/2025,147.936,148.223,146.591,147.074,-0.862,-0.58%,490186
2/10/2025,147.075,147.516,146.603,147.262,0.188,0.13%,410206
3/10/2025,147.262,147.815,147.096,147.456,0.194,0.13%,387700
6/10/2025,149.445,150.474,149.082,150.35,2.894,1.96%,504802
7/10/2025,150.35,152.043,150.252,151.904,1.554,1.03%,422932
8/10/2025,151.904,152.999,151.742,152.698,0.794,0.52%,450245
9/10/2025,152.698,153.231,152.137,153.082,0.384,0.25%,494222
10/10/2025,153.081,153.274,151.169,151.173,-1.909,-1.25%,545612
13/10/2025,151.79,152.447,151.723,152.289,1.116,0.74%,443002
14/10/2025,152.288,152.612,151.607,151.836,-0.453,-0.30%,572950
15/10/2025,151.836,151.872,150.904,151.056,-0.78,-0.51%,498844
16/10/2025,151.056,151.399,150.215,150.431,-0.625,-0.41%,543899
17/10/2025,150.431,150.633,149.381,150.633,0.202,0.13%,624674
20/10/2025,150.415,151.202,150.281,150.75,0.117,0.08%,475025
21/10/2025,150.749,152.174,150.475,151.932,1.182,0.78%,542524
22/10/2025,151.932,152.046,151.494,151.962,0.03,0.02%,513999
23/10/2025,151.962,152.798,151.828,152.589,0.627,0.41%,422524
24/10/2025,152.589,153.063,152.334,152.876,0.287,0.19%,418493
27/10/2025,152.776,153.256,152.567,152.873,-0.003,0.00%,425739
28/10/2025,152.873,152.873,151.76,152.11,-0.763,-0.50%,474962
29/10/2025,152.11,153.059,151.545,152.732,0.622,0.41%,480641
30/10/2025,152.731,154.446,152.165,154.14,1.408,0.92%,516362
31/10/2025,154.139,154.412,153.659,154.011,-0.129,-0.08%,436041
3/11/2025,154.022,154.297,153.936,154.208,0.197,0.13%,338217
4/11/2025,154.208,154.483,153.318,153.661,-0.547,-0.35%,480661
5/11/2025,153.661,154.357,152.966,154.112,0.451,0.29%,474171
6/11/2025,154.112,154.142,152.834,153.061,-1.051,-0.68%,429592
7/11/2025,153.061,153.593,152.825,153.426,0.365,0.24%,489570
10/11/2025,153.882,154.251,153.457,154.137,0.711,0.46%,422051
11/11/2025,154.137,154.492,153.669,154.161,0.024,0.02%,402654
12/11/2025,154.161,155.043,154.052,154.812,0.651,0.42%,433635
13/11/2025,154.812,155.007,154.13,154.547,-0.265,-0.17%,233302
14/11/2025,154.547,154.764,153.62,154.543,-0.004,0.00%,472089
17/11/2025,154.544,155.301,154.423,155.263,0.72,0.47%,414885
18/11/2025,155.264,155.732,154.819,155.515,0.252,0.16%,548601
19/11/2025,155.515,157.181,155.214,157.155,1.64,1.05%,537073
20/11/2025,157.154,157.894,156.886,157.461,0.306,0.19%,592858
21/11/2025,157.46,157.541,156.203,156.387,-1.074,-0.68%,600247
24/11/2025,156.585,157.188,156.483,156.916,0.529,0.34%,378024
25/11/2025,156.916,156.98,155.806,156.05,-0.866,-0.55%,417718
26/11/2025,156.051,156.735,155.654,156.473,0.423,0.27%,428146
27/11/2025,156.473,156.49,155.726,156.307,-0.166,-0.11%,278991
28/11/2025,156.307,156.581,155.986,156.176,-0.131,-0.08%,419735
1/12/2025,156.128,156.152,154.667,155.484,-0.692,-0.44%,477174
2/12/2025,155.483,156.179,155.435,155.87,0.386,0.25%,427913
3/12/2025,155.871,155.897,155.012,155.245,-0.625,-0.40%,409928
4/12/2025,155.245,155.541,154.512,155.127,-0.118,-0.08%,482815
5/12/2025,155.126,155.492,154.347,155.364,0.237,0.15%,427716
8/12/2025,155.283,155.985,154.903,155.924,0.56,0.36%,437709
9/12/2025,155.923,156.954,155.745,156.891,0.967,0.62%,452401
10/12/2025,156.891,156.937,155.797,156.013,-0.878,-0.56%,438106
11/12/2025,156.014,156.165,154.948,155.581,-0.432,-0.28%,522347
12/12/2025,155.582,156.129,155.457,155.827,0.246,0.16%,437175
15/12/2025,155.86,155.985,154.839,155.214,-0.613,-0.39%,443165
16/12/2025,155.214,155.253,154.4,154.723,-0.491,-0.32%,542460
17/12/2025,154.723,155.75,154.518,155.704,0.981,0.63%,498696
18/12/2025,155.703,155.976,155.285,155.551,-0.153,-0.10%,469703
19/12/2025,155.551,157.778,155.505,157.749,2.198,1.41%,552597
22/12/2025,157.707,157.707,156.709,157.042,-0.707,-0.45%,441387
23/12/2025,157.041,157.044,155.656,156.233,-0.809,-0.52%,480359
24/12/2025,156.234,156.281,155.563,156.012,-0.221,-0.14%,368047
25/12/2025,156.012,156.012,156.012,156.012,0,0.00%,0
26/12/2025,156.005,156.73,155.761,156.574,0.562,0.36%,383885
